Driver;Pressure;N
Forestry;Species range change;70
Climate change;Contaminant release;3
Climate change;Species range change;38
Climate change;Ore extraction;1
Forestry;Ore extraction;1
Climate change;Fire;30
Climate change;Road development;3
Climate change;weather changes;65
Climate change;Timber harvests;14
Climate change;Silvicultural treatment;10
Forestry;Fire;83
Mining industry;Ore extraction;1
Forestry;Road development;14
Hydro-electricity distribution;Contaminant release;1
Hydro-electricity distribution;Electricity distribution;1
Forestry;weather changes;68
Hydro-electricity distribution;Fire;1
Hydro-electricity distribution;weather changes;5
Forestry;Timber harvests;140
Forestry;Silvicultural treatment;72
Forestry;Contaminant release;5
