Driver;Pressure;nb_auteurs
Climate change;Contaminant release;3
Climate change;Fire;86
Climate change;Ore extraction;3
Climate change;Silvicultural treatment;7
Climate change;Species range change;80
Climate change;Timber harvests;52
Climate change;weather changes;160
Forestry;Contaminant release;13
Forestry;Fire;160
Forestry;Ore extraction;19
Forestry;Road development;33
Forestry;Silvicultural treatment;138
Forestry;Species range change;144
Forestry;Timber harvests;158
Forestry;weather changes;159
Hydro-electricity distribution;weather changes;3
Mining industry;Ore extraction;12
Mining industry;weather changes;5
