Driver;Pressure;N
Forestry;Ore extraction;56
Forestry;Fire;361
Forestry;Road development;61
Forestry;weather changes;389
Forestry;Timber harvests;600
Forestry;Silvicultural treatment;254
Climate change;Contaminant release;28
Climate change;Species range change;180
Climate change;Ore extraction;15
Climate change;Fire;157
Climate change;Road development;6
Climate change;weather changes;323
Climate change;Timber harvests;88
Climate change;Silvicultural treatment;33
Mining industry;Contaminant release;7
Mining industry;Species range change;2
Mining industry;Ore extraction;33
Mining industry;Road development;3
Mining industry;weather changes;11
Mining industry;Timber harvests;4
Mining industry;Silvicultural treatment;1
Hydro-electricity distribution;Contaminant release;1
Hydro-electricity distribution;Species range change;1
Hydro-electricity distribution;Electricity distribution;1
Hydro-electricity distribution;Fire;1
Hydro-electricity distribution;weather changes;5
Hydro-electricity distribution;Timber harvests;2
Forestry;Contaminant release;52
Forestry;Species range change;270
