Pressure;State;nb_auteurs
Contaminant release;Traffic;1
Fire;Age structure;9
Fire;Composition;23
Fire;Ground state;29
Fire;Ice conditions;2
Fire;Naturalness;1
Fire;Predators;3
Fire;Road density;5
Fire;Species diversity;15
Fire;Traffic;2
Fire;Water quality;1
Road development;Predators;9
Road development;Road density;13
Road development;Species diversity;1
Road development;Traffic;6
Silvicultural treatment;Age structure;11
Silvicultural treatment;Composition;9
Silvicultural treatment;Ground state;18
Silvicultural treatment;Ice conditions;2
Silvicultural treatment;Naturalness;2
Silvicultural treatment;Predators;3
Silvicultural treatment;Species diversity;14
Species range change;Age structure;11
Species range change;Composition;17
Species range change;Ground state;15
Species range change;Ice conditions;2
Species range change;Predators;10
Species range change;Species diversity;15
Species range change;Traffic;5
Timber harvests;Age structure;22
Timber harvests;Composition;30
Timber harvests;Ground state;43
Timber harvests;Naturalness;3
Timber harvests;Predators;11
Timber harvests;Road density;5
Timber harvests;Species diversity;32
Timber harvests;Traffic;53
Timber harvests;Water quality;1
weather changes;Composition;3
weather changes;Ground state;33
weather changes;Ice conditions;6
weather changes;Predators;5
weather changes;Road density;3
weather changes;Species diversity;2
weather changes;Traffic;3
weather changes;Transportation;1
weather changes;Water temperature;1
