Pressure;State;nb_auteurs
Contaminant release;Ground state;22
Contaminant release;Traffic;2
Contaminant release;Transportation;35
Contaminant release;Water quality;4
Contaminant release;Wildlife health;1
Fire;Age structure;31
Fire;Composition;76
Fire;Cultural places;5
Fire;Ground state;160
Fire;Ice conditions;5
Fire;Naturalness;6
Fire;Predators;4
Fire;Road density;5
Fire;Species diversity;53
Fire;Traffic;9
Fire;Transportation;82
Fire;Water quality;5
Ore extraction;Composition;8
Ore extraction;Ground state;39
Ore extraction;Mine tailing;7
Ore extraction;Species diversity;6
Ore extraction;Traffic;3
Road development;Ground state;8
Road development;Predators;37
Road development;Road density;43
Road development;Species diversity;8
Road development;Traffic;20
Road development;Transportation;8
Silvicultural treatment;Age structure;17
Silvicultural treatment;Composition;31
Silvicultural treatment;Ground state;68
Silvicultural treatment;Ice conditions;2
Silvicultural treatment;Naturalness;2
Silvicultural treatment;Predators;5
Silvicultural treatment;Species diversity;55
Species range change;Age structure;18
Species range change;Composition;53
Species range change;Ground state;85
Species range change;Ice conditions;11
Species range change;Naturalness;4
Species range change;Predators;55
Species range change;Road density;33
Species range change;Species diversity;96
Species range change;Traffic;23
Species range change;Transportation;13
Species range change;Water quality;1
Species range change;Water temperature;1
Species range change;Wildlife health;7
Timber harvests;Age structure;48
Timber harvests;Composition;100
Timber harvests;Ground state;160
Timber harvests;Naturalness;13
Timber harvests;Predators;26
Timber harvests;Road density;7
Timber harvests;Species diversity;115
Timber harvests;Traffic;13
Timber harvests;Transportation;3
Timber harvests;Water quality;11
Timber harvests;Water temperature;1
weather changes;Age structure;1
weather changes;Composition;24
weather changes;Cultural places;5
weather changes;Ground state;160
weather changes;Ice conditions;37
weather changes;Mine tailing;3
weather changes;Naturalness;2
weather changes;Predators;27
weather changes;Road density;5
weather changes;Spawning areas;1
weather changes;Species diversity;17
weather changes;Traffic;10
weather changes;Transportation;69
weather changes;Water quality;7
weather changes;Water temperature;1
