Pressure;State;N
Contaminant release;Composition;1
Contaminant release;Ice conditions;1
Contaminant release;Wildlife health;3
Fire;Composition;39
Fire;Ice conditions;4
Fire;Naturalness;2
Fire;Predators;4
Fire;Road density;4
Fire;Ground state;51
Fire;Transportation;2
Fire;Water quality;2
Fire;Water temperature;1
Fire;Species diversity;26
Road development;Age structure;1
Road development;Composition;4
Road development;Predators;12
Road development;Road density;18
Road development;Traffic;13
Road development;Ground state;7
Road development;Transportation;2
Road development;Species diversity;3
weather changes;Age structure;6
weather changes;Composition;15
weather changes;Cultural places;1
weather changes;Geese area;1
weather changes;Ice conditions;20
weather changes;Predators;7
weather changes;Road density;5
weather changes;Ground state;55
weather changes;Transportation;6
weather changes;Water quality;2
weather changes;Water temperature;4
weather changes;Species diversity;10
weather changes;Wildlife health;2
Timber harvests;Age structure;34
Timber harvests;Composition;42
Timber harvests;Cultural places;1
Timber harvests;Geese area;3
Contaminant release;Mine tailing;1
Timber harvests;Mine tailing;1
Timber harvests;Naturalness;8
Timber harvests;Predators;20
Timber harvests;Road density;10
Timber harvests;Ground state;69
Timber harvests;Transportation;2
Timber harvests;Water quality;5
Timber harvests;Water temperature;1
Timber harvests;Species diversity;57
Timber harvests;Wildlife health;5
Timber harvests;Traffic;18
Contaminant release;Traffic;5
Species range change;Traffic;13
Ore extraction;Traffic;2
Fire;Traffic;4
weather changes;Traffic;8
Timber harvests;Traffic;18
Silvicultural treatment;Age structure;18
Silvicultural treatment;Composition;18
Silvicultural treatment;Ice conditions;3
Silvicultural treatment;Naturalness;5
Silvicultural treatment;Predators;5
Silvicultural treatment;Road density;2
Silvicultural treatment;Traffic;1
Silvicultural treatment;Ground state;35
Silvicultural treatment;Transportation;1
Silvicultural treatment;Species diversity;28
Silvicultural treatment;Wildlife health;2
Species range change;Age structure;21
Contaminant release;Predators;3
Species range change;Composition;43
Species range change;Geese area;1
Species range change;Ice conditions;8
Species range change;Mine tailing;1
Species range change;Naturalness;2
Species range change;Predators;14
Species range change;Ground state;40
Species range change;Transportation;3
Species range change;Water temperature;1
Species range change;Species diversity;44
Species range change;Wildlife health;6
Contaminant release;Ground state;7
Ore extraction;Mine tailing;2
Ore extraction;Wildlife health;1
Contaminant release;Transportation;3
Contaminant release;Water quality;4
Contaminant release;Water temperature;1
Fire;Age structure;21
