region;Pressure;State;N
Canada;Contaminant release;Age structure;2
Canada;Contaminant release;Composition;13
Canada;Road development;Age structure;2
Canada;Road development;Composition;10
Canada;Road development;Ice conditions;1
Canada;Road development;Mine tailing;3
Canada;Road development;Naturalness;3
Canada;Road development;Predators;29
Canada;Contaminant release;Cultural places;2
Canada;Road development;Road density;56
Canada;Road development;Spawning areas;1
Canada;Road development;Ground state;34
Canada;Road development;Transportation;18
Canada;Road development;Water quality;4
Canada;Road development;Water temperature;1
Canada;Road development;Species diversity;18
Canada;Road development;Wildlife health;2
Canada;Contaminant release;Geese area;3
Canada;Contaminant release;Ice conditions;11
Canada;Contaminant release;Mine tailing;6
Canada;weather changes;Age structure;17
Canada;weather changes;Composition;75
Canada;weather changes;Cultural places;13
Canada;weather changes;Geese area;4
Canada;weather changes;Ice conditions;98
Canada;Contaminant release;Naturalness;5
Canada;weather changes;Mine tailing;14
Canada;weather changes;Naturalness;11
Canada;weather changes;Predators;50
Canada;weather changes;Road density;13
Canada;weather changes;Spawning areas;3
Canada;weather changes;Ground state;420
Canada;weather changes;Transportation;88
Canada;weather changes;Water quality;19
Canada;weather changes;Water temperature;17
Canada;Contaminant release;Predators;8
Canada;weather changes;Species diversity;60
Canada;weather changes;Wildlife health;8
Canada;Contaminant release;Road density;1
Canada;Contaminant release;Ground state;69
Canada;Timber harvests;Age structure;85
Canada;Timber harvests;Composition;152
Canada;Timber harvests;Cultural places;6
Canada;Timber harvests;Geese area;2
Canada;Timber harvests;Ice conditions;5
Canada;Timber harvests;Mine tailing;1
Canada;Timber harvests;Naturalness;27
Canada;Contaminant release;Transportation;53
Canada;Timber harvests;Predators;58
Canada;Timber harvests;Road density;19
Canada;Timber harvests;Ground state;286
Canada;Timber harvests;Transportation;12
Canada;Timber harvests;Water quality;30
Canada;Timber harvests;Water temperature;6
Canada;Timber harvests;Species diversity;211
Canada;Timber harvests;Wildlife health;11
Canada;Contaminant release;Water quality;21
Canada;Contaminant release;Water temperature;3
Canada;Contaminant release;Traffic;17
Canada;Species range change;Traffic;50
Canada;Ore extraction;Traffic;15
Canada;Fire;Traffic;24
Canada;Road development;Traffic;39
Canada;weather changes;Traffic;35
Canada;Timber harvests;Traffic;49
Canada;Contaminant release;Species diversity;11
Canada;Silvicultural treatment;Age structure;36
Canada;Silvicultural treatment;Composition;67
Canada;Silvicultural treatment;Cultural places;3
Canada;Silvicultural treatment;Ice conditions;5
Canada;Silvicultural treatment;Naturalness;9
Canada;Silvicultural treatment;Predators;14
Canada;Silvicultural treatment;Road density;3
Canada;Silvicultural treatment;Traffic;10
Canada;Contaminant release;Wildlife health;8
Canada;Silvicultural treatment;Ground state;140
Canada;Silvicultural treatment;Transportation;5
Canada;Silvicultural treatment;Water quality;4
Canada;Silvicultural treatment;Species diversity;92
Canada;Silvicultural treatment;Wildlife health;7
Canada;Species range change;Age structure;47
Canada;Species range change;Composition;130
Canada;Species range change;Cultural places;3
Canada;Species range change;Geese area;6
Canada;Species range change;Ice conditions;35
Canada;Species range change;Mine tailing;3
Canada;Species range change;Naturalness;15
Canada;Species range change;Predators;92
Canada;Species range change;Road density;18
Canada;Species range change;Ground state;178
Canada;Species range change;Transportation;33
Canada;Species range change;Water quality;3
Canada;Species range change;Water temperature;11
Canada;Species range change;Species diversity;245
Canada;Species range change;Wildlife health;28
Canada;Electricity distribution;Road density;1
Canada;Electricity distribution;Ground state;1
Canada;Electricity distribution;Transportation;1
Canada;Ore extraction;Age structure;2
Canada;Ore extraction;Composition;14
Canada;Ore extraction;Cultural places;3
Canada;Ore extraction;Ice conditions;4
Canada;Ore extraction;Mine tailing;32
Canada;Ore extraction;Naturalness;2
Canada;Ore extraction;Predators;7
Canada;Ore extraction;Road density;1
Canada;Ore extraction;Ground state;93
Canada;Ore extraction;Transportation;14
Canada;Ore extraction;Water quality;7
Canada;Ore extraction;Species diversity;21
Canada;Ore extraction;Wildlife health;3
Canada;Fire;Age structure;56
Canada;Fire;Composition;118
Canada;Fire;Cultural places;5
Canada;Fire;Ice conditions;10
Canada;Fire;Naturalness;15
Canada;Fire;Predators;14
Canada;Fire;Road density;6
Canada;Fire;Ground state;241
Canada;Fire;Transportation;53
Canada;Fire;Water quality;13
Canada;Fire;Water temperature;1
Canada;Fire;Species diversity;107
Canada;Fire;Wildlife health;3
