﻿Scopus refine results values

"Your query : ((TITLE-ABS-KEY((Boreal OR {James Bay} OR James-Bay OR {Clay Belt} OR {canadian shield}) AND Quebec) AND PUBYEAR > 1999 AND PUBYEAR < 2020) AND (TITLE-ABS-KEY(Forestry OR {Forest management} OR {Forest practices}) AND PUBYEAR > 1999 AND PUBYEAR < 2020) AND (TITLE-ABS-KEY((Forest AND Fire) OR ""Wildfire"" OR ""crown fire"" OR ""Wildland fire"" ) AND PUBYEAR > 1999 AND PUBYEAR < 2020))"


Number of results : 135

"ACCESS TYPE",,"YEAR",,"AUTHOR NAME",,"SUBJECT AREA",,"DOCUMENT TYPE",,"PUBLICATION STAGE",,"SOURCE TITLE",,"KEYWORD",,"AFFILIATION",,"FUNDING SPONSOR",,"COUNTRY",,"SOURCE TYPE",,"LANGUAGE",
"Open Access","14","2019","6","Bergeron, Y.","62","Agricultural and Biological Sciences","109","Article","120","final","135","Canadian Journal Of Forest Research","35","Canada","112","Université du Québec à Montréal","61","Natural Sciences and Engineering Research Council of Canada","32","Canada","131","Journals","133","English","129"
"Other","121","2018","4","Gauthier, S.","34","Arts and Humanities","5","Conference Paper","8",,,"Forest Ecology And Management","25","Boreal Forest","104","Canadian Forest Service","54","Fonds QuÃ©bÃ©cois de la Recherche sur la Nature et les Technologies","10","United States","10","Books","1","French","6"
,,"2017","7","Drapeau, P.","12","Biochemistry, Genetics and Molecular Biology","1","Review","6",,,"Forestry Chronicle","11","Forestry","103","Universite du Quebec en Abitibi-Temiscamingue","52","Canadian Forest Service","4","France","8","Book Series","1",,
,,"2016","8","Bouchard, M.","8","Chemical Engineering","1","Book Chapter","1",,,"Silva Fennica","6","Quebec [Canada]","82","Natural Resources Canada","42","Fonds de recherche du QuÃ©bec â Nature et technologies","4","United Kingdom","2",,,,
,,"2015","10","Leduc, A.","8","Chemistry","2",,,,,"Ecological Modelling","4","Picea Mariana","63","Université Laval","37","Tembec","3","Mexico","1",,,,
,,"2014","7","Paré, D.","8","Decision Sciences","1",,,,,"Forests","4","Fires","54","Le réseau de l'Université du Québec","18","Centre National de la Recherche Scientifique","2","Spain","1",,,,
,,"2013","7","Fenton, N.J.","7","Earth and Planetary Sciences","11",,,,,"Journal Of Vegetation Science","4","Forest Management","50","Université du Québec à Rimouski","12","Fonds pour la Formation de Chercheurs et l'Aide Ã  la Recherche","2","Sweden","1",,,,
,,"2012","4","Pothier, D.","7","Engineering","1",,,,,"Canadian Journal Of Botany","2","Forest Fire","43","Université du Québec à Chicoutimi","10","MinistÃ¨re des ForÃªts, de la Faune et des Parcs","2",,,,,,
,,"2011","7","Raulier, F.","7","Environmental Science","102",,,,,"Ecological Applications","2","North America","42","Great Lakes Forestry Centre","6","Mitacs","2",,,,,,
,,"2010","5","Arseneault, D.","6","Materials Science","1",,,,,"Ecoscience","2","Fire","32","University of Montreal","6","UniversitÃ© Laval","2",,,,,,
,,"2009","9","Boudreault, C.","6","Medicine","1",,,,,"Environmental Reviews","2","Ecosystems","31","Ministère des Forêts de la Faune et des Parcs du Québec","5","UniversitÃ© du QuÃ©bec en Abitibi-TÃ©miscamingue","2",,,,,,
,,"2008","5","De Grandpré, L.","5","Multidisciplinary","1",,,,,"Forest Science","2","Boreal Forests","30","Conseil de recherches en sciences naturelles et en génie du Canada","5","Canada Economic Development for Quebec Regions","1",,,,,,
,,"2007","8","Greene, D.F.","5","Social Sciences","3",,,,,"International Journal Of Wildland Fire","2","Picea","28","University of Alberta","5","Fondation Daniel Langlois pour l'Art, la Science et la Technologie","1",,,,,,
,,"2006","4","Morin, H.","5",,,,,,,"Quaternary Research United States","2","Harvesting","27","Ministère de l‘Energie et des Ressources naturelles du Québec","5","Fondation de lâUniversitÃ© du QuÃ©bec en Abitibi-TÃ©miscamingue","1",,,,,,
,,"2005","13","Sirois, L.","5",,,,,,,"Quaternary Science Reviews","2","Biodiversity","25","Ministère des Forêts","4","Foundation for Community Association Research","1",,,,,,
,,"2004","10","Ali, A.A.","4",,,,,,,"Revue Des Sciences De L Eau","2","Quebec","25","University of Toronto","4","Government of Canada","1",,,,,,
,,"2003","7","Asselin, H.","4",,,,,,,"Applied Vegetation Science","1","Forest Fires","24","Concordia University","4","Indigenous and Northern Affairs Canada","1",,,,,,
,,"2002","8","Boucher, D.","4",,,,,,,"Biological Conservation","1","Forests","24","Simon Fraser University","3","Luonnontieteiden ja Tekniikan Tutkimuksen Toimikunta","1",,,,,,
,,"2001","3","Brais, S.","4",,,,,,,"Bryologist","1","Coniferous Tree","21","École Pratique des Hautes Etudes","3","MinistÃ¨re de l'Ãcologie, du DÃ©veloppement Durable et de l'Ãnergie","1",,,,,,
,,"2000","3","Grondin, P.","4",,,,,,,"Canadian Journal Of Remote Sensing","1","Disturbance","21","University of Wisconsin-Madison","3","MinistÃ¨re de l'Ãducation, du Loisir et du Sport QuÃ©bec","1",,,,,,
,,,,"Lecomte, N.","4",,,,,,,"Canadian Water Resources Journal","1","Ecology","21","Université de Montpellier","3","MinistÃ¨re de l'Ãnergie et des Ressources Naturelles","1",,,,,,
,,,,"Payette, S.","4",,,,,,,"Dendrochronologia","1","Pinus Banksiana","21","NSERC-UQAT-UQAM Industrial Chair in Sustainable Forest Management","2","MinistÃ¨re des Ressources Naturelles et de la Faune","1",,,,,,
,,,,"Splawinski, T.B.","4",,,,,,,"Ecological Indicators","1","Fire History","20","Ministère des Forêts de la Faune et des Parcs","2","National Aeronautics and Space Administration","1",,,,,,
,,,,"Valeria, O.","4",,,,,,,"Environmental Science And Technology","1","Coniferous Forest","18","Environment Canada","2","Ontario Ministry of Natural Resources and Forestry","1",,,,,,
,,,,"Auger, I.","3",,,,,,,"Environnement Risques Et Sante","1","Regeneration","18","McGill University","2","University of Alberta","1",,,,,,
,,,,"Cumming, S.G.","3",,,,,,,"Forest Ecosystems","1","Soils","18","Universite de Moncton","2","UniversitÃ© de Montpellier","1",,,,,,
,,,,"Cyr, D.","3",,,,,,,"Forestry","1","Climate Change","17","The University of British Columbia","2","Université du Québec à Montréal","1",,,,,,
,,,,"Fall, A.","3",,,,,,,"Geoderma","1","Stand Structure","17","Université de Sherbrooke","2","Undefined","93",,,,,,
,,,,"Flannigan, M.","3",,,,,,,"Herbaceous Layer In Forests Of Eastern North America","1","Abies Balsamea","15","University of Saskatchewan","2",,,,,,,,
,,,,"Flannigan, M.D.","3",,,,,,,"IEEE Journal Of Selected Topics In Applied Earth Observations And Remote Sensing","1","Reforestation","15","Carleton University","2",,,,,,,,
,,,,"Fortin, M.J.","3",,,,,,,"International Journal Of Remote Sensing","1","Wildfire","15","Northern Forestry Centre","2",,,,,,,,
,,,,"Girardin, M.P.","3",,,,,,,"J For","1","Black Spruce","14","Institut National de la Recherche Scientifique","2",,,,,,,,
,,,,"Harper, K.A.","3",,,,,,,"Journal Of Advances In Modeling Earth Systems","1","Bryophyta","14","Institut Québécois d'Aménagement de la Forêt Feuillue IQAFF","1",,,,,,,,
,,,,"Harvey, B.D.","3",,,,,,,"Journal Of Applied Ecology","1","Vegetation","14","Agence Candienne d'Eval. E.","1",,,,,,,,
,,,,"Hély, C.","3",,,,,,,"Journal Of Economic Entomology","1","Environmental Disturbance","13","Valeur Nature","1",,,,,,,,
,,,,"Imbeau, L.","3",,,,,,,"Journal Of Environmental Quality","1","Forest Ecosystem","13","Centre d'Enseignement et de Recherche en Foresterie de Sainte-Foy Inc. CERFO","1",,,,,,,,
,,,,"Kneeshaw, D.","3",,,,,,,"Journal Of Forest Research","1","Silviculture","13","Ministère de l’Énergie et Ressources Naturelles du Québec","1",,,,,,,,
,,,,"Lefort, P.","3",,,,,,,"Landscape Ecology","1","Succession","13","Centre d’étude de la forêt CEF","1",,,,,,,,
,,,,"Lesieur, D.","3",,,,,,,"New Forests","1","Choristoneura Fumiferana","12","Ecl. Sup. d'Agriculture de Purpan","1",,,,,,,,
,,,,"Messier, C.","3",,,,,,,"Organic Geochemistry","1","Ecosystem Management","12","Wildlife Research","1",,,,,,,,
,,,,"Saucier, J.P.","3",,,,,,,"Plos One","1","Western Hemisphere","12","Valeur Nature","1",,,,,,,,
,,,,"Thiffault, E.","3",,,,,,,"Quaternary Research","1","World","12","445 Boul. de l'Université","1",,,,,,,,
,,,,"Bernier, P.Y.","2",,,,,,,"Remote Sensing Of Environment","1","Old-growth Forest","11","Forest Sciences Centre of Catalonia CTFC-CEMFOR","1",,,,,,,,
,,,,"Boucher, J.F.","2",,,,,,,"Studies In Avian Biology","1","Coniferophyta","10","Ministère des Forêts","1",,,,,,,,
,,,,"Boucher, Y.","2",,,,,,,,,"Fire Hazards","10","University of Calgary","1",,,,,,,,
,,,,"Boulanger, Y.","2",,,,,,,,,"Forest Dynamics","10","Universities Space Research Association","1",,,,,,,,
,,,,"Béland, M.","2",,,,,,,,,"Hexapoda","10","Princeton University","1",,,,,,,,
,,,,"Bélanger, N.","2",,,,,,,,,"Sustainable Forest Management","10","Yale University","1",,,,,,,,
,,,,"Couillard, P.L.","2",,,,,,,,,"Abies","9","NASA Goddard Space Flight Center","1",,,,,,,,
,,,,"Denneler, B.","2",,,,,,,,,"Charcoal","9","CNRS Centre National de la Recherche Scientifique","1",,,,,,,,
,,,,"Fahrig, L.","2",,,,,,,,,"Clearcutting","9","Purdue University","1",,,,,,,,
,,,,"Fenton, N.","2",,,,,,,,,"Holocene","9","National Research Council Canada","1",,,,,,,,
,,,,"Garneau, M.","2",,,,,,,,,"Logging","9","Harvard University","1",,,,,,,,
,,,,"Hébert, C.","2",,,,,,,,,"Paludification","9","Ontario Ministry of Natural Resources","1",,,,,,,,
,,,,"Kneeshaw, D.D.","2",,,,,,,,,"Populus Tremuloides","9","University of Northern British Columbia","1",,,,,,,,
,,,,"Krause, C.","2",,,,,,,,,"Soil","9","Centre Européen de Recherche et d'Enseignement des Géosciences de l'Environnement","1",,,,,,,,
,,,,"Larrivée, M.","2",,,,,,,,,"Sphagnum","9","University of Aberdeen","1",,,,,,,,
,,,,"Lavoie, M.","2",,,,,,,,,"Abundance","8","Alberta Research Council","1",,,,,,,,
,,,,"Le Goff, H.","2",,,,,,,,,"Carbon","8","University of Winnipeg","1",,,,,,,,
,,,,"Lord, D.","2",,,,,,,,,"Community Composition","8","Université du Québec en Outaouais","1",,,,,,,,
,,,,"MacKenzie, M.D.","2",,,,,,,,,"Fire Behavior","8","Humboldt State University","1",,,,,,,,
,,,,"Magnan, G.","2",,,,,,,,,"Forest","8","Université du Québec à Trois-Rivières","1",,,,,,,,
,,,,"Martell, D.L.","2",,,,,,,,,"Insecta","8","University of Virginia","1",,,,,,,,
,,,,"Miquelajauregui, Y.","2",,,,,,,,,"Plants (botany)","8","Hydro-Quebec","1",,,,,,,,
,,,,"Munson, A.D.","2",,,,,,,,,"Sustainable Forestry","8","Wilkes University","1",,,,,,,,
,,,,"Nappi, A.","2",,,,,,,,,"Biomass","7","Université Paul Cézanne Aix-Marseille III","1",,,,,,,,
,,,,"Noël, J.","2",,,,,,,,,"Climatology","7","Altarum Institute","1",,,,,,,,
,,,,"Ouzennou, H.","2",,,,,,,,,"Fire Cycle","7","University of Oxford","1",,,,,,,,
,,,,"Parisien, M.A.","2",,,,,,,,,"Fire Protection","7","College of Science","1",,,,,,,,
,,,,"Pilon, V.","2",,,,,,,,,"Fire Severity","7","University of Ottawa, Canada","1",,,,,,,,
,,,,"Pinel-Alloul, B.","2",,,,,,,,,"Growth Rate","7","Umeå Universitet","1",,,,,,,,
,,,,"Quideau, S.A.","2",,,,,,,,,"Jack Pine","7","Universidad Nacional Autónoma de México","1",,,,,,,,
,,,,"Robitaille, A.","2",,,,,,,,,"Logging (timber)","7","McGill University, Macdonald Campus","1",,,,,,,,
,,,,"Saint-Germain, M.","2",,,,,,,,,"Reconstruction","7","Government of Yukon","1",,,,,,,,
,,,,"Savard, J.P.L.","2",,,,,,,,,"Simulation","7","Centre d'étude de la forêt, Montreal","1",,,,,,,,
,,,,"Simard, M.","2",,,,,,,,,"Sustainable Development","7","FPInnovations, Canada","1",,,,,,,,
,,,,"Soucémarianadin, L.N.","2",,,,,,,,,"Age Structure","6","Institut des Sciences de l’Evolution de Montpellier","1",,,,,,,,
,,,,"Thiffault, N.","2",,,,,,,,,"Article","6","Consortium Ouranos, Canada","1",,,,,,,,
,,,,"Villeneuve, C.","2",,,,,,,,,"Black Spruce Forests","6","Université PSL","1",,,,,,,,
,,,,"Achim, A.","1",,,,,,,,,"Boreal","6",,,,,,,,,,
,,,,"Aku, P.M.K.","1",,,,,,,,,"Chronosequence","6",,,,,,,,,,
,,,,"Alvarez, P.E.","1",,,,,,,,,"Community Structure","6",,,,,,,,,,
,,,,"Aquilué, N.","1",,,,,,,,,"Dendrochronology","6",,,,,,,,,,
,,,,"Archambault, L.","1",,,,,,,,,"Forestry Production","6",,,,,,,,,,
,,,,"Asnong, H.","1",,,,,,,,,"Landscape","6",,,,,,,,,,
,,,,"Auty, D.","1",,,,,,,,,"Moss","6",,,,,,,,,,
,,,,"Barrette, J.","1",,,,,,,,,"Paleoecology","6",,,,,,,,,,
,,,,"Bauce, E.","1",,,,,,,,,"Paragnetina","6",,,,,,,,,,
,,,,"Belleau, A.","1",,,,,,,,,"Plants","6",,,,,,,,,,
,,,,"Bernard, G.M.","1",,,,,,,,,"Recruitment (population Dynamics)","6",,,,,,,,,,
,,,,"Berthiaume, R.","1",,,,,,,,,"Seedling Establishment","6",,,,,,,,,,
,,,,"Bescond, H.","1",,,,,,,,,"Sustainability","6",,,,,,,,,,
,,,,"Blarquez, O.","1",,,,,,,,,"Vegetation Dynamics","6",,,,,,,,,,
,,,,"Boiffin, J.","1",,,,,,,,,"Wood","6",,,,,,,,,,
,,,,"Bouchard, S.","1",,,,,,,,,"Carbon Sequestration","5",,,,,,,,,,
,,,,"Bouchon, E.","1",,,,,,,,,"Coleoptera","5",,,,,,,,,,
,,,,"Bourgeau-Chavez, L.L.","1",,,,,,,,,"Computer Simulation","5",,,,,,,,,,
,,,,"Bouthillier, L.","1",,,,,,,,,"Dead Wood","5",,,,,,,,,,
,,,,"Brunzell, S.","1",,,,,,,,,"Deciduous Forest","5",,,,,,,,,,
,,,,"Buddle, C.M.","1",,,,,,,,,"Forest Floor","5",,,,,,,,,,
,,,,"Busque, D.","1",,,,,,,,,"Forest Soil","5",,,,,,,,,,
,,,,"Bégin, J.","1",,,,,,,,,"Growth","5",,,,,,,,,,
,,,,"Bégin, Y.","1",,,,,,,,,"Insects","5",,,,,,,,,,
,,,,"Bélanger, L.","1",,,,,,,,,"Land Use","5",,,,,,,,,,
,,,,"Bélanger, S.","1",,,,,,,,,"Lichen","5",,,,,,,,,,
,,,,"Bélisle, A.C.","1",,,,,,,,,"Mathematical Models","5",,,,,,,,,,
,,,,"Calmels, S.","1",,,,,,,,,"Meteorology","5",,,,,,,,,,
,,,,"Camiré, C.","1",,,,,,,,,"Mixed Forest","5",,,,,,,,,,
,,,,"Capece, L.","1",,,,,,,,,"Mortality","5",,,,,,,,,,
,,,,"Carcaillet, C.","1",,,,,,,,,"Moth","5",,,,,,,,,,
,,,,"Carignan, R.","1",,,,,,,,,"Natural Disturbance","5",,,,,,,,,,
,,,,"Charron, D.","1",,,,,,,,,"Natural Disturbances","5",,,,,,,,,,
,,,,"Chavel, E.E.","1",,,,,,,,,"Natural Regeneration","5",,,,,,,,,,
,,,,"Coxson, D.","1",,,,,,,,,"Post-fire","5",,,,,,,,,,
,,,,"Cyr, D.","1",,,,,,,,,"Productivity","5",,,,,,,,,,
,,,,"Côté, G.","1",,,,,,,,,"Regression Analysis","5",,,,,,,,,,
,,,,"Côté, P.","1",,,,,,,,,"Risk Assessment","5",,,,,,,,,,
,,,,"Daigle, L.F.","1",,,,,,,,,"Salvage Logging","5",,,,,,,,,,
,,,,"Danneyrolles, V.","1",,,,,,,,,"Seed","5",,,,,,,,,,
,,,,"De Grandpre, L.","1",,,,,,,,,"Soil Organic Matter","5",,,,,,,,,,
,,,,"DeGrandpré, L.","1",,,,,,,,,"Survival","5",,,,,,,,,,
,,,,"Defo, M.","1",,,,,,,,,"Timber","5",,,,,,,,,,
,,,,"Dessureault, P.L.","1",,,,,,,,,"Tree","5",,,,,,,,,,
,,,,"Didion, M.","1",,,,,,,,,"United States","5",,,,,,,,,,
,,,,"Doyon, F.","1",,,,,,,,,"Age Class","4",,,,,,,,,,
,,,,"Drever, C.R.","1",,,,,,,,,"Aves","4",,,,,,,,,,
,,,,"Duchesne, I.","1",,,,,,,,,"Black Spruce Boreal Forests","4",,,,,,,,,,
,,,,"El-Guellab, A.","1",,,,,,,,,"Bryophytes","4",,,,,,,,,,
,,,,"Fantin, N.","1",,,,,,,,,"Clay","4",,,,,,,,,,
,,,,"Ferland, M.E.","1",,,,,,,,,"Decomposition","4",,,,,,,,,,
,,,,"Finsinger, W.","1",,,,,,,,,"Drainage","4",,,,,,,,,,
,,,,"Fleming, R.A.","1",,,,,,,,,"Ecological Impact","4",,,,,,,,,,
,,,,"Fournier, R.","1",,,,,,,,,"Environmental Factor","4",,,,,,,,,,
,,,,"Fournier, R.A.","1",,,,,,,,,"Fire Cycles","4",,,,,,,,,,
,,,,"Fourrier, A.","1",,,,,,,,,"Forest Canopy","4",,,,,,,,,,
,,,,"Fyles, J.W.","1",,,,,,,,,"Forest Inventory","4",,,,,,,,,,
,,,,"Gaboury, S.","1",,,,,,,,,"Hardwoods","4",,,,,,,,,,
,,,,"Gagnon, R.","1",,,,,,,,,"Hypothesis Testing","4",,,,,,,,,,
,,,,"Gajewski, K.","1",,,,,,,,,"Lake Duparquet","4",,,,,,,,,,
,,,,"Garet, J.","1",,,,,,,,,"Landforms","4",,,,,,,,,,
,,,,"Gionest, F.","1",,,,,,,,,"Logging (forestry)","4",,,,,,,,,,
,,,,"Girard, F.","1",,,,,,,,,"Nitrogen","4",,,,,,,,,,
,,,,"Giroud, G.","1",,,,,,,,,"Ontario","4",,,,,,,,,,
,,,,"Grenier, D.J.","1",,,,,,,,,"Ontario [Canada]","4",,,,,,,,,,
,,,,"Grenon, F.","1",,,,,,,,,"Pine","4",,,,,,,,,,
,,,,"Groot, A.","1",,,,,,,,,"Remote Sensing","4",,,,,,,,,,
,,,,"Guérine, L.","1",,,,,,,,,"Species Richness","4",,,,,,,,,,
,,,,"Haeussler, S.","1",,,,,,,,,"Spruce","4",,,,,,,,,,
,,,,"Hannon, S.J.","1",,,,,,,,,"Statistical Methods","4",,,,,,,,,,
,,,,"Harper, K.","1",,,,,,,,,"Timber Harvesting","4",,,,,,,,,,
,,,,"Harvey, A.É.","1",,,,,,,,,"Trees","4",,,,,,,,,,
,,,,"Hendershot, W.H.","1",,,,,,,,,"Understory","4",,,,,,,,,,
,,,,"Hernández, R.E.","1",,,,,,,,,"Woodland","4",,,,,,,,,,
,,,,"Hesketh, M.","1",,,,,,,,,"Acer Saccharum","3",,,,,,,,,,
,,,,"Heĺy, C.","1",,,,,,,,,"Alaska","3",,,,,,,,,,
,,,,"Houle, D.","1",,,,,,,,,"Animalia","3",,,,,,,,,,
,,,,"Hébert Christian, C.","1",,,,,,,,,"Animals","3",,,,,,,,,,
,,,,"Innes, J.L.","1",,,,,,,,,"Beetle","3",,,,,,,,,,
,,,,"Jalal, W.","1",,,,,,,,,"Betula Pendula","3",,,,,,,,,,
,,,,"James, P.M.A.","1",,,,,,,,,"Birds","3",,,,,,,,,,
