﻿Scopus refine results values

"Your query : ((TITLE-ABS-KEY((Boreal OR {James Bay} OR James-Bay OR {Clay Belt} OR {canadian shield}) AND (Canada OR Quebec OR Ontario OR newfoundland OR Alberta OR British-Columbia) ) AND PUBYEAR > 1999 AND PUBYEAR < 2020) AND (TITLE-ABS-KEY({Climate change} OR {Climatic change} OR {global warming}) AND PUBYEAR > 1999 AND PUBYEAR < 2020) AND (TITLE-ABS-KEY(Species AND (Distribution OR Extinct* OR Invasi*  OR Transition Or exotic)) AND PUBYEAR > 1999 AND PUBYEAR < 2020))"


Number of results : 141

"ACCESS TYPE",,"YEAR",,"AUTHOR NAME(filtered by По количеству результатов)",,"SUBJECT AREA(filtered by Alphabet)",,"DOCUMENT TYPE",,"PUBLICATION STAGE",,"SOURCE TITLE(filtered by По количеству результатов)",,"KEYWORD(filtered by По количеству результатов)",,"AFFILIATION",,"FUNDING SPONSOR",,"COUNTRY(filtered by По количеству результатов)",,"SOURCE TYPE",,"LANGUAGE(filtered by По количеству результатов)",
"Open Access","37","2019","10","Bergeron, Y.","13","Agricultural and Biological Sciences","108","Article","129","final","140","Forest Ecology And Management","15","Climate Change","116","Canadian Forest Service","22","Natural Sciences and Engineering Research Council of Canada","31","Canada","117","Journals","140","English","141"
"Other","104","2018","17","Bayne, E.M.","4","Arts and Humanities","2","Review","10","aip","1","Plos One","7","Canada","103","University of Alberta","19","Natural Resources Canada","6","United States","41","Book Series","1","French","1"
,,"2017","10","Boulanger, Y.","4","Biochemistry, Genetics and Molecular Biology","10","Conference Paper","2",,,"Global Change Biology","6","Boreal Forest","66","Université Laval","16","Canadian Forest Service","5","France","5",,,,
,,"2016","12","Cyr, D.","4","Chemistry","1",,,,,"Canadian Field Naturalist","5","Forestry","23","Université du Québec à Montréal","15","Environment Canada","4","Germany","4",,,,
,,"2015","9","Girardin, M.P.","4","Decision Sciences","1",,,,,"Canadian Journal Of Zoology","5","Article","22","Natural Resources Canada","14","W. Garfield Weston Foundation","4","Denmark","3",,,,
,,"2014","14","Hamann, A.","4","Earth and Planetary Sciences","13",,,,,"Ecology","5","Trees","17","Universite du Quebec en Abitibi-Temiscamingue","10","Environment and Climate Change Canada","3","Norway","3",,,,
,,"2013","17","Johnstone, J.F.","4","Environmental Science","78",,,,,"Journal Of Biogeography","5","North America","16","Environment Canada","9","UniversitÃ© de MontrÃ©al","3","Spain","3",,,,
,,"2012","11","Price, D.T.","4","Health Professions","2",,,,,"Avian Conservation And Ecology","4","Quebec [Canada]","16","University of Alaska Fairbanks","9","Alberta Innovates","2","United Kingdom","3",,,,
,,"2011","6","Périé, C.","4","Immunology and Microbiology","1",,,,,"Ecological Applications","4","Range Expansion","16","University of Toronto","9","Government of Canada","2","Australia","2",,,,
,,"2010","8","Stralberg, D.","4","Mathematics","1",,,,,"Global Ecology And Biogeography","3","Climate Effect","15","University of Montreal","8","Indigenous and Northern Affairs Canada","2","Austria","2",,,,
,,"2009","4","Taylor, A.R.","4","Medicine","3",,,,,"Journal Of Ecology","3","Coniferous Tree","15","McGill University","7","MinistÃ¨re de l'Ãducation, du Loisir et du Sport QuÃ©bec","2","China","2",,,,
,,"2008","4","Boutin, S.","3","Multidisciplinary","9",,,,,"Polar Biology","3","Forest Management","15","The University of British Columbia","6","National Aeronautics and Space Administration","2","Czech Republic","1",,,,
,,"2007","3","Cumming, S.G.","3","Neuroscience","1",,,,,"Arctic","2","Tree","15","University of Saskatchewan","6","National Science Foundation","2","Greenland","1",,,,
,,"2006","1","Denneler, B.","3","Pharmacology, Toxicology and Pharmaceutics","1",,,,,"Botany","2","Abundance","14","USDA Forest Service","5","University of Alberta","2","Ireland","1",,,,
,,"2005","1","Gaudreau, J.","3","Physics and Astronomy","1",,,,,"Canadian Journal Of Forest Research","2","Ecosystem","14","Fisheries and Oceans Canada","5","Academy of Natural Sciences of Drexel University","1","Mexico","1",,,,
,,"2004","3","Gauthier, S.","3","Social Sciences","7",,,,,"Ecography","2","Geographical Distribution","14","University of Calgary","4","Alberta Agriculture and Forestry","1","Poland","1",,,,
,,"2003","4","He, F.","3",,,,,,,"Ecology And Evolution","2","Picea Mariana","14","University of Waterloo","4","Alberta Conservation Association","1","Portugal","1",,,,
,,"2002","3","Legendre, P.","3",,,,,,,"Environmental Reviews","2","Animal","13","University of Washington, Seattle","4","Alberta Ingenuity","1","Switzerland","1",,,,
,,"2001","3","Perez, L.","3",,,,,,,"Hydrobiologia","2","Animals","13","University of Guelph","4","Alberta Innovates - Technology Futures","1",,,,,,
,,"2000","1","Pienitz, R.","3",,,,,,,"Landscape Ecology","2","Biodiversity","13","Dalhousie University","4","Alexander von Humboldt-Stiftung","1",,,,,,
,,,,"Rossi, S.","3",,,,,,,"Rural And Remote Health","2","Coniferophyta","13","Northern Forestry Centre","4","Arctic Institute of North America","1",,,,,,
,,,,"Schmiegelow, F.K.A.","3",,,,,,,"Agricultural And Forest Meteorology","1","Forests","13","McGill University, Macdonald Campus","4","ArcticNet","1",,,,,,
,,,,"Song, S.J.","3",,,,,,,"Annals Of Forest Science","1","Picea","13","Université du Québec à Rimouski","3","Australian Research Council","1",,,,,,
,,,,"Wulder, M.A.","3",,,,,,,"BMC Ecology","1","Population Distribution","13","Freshwater Institute, Fisheries and Oceans Canada","3","Cameco","1",,,,,,
,,,,"Aitken, S.N.","2",,,,,,,"Biological Conservation","1","United States","13","Ontario Ministry of the Environment","3","Canada Research Chairs","1",,,,,,
,,,,"Anand, M.","2",,,,,,,"Biological Invasions","1","Climate","12","Ontario Ministry of Natural Resources","3","Canadian Space Agency","1",,,,,,
,,,,"Berninger, F.","2",,,,,,,"Biological Journal Of The Linnean Society","1","Ecology","12","University of Winnipeg","3","Climate Change and Emissions Management Corporation","1",,,,,,
,,,,"Camill, P.","2",,,,,,,"Bryologist","1","Ecosystems","12","Université du Québec à Chicoutimi","3","CorporaciÃ³n TecnolÃ³gica de AndalucÃ­a","1",,,,,,
,,,,"Carcaillet, C.","2",,,,,,,"Canadian Historical Review","1","Global Warming","12","USDA ARS Rocky Mountain Research Station","3","Deutsche Forschungsgemeinschaft","1",,,,,,
,,,,"Chen, H.Y.H.","2",,,,,,,"Canadian Journal Of Botany","1","Quebec","12","École Pratique des Hautes Etudes","3","Faculty of Veterinary Medicine, University of Calgary","1",,,,,,
,,,,"Coops, N.C.","2",,,,,,,"Canadian Journal Of Fisheries And Aquatic Sciences","1","Disturbance","11","Pacific Forestry Centre","3","Fonds de Recherche du Québec - Nature et Technologies","1",,,,,,
,,,,"Dawe, K.L.","2",,,,,,,"Conservation Biology","1","Physiology","11","York University","3","Fonds pour la Formation de Chercheurs et l'Aide Ã  la Recherche","1",,,,,,
,,,,"Fortin, M.J.","2",,,,,,,"Cybergeo","1","Adaptation","10","Ministère des Forêts de la Faune et des Parcs du Québec","2","Forest Genetics Council of British Columbia","1",,,,,,
,,,,"Girard, M.J.","2",,,,,,,"Dendrochronologia","1","Boreal Forests","10","University of Illinois at Urbana-Champaign","2","George Cedric Metcalf Charitable Foundation","1",,,,,,
,,,,"Graignic, N.","2",,,,,,,"Diseases Of Aquatic Organisms","1","Fire","10","Great Lakes Forestry Centre","2","Gwich'in Renewable Resources Board","1",,,,,,
,,,,"Harati, S.","2",,,,,,,"Diversity And Distributions","1","Forest Ecosystem","10","CNRS Centre National de la Recherche Scientifique","2","Institute of Chemical and Engineering Sciences","1",,,,,,
,,,,"Keller, W.","2",,,,,,,"Ecohydrology","1","Ontario [Canada]","10","US Fish &amp; Wildlife Service","2","Lung Association, Alberta and NWT","1",,,,,,
,,,,"Kotanen, P.M.","2",,,,,,,"Ecological Modelling","1","Population Decline","10","United States Geological Survey","2","Luonnontieteiden ja Tekniikan Tutkimuksen Toimikunta","1",,,,,,
,,,,"Kutz, S.J.","2",,,,,,,"Ecoscience","1","Time Factors","10","University of Northern British Columbia","2","Manitoba Hydro","1",,,,,,
,,,,"Lamb, E.G.","2",,,,,,,"Ecosphere","1","Alberta","9","Université de Sherbrooke","2","Marie Curie","1",,,,,,
,,,,"McGarrigle, E.","2",,,,,,,"Ecosystems","1","Anthropogenic Effect","9","Laurentian University","2","Marine Environmental Observation Prediction and Response Network","1",,,,,,
,,,,"Messier, C.","2",,,,,,,"Environmental Biology Of Fishes","1","Arctic","9","Carleton College, USA","2","Ministry of Natural Resources","1",,,,,,
,,,,"Morin, H.","2",,,,,,,"Environmental Monitoring And Assessment","1","Aves","9","Oregon State University","2","MinistÃ¨re des Ressources Naturelles et de la Faune","1",,,,,,
,,,,"Morin, X.","2",,,,,,,"Environmental Pollution","1","Nonhuman","9","Queen's University, Kingston","2","Mitacs","1",,,,,,
,,,,"Murray, D.L.","2",,,,,,,"Forestry Chronicle","1","Pinus Banksiana","9","Chinese Academy of Sciences","2","Molson Foundation","1",,,,,,
,,,,"Nielsen, S.E.","2",,,,,,,"Forests","1","Species Richness","9","Université du Québec en Outaouais","2","Norges ForskningsrÃ¥d","1",,,,,,
,,,,"Parks, S.A.","2",,,,,,,"Global And Planetary Change","1","Taiga","9","Texas Tech University","2","Northern Michigan University","1",,,,,,
,,,,"Payette, S.","2",,,,,,,"Global Ecology And Conservation","1","Temperature","9","Havforskningsinstituttet","2","Ontario Ministry of Natural Resources and Forestry","1",,,,,,
,,,,"Pickles, R.S.A.","2",,,,,,,"Holocene","1","Biomass","8","Universitat fur Bodenkultur Wien","2","Ontario Trillium Foundation","1",,,,,,
,,,,"Popko, R.A.","2",,,,,,,"IAWA Journal","1","Black Spruce","8","Lakehead University","2","Pacific Northwest Research Station","1",,,,,,
,,,,"Rammer, W.","2",,,,,,,"ISPRS International Journal Of Geo Information","1","British Columbia","8","Norsk institutt for vannforskning","2","Plymouth State University","1",,,,,,
,,,,"Raulier, F.","2",,,,,,,"International Journal Of Biometeorology","1","Climate Models","8","University of Ottawa, Canada","2","Polar Knowledge Canada","1",,,,,,
,,,,"Sainte-Marie, G.","2",,,,,,,"International Journal Of Climate Change Impacts And Responses","1","Coniferous Forest","8","Aarhus Universitet","2","Schweizerischer Nationalfonds zur FÃ¶rderung der Wissenschaftlichen Forschung","1",,,,,,
,,,,"Squires, J.R.","2",,,,,,,"Journal Of Agricultural Biological And Environmental Statistics","1","Environmental Disturbance","8","Bedford Institute of Oceanography, Fisheries and Oceans Canada","2","Schweizerischer Nationalfonds zur Förderung der Wissenschaftlichen Forschung","1",,,,,,
,,,,"Sólymos, P.","2",,,,,,,"Journal Of Experimental Marine Biology And Ecology","1","Forest","8","Trent University","2","U.S. Fish and Wildlife Service","1",,,,,,
,,,,"Tardif, J.C.","2",,,,,,,"Journal Of Fish And Wildlife Management","1","Growth","8","University of Wisconsin-Madison","2","University of British Columbia","1",,,,,,
,,,,"Tremblay, F.","2",,,,,,,"Journal Of Limnology","1","Growth Rate","8","Ministère de l‘Energie et des Ressources naturelles du Québec","2","University of Georgia","1",,,,,,
,,,,"Tsuji, L.J.S.","2",,,,,,,"Journal Of The North American Benthological Society","1","Regeneration","8","Centre d'Ecologie Fonctionnelle et Evolutive","2","UniversitÃ© Laval","1",,,,,,
,,,,"Veitch, A.M.","2",,,,,,,"Journal Of Vegetation Science","1","Spatial Distribution","8","Government of the Northwest Territories","2","Western Economic Diversification Canada","1",,,,,,
,,,,"Wang, T.","2",,,,,,,"Limnology And Oceanography","1","Subarctic Region","8","Parks Canada","2","Wildlife Conservation Society","1",,,,,,
,,,,"Zhang, J.","2",,,,,,,"Marine Biodiversity","1","Temperate Forest","8","Université de Montpellier","2","Wisconsin Space Grant Consortium","1",,,,,,
,,,,"Abercrombie, B.","1",,,,,,,"Marine Ecology Progress Series","1","Temperature Effect","8","Panthera USA","2","Xunta de Galicia","1",,,,,,
,,,,"Adamowicz, S.J.","1",,,,,,,"Nature Communications","1","Alaska","7","Bird Studies Canada","1","York University","1",,,,,,
,,,,"Adams, B.","1",,,,,,,"New Forests","1","Bird","7","High Desert Ecological Research Institute","1","Undefined","81",,,,,,
,,,,"Adams, L.G.","1",,,,,,,"Oecologia","1","Deer","7","Klamath Center for Conservation Research","1",,,,,,,,
,,,,"Alfaro, R.","1",,,,,,,"Parasites And Vectors","1","Ecotone","7","Corporate Executive Board","1",,,,,,,,
,,,,"Ali, A.A.","1",,,,,,,"Peerj","1","Environmental Conditions","7","Georgian College","1",,,,,,,,
,,,,"Allaire, D.G.","1",,,,,,,"Physical Geography","1","Fires","7","Pacific Wildland Fire Sciences Laboratory","1",,,,,,,,
,,,,"Alvarez, A.","1",,,,,,,"Phytocoenologia","1","Forest Dynamics","7","Wildlife Conservation Society Canada","1",,,,,,,,
,,,,"Andersen, D.E.","1",,,,,,,"Polar Geography","1","Geography","7","JEMSys Software Systems Inc.","1",,,,,,,,
,,,,"Anderson, R.B.","1",,,,,,,"Proceedings Of The National Academy Of Sciences Of The United States Of America","1","Greenhouse Effect","7","Montana Fish","1",,,,,,,,
,,,,"Andreassi, C.","1",,,,,,,"Progress In Oceanography","1","Models, Theoretical","7","Saskatchewan Ministry of Environment","1",,,,,,,,
,,,,"Andrew, M.E.","1",,,,,,,"Quaternary International","1","Ontario","7","Université J. Fourier","1",,,,,,,,
,,,,"Antón-Fernández, C.","1",,,,,,,"Rhodora","1","Reforestation","7","Quest University","1",,,,,,,,
,,,,"Aquilué, N.","1",,,,,,,"Scientific Reports","1","Species Diversity","7","Nahanni National Park Reserve of Canada","1",,,,,,,,
,,,,"Arango-Velez, A.","1",,,,,,,"Studies In Avian Biology","1","Species Specificity","7","Sahtu Renewable Resources Board","1",,,,,,,,
,,,,"Arnott, S.E.","1",,,,,,,"Tree Physiology","1","Stand Structure","7","Centre d'étude et de valorisation des algues marines CEVAM","1",,,,,,,,
,,,,"Arrigo, K.","1",,,,,,,"Wildfowl","1","Tundra","7","Ducks Unlimited","1",,,,,,,,
,,,,"Astrup, R.","1",,,,,,,"Wildlife Society Bulletin","1","Arctic Environment","6","GEOTOP Research Center","1",,,,,,,,
,,,,"Aubry, K.B.","1",,,,,,,,,"Biogeography","6","Fundy National Park","1",,,,,,,,
,,,,"Baconnet, M.","1",,,,,,,,,"Boreal","6","Western University","1",,,,,,,,
,,,,"Bai, Y.","1",,,,,,,,,"Canadian Arctic","6","Cree Trappers' Association","1",,,,,,,,
,,,,"Bailey, S.W.","1",,,,,,,,,"Climate Warming","6","Water Security Agency","1",,,,,,,,
,,,,"Baker, E.","1",,,,,,,,,"Climates","6","Yukon Research Centre","1",,,,,,,,
,,,,"Barber, Q.E.","1",,,,,,,,,"Demography","6","Peatland Ecosystems Dynamics and Climatic Change","1",,,,,,,,
,,,,"Barker, N.K.S.","1",,,,,,,,,"Drought","6","Alberta Biodiversity Monitoring Institute","1",,,,,,,,
,,,,"Barrette, M.","1",,,,,,,,,"Fish","6","Forest Sciences Centre of Catalonia CTFC-CEMFOR","1",,,,,,,,
,,,,"Barry, A.N.N.","1",,,,,,,,,"Growth, Development And Aging","6","Ministère des Forêts","1",,,,,,,,
,,,,"Bauce, E.","1",,,,,,,,,"Habitat","6","Central Valley Joint Venture","1",,,,,,,,
,,,,"Bayne, E.","1",,,,,,,,,"Invasive Species","6","Winous Point Marsh Conservancy","1",,,,,,,,
,,,,"Beaty, K.","1",,,,,,,,,"Landscape","6","Ministère des Forêts de la Faune et des Parcs","1",,,,,,,,
,,,,"Beaudoin, A.","1",,,,,,,,,"Latitudinal Gradient","6","Ministère des Forêts de la Faune et des Parcs","1",,,,,,,,
,,,,"Beazley, L.","1",,,,,,,,,"Manitoba","6","Wildlife Conservation Society Canada","1",,,,,,,,
,,,,"Beckmen, K.B.","1",,,,,,,,,"Seasonal Variation","6","Wildlife Conservation Society","1",,,,,,,,
,,,,"Beguin, J.","1",,,,,,,,,"Species Distribution","6","Alberta Trappers’ Association","1",,,,,,,,
,,,,"Bell, F.W.","1",,,,,,,,,"Subarctic","6","ALCES Group","1",,,,,,,,
,,,,"Bello, R.","1",,,,,,,,,"Succession","6","Ross University","1",,,,,,,,
,,,,"Berge, J.","1",,,,,,,,,"Vulnerability","6","Bowdoin College","1",,,,,,,,
,,,,"Bernier, P.Y.","1",,,,,,,,,"Yukon Territory","6","Marine Biological Laboratory","1",,,,,,,,
,,,,"Bildson, B.","1",,,,,,,,,"Acer","5","USDA ARS Beltsville Agricultural Research Center","1",,,,,,,,
,,,,"Blagoev, G.A.","1",,,,,,,,,"Arctic Regions","5","Boise State University","1",,,,,,,,
,,,,"Blaney, C.S.","1",,,,,,,,,"Carbon","5","Ministry of Education China","1",,,,,,,,
,,,,"Blarquez, O.","1",,,,,,,,,"Classification","5","Le réseau de l'Université du Québec","1",,,,,,,,
,,,,"Boal, C.W.","1",,,,,,,,,"Coleoptera","5","Centre Tecnológic Forestal de Catalunya","1",,,,,,,,
,,,,"Boisvert-Marsh, L.","1",,,,,,,,,"Community Dynamics","5","University of Victoria","1",,,,,,,,
,,,,"Bolton, D.K.","1",,,,,,,,,"Deciduous Forest","5","USDA Forest Service Pacific Northwest Research Station","1",,,,,,,,
,,,,"Bouchard, C.","1",,,,,,,,,"Deciduous Tree","5","Arizona State University","1",,,,,,,,
,,,,"Bouchard, M.","1",,,,,,,,,"Ecological Modeling","5","University of Arkansas - Fayetteville","1",,,,,,,,
,,,,"Boucher, D.","1",,,,,,,,,"Environmental Change","5","University College Dublin","1",,,,,,,,
,,,,"Boucher, E.","1",,,,,,,,,"Environmental Monitoring","5","Museé canadien de la nature","1",,,,,,,,
,,,,"Bowden, J.J.","1",,,,,,,,,"Human","5","Pomona College","1",,,,,,,,
,,,,"Brassard, B.W.","1",,,,,,,,,"Jack Pine","5","University of Wisconsin-Whitewater","1",,,,,,,,
,,,,"Breen, A.L.","1",,,,,,,,,"Lake Ecosystem","5","Illinois Natural History Survey","1",,,,,,,,
,,,,"Brice, M.H.","1",,,,,,,,,"Latitude","5","CSIC - Instituto de Ciencias del Mar ICM","1",,,,,,,,
,,,,"Bright, R.M.","1",,,,,,,,,"Migration","5","University of Maine","1",,,,,,,,
,,,,"Brossier, B.","1",,,,,,,,,"Numerical Model","5","Eidgenössische Forschungsanstalt fur Wald, Schnee Und Landschaft Eth-Bereichs","1",,,,,,,,
,,,,"Brown, C.D.","1",,,,,,,,,"Phenology","5","Duke University","1",,,,,,,,
,,,,"Buddle, C.M.","1",,,,,,,,,"Phytogeography","5","Universite Paul-Valery Montpellier III","1",,,,,,,,
,,,,"Bull, R.D.","1",,,,,,,,,"Picea Glauca","5","Northeast Normal University","1",,,,,,,,
,,,,"Burke, J.L.","1",,,,,,,,,"Pinus","5","Northern Illinois University","1",,,,,,,,
,,,,"Bush, P.G.","1",,,,,,,,,"Populus Tremuloides","5","University of Manitoba","1",,,,,,,,
,,,,"Bélanger, L.","1",,,,,,,,,"Range Size","5","Universitetet i Oslo","1",,,,,,,,
,,,,"Camfield, A.F.","1",,,,,,,,,"Recruitment (population Dynamics)","5","Alaska Department of Game and Fisheries","1",,,,,,,,
,,,,"Campbell, E.M.","1",,,,,,,,,"Remote Sensing","5","Santa Clara University","1",,,,,,,,
,,,,"Cardille, J.A.","1",,,,,,,,,"Species Difference","5","Plymouth Marine Laboratory","1",,,,,,,,
,,,,"Carlson, M.","1",,,,,,,,,"Species Occurrence","5","Institute of Oceanology of the Polish Academy of Sciences","1",,,,,,,,
,,,,"Carrera, E.","1",,,,,,,,,"Spruce","5","University of Windsor","1",,,,,,,,
,,,,"Carrière, S.","1",,,,,,,,,"Time","5","Stanford University","1",,,,,,,,
,,,,"Carroll, A.L.","1",,,,,,,,,"Treeline","5","University of British Columbia Okanagan","1",,,,,,,,
,,,,"Carroll, C.","1",,,,,,,,,"Acer Saccharum","4","Norsk Polarinstitutt","1",,,,,,,,
,,,,"Cavard, X.","1",,,,,,,,,"Adult","4","Norges Teknisk-Naturvitenskapelige Universitet","1",,,,,,,,
,,,,"Cazelles, K.","1",,,,,,,,,"Beetle","4","Canadian Heritage","1",,,,,,,,
,,,,"Chandler, R.B.","1",,,,,,,,,"Climate Modeling","4","Institute of Botany Chinese Academy of Sciences","1",,,,,,,,
,,,,"Chapin, F.S.","1",,,,,,,,,"Comparative Study","4","South Dakota State University","1",,,,,,,,
,,,,"Charron, D.","1",,,,,,,,,"Dendroctonus Ponderosae","4","Georgia College &amp; State University","1",,,,,,,,
,,,,"Chen, J.M.","1",,,,,,,,,"Dendroecology","4","Plymouth State University","1",,,,,,,,
,,,,"Cherubini, P.","1",,,,,,,,,"Endangered Species","4","University of Kansas, Lawrence","1",,,,,,,,
,,,,"Chihara, L.","1",,,,,,,,,"Environmental Factor","4","Virginia Institute of Marine Science","1",,,,,,,,
,,,,"Chuine, I.","1",,,,,,,,,"Environmental Protection","4","The College of William and Mary","1",,,,,,,,
,,,,"Ciuti, S.","1",,,,,,,,,"Felid","4","Michigan Technological University","1",,,,,,,,
,,,,"Clark, J.A.","1",,,,,,,,,"Forest Fire","4","US National Park Service","1",,,,,,,,
,,,,"Cogbill, C.V.","1",,,,,,,,,"Habitat Loss","4","University of New Brunswick","1",,,,,,,,
,,,,"Colgan, L.J.","1",,,,,,,,,"Hexapoda","4","Northern Michigan University","1",,,,,,,,
,,,,"Collins, J.P.","1",,,,,,,,,"Holocene","4","Yale School of Medicine","1",,,,,,,,
,,,,"Consaul, L.L.","1",,,,,,,,,"Human Activity","4","Ontario Forest Research Institute","1",,,,,,,,
,,,,"Cooke, H.A.","1",,,,,,,,,"Hypothesis Testing","4","Washington State University Pullman","1",,,,,,,,
,,,,"Cooke, J.E.K.","1",,,,,,,,,"James Bay","4","Helmholtz Zentrum für Umweltforschung","1",,,,,,,,
,,,,"Copeland, J.P.","1",,,,,,,,,"Lakes","4","Maine Department of Inland Fisheries and Wildlife","1",,,,,,,,
,,,,"Coulombe, S.","1",,,,,,,,,"Landscape Change","4","Memorial University of Newfoundland","1",,,,,,,,
,,,,"Couturier, A.","1",,,,,,,,,"Lynx Canadensis","4","University of Birmingham","1",,,,,,,,
,,,,"Croft, H.","1",,,,,,,,,"Modeling","4","PRBO Conservation Science","1",,,,,,,,
,,,,"Cuciurean, R.","1",,,,,,,,,"Models","4","Murdoch University","1",,,,,,,,
,,,,"Côté, S.D.","1",,,,,,,,,"Models, Biological","4","University of Maryland","1",,,,,,,,
,,,,"Daase, M.","1",,,,,,,,,"Multivariate Analysis","4","University of Montana College of Forestry and Conservation","1",,,,,,,,
,,,,"Dacosta, J.","1",,,,,,,,,"Peatland","4","West Virginia University","1",,,,,,,,
,,,,"Daly, K.L.","1",,,,,,,,,"Pinus Contorta","4","UiT The Arctic University of Norway","1",,,,,,,,
,,,,"Danielson, S.","1",,,,,,,,,"Pinus Mugo","4","Centre College Kentucky","1",,,,,,,,
,,,,"David M Latham, A.","1",,,,,,,,,"Plant Community","4","University of Montana","1",,,,,,,,
,,,,"De Blois, S.","1",,,,,,,,,"Populus","4","CREAF - Centre de Recerca Ecològica i Aplicacions Forestals","1",,,,,,,,
,,,,"De Grandpré, L.","1",,,,,,,,,"Predator","4","Montana State University","1",,,,,,,,
