﻿Scopus refine results values

"Your query : ((TITLE-ABS-KEY((Boreal OR {James Bay} OR James-Bay OR {Clay Belt} OR {canadian shield}) AND (Canada OR Quebec OR Ontario OR newfoundland OR Alberta OR British-Columbia) ) AND PUBYEAR > 1999 AND PUBYEAR < 2020) AND (TITLE-ABS-KEY({Climate change} OR {Climatic change} OR {global warming}) AND PUBYEAR > 1999 AND PUBYEAR < 2020) AND (TITLE-ABS-KEY((Forest AND Fire) OR ""Wildfire"" OR ""crown fire"" OR ""Wildland fire"" ) AND PUBYEAR > 1999 AND PUBYEAR < 2020))"


Number of results : 241

"ACCESS TYPE",,"YEAR",,"AUTHOR NAME",,"SUBJECT AREA",,"DOCUMENT TYPE",,"PUBLICATION STAGE",,"SOURCE TITLE",,"KEYWORD",,"AFFILIATION",,"FUNDING SPONSOR",,"COUNTRY",,"SOURCE TYPE",,"LANGUAGE",
"Open Access","50","2019","19","Bergeron, Y.","49","Agricultural and Biological Sciences","150","Article","211","final","239","Canadian Journal Of Forest Research","19","Climate Change","194","Canadian Forest Service","99","Natural Sciences and Engineering Research Council of Canada","47","Canada","204","Journals","233","English","241"
"Other","191","2018","19","Gauthier, S.","24","Arts and Humanities","7","Review","17","aip","2","Global Change Biology","17","Canada","186","Natural Resources Canada","55","Canadian Forest Service","9","United States","61","Books","3",,
,,"2017","14","Girardin, M.P.","20","Biochemistry, Genetics and Molecular Biology","10","Conference Paper","9",,,"Forest Ecology And Management","16","Boreal Forest","183","Université du Québec à Montréal","45","Natural Resources Canada","8","France","22","Conference Proceedings","3",,
,,"2016","15","Flannigan, M.D.","18","Chemical Engineering","1","Book Chapter","2",,,"Ecological Applications","8","Fires","80","Universite du Quebec en Abitibi-Temiscamingue","38","National Science Foundation","7","United Kingdom","13","Book Series","2",,
,,"2015","21","Ali, A.A.","12","Chemistry","1","Book","1",,,"International Journal Of Wildland Fire","8","Forestry","63","Université Laval","36","National Aeronautics and Space Administration","5","China","8",,,,
,,"2014","12","Carcaillet, C.","10","Computer Science","3","Short Survey","1",,,"Ecosphere","7","Fire","62","Northern Forestry Centre","28","Mitacs","4","Germany","6",,,,
,,"2013","17","Hély, C.","10","Earth and Planetary Sciences","51",,,,,"Ecosystems","6","Forest Fire","62","University of Alberta","24","Canadian Foundation for Climate and Atmospheric Sciences","3","Switzerland","6",,,,
,,"2012","10","Payette, S.","9","Energy","6",,,,,"Forests","6","North America","57","Great Lakes Forestry Centre","23","Centre National de la Recherche Scientifique","3","Sweden","5",,,,
,,"2011","10","Wotton, B.M.","8","Engineering","1",,,,,"Journal Of Ecology","6","Wildfire","50","University of Toronto","15","Fonds QuÃ©bÃ©cois de la Recherche sur la Nature et les Technologies","3","Spain","4",,,,
,,"2010","15","Blarquez, O.","7","Environmental Science","169",,,,,"Climatic Change","5","Picea Mariana","45","École Pratique des Hautes Etudes","15","MinistÃ¨re des ForÃªts, de la Faune et des Parcs","3","Australia","3",,,,
,,"2009","17","Boulanger, Y.","7","Immunology and Microbiology","1",,,,,"Environmental Research Letters","5","Forest Management","37","University of Alaska Fairbanks","12","University of Winnipeg","3","Russian Federation","3",,,,
,,"2008","11","Cumming, S.G.","7","Mathematics","3",,,,,"Environmental Reviews","5","Disturbance","35","Environment Canada","11","Cameco","2","South Korea","3",,,,
,,"2007","15","Terrier, A.","7","Medicine","5",,,,,"Forestry Chronicle","5","Carbon","30","The University of British Columbia","11","Campus Alberta Neuroscience","2","Austria","2",,,,
,,"2006","7","Bernier, P.Y.","6","Multidisciplinary","7",,,,,"Arctic","4","Boreal Forests","29","Pacific Forestry Centre","11","Canadian Space Agency","2","Czech Republic","2",,,,
,,"2005","9","Chen, H.Y.H.","6","Physics and Astronomy","1",,,,,"Ecology","4","Quebec [Canada]","29","Université de Montpellier","11","Environment and Climate Change Canada","2","Finland","2",,,,
,,"2004","6","Flannigan, M.","6","Social Sciences","6",,,,,"Journal Of Geophysical Research Atmospheres","4","Picea","28","University of Montreal","9","European Research Council","2","Mexico","2",,,,
,,"2003","6","Johnstone, J.F.","6",,,,,,,"Agricultural And Forest Meteorology","3","Drought","26","University of Saskatchewan","9","Fonds de recherche du QuÃ©bec â Nature et technologies","2","Norway","2",,,,
,,"2002","8","Raulier, F.","6",,,,,,,"Biogeosciences","3","Vegetation","25","Le réseau de l'Université du Québec","8","Imperial Oil Limited","2","Chile","1",,,,
,,"2001","6","Tardif, J.C.","6",,,,,,,"Forest Ecosystems","3","Fire History","24","University of Calgary","8","Institut Universitaire de France","2","Denmark","1",,,,
,,"2000","4","Turetsky, M.R.","6",,,,,,,"Geophysical Research Letters","3","Biomass","23","CNRS Centre National de la Recherche Scientifique","8","National Eye Research Centre","2","Estonia","1",,,,
,,,,"Beaudoin, A.","5",,,,,,,"Global Ecology And Biogeography","3","Ecosystems","23","United States Geological Survey","8","Natural Environment Research Council","2","Italy","1",,,,
,,,,"De Groot, W.J.","5",,,,,,,"Holocene","3","Trees","23","University of Guelph","8","Ontario Ministry of Natural Resources and Forestry","2","Japan","1",,,,
,,,,"Leduc, A.","5",,,,,,,"Journal Of Geophysical Research Biogeosciences","3","Coniferous Tree","21","USDA Forest Service","7","Polar Knowledge Canada","2","Netherlands","1",,,,
,,,,"Parisien, M.A.","5",,,,,,,"Journal Of Hydrology","3","Forest Fires","21","University of Winnipeg","7","Shell Canada","2","Undefined","1",,,,
,,,,"Price, D.T.","5",,,,,,,"Journal Of Vegetation Science","3","Global Warming","21","Lakehead University","7","Suncor Energy Incorporated","2",,,,,,
,,,,"Stocks, B.J.","5",,,,,,,"Philosophical Transactions Of The Royal Society B Biological Sciences","3","Tree","21","McGill University","6","U.S. Department of Energy","2",,,,,,
,,,,"Taylor, A.R.","5",,,,,,,"Plos One","3","United States","21","Université du Québec à Rimouski","6","Aboriginal Affairs and Northern Development Canada","1",,,,,,
,,,,"Arseneault, D.","4",,,,,,,"Dendrochronologia","2","Black Spruce","20","Ontario Ministry of Natural Resources","6","Alberta Agriculture and Forestry","1",,,,,,
,,,,"Cyr, D.","4",,,,,,,"Ecological Modelling","2","Holocene","20","Institut des Sciences de l’Evolution de Montpellier","6","Arctic Institute of North America","1",,,,,,
,,,,"Delwaide, A.","4",,,,,,,"Ecoscience","2","Article","19","Ministère des Forêts de la Faune et des Parcs du Québec","5","BIOCAP Canada","1",,,,,,
,,,,"Goulden, M.L.","4",,,,,,,"Environmetrics","2","Charcoal","19","Wilfrid Laurier University","5","BioFuelNet Canada","1",,,,,,
,,,,"Grondin, P.","4",,,,,,,"Forestry","2","Deforestation","19","University of California, Irvine","5","British Geological Survey","1",,,,,,
,,,,"Guindon, L.","4",,,,,,,"Global And Planetary Change","2","Paleoecology","19","Queen's University, Kingston","5","China Scholarship Council","1",,,,,,
,,,,"Kurz, W.A.","4",,,,,,,"International Geoscience And Remote Sensing Symposium IGARSS","2","Environmental Disturbance","18","University of Maryland","5","Chinese Academy of Sciences","1",,,,,,
,,,,"Lavoie, M.","4",,,,,,,"Journal Of Biogeography","2","Fire Behavior","18","Eidgenössische Forschungsanstalt fur Wald, Schnee Und Landschaft Eth-Bereichs","4","Cure Cancer Australia Foundation","1",,,,,,
,,,,"McGuire, A.D.","4",,,,,,,"Journal Of Paleolimnology","2","Carbon Dioxide","17","Harvard University","4","Department for Business, Energy and Industrial Strategy, UK Government","1",,,,,,
,,,,"Stinson, G.","4",,,,,,,"Journal Of Quaternary Science","2","Carbon Sequestration","17","University of Waterloo","4","Department of Natural Resources, Government of Newfoundland and Labrador","1",,,,,,
,,,,"Thompson, D.K.","4",,,,,,,"Landscape Ecology","2","Climate","17","Carleton University","4","Environment Canada","1",,,,,,
,,,,"Amiro, B.D.","3",,,,,,,"Plant And Soil","2","Climate Effect","17","Ontario Forest Research Institute","4","Environmental Systems Research Institute","1",,,,,,
,,,,"Asselin, H.","3",,,,,,,"Remote Sensing Of Environment","2","Coniferophyta","17","Simon Fraser University","4","Estonian Science Foundation","1",,,,,,
,,,,"Benscoter, B.W.","3",,,,,,,"Studies In Avian Biology","2","Coniferous Forest","17","University of Virginia","4","European Commission","1",,,,,,
,,,,"Bhatti, J.S.","3",,,,,,,"Tree Physiology","2","Vegetation Dynamics","17","IRD Centre de Montpellier","4","European Space Agency","1",,,,,,
,,,,"Black, T.A.","3",,,,,,,"Agriculture Ecosystems And Environment","1","Alaska","16","Conseil de recherches en sciences naturelles et en génie du Canada","4","Fonds pour la Formation de Chercheurs et l'Aide Ã  la Recherche","1",,,,,,
,,,,"Boucher, D.","3",,,,,,,"American Naturalist","1","Forest Ecosystem","16","University of Wisconsin-Madison","4","Government of Canada","1",,,,,,
,,,,"Chapin, F.S.","3",,,,,,,"Atmospheric Chemistry And Physics","1","Hexapoda","16","Ministère de l‘Energie et des Ressources naturelles du Québec","4","Government of Ontario","1",,,,,,
,,,,"Drapeau, P.","3",,,,,,,"Avian Conservation And Ecology","1","Reforestation","16","Université PSL","4","Institut national de la recherche scientifique","1",,,,,,
,,,,"Gagnon, R.","3",,,,,,,"Biological Conservation","1","Pinus Banksiana","15","Ministère des Forêts","3","Lakehead University","1",,,,,,
,,,,"Garneau, M.","3",,,,,,,"Boreas","1","Regeneration","15","University of Northern British Columbia","3","Langley Research Center","1",,,,,,
,,,,"Genries, A.","3",,,,,,,"Botany","1","Carbon Cycle","14","Centre Européen de Recherche et d'Enseignement des Géosciences de l'Environnement","3","Leverhulme Trust","1",,,,,,
,,,,"Johnson, E.A.","3",,,,,,,"Canadian Journal Of Remote Sensing","1","Ecology","14","United States Geological Survey Western Region","3","Lunds Universitet","1",,,,,,
,,,,"Kasischke, E.S.","3",,,,,,,"Canadian Journal Of Zoology","1","Fire Management","14","Chinese Academy of Sciences","3","Luonnontieteiden ja Tekniikan Tutkimuksen Toimikunta","1",,,,,,
,,,,"Krawchuk, M.A.","3",,,,,,,"Canadian Water Resources Journal","1","Peatland","14","Université du Québec à Chicoutimi","3","Manitoba Hydro","1",,,,,,
,,,,"Mansuy, N.","3",,,,,,,"Climate And Conservation Landscape And Seascape Science Planning And Action","1","Soils","14","USDA ARS Rocky Mountain Research Station","3","McMaster University","1",,,,,,
,,,,"Martell, D.L.","3",,,,,,,"Cogent Social Sciences","1","Biodiversity","13","University of California, Berkeley","3","Ministry of Natural Resources","1",,,,,,
,,,,"Olefeldt, D.","3",,,,,,,"Earth Interactions","1","Quebec","13","McMaster University","3","Ministry of Science and Technology of the People's Republic of China","1",,,,,,
,,,,"Paré, D.","3",,,,,,,"Ecological Informatics","1","Taiga","13","Government of Alberta","3","MinistÃ¨re de l'Ãducation, du Loisir et du Sport QuÃ©bec","1",,,,,,
,,,,"Prairie, Y.T.","3",,,,,,,"Ecological Monographs","1","Wetlands","13","Government of the Northwest Territories","3","National Natural Science Foundation of China","1",,,,,,
,,,,"Randerson, J.T.","3",,,,,,,"Ecological Research","1","Alberta","12","Parks Canada","3","National Sleep Foundation","1",,,,,,
,,,,"Rupp, T.S.","3",,,,,,,"Elementa","1","Bryophyta","12","McMaster University, Faculty of Science","3","Northern Arizona University","1",,,,,,
,,,,"Senici, D.","3",,,,,,,"Environmental Monitoring And Assessment","1","Harvesting","12","Woods Hole Research Center","3","Northern Research Station","1",,,,,,
,,,,"St-Laurent, M.H.","3",,,,,,,"Erdkunde","1","Meteorology","12","Climate Risk Analysis","2","Pacific Northwest Research Station","1",,,,,,
,,,,"Waddington, J.M.","3",,,,,,,"Fire Ecology","1","Climate Modeling","11","ARVE Research SARL","2","Parks Canada","1",,,,,,
,,,,"Wang, X.","3",,,,,,,"Firestorm How Wildfire Will Shape Our Future","1","Climates","11","Bowdoin College","2","Russian Academy of Sciences","1",,,,,,
,,,,"Ahl, D.E.","2",,,,,,,"Geoderma","1","Ecosystem","11","Science Systems and Applications, Inc. SSAI","2","Russian Foundation for Basic Research","1",,,,,,
,,,,"Baltzer, J.L.","2",,,,,,,"Global Biogeochemical Cycles","1","Forests","11","University of Sheffield","2","School of Oriental and African Studies, University of London","1",,,,,,
,,,,"Barber, Q.E.","2",,,,,,,"Hydrology And Earth System Sciences","1","Global Change","11","Helsingin Yliopisto","2","Scottish Alliance for Geoscience, Environment and Society","1",,,,,,
,,,,"Barr, A.G.","2",,,,,,,"IEEE Journal Of Selected Topics In Applied Earth Observations And Remote Sensing","1","Lichen","11","University of Victoria","2","Strategic Environmental Research and Development Program","1",,,,,,
,,,,"Barrette, J.","2",,,,,,,"International Journal Of Remote Sensing","1","Northwest Territories","11","Princeton University","2","Tembec","1",,,,,,
,,,,"Bernier, P.","2",,,,,,,"Journal Of Applied Ecology","1","Stand Structure","11","UK Centre for Ecology &amp; Hydrology","2","U.S. Army Corps of Engineers","1",,,,,,
,,,,"Bond-Lamberty, B.","2",,,,,,,"Journal Of Climate","1","Woodland","11","Canada Centre for Remote Sensing","2","U.S. Department of Defense","1",,,,,,
,,,,"Bouchard, M.","2",,,,,,,"Journal Of Environmental Planning And Management","1","Biogeochemistry","10","University of Manitoba","2","U.S. Forest Service","1",,,,,,
,,,,"Bradshaw, R.H.W.","2",,,,,,,"Journal Of Forestry","1","Boreal","10","University of Leeds","2","U.S. Geological Survey","1",,,,,,
,,,,"Brassard, B.W.","2",,,,,,,"Journal Of Geophysical Research D Atmospheres","1","Climatology","10","The University of Texas at Austin","2","Universidad de Oviedo","1",,,,,,
,,,,"Brown, C.D.","2",,,,,,,"Journal Of Plant Ecology","1","Fire Hazards","10","University of California, Davis","2","University of Alberta","1",,,,,,
,,,,"Camill, P.","2",,,,,,,"Mitigation And Adaptation Strategies For Global Change","1","Landscape","10","Peking University","2","University of Guelph","1",,,,,,
,,,,"Campbell, I.D.","2",,,,,,,"Nature","1","Manitoba","10","University of Washington, Seattle","2","University of Montana","1",,,,,,
,,,,"Cantin, A.","2",,,,,,,"Nature Climate Change","1","Natural Disturbance","10","Florida Atlantic University","2","University of Sheffield","1",,,,,,
,,,,"Cao, J.","2",,,,,,,"Nature Communications","1","Net Primary Production","10","Boston University","2","UniversitÃ© de Montpellier","1",,,,,,
,,,,"Chen, J.","2",,,,,,,"Nature Plants","1","Ontario [Canada]","10","University of Liverpool","2","UniversitÃ© du QuÃ©bec en Abitibi-TÃ©miscamingue","1",,,,,,
,,,,"Chen, J.M.","2",,,,,,,"New Forests","1","Populus Tremuloides","10","Russian Academy of Sciences","2","UniversitÃ© du QuÃ©bec Ã  MontrÃ©al","1",,,,,,
,,,,"Colombo, S.J.","2",,,,,,,"New Phytologist","1","Reconstruction","10","University of Notre Dame","2","Université du Québec en Abitibi-Témiscamingue","1",,,,,,
,,,,"Conciatori, F.","2",,,,,,,"Palaeogeography Palaeoclimatology Palaeoecology","1","Risk Assessment","10","Czech University of Life Sciences Prague","2","W. Garfield Weston Foundation","1",,,,,,
,,,,"Dabros, A.","2",,,,,,,"Permafrost And Periglacial Processes","1","Soil Carbon","10","Universitat fur Bodenkultur Wien","2","Western Economic Diversification Canada","1",,,,,,
,,,,"Day, N.J.","2",,,,,,,"Proceedings Annual Conference Canadian Society For Civil Engineering","1","Arctic","9","The University of Utah","2","Undefined","151",,,,,,
,,,,"Dean, C.B.","2",,,,,,,"Proceedings Of The National Academy Of Sciences Of The United States Of America","1","Computer Simulation","9","University of New Hampshire Durham","2",,,,,,,,
,,,,"Devito, K.J.","2",,,,,,,"Quaternary Research","1","Ecosystem Modeling","9","University of Ottawa, Canada","2",,,,,,,,
,,,,"Drobyshev, I.","2",,,,,,,"Recarbonization Of The Biosphere Ecosystems And The Global Carbon Cycle","1","Fire Frequency","9","Lunds Universitet","2",,,,,,,,
,,,,"Dymond, C.C.","2",,,,,,,"Science","1","Fire Regime","9","Umeå Universitet","2",,,,,,,,
,,,,"Fenton, N.J.","2",,,,,,,"Science Of The Total Environment","1","Forest","9","Michigan State University","2",,,,,,,,
,,,,"Filion, L.","2",,,,,,,"Scientific Reports","1","Greenhouse Effect","9","Universidad Nacional Autónoma de México","2",,,,,,,,
,,,,"Finsinger, W.","2",,,,,,,"Soil Biology And Biochemistry","1","Growth Rate","9","McGill University, Macdonald Campus","2",,,,,,,,
,,,,"Fleming, R.A.","2",,,,,,,"Water Air And Soil Pollution","1","Lakes","9","Government of Yukon","2",,,,,,,,
,,,,"Fréchette, B.","2",,,,,,,"Water Resources Research","1","Numerical Model","9","BJ Stocks Wildfire Investigations Ltd.","2",,,,,,,,
,,,,"Fyles, J.W.","2",,,,,,,"Wetlands Ecology And Management","1","Organic Carbon","9","Sukachev Institute of Forest of the Siberian Branch of the RAS","2",,,,,,,,
,,,,"Girard, F.","2",,,,,,,"Wiley Interdisciplinary Reviews Energy And Environment","1","Regression Analysis","9","Institutionen för Naturgeografi och Ekosystemvetenskap, Lunds Universitet","2",,,,,,,,
,,,,"Girardin, M.","2",,,,,,,,,"Spatiotemporal Analysis","9","Department of Environmental Science, Policy, and Management","2",,,,,,,,
,,,,"Goetz, S.J.","2",,,,,,,,,"Sustainable Development","9","Northwest Territories Geological Survey","2",,,,,,,,
,,,,"Gower, S.T.","2",,,,,,,,,"Treeline","9","High Desert Ecological Research Institute","1",,,,,,,,
,,,,"Harden, J.W.","2",,,,,,,,,"Tundra","9","Yukon College","1",,,,,,,,
,,,,"Hogg, E.H.","2",,,,,,,,,"Warming","9","NSERC-UQAT-UQAM Industrial Chair in Sustainable Forest Management","1",,,,,,,,
,,,,"Innes, J.L.","2",,,,,,,,,"Western Hemisphere","9","Prince Albert National Park","1",,,,,,,,
,,,,"Johnson, C.J.","2",,,,,,,,,"World","9","Terra Systems Research","1",,,,,,,,
,,,,"Kafka, V.","2",,,,,,,,,"Age Structure","8","Manitoba Conservation","1",,,,,,,,
,,,,"Kaplan, J.O.","2",,,,,,,,,"Albedo","8","Avialesookhrana","1",,,,,,,,
,,,,"Kneeshaw, D.","2",,,,,,,,,"Carbon Emission","8","Groupe de Recherche en Écologic Forestière Inter-universitaire GREFi","1",,,,,,,,
,,,,"Lafleur, B.","2",,,,,,,,,"Dendrochronology","8","Ember Research Services","1",,,,,,,,
,,,,"Le Goff, H.","2",,,,,,,,,"Forest Floor","8","Industrielle CRSNG-UQAT-UQAM en Aménagement Forestier Durable","1",,,,,,,,
,,,,"Legendre, P.","2",,,,,,,,,"Mixed Forest","8","Neptune and Company","1",,,,,,,,
,,,,"Lehsten, V.","2",,,,,,,,,"Paleoclimate","8","Ministère de l’Énergie et Ressources Naturelles du Québec","1",,,,,,,,
,,,,"Logan, K.A.","2",,,,,,,,,"Permafrost","8","Conservation Biology Institute","1",,,,,,,,
,,,,"Magnan, G.","2",,,,,,,,,"Physiology","8","Wilfred Laurier University","1",,,,,,,,
,,,,"Marshall, G.A.","2",,,,,,,,,"Population Dynamics","8","AEL Consultants","1",,,,,,,,
,,,,"McIntire, E.J.B.","2",,,,,,,,,"Saskatchewan","8","ERT, Inc.","1",,,,,,,,
,,,,"McKenney, D.W.","2",,,,,,,,,"Soil","8","CDC Climat","1",,,,,,,,
,,,,"Metsaranta, J.M.","2",,,,,,,,,"Succession","8","Bandaloop Landscape-Ecosystem Services","1",,,,,,,,
,,,,"Miquelajauregui, Y.","2",,,,,,,,,"Time Factors","8","Western University","1",,,,,,,,
,,,,"Miyanishi, K.","2",,,,,,,,,"Tree Ring","8","Station Main","1",,,,,,,,
,,,,"Mudelsee, M.","2",,,,,,,,,"Yukon Territory","8","Forest Sciences Centre of Catalonia CTFC-CEMFOR","1",,,,,,,,
,,,,"Munson, A.D.","2",,,,,,,,,"Abies Balsamea","7","InuTeq, LLC","1",,,,,,,,
,,,,"Oris, F.","2",,,,,,,,,"Carbon Balance","7","Ministère des Forêts de la Faune et des Parcs du Québec","1",,,,,,,,
,,,,"Ouzennou, H.","2",,,,,,,,,"Carbon Budget","7","Omnia Ecological Services","1",,,,,,,,
,,,,"Park, A.","2",,,,,,,,,"Chronosequence","7","Teslin Tlingit Council","1",,,,,,,,
,,,,"Parks, S.A.","2",,,,,,,,,"Climate Conditions","7","Ministère des Forêts de la Faune et des Parcs","1",,,,,,,,
,,,,"Peckham, S.D.","2",,,,,,,,,"Coleoptera","7","Naturrestaurering AS","1",,,,,,,,
,,,,"Pedlar, J.H.","2",,,,,,,,,"Community Composition","7","Villanova University","1",,,,,,,,
,,,,"Portier, J.","2",,,,,,,,,"Data Set","7","University of Colorado Boulder","1",,,,,,,,
,,,,"Périé, C.","2",,,,,,,,,"Fire Severity","7","Jackson State University","1",,,,,,,,
,,,,"Quideau, S.A.","2",,,,,,,,,"Forest Dynamics","7","Université de Lausanne UNIL","1",,,,,,,,
,,,,"Quinton, W.L.","2",,,,,,,,,"Forest Inventory","7","Marine Biological Laboratory","1",,,,,,,,
,,,,"Remy, C.C.","2",,,,,,,,,"Growing Season","7","NASA Langley Research Center","1",,,,,,,,
,,,,"Richard, P.J.H.","2",,,,,,,,,"Mortality","7","Kangwon National University","1",,,,,,,,
,,,,"Rogers, B.M.","2",,,,,,,,,"Newfoundland And Labrador","7","Hanscom AFB","1",,,,,,,,
,,,,"Sainte-Marie, G.","2",,,,,,,,,"Picea Glauca","7","Universitat de Barcelona","1",,,,,,,,
,,,,"Saucier, J.P.","2",,,,,,,,,"Productivity","7","Ministry of Education China","1",,,,,,,,
,,,,"Seedre, M.","2",,,,,,,,,"Regional Climate","7","USDA Forest Service Rocky Mountain Research Station","1",,,,,,,,
,,,,"Shugart, H.H.","2",,,,,,,,,"Remote Sensing","7","ORNL Environmental Sciences Division","1",,,,,,,,
,,,,"Simard, M.","2",,,,,,,,,"Seasonal Variation","7","Geological Survey of Canada Calgary","1",,,,,,,,
,,,,"Sukhinin, A.I.","2",,,,,,,,,"Simulation","7","Forestry Tasmania","1",,,,,,,,
,,,,"Ter-Mikaelian, M.T.","2",,,,,,,,,"Sphagnum","7","Japan Agency for Marine-Earth Science and Technology","1",,,,,,,,
,,,,"Thiffault, E.","2",,,,,,,,,"Spruce","7","Swansea University","1",,,,,,,,
,,,,"Thompson, I.D.","2",,,,,,,,,"Sustainable Forest Management","7","St. Olaf College","1",,,,,,,,
,,,,"Tymstra, C.","2",,,,,,,,,"Temperature","7","Yale University","1",,,,,,,,
,,,,"Volney, W.J.A.","2",,,,,,,,,"Temperature Effect","7","Alberta Agriculture and Rural Development","1",,,,,,,,
,,,,"Whitman, E.","2",,,,,,,,,"Abundance","6","NASA Goddard Space Flight Center","1",,,,,,,,
,,,,"Woolford, D.G.","2",,,,,,,,,"Animal","6","California State University, Monterey Bay","1",,,,,,,,
,,,,"Alexander, M.E.","1",,,,,,,,,"Animals","6","Denver Federal Center","1",,,,,,,,
,,,,"Alfaro, R.I.","1",,,,,,,,,"Annual Variation","6","Northeast Forestry University","1",,,,,,,,
,,,,"Ali, A.","1",,,,,,,,,"Boreal Shield","6","Universitetet for miljø- og biovitenskap","1",,,,,,,,
,,,,"Ali, A.A.","1",,,,,,,,,"Burned Areas","6","Freshwater Institute, Fisheries and Oceans Canada","1",,,,,,,,
,,,,"Allard, J.","1",,,,,,,,,"Canadian Forests","6","KBR Inc., USA","1",,,,,,,,
,,,,"Almstedt, A.","1",,,,,,,,,"Carbon Flux","6","Cornell University","1",,,,,,,,
,,,,"Anand, M.","1",,,,,,,,,"Climate Models","6","Cold Regions Research and Engineering Laboratory","1",,,,,,,,
,,,,"Anderegg, W.R.L.","1",,,,,,,,,"Climate Variation","6","Vrije Universiteit Amsterdam","1",,,,,,,,
,,,,"Anderson, G.P.","1",,,,,,,,,"Comparative Study","6","Cooperative Institute for Research in Environmental Sciences","1",,,,,,,,
,,,,"Andison, D.W.","1",,,,,,,,,"Decomposition","6","University of Wyoming","1",,,,,,,,
,,,,"Andreassi, C.","1",,,,,,,,,"Ecosystem Dynamics","6","Jet Propulsion Laboratory","1",,,,,,,,
,,,,"Andrews, E.","1",,,,,,,,,"Ecosystem Management","6","Purdue University","1",,,,,,,,
,,,,"Angstmann, J.L.","1",,,,,,,,,"General Circulation Model","6","Howard Hughes Medical Institute","1",,,,,,,,
,,,,"Anyomi, K.A.","1",,,,,,,,,"Greenhouse Gases","6","The University of Adelaide","1",,,,,,,,
,,,,"Appenzeller, T.","1",,,,,,,,,"Growth, Development And Aging","6","The University of Arizona","1",,,,,,,,
