﻿Scopus refine results values

"Your query : ((TITLE-ABS-KEY((Boreal OR {James Bay} OR James-Bay OR {Clay Belt} OR {canadian shield}) AND (Canada OR Quebec OR Ontario OR newfoundland OR Alberta OR British-Columbia) ) AND PUBYEAR > 1999 AND PUBYEAR < 2020) AND (TITLE-ABS-KEY({Climate change} OR {Climatic change} OR {global warming}) AND PUBYEAR > 1999 AND PUBYEAR < 2020) AND (TITLE-ABS-KEY(weather OR   Season* OR meteo*) AND PUBYEAR > 1999 AND PUBYEAR < 2020))"


Number of results : 337

"ACCESS TYPE",,"YEAR",,"AUTHOR NAME",,"SUBJECT AREA",,"DOCUMENT TYPE",,"PUBLICATION STAGE",,"SOURCE TITLE",,"KEYWORD",,"AFFILIATION",,"FUNDING SPONSOR",,"COUNTRY",,"SOURCE TYPE",,"LANGUAGE",
"Open Access","70","2019","24","Bergeron, Y.","29","Agricultural and Biological Sciences","167","Article","309","final","335","Canadian Journal Of Forest Research","27","Climate Change","280","Canadian Forest Service","83","Natural Sciences and Engineering Research Council of Canada","59","Canada","275","Journals","324","English","336"
"Other","267","2018","21","Girardin, M.P.","16","Arts and Humanities","3","Review","16","aip","2","Global Change Biology","26","Canada","244","Natural Resources Canada","38","National Science Foundation","10","United States","93","Conference Proceedings","7","French","1"
,,"2017","22","Flannigan, M.D.","15","Biochemistry, Genetics and Molecular Biology","21","Conference Paper","8",,,"Forest Ecology And Management","20","Boreal Forest","166","University of Alberta","31","Natural Resources Canada","10","China","22","Trade Publications","3",,
,,"2016","28","Rossi, S.","11","Chemical Engineering","1","Book Chapter","2",,,"Journal Of Climate","12","Forestry","94","Environment Canada","30","Environment Canada","8","United Kingdom","15","Books","2",,
,,"2015","28","Morin, H.","10","Chemistry","1","Short Survey","1",,,"Climatic Change","10","North America","76","Université Laval","30","National Aeronautics and Space Administration","8","Norway","10","Book Series","1",,
,,"2014","18","Gauthier, S.","8","Computer Science","7","Undefined","1",,,"Tree Physiology","8","Picea Mariana","59","Université du Québec à Montréal","29","Canadian Forest Service","7","Sweden","10",,,,
,,"2013","20","Gough, W.A.","8","Decision Sciences","2",,,,,"Ecological Modelling","7","Global Warming","54","University of Toronto","26","Fonds QuÃ©bÃ©cois de la Recherche sur la Nature et les Technologies","6","France","9",,,,
,,"2012","20","Chen, J.M.","7","Earth and Planetary Sciences","113",,,,,"Environmental Research Letters","7","Quebec [Canada]","48","Universite du Quebec en Abitibi-Temiscamingue","23","National Natural Science Foundation of China","6","Germany","8",,,,
,,"2011","22","Houle, D.","7","Economics, Econometrics and Finance","1",,,,,"Journal Of Geophysical Research Atmospheres","7","Fires","44","Northern Forestry Centre","22","Fonds de recherche du QuÃ©bec â Nature et technologies","5","Russian Federation","5",,,,
,,"2010","17","Wotton, B.M.","7","Energy","9",,,,,"Environmental Reviews","6","Seasonal Variation","42","Great Lakes Forestry Centre","18","National Oceanic and Atmospheric Administration","4","Switzerland","5",,,,
,,"2009","19","Black, T.A.","6","Engineering","5",,,,,"Science Of The Total Environment","6","Growing Season","41","The University of British Columbia","17","Canada Research Chairs","3","Finland","4",,,,
,,"2008","13","Cumming, S.G.","6","Environmental Science","206",,,,,"Arctic","5","Climate Effect","39","University of Alaska Fairbanks","14","Canadian Foundation for Climate and Atmospheric Sciences","3","South Korea","4",,,,
,,"2007","15","Barr, A.G.","5","Health Professions","1",,,,,"Forests","5","Boreal Forests","36","University of Waterloo","14","Canadian Space Agency","3","Australia","3",,,,
,,"2006","17","Bernier, P.Y.","5","Immunology and Microbiology","3",,,,,"International Journal Of Wildland Fire","5","Carbon","36","Chinese Academy of Sciences","13","Deutscher Akademischer Austauschdienst","3","Austria","3",,,,
,,"2005","15","Deslauriers, A.","5","Materials Science","2",,,,,"Forestry Chronicle","4","Article","35","Université du Québec à Chicoutimi","13","Norges ForskningsrÃ¥d","3","Japan","3",,,,
,,"2004","9","Drobyshev, I.","5","Mathematics","3",,,,,"Journal Of Paleolimnology","4","Temperature","35","University of Montreal","12","U.S. Department of Energy","3","New Zealand","3",,,,
,,"2003","6","Kimball, J.S.","5","Medicine","8",,,,,"Plos One","4","Climatology","34","University of Manitoba","11","University of Alberta","3","Spain","3",,,,
,,"2002","4","Price, D.T.","5","Multidisciplinary","8",,,,,"Agricultural And Forest Meteorology","3","Coniferous Tree","34","Pacific Forestry Centre","10","University of Manitoba","3","Czech Republic","2",,,,
,,"2001","11","Quinton, W.L.","5","Physics and Astronomy","1",,,,,"Climate Dynamics","3","Ecosystems","33","Wilfrid Laurier University","9","UniversitÃ© de MontrÃ©al","3","Italy","2",,,,
,,"2000","8","Tsuji, L.J.S.","5","Social Sciences","8",,,,,"Ecological Applications","3","Drought","32","University of Saskatchewan","9","AcadÃ©mie de recherche et d'enseignement supÃ©rieur","2","Mexico","2",,,,
,,,,"Turetsky, M.R.","5",,,,,,,"Ecology","3","Forest Fire","32","University of Lethbridge","9","Arctic Institute of North America","2","Brazil","1",,,,
,,,,"Ali, A.A.","4",,,,,,,"Ecosystems","3","Seasons","31","McGill University","8","Campus Alberta Neuroscience","2","Burkina Faso","1",,,,
,,,,"Amiro, B.D.","4",,,,,,,"Geophysical Research Letters","3","Carbon Dioxide","30","Ontario Ministry of the Environment","8","Chinese Academy of Sciences","2","Lebanon","1",,,,
,,,,"Berninger, F.","4",,,,,,,"Global And Planetary Change","3","Picea","30","United States Geological Survey","8","Environment and Climate Change Canada","2","Netherlands","1",,,,
,,,,"De Groot, W.J.","4",,,,,,,"Global Biogeochemical Cycles","3","Season","30","University of Winnipeg","8","Fundamental Research Funds for the Central Universities","2","Slovenia","1",,,,
,,,,"Flannigan, M.","4",,,,,,,"Hydrological Processes","3","Climate","28","Lakehead University","7","Hydro-QuÃ©bec","2","Undefined","3",,,,
,,,,"Gower, S.T.","4",,,,,,,"International Geoscience And Remote Sensing Symposium IGARSS","3","United States","28","Trent University","7","Imperial Oil Limited","2",,,,,,
,,,,"Huang, J.G.","4",,,,,,,"International Journal Of Biometeorology","3","Air Temperature","26","University of Wisconsin-Madison","7","Institute for Biodiversity, Ecosystem Science, and Sustainability","2",,,,,,
,,,,"Hély, C.","4",,,,,,,"Journal Of Biogeography","3","Alberta","26","University of Calgary","6","Luonnontieteiden ja Tekniikan Tutkimuksen Toimikunta","2",,,,,,
,,,,"Kurz, W.A.","4",,,,,,,"Journal Of Hydrology","3","Pinus Banksiana","26","USDA Forest Service","6","Ministry of Science and Technology of the People's Republic of China","2",,,,,,
,,,,"Perez, L.","4",,,,,,,"Journal Of Hydrometeorology","3","Trees","26","Ontario Ministry of Natural Resources","6","MinistÃ¨re des ForÃªts, de la Faune et des Parcs","2",,,,,,
,,,,"Sonnentag, O.","4",,,,,,,"Remote Sensing Of Environment","3","Vegetation","26","Queen's University, Kingston","6","MinistÃ¨re des Ressources Naturelles et de la Faune","2",,,,,,
,,,,"Stocks, B.J.","4",,,,,,,"American Journal Of Botany","2","Meteorology","25","Memorial University of Newfoundland","6","Mitacs","2",,,,,,
,,,,"Strack, M.","4",,,,,,,"Arctic Antarctic And Alpine Research","2","Climate Models","24","Ministère de l‘Energie et des Ressources naturelles du Québec","6","National Basic Research Program of China (973 Program)","2",,,,,,
,,,,"Tardif, J.C.","4",,,,,,,"Atmospheric Chemistry And Physics","2","Forest Management","24","Consortium Ouranos, Canada","6","National Eye Research Centre","2",,,,,,
,,,,"Terrier, A.","4",,,,,,,"Bulletin Of The American Meteorological Society","2","Forests","24","Le réseau de l'Université du Québec","5","Natural Environment Research Council","2",,,,,,
,,,,"Arseneault, D.","3",,,,,,,"Canadian Geographer","2","Phenology","22","University of Victoria","5","Ontario Ministry of Natural Resources and Forestry","2",,,,,,
,,,,"Baltzer, J.L.","3",,,,,,,"Canadian Journal Of Fisheries And Aquatic Sciences","2","Tree","22","Université du Québec à Rimouski","5","Polar Knowledge Canada","2",,,,,,
,,,,"Bhatti, J.S.","3",,,,,,,"Canadian Journal Of Remote Sensing","2","Biomass","21","NASA Goddard Space Flight Center","5","Research and Development Corporation of Newfoundland and Labrador","2",,,,,,
,,,,"Blarquez, O.","3",,,,,,,"Canadian Journal Of Zoology","2","Coniferous Forest","21","Western University","5","SNS Nordic Forest Research","2",,,,,,
,,,,"Bronson, D.R.","3",,,,,,,"Canadian Water Resources Journal","2","Ecosystem","21","University of Washington, Seattle","5","Schweizerischer Nationalfonds zur FÃ¶rderung der Wissenschaftlichen Forschung","2",,,,,,
,,,,"Carcaillet, C.","3",,,,,,,"Dendrochronologia","2","Fire","21","Ontario Forest Research Institute","5","Shell Canada","2",,,,,,
,,,,"Chasmer, L.E.","3",,,,,,,"Ecology And Evolution","2","Precipitation (climatology)","21","Agriculture et Agroalimentaire Canada","5","Suncor Energy Incorporated","2",,,,,,
,,,,"Chen, H.Y.H.","3",,,,,,,"Ecosphere","2","Soils","21","University of Montana","5","U.S. Forest Service","2",,,,,,
,,,,"Coops, N.C.","3",,,,,,,"Environmental Monitoring And Assessment","2","Wildfire","21","Sveriges lantbruksuniversitet","5","University of Saskatchewan","2",,,,,,
,,,,"Côté, B.","3",,,,,,,"Environmetrics","2","Carbon Sequestration","20","National Oceanic and Atmospheric Administration","5","ABB","1",,,,,,
,,,,"Devito, K.J.","3",,,,,,,"International Journal Of Climatology","2","Climates","20","École Pratique des Hautes Etudes","5","Abbott Laboratories","1",,,,,,
,,,,"Flanagan, L.B.","3",,,,,,,"Journal Of Geophysical Research Biogeosciences","2","Disturbance","20","York University","5","Academy of Finland","1",,,,,,
,,,,"Goetz, S.J.","3",,,,,,,"Plant Cell And Environment","2","Growth, Development And Aging","20","Princeton University","4","Academy of Natural Sciences of Drexel University","1",,,,,,
,,,,"Grant, R.F.","3",,,,,,,"Soil Biology And Biochemistry","2","Peatland","20","Freshwater Institute, Fisheries and Oceans Canada","4","Agence Nationale de la Recherche","1",,,,,,
,,,,"Hall, R.J.","3",,,,,,,"A Little Less Arctic Top Predators In The World S Largest Northern Inland Sea Hudson Bay","1","Physiology","20","University of Wyoming","4","Agriculture and Agri-Food Canada","1",,,,,,
,,,,"Helbig, M.","3",,,,,,,"Agriculture Ecosystems And Environment","1","Wetlands","20","Fisheries and Oceans Canada","4","Alberta Environment and Parks","1",,,,,,
,,,,"Hofgaard, A.","3",,,,,,,"Ambio","1","Greenhouse Effect","19","Laurentian University","4","Alberta Ingenuity","1",,,,,,
,,,,"Hori, Y.","3",,,,,,,"Annals Of Botany","1","Remote Sensing","19","University of Guelph","4","Alberta Ingenuity Centre for Water Research","1",,,,,,
,,,,"Keller, W.","3",,,,,,,"Applied Geochemistry","1","Black Spruce","18","Norwegian Institute for Nature Research","4","Alberta Innovates","1",,,,,,
,,,,"Kneeshaw, D.","3",,,,,,,"Aquatic Microbial Ecology","1","Climate Modeling","18","University of Maryland","4","Alberta Innovates - Technology Futures","1",,,,,,
,,,,"Krawchuk, M.A.","3",,,,,,,"Auk","1","Lakes","18","University of Virginia","4","American Roentgen Ray Society","1",,,,,,
,,,,"Le Goff, H.","3",,,,,,,"Biogeochemistry","1","Populus Tremuloides","18","Science Systems and Applications, Inc. SSAI","3","ArcticNet","1",,,,,,
,,,,"Margolis, H.A.","3",,,,,,,"Biogeosciences","1","Atmospheric Temperature","17","Ministry of Education China","3","BIOCAP Canada","1",,,,,,
,,,,"Martell, D.L.","3",,,,,,,"Biology And Fertility Of Soils","1","Carbon Cycle","17","Swansea University","3","Bundesministerium fÃ¼r Bildung und Forschung","1",,,,,,
,,,,"McGuire, A.D.","3",,,,,,,"Boreal Environment Research","1","Growth Rate","17","University of California, Irvine","3","Cameco","1",,,,,,
,,,,"Munir, T.M.","3",,,,,,,"Botany","1","Alaska","16","CNRS Centre National de la Recherche Scientifique","3","Canada Foundation for Innovation","1",,,,,,
,,,,"Nesic, Z.","3",,,,,,,"Canadian Historical Review","1","Ecology","16","Harvard University","3","Centre National de la Recherche Scientifique","1",,,,,,
,,,,"Petrone, R.M.","3",,,,,,,"Canadian Journal Of Earth Sciences","1","Manitoba","16","University of Montana Missoula","3","Dalhousie University","1",,,,,,
,,,,"Raulier, F.","3",,,,,,,"Canadian Journal Of Soil Science","1","Permafrost","16","Boston University","3","Department for Business, Energy and Industrial Strategy, UK Government","1",,,,,,
,,,,"Running, S.W.","3",,,,,,,"Carbon Balance And Management","1","Temperature Effect","16","Russian Academy of Sciences","3","Department of Natural Resources, Government of Newfoundland and Labrador","1",,,,,,
,,,,"Spence, C.","3",,,,,,,"Climate Of The Past","1","Tree Ring","16","Hydro-Quebec","3","Environmental Systems Research Institute","1",,,,,,
,,,,"Thompson, D.K.","3",,,,,,,"Climate Research","1","Boreal","15","University of California, Berkeley","3","European Commission","1",,,,,,
,,,,"Webster, K.L.","3",,,,,,,"Diversity","1","Numerical Model","15","University of Edinburgh","3","European Cooperation in Science and Technology","1",,,,,,
,,,,"Xu, B.","3",,,,,,,"Earth Interactions","1","Photosynthesis","15","University of Ottawa, Canada","3","European Social Fund","1",,,,,,
,,,,"Antón-Fernández, C.","2",,,,,,,"Earth Science Reviews","1","Quebec","15","University of Minnesota","3","Fisheries and Oceans Canada","1",,,,,,
,,,,"Arain, M.A.","2",,,,,,,"Earth System Science Data","1","Saskatchewan","15","McMaster University","3","Fondation de lâUniversitÃ© du QuÃ©bec en Abitibi-TÃ©miscamingue","1",,,,,,
,,,,"Arsenault, E.","2",,,,,,,"Ecohydrology","1","Soil","15","Nanjing University","3","Fonds de recherche du Québec – Nature et technologies","1",,,,,,
,,,,"Astrup, R.","2",,,,,,,"Ecological Indicators","1","Spruce","15","Government of the Northwest Territories","3","Forest Genetics Council of British Columbia","1",,,,,,
,,,,"Barber, D.G.","2",,,,,,,"Ecological Research","1","Taiga","15","Ministry of Forests and Range","3","Genome Alberta","1",,,,,,
,,,,"Bartlett, P.A.","2",,,,,,,"Ecology Letters","1","Climate Warming","14","Université de Montpellier","3","Genome Canada","1",,,,,,
,,,,"Benscoter, B.W.","2",,,,,,,"Ecoscience","1","Hexapoda","14","Woods Hole Research Center","3","Government of Canada","1",,,,,,
,,,,"Bernier, P.","2",,,,,,,"Elementa","1","Precipitation (meteorology)","14","Ministère des Forêts de la Faune et des Parcs du Québec","2","GrantovÃ¡ Agentura ÄeskÃ© Republiky","1",,,,,,
,,,,"Bouchard, M.","2",,,,,,,"Endangered Species Research","1","Regression Analysis","14","Measurement Systems Technology","2","HEC Montréal","1",,,,,,
,,,,"Bégin, Y.","2",,,,,,,"Environmental Biology Of Fishes","1","Soil Moisture","14","NAIT Boreal Research Institute","2","Horizon 2020 Framework Programme","1",,,,,,
,,,,"Cai, T.","2",,,,,,,"Environmental Science And Pollution Research","1","Soil Temperature","14","Ministère des Forêts de la Faune et des Parcs","2","Hydro-Québec","1",,,,,,
,,,,"Cao, J.","2",,,,,,,"Fire Ecology","1","Carbon Flux","13","University of Colorado Boulder","2","Institut Universitaire de France","1",,,,,,
,,,,"Carroll, A.L.","2",,,,,,,"Forest Science","1","Computer Simulation","13","Helsingin Yliopisto","2","Institut national de la recherche scientifique","1",,,,,,
,,,,"Chasmer, L.","2",,,,,,,"Frontiers In Plant Science","1","Coniferophyta","13","The Ohio State University","2","Institute of Chemical and Engineering Sciences","1",,,,,,
,,,,"Chen, B.","2",,,,,,,"Giscience And Remote Sensing","1","Growth","13","Japan Agency for Marine-Earth Science and Technology","2","Japan Society for the Promotion of Science","1",,,,,,
,,,,"Chen, H.","2",,,,,,,"Holocene","1","Landforms","13","University of Arkansas - Fayetteville","2","Javna Agencija za Raziskovalno Dejavnost RS","1",,,,,,
,,,,"Comeau, P.G.","2",,,,,,,"Hydrobiologia","1","Ontario [Canada]","13","Canada Centre for Remote Sensing","2","Joint Institute for the Study of the Atmosphere and Ocean","1",,,,,,
,,,,"Courchesne, F.","2",,,,,,,"Hydrology And Earth System Sciences","1","Picea Glauca","13","Duke University","2","Langley Research Center","1",,,,,,
,,,,"Couture, S.","2",,,,,,,"Hydrology And Management Of Forested Wetlands Proceeding Of The International Conference","1","Summer","13","Cooperative Institute for Research in Environmental Sciences","2","Manitoba Hydro","1",,,,,,
,,,,"Creed, I.F.","2",,,,,,,"IAHS AISH Publication","1","Wetland","13","Jet Propulsion Laboratory","2","Memorial University of Newfoundland","1",,,,,,
,,,,"Croft, H.","2",,,,,,,"IEEE Transactions On Geoscience And Remote Sensing","1","Deciduous Forest","12","Purdue University","2","Ministry of Education, Culture, Sports, Science and Technology","1",,,,,,
,,,,"D'Orangeville, L.","2",,,,,,,"ISPRS International Journal Of Geo Information","1","Forest Ecosystem","12","Universitetet i Oslo","2","MinistÃ¨re de l'Ãcologie, du DÃ©veloppement Durable et de l'Ãnergie","1",,,,,,
,,,,"Day, N.J.","2",,,,,,,"International Journal Of Digital Earth","1","Forest Fires","12","Université de Sherbrooke","2","MinistÃ¨re de l'Ãnergie et des Ressources Naturelles","1",,,,,,
,,,,"De Grandpré, L.","2",,,,,,,"International Journal Of Disaster Risk Reduction","1","Hydrology","12","Centre Européen de Recherche et d'Enseignement des Géosciences de l'Environnement","2","Minnesota Department of Natural Resources","1",,,,,,
,,,,"Dean, C.B.","2",,,,,,,"International Journal Of Remote Sensing","1","Organic Carbon","12","University of Oregon","2","Molson Foundation","1",,,,,,
,,,,"Denneler, B.","2",,,,,,,"International Journal Of Technology Knowledge And Society","1","Snow","12","Stanford University","2","Northern Arizona University","1",,,,,,
,,,,"Duchesne, L.","2",,,,,,,"Journal Of Ecology","1","Weather","12","Oregon State University","2","Northern Michigan University","1",,,,,,
,,,,"Dunn, A.L.","2",,,,,,,"Journal Of Environmental Informatics","1","World","12","Peking University","2","Northern Research Station","1",,,,,,
,,,,"Elmes, M.C.","2",,,,,,,"Journal Of Forestry","1","Annual Variation","11","USGS Earth Resources Observation and Science Center","2","Research and Development","1",,,,,,
,,,,"Ensminger, I.","2",,,,,,,"Journal Of Geophysical Research","1","Atlantic Ocean","11","Institute of Atmospheric Physics Chinese Academy of Sciences","2","Russian Academy of Sciences","1",,,,,,
,,,,"Findlay, D.L.","2",,,,,,,"Journal Of Geophysical Research Oceans","1","Climate Conditions","11","National Aeronautics and Space Administration","2","Russian Foundation for Basic Research","1",,,,,,
,,,,"Fontana, F.","2",,,,,,,"Journal Of Hydrology Regional Studies","1","Deforestation","11","Nature Conservancy","2","School of Oriental and African Studies, University of London","1",,,,,,
,,,,"Fréchette, B.","2",,,,,,,"Journal Of Insect Physiology","1","Fire Behavior","11","United States Geological Survey Western Region","2","Schweizerischer Nationalfonds zur Förderung der Wissenschaftlichen Forschung","1",,,,,,
,,,,"Gagnon, C.","2",,,,,,,"Journal Of Limnology","1","Growth Response","11","Siberian Branch, Russian Academy of Sciences","2","Seventh Framework Programme","1",,,,,,
,,,,"Gajewski, K.","2",,,,,,,"Journal Of Mammalogy","1","Hudson Bay","11","Florida Atlantic University","2","Special Fund for Forest Scientific Research in the Public Welfare","1",,,,,,
,,,,"Gan, T.Y.","2",,,,,,,"Journal Of Phycology","1","James Bay","11","Simon Fraser University","2","Swedish Foundation for International Cooperation in Research and Higher Education","1",,,,,,
,,,,"Garneau, M.","2",,,,,,,"Journal Of The Torrey Botanical Society","1","Mathematical Models","11","Max Planck Institute for Biogeochemistry","2","Tembec","1",,,,,,
,,,,"Gaudreau, J.","2",,,,,,,"Journal Of Wildlife Management","1","NDVI","11","Worcester State University","2","U.S. Geological Survey","1",,,,,,
,,,,"Gaumont-Guay, D.","2",,,,,,,"Lake And Reservoir Management","1","Ontario","11","United States Environmental Protection Agency","2","University of Guelph","1",,,,,,
,,,,"Genries, A.","2",,,,,,,"Limnology And Oceanography","1","Plants","11","USDA ARS Rocky Mountain Research Station","2","University of Lethbridge","1",,,,,,
,,,,"Goulden, M.L.","2",,,,,,,"Limnology And Oceanography Methods","1","Respiration","11","Northern Arizona University","2","University of Pittsburgh","1",,,,,,
,,,,"Hamann, A.","2",,,,,,,"Management Of Mountain Watersheds","1","Warming","11","IRD Centre de Montpellier","2","University of Toronto","1",,,,,,
,,,,"Harati, S.","2",,,,,,,"Marine Chemistry","1","Arctic","10","University of Chinese Academy of Sciences","2","UniversitÃ© de Montpellier","1",,,,,,
,,,,"Hausmann, S.","2",,,,,,,"Monthly Weather Review","1","Canadian Boreal Forest","10","University of New Hampshire Durham","2","Université du Québec en Abitibi-Témiscamingue","1",,,,,,
,,,,"Heneberry, J.","2",,,,,,,"Natural Hazards","1","Data Set","10","Conseil de recherches en sciences naturelles et en génie du Canada","2","Université du Québec à Chicoutimi","1",,,,,,
,,,,"Hogg, E.H.","2",,,,,,,"Nature","1","Dissolved Organic Carbon","10","Chengdu Institute of Biology Chinese Academy of Sciences","2","Western University","1",,,,,,
,,,,"Hopkinson, C.","2",,,,,,,"New Forests","1","Eddy Covariance","10","Lunds Universitet","2","York University","1",,,,,,
,,,,"Innes, J.L.","2",,,,,,,"New Phytologist","1","Net Ecosystem Production","10","University of Regina","2","Undefined","216",,,,,,
,,,,"Isabel, N.","2",,,,,,,"Oecologia","1","Plants (botany)","10","Columbia University in the City of New York","2",,,,,,,,
,,,,"Jassal, R.S.","2",,,,,,,"Plant And Soil","1","Precipitation","10","Northwest A&amp;F University","2",,,,,,,,
,,,,"Jing, L.","2",,,,,,,"Plant Physiology","1","Rain","10","Michigan State University","2",,,,,,,,
,,,,"Johnstone, J.F.","2",,,,,,,"Polar Geography","1","Reforestation","10","Universidad Nacional Autónoma de México","2",,,,,,,,
,,,,"Karagatzides, J.D.","2",,,,,,,"Proceedings Of SPIE The International Society For Optical Engineering","1","Runoff","10","Lamont-Doherty Earth Observatory","2",,,,,,,,
,,,,"Keyser, A.R.","2",,,,,,,"Proceedings Of The Air And Waste Management Association S Annual Conference And Exhibition Awma","1","Spatiotemporal Analysis","10","McGill University, Macdonald Campus","2",,,,,,,,
,,,,"Kljun, N.","2",,,,,,,"Proceedings Of The National Academy Of Sciences Of The United States Of America","1","Stand Structure","10","Nanjing University of Information Science and Technology","2",,,,,,,,
,,,,"Kreutzweiser, D.P.","2",,,,,,,"Progress In Oceanography","1","Tundra","10","Government of Alberta","2",,,,,,,,
,,,,"Krishnan, P.","2",,,,,,,"Pulp And Paper Canada","1","Vegetation Dynamics","10","Alberta Sustainable Resource Development","2",,,,,,,,
,,,,"Lafleur, P.M.","2",,,,,,,"Quarterly Journal Of The Royal Meteorological Society","1","Western Hemisphere","10","Centre d'étude de la forêt, Montreal","2",,,,,,,,
,,,,"Landhäusser, S.M.","2",,,,,,,"Quaternary Research United States","1","British Columbia","9","Institut des Sciences de l’Evolution de Montpellier","2",,,,,,,,
,,,,"Latifovic, R.","2",,,,,,,"Regional Environmental Change","1","Chronosequence","9","Sukachev Institute of Forest of the Siberian Branch of the RAS","2",,,,,,,,
,,,,"Lavoie, M.","2",,,,,,,"Renewable And Sustainable Energy Reviews","1","Climate Variation","9","McMaster University, Faculty of Science","2",,,,,,,,
,,,,"Leduc, A.","2",,,,,,,"Revue Des Sciences De L Eau","1","Environmental Monitoring","9","The Norwegian Institute of Bioeconomy Research","2",,,,,,,,
,,,,"Leduc, J.","2",,,,,,,"Rural And Remote Health","1","Fire Hazards","9","Institutionen för Naturgeografi och Ekosystemvetenskap, Lunds Universitet","2",,,,,,,,
,,,,"Lieffers, V.J.","2",,,,,,,"Science","1","Greenhouse Gas","9","Department of Environmental Science, Policy, and Management","2",,,,,,,,
,,,,"Lin, H.","2",,,,,,,"Scientific Reports","1","Groundwater","9","State Key Laboratory of Remote Sensing Science","2",,,,,,,,
,,,,"Luo, Y.","2",,,,,,,"Soil And Tillage Research","1","Lake","9","501 University Crescent","1",,,,,,,,
,,,,"Mack, M.C.","2",,,,,,,"Soil Science Society Of America Journal","1","Northwest Territories","9","International Center for Bamboo and Rattan","1",,,,,,,,
,,,,"Macrae, M.L.","2",,,,,,,"Tellus Series A Dynamic Meteorology And Oceanography","1","Prediction","9","Grande Prairie Regional College","1",,,,,,,,
,,,,"Marshall, G.A.","2",,,,,,,"Theoretical And Applied Climatology","1","Priority Journal","9","Atmospheric Dynamics Corporation","1",,,,,,,,
,,,,"Miquelajauregui, Y.","2",,,,,,,"Trees Structure And Function","1","Risk Assessment","9","Intermap Technologies Ltd.","1",,,,,,,,
,,,,"Munson, A.D.","2",,,,,,,"Water Resources Research","1","Seasonality","9","Georgian College","1",,,,,,,,
,,,,"Ols, C.","2",,,,,,,"Water Science And Technology","1","Sensitivity Analysis","9","Makivik Corporation","1",,,,,,,,
,,,,"Parisien, M.A.","2",,,,,,,"Wetlands Ecology And Management","1","Simulation","9","Wildlife Conservation Society Canada","1",,,,,,,,
,,,,"Park, A.","2",,,,,,,,,"Subarctic Region","9","NorthWind Land Resources Inc.","1",,,,,,,,
,,,,"Parks, S.A.","2",,,,,,,,,"Trend Analysis","9","Terra Systems Research","1",,,,,,,,
,,,,"Paré, D.","2",,,,,,,,,"Water Table","9","Institut de l'Environnement et de Recherches Agricoles","1",,,,,,,,
,,,,"Paterson, A.M.","2",,,,,,,,,"Wood","9","Albertus Magnus High School","1",,,,,,,,
,,,,"Payette, S.","2",,,,,,,,,"Xylem","9","NOAA/NESDIS National Climatic Data Center","1",,,,,,,,
,,,,"Pienitz, R.","2",,,,,,,,,"Aspen","8","Avialesookhrana","1",,,,,,,,
,,,,"Prepas, E.E.","2",,,,,,,,,"Biogeochemistry","8","Arctic Biological Consultants","1",,,,,,,,
,,,,"Price, J.S.","2",,,,,,,,,"Carbon Emission","8","Groupe de Recherche en Écologic Forestière Inter-universitaire GREFi","1",,,,,,,,
,,,,"Quideau, S.A.","2",,,,,,,,,"Comparative Study","8","Ember Research Services","1",,,,,,,,
,,,,"Rogers, B.M.","2",,,,,,,,,"Concentration (composition)","8","Industrielle CRSNG-UQAT-UQAM en Aménagement Forestier Durable","1",,,,,,,,
,,,,"Ruess, R.W.","2",,,,,,,,,"Dynamics","8","Southern Swedish Forest Research Centre","1",,,,,,,,
,,,,"Rupp, T.S.","2",,,,,,,,,"Evapotranspiration","8","Western and Northern Service Centre","1",,,,,,,,
,,,,"Régnière, J.","2",,,,,,,,,"Harvesting","8","Raincoast Conservation Foundation","1",,,,,,,,
,,,,"Rühland, K.M.","2",,,,,,,,,"Ice","8","Neptune and Company","1",,,,,,,,
,,,,"Sharma, M.","2",,,,,,,,,"Modeling","8","Conservation Biology Institute","1",,,,,,,,
,,,,"Shaw, C.H.","2",,,,,,,,,"Moisture","8","Wilfred Laurier University","1",,,,,,,,
,,,,"Shugart, H.H.","2",,,,,,,,,"Mortality","8","AEL Consultants","1",,,,,,,,
