﻿Scopus refine results values

"Your query : ((TITLE-ABS-KEY((Boreal OR {James Bay} OR James-Bay OR {Clay Belt} OR {canadian shield}) AND (Canada OR Quebec OR Ontario OR newfoundland OR Alberta OR British-Columbia) ) AND PUBYEAR > 1999 AND PUBYEAR < 2020) AND (TITLE-ABS-KEY(Forestry OR {Forest management} OR {Forest practices}) AND PUBYEAR > 1999 AND PUBYEAR < 2020) AND (TITLE-ABS-KEY(Silvicultur* OR Intensive OR {Site preparation}   OR Plantation OR   {Tree planting}) AND PUBYEAR > 1999 AND PUBYEAR < 2020))"


Number of results : 323

"ACCESS TYPE",,"YEAR",,"AUTHOR NAME",,"SUBJECT AREA",,"DOCUMENT TYPE",,"PUBLICATION STAGE",,"SOURCE TITLE",,"KEYWORD",,"AFFILIATION",,"FUNDING SPONSOR",,"COUNTRY",,"SOURCE TYPE",,"LANGUAGE",
"Open Access","64","2019","14","Bergeron, Y.","35","Agricultural and Biological Sciences","295","Article","282","final","323","Forest Ecology And Management","72","Canada","275","Canadian Forest Service","72","Natural Sciences and Engineering Research Council of Canada","62","Canada","318","Journals","316","English","316"
"Other","259","2018","19","Thiffault, N.","17","Biochemistry, Genetics and Molecular Biology","7","Conference Paper","19",,,"Forestry Chronicle","71","Forestry","236","Universite du Quebec en Abitibi-Temiscamingue","48","Fonds QuÃ©bÃ©cois de la Recherche sur la Nature et les Technologies","16","United States","21","Books","3","French","8"
,,"2017","17","Bell, F.W.","15","Chemical Engineering","1","Review","18",,,"Canadian Journal Of Forest Research","48","Boreal Forest","209","Université du Québec à Montréal","45","Ministry of Natural Resources","9","Finland","8","Trade Publications","3","Spanish","2"
,,"2016","19","Gauthier, S.","15","Computer Science","2","Book Chapter","3",,,"New Forests","12","Silviculture","145","Université Laval","43","Canadian Forest Service","7","Australia","4","Conference Proceedings","1",,
,,"2015","17","Brais, S.","14","Decision Sciences","4","Short Survey","1",,,"Forestry","9","Forest Management","142","Ontario Ministry of Natural Resources","42","Natural Resources Canada","7","China","4",,,,
,,"2014","11","Messier, C.","11","Earth and Planetary Sciences","7",,,,,"Silva Fennica","9","North America","94","University of Alberta","41","Ontario Ministry of Natural Resources and Forestry","5","France","4",,,,
,,"2013","19","Sharma, M.","11","Economics, Econometrics and Finance","2",,,,,"Forests","8","Harvesting","91","Natural Resources Canada","36","Association pour la Recherche sur les Tumeurs de la Prostate","4","Germany","3",,,,
,,"2012","19","Harvey, B.D.","10","Energy","1",,,,,"Ecological Applications","4","Picea Mariana","85","Ontario Forest Research Institute","34","Canada Economic Development for Quebec Regions","4","Chile","2",,,,
,,"2011","20","Leduc, A.","10","Engineering","5",,,,,"Ecological Indicators","4","Ecosystems","77","Ministère de l‘Energie et des Ressources naturelles du Québec","27","Fonds de recherche du QuÃ©bec â Nature et technologies","4","Netherlands","2",,,,
,,"2010","20","Paré, D.","10","Environmental Science","185",,,,,"Environmental Reviews","4","Biodiversity","74","Ministry of Forests and Range","25","Luonnontieteiden ja Tekniikan Tutkimuksen Toimikunta","4","Sweden","2",,,,
,,"2009","16","Ruel, J.C.","9","Immunology and Microbiology","5",,,,,"Forest Science","4","Picea","73","Great Lakes Forestry Centre","22","MinistÃ¨re des Ressources Naturelles et de la Faune","4","Switzerland","2",,,,
,,"2008","21","Bedford, L.","8","Materials Science","3",,,,,"Scandinavian Journal Of Forest Research","4","Coniferophyta","65","Lakehead University","19","University of Alberta","4","United Kingdom","2",,,,
,,"2007","20","Comeau, P.G.","7","Multidisciplinary","1",,,,,"Soil Biology And Biochemistry","4","Quebec [Canada]","60","University of Toronto","18","Forest Genetics Council of British Columbia","3","Argentina","1",,,,
,,"2006","13","Heineman, J.L.","7","Social Sciences","3",,,,,"Conservation Biology","3","Coniferous Tree","59","Le réseau de l'Université du Québec","14","Ministry of Forests, Lands and Natural Resource Operations","3","Austria","1",,,,
,,"2005","18","Thomas, B.R.","7",,,,,,,"Ecoscience","3","Coniferous Forest","56","University of Northern British Columbia","14","Office of Energy Research and Development","3","Bangladesh","1",,,,
,,"2004","20","Achim, A.","6",,,,,,,"Biodiversity And Conservation","2","Reforestation","55","The University of British Columbia","12","Weyerhaeuser Company","3","Estonia","1",,,,
,,"2003","15","Boateng, J.O.","6",,,,,,,"Canadian Entomologist","2","Regeneration","55","University of Guelph","12","Academy of Finland","2","Italy","1",,,,
,,"2002","17","Bélanger, L.","6",,,,,,,"Canadian Journal Of Botany","2","Boreal Forests","53","Environment Canada","10","Alberta Conservation Association","2","Japan","1",,,,
,,"2001","2","Chen, H.Y.H.","6",,,,,,,"Ecological Modelling","2","Picea Glauca","51","University of Saskatchewan","9","Alberta Innovates","2","Spain","1",,,,
,,"2000","6","Dacosta, J.","6",,,,,,,"Hydrological Processes","2","Pinus Banksiana","48","Université du Québec à Rimouski","8","Canadian Foundation for Climate and Atmospheric Sciences","2","Undefined","1",,,,
,,,,"Drapeau, P.","6",,,,,,,"Journal Of Wildlife Management","2","Ontario [Canada]","47","Université du Québec à Chicoutimi","8","Cenovus Energy","2",,,,,,
,,,,"Lieffers, V.J.","6",,,,,,,"NCASI Technical Bulletin","2","Soils","47","J. Heineman Forestry Consulting","7","ConocoPhillips","2",,,,,,
,,,,"Newmaster, S.G.","6",,,,,,,"Plant Cell And Environment","2","Forests","46","Conseil de recherches en sciences naturelles et en génie du Canada","7","MinistÃ¨re de l'Ãnergie et des Ressources Naturelles","2",,,,,,
,,,,"Pothier, D.","6",,,,,,,"USDA Forest Service General Technical Report PNW","2","Vegetation","46","Northern Forestry Centre","7","MinistÃ¨re des ForÃªts, de la Faune et des Parcs","2",,,,,,
,,,,"Chang, S.X.","5",,,,,,,"Agricultural And Forest Meteorology","1","Growth Rate","45","Pacific Forestry Centre","7","Mitacs","2",,,,,,
,,,,"Fenton, N.J.","5",,,,,,,"Annals Of Forest Science","1","Ecology","43","University of Calgary","6","National Aeronautics and Space Administration","2",,,,,,
,,,,"Groot, A.","5",,,,,,,"Avian Conservation And Ecology","1","Plantation Forestry","43","University of Winnipeg","6","Research and Development","2",,,,,,
,,,,"Hébert, F.","5",,,,,,,"Biological Conservation","1","Alberta","37","Centre d'étude de la forêt, Montreal","6","Shell Canada","2",,,,,,
,,,,"Krause, C.","5",,,,,,,"Biology And Fertility Of Soils","1","Growth","37","Alberta-Pacific Forest Industries Inc.","6","Suncor Energy Incorporated","2",,,,,,
,,,,"Landhäusser, S.M.","5",,,,,,,"Biomass And Bioenergy","1","Stand Structure","36","Ministère des Forêts de la Faune et des Parcs","5","Tembec","2",,,,,,
,,,,"Malcolm, J.R.","5",,,,,,,"Botany","1","Populus Tremuloides","35","Ministère des Forêts de la Faune et des Parcs du Québec","4","UniversitÃ© Laval","2",,,,,,
,,,,"Man, R.","5",,,,,,,"Canadian Journal Of Remote Sensing","1","Clearcutting","33","International Statistics and Research Corporation","4","Agriculture and Agri-Food Canada","1",,,,,,
,,,,"McClarnon, J.","5",,,,,,,"Canadian Journal Of Soil Science","1","Populus","32","Helsingin Yliopisto","4","Alberta Biodiversity Monitoring Institute","1",,,,,,
,,,,"Parton, J.","5",,,,,,,"Canadian Journal Of Zoology","1","Climate Change","31","Université du Québec en Outaouais","4","Alberta Environment and Parks","1",,,,,,
,,,,"Pitt, D.G.","5",,,,,,,"Condor","1","Mixed Forest","31","University of Wisconsin-Madison","4","Alberta Ingenuity Centre for Water Research","1",,,,,,
,,,,"Valeria, O.","5",,,,,,,"Ecological Economics","1","Disturbance","30","Concordia University","4","BC Oil and Gas Research and Innovation Society","1",,,,,,
,,,,"Bose, A.K.","4",,,,,,,"Ecosphere","1","Abies Balsamea","28","Alberta Agriculture and Rural Development","3","BIOCAP Canada","1",,,,,,
,,,,"Fortin, D.","4",,,,,,,"Environmental Management","1","Biomass","28","Applied Mammal Research Institute","3","Bayerische Forschungsallianz","1",,,,,,
,,,,"Greene, D.F.","4",,,,,,,"Environmental Monitoring And Assessment","1","Black Spruce","28","McMaster University","3","Canada Foundation for Innovation","1",,,,,,
,,,,"Haeussler, S.","4",,,,,,,"Erdkunde","1","Plantation","27","McGill University, Macdonald Campus","3","Canadian Natural Resources Limited","1",,,,,,
,,,,"Hazlett, P.W.","4",,,,,,,"Forest Policy And Economics","1","Plants","27","Natural Resources Institute Finland Luke","3","Centre National de la Recherche Scientifique","1",,,,,,
,,,,"Hébert, C.","4",,,,,,,"Forest Products Journal","1","Survival","27","Forest Analysis Ltd.","2","Emory Eye Center","1",,,,,,
,,,,"Jobidon, R.","4",,,,,,,"Geoderma","1","British Columbia","26","Skeena Forestry Consultants","2","Environment Canada","1",,,,,,
,,,,"MacDonald, G.B.","4",,,,,,,"International Geoscience And Remote Sensing Symposium IGARSS","1","Ontario","25","Lake Abitibi Model Forest","2","Environment and Climate Change Canada","1",,,,,,
,,,,"Plourde, P.Y.","4",,,,,,,"International Journal Of Wildland Fire","1","Deciduous Tree","24","Centre d’étude de la forêt","2","European Commission","1",,,,,,
,,,,"Schreiber, S.G.","4",,,,,,,"Journal Of Applied Ecology","1","Ecosystem Management","24","Centre d’étude de la forêt CEF","2","Fonds Québécois de la Recherche sur la Nature et les Technologies","1",,,,,,
,,,,"Stinson, A.","4",,,,,,,"Journal Of Applied Entomology","1","Wood","24","EACOM Timber Corporation","2","Government of Alberta","1",,,,,,
,,,,"Thompson, I.D.","4",,,,,,,"Journal Of Biogeography","1","Fires","23","Manitoba Environmental Industries Association MEIA","2","Government of Canada","1",,,,,,
,,,,"Wang, G.G.","4",,,,,,,"Journal Of Cold Regions Engineering","1","Plantations","23","McGill University","2","Institute of Infection and Immunity","1",,,,,,
,,,,"Buddle, C.M.","3",,,,,,,"Journal Of Environmental Management","1","Site Preparation","23","Wageningen University and Research Centre","2","Lakehead University","1",,,,,,
,,,,"DesRochers, A.","3",,,,,,,"Journal Of Field Ornithology","1","Herbicides","22","Canada Centre for Remote Sensing","2","Manitoba Hydro","1",,,,,,
,,,,"Desrochers, A.","3",,,,,,,"Journal Of Forest Research","1","Productivity","22","NASA Goddard Space Flight Center","2","Medicinska ForskningsrÃ¥det","1",,,,,,
,,,,"Fenton, N.","3",,,,,,,"Journal Of Forest Science","1","Growth Response","21","Eidgenössische Forschungsanstalt fur Wald, Schnee Und Landschaft Eth-Bereichs","2","Ministry of Education of the People's Republic of China","1",,,,,,
,,,,"Gordon, A.M.","3",,,,,,,"Journal Of Forestry","1","Understory","21","University of Montreal","2","MinistÃ¨re de l'Ãcologie, du DÃ©veloppement Durable et de l'Ãnergie","1",,,,,,
,,,,"Hacke, U.G.","3",,,,,,,"Mobilisation Of Forest Bioenergy In The Boreal And Temperate Biomes Challenges Opportunities And Case Studies","1","Boreal Mixedwoods","20","Western University","2","Ministère des Forêts, de la Faune et des Parcs","1",,,,,,
,,,,"Handa, I.T.","3",,,,,,,"New Phytologist","1","Forest Ecosystem","20","Universidad de Chile","2","Ministère des Ressources Naturelles et de la Faune","1",,,,,,
,,,,"Hunt, S.","3",,,,,,,"Northern Journal Of Applied Forestry","1","Logging (timber)","20","University of Waterloo","2","Parks Canada","1",,,,,,
,,,,"Kabzems, R.","3",,,,,,,"Paper Technology","1","Pinus Contorta","20","University of New Brunswick","2","Sustainable Forestry Initiative","1",,,,,,
,,,,"Kneeshaw, D.D.","3",,,,,,,"Plant And Soil","1","Plants (botany)","20","Carleton University","2","University of Lethbridge","1",,,,,,
,,,,"Larocque, G.R.","3",,,,,,,"Plant Biosystems","1","Seed","20","Geological Survey of Canada","2","University of Maryland","1",,,,,,
,,,,"Luckai, N.J.","3",,,,,,,"Plos One","1","Environmental Disturbance","19","Simon Fraser University","2","University of New Brunswick","1",,,,,,
,,,,"Macdonald, S.E.","3",,,,,,,"Recarbonization Of The Biosphere Ecosystems And The Global Carbon Cycle","1","Herbicide","19","Memorial University of Newfoundland","2","University of Northern British Columbia","1",,,,,,
,,,,"Morneault, A.","3",,,,,,,"Remote Sensing","1","Quebec","19","Technical University of Munich","2","UniversitÃ© du QuÃ©bec Ã  MontrÃ©al","1",,,,,,
,,,,"Nielsen, S.E.","3",,,,,,,"Remote Sensing Of Environment","1","Abies","18","Sveriges lantbruksuniversitet","2","UniversitÃ© du QuÃ©bec Ã  Rimouski","1",,,,,,
,,,,"Prévost, M.","3",,,,,,,"Restoration Ecology","1","Mortality","18","Institut National de la Recherche Scientifique","2","Western Canada Research Grid","1",,,,,,
,,,,"Raulier, F.","3",,,,,,,"Revue Francaise De Photogrammetrie Et De Teledetection","1","Jack Pine","17","Parks Canada","2","Wildlife Conservation Society","1",,,,,,
,,,,"Rousseau, L.","3",,,,,,,"Soil Science Society Of America Journal","1","Seedling","17","McMaster University, Faculty of Science","2","fRI Research","1",,,,,,
,,,,"Schneider, R.","3",,,,,,,"Trees Structure And Function","1","Sustainable Forest Management","17","Treeline Ecological Research","1","Undefined","213",,,,,,
,,,,"Sibley, P.K.","3",,,,,,,"Unasylva","1","Trees","17","Dendron Resources Surveys Inc.","1",,,,,,,,
,,,,"Simard, M.","3",,,,,,,"Woodlands Ecology Management And Conservation","1","Deciduous Forest","16","Symbios Research and Restoration","1",,,,,,,,
,,,,"Smith, S.M.","3",,,,,,,,,"Forestry Production","16","Grande Prairie Regional College","1",,,,,,,,
,,,,"Splawinski, T.B.","3",,,,,,,,,"Logging","16","Yukon College","1",,,,,,,,
,,,,"St-Laurent, M.H.","3",,,,,,,,,"Species Diversity","16","Newfoundland Forest Service","1",,,,,,,,
,,,,"Sullivan, T.P.","3",,,,,,,,,"Stand Dynamics","16","NSERC-UQAT-UQAM Industrial Chair in Sustainable Forest Management","1",,,,,,,,
,,,,"Thiffault, E.","3",,,,,,,,,"Timber","16","Natural Resources Canada","1",,,,,,,,
,,,,"Thomas, S.C.","3",,,,,,,,,"White Spruce","16","Incremental Forest Technologies","1",,,,,,,,
,,,,"Thorpe, H.C.","3",,,,,,,,,"Fire","15","WildFor Consultants","1",,,,,,,,
,,,,"Titus, B.D.","3",,,,,,,,,"Forest Fire","15","NorthWind Land Resources Inc.","1",,,,,,,,
,,,,"Towill, W.D.","3",,,,,,,,,"Forest Floor","15","Skyline Forestry Consultants, Ltd.","1",,,,,,,,
,,,,"Tremblay, F.","3",,,,,,,,,"Logging (forestry)","15","Ontario Ministry of Natural Resources","1",,,,,,,,
,,,,"Van Rees, K.C.J.","3",,,,,,,,,"Soil","15","Iunctus Geomatics Corp.","1",,,,,,,,
,,,,"Venier, L.","3",,,,,,,,,"Sustainable Development","15","Utah Division Wildlife Resources","1",,,,,,,,
,,,,"Anand, M.","2",,,,,,,,,"Sustainable Forestry","15","Prairie and Northern Wildlife Research Centre","1",,,,,,,,
,,,,"Anyomi, K.A.","2",,,,,,,,,"Forestry Practice","14","ALTRA Forestry Ltd.","1",,,,,,,,
,,,,"Arseneault, D.","2",,,,,,,,,"Silvicultural Treatments","14","Groupe de Recherche en Écologic Forestière Inter-universitaire GREFi","1",,,,,,,,
,,,,"Aubin, I.","2",,,,,,,,,"Species Richness","14","New Brunswick Department of Natural Resources","1",,,,,,,,
,,,,"Aubry, Y.","2",,,,,,,,,"Western Hemisphere","14","Gentian Botanical Research","1",,,,,,,,
,,,,"Baker, J.A.","2",,,,,,,,,"World","14","MDH Engineered Solutions","1",,,,,,,,
,,,,"Bauce, E.","2",,,,,,,,,"Competition","13","Forestry Corp.","1",,,,,,,,
,,,,"Beaudet, M.","2",,,,,,,,,"Conservation","13","Industrielle CRSNG-UQAT-UQAM en Aménagement Forestier Durable","1",,,,,,,,
,,,,"Bock, M.D.","2",,,,,,,,,"Evergreen Tree","13","Valeur Nature","1",,,,,,,,
,,,,"Bouchard, M.","2",,,,,,,,,"Growth Kinetics","13","Policy Research Initiative Human Resources and Social Development Canada","1",,,,,,,,
,,,,"Boucher, J.F.","2",,,,,,,,,"Nutrients","13","Measurement Systems Technology","1",,,,,,,,
,,,,"Boucher, Y.","2",,,,,,,,,"Picea Engelmannii","13","WWF-Canada","1",,,,,,,,
,,,,"Boutin, S.","2",,,,,,,,,"Scarification","13","Forestry Research Partnership","1",,,,,,,,
,,,,"Brockley, R.P.","2",,,,,,,,,"Sustainability","13","Centre Canadien Sur la Fibre de Bois","1",,,,,,,,
,,,,"Caspersen, J.P.","2",,,,,,,,,"Weed Control","13","Nipissing Forest Resource Management, Inc.","1",,,,,,,,
,,,,"Charette, L.","2",,,,,,,,,"Animals","12","Centre d'études nordiques","1",,,,,,,,
,,,,"Chen, J.","2",,,,,,,,,"Bryophyta","12","Centre d'enseignement et de recherche en foresterie CERFO","1",,,,,,,,
,,,,"Chen, S.","2",,,,,,,,,"Carbon Sequestration","12","Tree Physiologist Department","1",,,,,,,,
,,,,"Coates, K.D.","2",,,,,,,,,"Competition (ecology)","12","Forest Research Consultant","1",,,,,,,,
,,,,"Cui, W.","2",,,,,,,,,"Ecological Impact","12","Bureau du Forestier en Chef","1",,,,,,,,
,,,,"Cyr, G.","2",,,,,,,,,"Hexapoda","12","Recycled Fibre Technology","1",,,,,,,,
,,,,"Dampier, J.E.E.","2",,,,,,,,,"Lodgepole Pine","12","B.C. Forest Service","1",,,,,,,,
,,,,"Deans, A.M.","2",,,,,,,,,"Old-growth Forest","12","Ecl. Sup. d'Agriculture de Purpan","1",,,,,,,,
,,,,"Dhar, A.","2",,,,,,,,,"Softwoods","12","FORREX Forum for Research and Extension in Natural Resources","1",,,,,,,,
,,,,"Dumais, D.","2",,,,,,,,,"Succession","12","FORREX Forum for Research and Extension in Natural Resources","1",,,,,,,,
,,,,"Dussault, C.","2",,,,,,,,,"Thinning","12","Millar Western Forest Products Ltd.","1",,,,,,,,
,,,,"Dussault, C.","2",,,,,,,,,"Tree","12","Northern Bioscience Ecological Consulting","1",,,,,,,,
,,,,"Déchêne, A.D.","2",,,,,,,,,"Vegetation Management","12","Yukon Research Centre","1",,,,,,,,
,,,,"Flannigan, M.","2",,,,,,,,,"Balsam Fir","11","Incremental Forest Technologies Ltd.","1",,,,,,,,
,,,,"Fleming, R.","2",,,,,,,,,"Basal Area","11","Zhejiang Business College","1",,,,,,,,
,,,,"Fleming, R.L.","2",,,,,,,,,"Carbon","11","Fiducie de recherche sur la forêt des Cantons-de-l'Est/Eastern Townships Forest Research Trust","1",,,,,,,,
,,,,"Fortin, M.J.","2",,,,,,,,,"Community Composition","11","Millennium EMS Solution Ltd.","1",,,,,,,,
,,,,"Franceschini, T.","2",,,,,,,,,"Fertilizer Application","11","G. B. MacDonald","1",,,,,,,,
,,,,"Gaboury, S.","2",,,,,,,,,"Forest Dynamics","11","Aquila Conservation and Environmental Consulting","1",,,,,,,,
,,,,"Girardin, M.P.","2",,,,,,,,,"Growing Season","11","Ecological Logistics and Research Ltd.","1",,,,,,,,
,,,,"Grondin, P.","2",,,,,,,,,"Hardwoods","11","Ministère des Forêts","1",,,,,,,,
,,,,"Grover, G.","2",,,,,,,,,"Hybrid","11","Institut de recherche en mines et en environnement IRME","1",,,,,,,,
,,,,"Hamann, A.","2",,,,,,,,,"Mechanical Site Preparation","11","Institut de recherche sur les forêts IRF","1",,,,,,,,
,,,,"Hannon, S.J.","2",,,,,,,,,"Tree Planting","11","T. Kaffanke Consulting Ltd","1",,,,,,,,
,,,,"Harper, G.","2",,,,,,,,,"Trembling Aspen","11","Growth and Yield Unit","1",,,,,,,,
,,,,"Hawkins, C.D.B.","2",,,,,,,,,"Aves","10","Archeobois","1",,,,,,,,
,,,,"Hazlett, P.","2",,,,,,,,,"Boreal","10","Institut des Sciences de la Forêt tempérée ISFORT","1",,,,,,,,
,,,,"Jastrebski, C.","2",,,,,,,,,"Community Structure","10","Northern Hardwoods Research Institute Inc.","1",,,,,,,,
,,,,"Kishchuk, B.E.","2",,,,,,,,,"Deer","10","Parc Canada","1",,,,,,,,
,,,,"Krcmar, E.","2",,,,,,,,,"Forest Canopy","10","Little Creek Agroforestry","1",,,,,,,,
,,,,"Laamrani, A.","2",,,,,,,,,"Interspecific Competition","10","fRI Research","1",,,,,,,,
,,,,"Lafleur, B.","2",,,,,,,,,"Land Use","10","Corridor appalachien","1",,,,,,,,
,,,,"Lamb, E.G.","2",,,,,,,,,"Mixedwood","10","BioForest","1",,,,,,,,
,,,,"Lavoie, M.","2",,,,,,,,,"Natural Disturbance","10","Centre for Northern Forest Ecosystem Research","1",,,,,,,,
,,,,"Le Goff, H.","2",,,,,,,,,"Nitrogen","10","Cégep de l’Abitibi-Témiscamingue College of Abitibi-Témiscamingue","1",,,,,,,,
,,,,"Leclerc, M.","2",,,,,,,,,"Nutrition","10","Institut Canadien de Recherches en Génie Forestier FERIC","1",,,,,,,,
,,,,"Lecomte, N.","2",,,,,,,,,"Paludification","10","FFujian Normal University","1",,,,,,,,
,,,,"Leroy, C.","2",,,,,,,,,"Plant Community","10","Ministère des Forêts de la Faune et des Parcs du Québec","1",,,,,,,,
,,,,"Lindgren, B.S.","2",,,,,,,,,"Rangifer Tarandus","10","Ministry of Natural Resources and Forestry","1",,,,,,,,
,,,,"Lindgren, P.M.F.","2",,,,,,,,,"Rangifer Tarandus Caribou","10","Pennsylvania State University","1",,,,,,,,
,,,,"Linnell Nemec, A.F.","2",,,,,,,,,"Soil Temperature","10","Universidad de Buenos Aires","1",,,,,,,,
,,,,"Lord, D.","2",,,,,,,,,"Timber Harvesting","10","Royal Alberta Museum","1",,,,,,,,
,,,,"Légaré, J.P.","2",,,,,,,,,"Wildfire","10","Universities Space Research Association","1",,,,,,,,
,,,,"Mallik, A.","2",,,,,,,,,"Agriculture","9","Chiba University","1",,,,,,,,
,,,,"Mallik, A.U.","2",,,,,,,,,"Aspen","9","University of Victoria","1",,,,,,,,
,,,,"Martell, D.L.","2",,,,,,,,,"Canadian Boreal Forest","9","USDA Forest Service","1",,,,,,,,
,,,,"Massicotte, H.B.","2",,,,,,,,,"Environmental Impact","9","Food and Agriculture Organization of the United Nations","1",,,,,,,,
,,,,"Matsushima, M.","2",,,,,,,,,"Insecta","9","Forestry Tasmania","1",,,,,,,,
,,,,"McLaren, B.","2",,,,,,,,,"Peatland","9","Mount Saint Vincent University","1",,,,,,,,
,,,,"McLaren, B.E.","2",,,,,,,,,"Remote Sensing","9","Forest Research, Northern Research Station","1",,,,,,,,
,,,,"McPherson, S.","2",,,,,,,,,"Seedlings","9","Canadian Space Agency","1",,,,,,,,
,,,,"Mihajlovich, M.","2",,,,,,,,,"Temperate Forest","9","Goethe-Universität Frankfurt am Main","1",,,,,,,,
,,,,"Morin, H.","2",,,,,,,,,"Climatology","8","CNRS Centre National de la Recherche Scientifique","1",,,,,,,,
,,,,"Morris, D.","2",,,,,,,,,"Economic Analysis","8","University of Maine","1",,,,,,,,
,,,,"Munson, A.D.","2",,,,,,,,,"Experimental Study","8","University of Wyoming","1",,,,,,,,
,,,,"Nemec, A.F.L.","2",,,,,,,,,"Fertilization","8","Colorado State University","1",,,,,,,,
,,,,"Newton, P.F.","2",,,,,,,,,"Forest Fires","8","The University of Adelaide","1",,,,,,,,
,,,,"Palma, C.D.","2",,,,,,,,,"Growth Modeling","8","Universite de Moncton","1",,,,,,,,
,,,,"Paquette, A.","2",,,,,,,,,"Height","8","RMIT University","1",,,,,,,,
,,,,"Park, A.","2",,,,,,,,,"Mammalia","8","Université de Sherbrooke","1",,,,,,,,
,,,,"Parker, W.C.","2",,,,,,,,,"Manitoba","8","Centre Européen de Recherche et d'Enseignement des Géosciences de l'Environnement","1",,,,,,,,
,,,,"Pearce, J.L.","2",,,,,,,,,"Seedling Establishment","8","Laurentian University","1",,,,,,,,
,,,,"Peng, C.","2",,,,,,,,,"Shrub","8","Oulun Yliopisto","1",,,,,,,,
