﻿Scopus refine results values

"Your query : ((TITLE-ABS-KEY((Boreal OR {James Bay} OR James-Bay OR {Clay Belt} OR {canadian shield}) AND Quebec) AND PUBYEAR > 1999 AND PUBYEAR < 2020) AND (TITLE-ABS-KEY(Electricity OR Hydropower OR Hydro-power OR Hydroelectricity OR Hydro-electricity) AND PUBYEAR > 1999 AND PUBYEAR < 2020) AND (TITLE-ABS-KEY(weather OR   Season* OR meteo*) AND PUBYEAR > 1999 AND PUBYEAR < 2020))"


Number of results : 7

"ACCESS TYPE",,"YEAR",,"AUTHOR NAME",,"SUBJECT AREA",,"DOCUMENT TYPE",,"PUBLICATION STAGE",,"SOURCE TITLE",,"KEYWORD",,"AFFILIATION",,"FUNDING SPONSOR",,"COUNTRY",,"SOURCE TYPE",,"LANGUAGE",
"Open Access","4","2016","2","Bernier, M.","2","Agricultural and Biological Sciences","1","Article","6","final","7","Remote Sensing","2","Canada","3","Hydro-Quebec","3","Natural Sciences and Engineering Research Council of Canada","2","Canada","7","Journals","6","English","7"
"Other","3","2013","1","Chokmani, K.","2","Earth and Planetary Sciences","4","Conference Paper","1",,,"Canadian Water Resources Journal","1","Hydroelectric Power","3","University of Northern British Columbia","2","Canada Research Chairs","1","United States","1","Conference Proceedings","1",,
,,"2012","2","Déry, S.J.","2","Engineering","1",,,,,"Hydrology And Earth System Sciences","1","James Bay","3","INRS- Centre Eau, Terre &amp; Environnement","2","Government of Canada","1",,,,,,
,,"2011","1","De Sève, D.","1","Environmental Science","3",,,,,"Journal Of Marine Systems","1","Quebec [Canada]","3","Université Laval","2","Hydro-QuÃ©bec","1",,,,,,
,,"2000","1","Dribault, Y.","1",,,,,,,"Proceedings Of The International Conference On Cold Regions Engineering","1","River Diversion","3","Institut National de la Recherche Scientifique","2","Manitoba Hydro","1",,,,,,
,,,,"Filion, Y.","1",,,,,,,"Science Of The Total Environment","1","Rivers","3","LaSalle Consulting Group","1","National Science Foundation","1",,,,,,
,,,,"Gauli-Sharma, B.","1",,,,,,,,,"Climate Change","2","McGill University","1","University of Northern British Columbia","1",,,,,,
,,,,"Gauthier, Y.","1",,,,,,,,,"Coefficient Of Variation","2","University of Manitoba","1","Undefined","3",,,,,,
,,,,"Hernández-Henríquez, M.A.","1",,,,,,,,,"Dynamics","2","Woods Hole Oceanographic Institution","1",,,,,,,,
,,,,"Jacome, A.","1",,,,,,,,,"Floods","2","University of Toronto","1",,,,,,,,
,,,,"Levasseur, M.","1",,,,,,,,,"Flow Regulation","2",,,,,,,,,,
,,,,"MacDonald, M.K.","1",,,,,,,,,"Hudson Bay","2",,,,,,,,,,
,,,,"Mlynowski, T.J.","1",,,,,,,,,"Hydrology","2",,,,,,,,,,
,,,,"Poulin, J.","1",,,,,,,,,"Ice","2",,,,,,,,,,
,,,,"Roulet, N.T.","1",,,,,,,,,"Ice Cover","2",,,,,,,,,,
,,,,"Stadnyk, T.A.","1",,,,,,,,,"Interannual Variability","2",,,,,,,,,,
,,,,"Strachan, I.B.","1",,,,,,,,,"La Grande River","2",,,,,,,,,,
,,,,"Straneo, F.","1",,,,,,,,,"Remote Sensing","2",,,,,,,,,,
,,,,"Taha, W.","1",,,,,,,,,"Reservoir","2",,,,,,,,,,
,,,,"Tremblay, A.","1",,,,,,,,,"River Discharge","2",,,,,,,,,,
,,,,"Wang, W.","1",,,,,,,,,"Water Levels","2",,,,,,,,,,
,,,,,,,,,,,,,,"Wetlands","2",,,,,,,,,,
,,,,,,,,,,,,,,"Air","1",,,,,,,,,,
,,,,,,,,,,,,,,"Annual Variation","1",,,,,,,,,,
,,,,,,,,,,,,,,"Arctic Ocean","1",,,,,,,,,,
,,,,,,,,,,,,,,"Article","1",,,,,,,,,,
,,,,,,,,,,,,,,"Assessment Method","1",,,,,,,,,,
,,,,,,,,,,,,,,"Atlantic Ocean","1",,,,,,,,,,
,,,,,,,,,,,,,,"Bering Sea","1",,,,,,,,,,
,,,,,,,,,,,,,,"Boreal Wetland","1",,,,,,,,,,
,,,,,,,,,,,,,,"Boreal Wetlands","1",,,,,,,,,,
,,,,,,,,,,,,,,"Bowen Ratio","1",,,,,,,,,,
,,,,,,,,,,,,,,"Canadian Water Resources","1",,,,,,,,,,
,,,,,,,,,,,,,,"Chemical Analysis","1",,,,,,,,,,
,,,,,,,,,,,,,,"Climate Models","1",,,,,,,,,,
,,,,,,,,,,,,,,"Contributing Areas","1",,,,,,,,,,
,,,,,,,,,,,,,,"Controlled Study","1",,,,,,,,,,
,,,,,,,,,,,,,,"Cross Polarization","1",,,,,,,,,,
,,,,,,,,,,,,,,"Cross Polarizations","1",,,,,,,,,,
,,,,,,,,,,,,,,"Data Acquisition","1",,,,,,,,,,
,,,,,,,,,,,,,,"Data Availability","1",,,,,,,,,,
,,,,,,,,,,,,,,"Data Quality","1",,,,,,,,,,
,,,,,,,,,,,,,,"Digital Storage","1",,,,,,,,,,
,,,,,,,,,,,,,,"Discharge","1",,,,,,,,,,
,,,,,,,,,,,,,,"Discharge (fluid Mechanics)","1",,,,,,,,,,
,,,,,,,,,,,,,,"Dissolved Organic Carbon","1",,,,,,,,,,
,,,,,,,,,,,,,,"Eastmain-1 Reservoir","1",,,,,,,,,,
,,,,,,,,,,,,,,"Eddy Covariance","1",,,,,,,,,,
,,,,,,,,,,,,,,"Eddy Covariance Measurements","1",,,,,,,,,,
,,,,,,,,,,,,,,"Energy Flux","1",,,,,,,,,,
,,,,,,,,,,,,,,"Energy Transfer","1",,,,,,,,,,
,,,,,,,,,,,,,,"Environmental Monitoring","1",,,,,,,,,,
,,,,,,,,,,,,,,"Estimation","1",,,,,,,,,,
,,,,,,,,,,,,,,"Evaporation","1",,,,,,,,,,
,,,,,,,,,,,,,,"Fen","1",,,,,,,,,,
,,,,,,,,,,,,,,"Flash Flood","1",,,,,,,,,,
,,,,,,,,,,,,,,"Freshwater","1",,,,,,,,,,
,,,,,,,,,,,,,,"Freshwater Environment","1",,,,,,,,,,
,,,,,,,,,,,,,,"Freshwater Fluxes","1",,,,,,,,,,
,,,,,,,,,,,,,,"Fuzzy Logic","1",,,,,,,,,,
,,,,,,,,,,,,,,"Gauge","1",,,,,,,,,,
,,,,,,,,,,,,,,"General Circulation Model","1",,,,,,,,,,
,,,,,,,,,,,,,,"GeoEye","1",,,,,,,,,,
,,,,,,,,,,,,,,"High Flow","1",,,,,,,,,,
,,,,,,,,,,,,,,"High Resolution","1",,,,,,,,,,
,,,,,,,,,,,,,,"High Temporal Resolution","1",,,,,,,,,,
,,,,,,,,,,,,,,"Hydraulic Changes","1",,,,,,,,,,
,,,,,,,,,,,,,,"Hydro Power","1",,,,,,,,,,
,,,,,,,,,,,,,,"Hydro Power Production","1",,,,,,,,,,
,,,,,,,,,,,,,,"Hydro Power Project","1",,,,,,,,,,
,,,,,,,,,,,,,,"Hydroelectric Power Plant","1",,,,,,,,,,
,,,,,,,,,,,,,,"Hydroelectric Power Plants","1",,,,,,,,,,
,,,,,,,,,,,,,,"Hydroelectric Reservoirs","1",,,,,,,,,,
,,,,,,,,,,,,,,"Hydrograph","1",,,,,,,,,,
,,,,,,,,,,,,,,"Hydrographs","1",,,,,,,,,,
,,,,,,,,,,,,,,"Hydrological Model","1",,,,,,,,,,
,,,,,,,,,,,,,,"Hydrological Parameters","1",,,,,,,,,,
,,,,,,,,,,,,,,"Hydropower","1",,,,,,,,,,
,,,,,,,,,,,,,,"Hydropower Production","1",,,,,,,,,,
,,,,,,,,,,,,,,"Image Analysis","1",,,,,,,,,,
,,,,,,,,,,,,,,"Image Segmentation","1",,,,,,,,,,
,,,,,,,,,,,,,,"Influence Of Vegetations","1",,,,,,,,,,
,,,,,,,,,,,,,,"Interdecadal","1",,,,,,,,,,
,,,,,,,,,,,,,,"Interfacial Energy","1",,,,,,,,,,
,,,,,,,,,,,,,,"Kinetic Energy","1",,,,,,,,,,
,,,,,,,,,,,,,,"Kinetics","1",,,,,,,,,,
,,,,,,,,,,,,,,"Labrador Sea","1",,,,,,,,,,
,,,,,,,,,,,,,,"Lakes","1",,,,,,,,,,
,,,,,,,,,,,,,,"Latent Heat","1",,,,,,,,,,
,,,,,,,,,,,,,,"Latent Heat Flux","1",,,,,,,,,,
,,,,,,,,,,,,,,"Mann-Kendall Test","1",,,,,,,,,,
,,,,,,,,,,,,,,"Marine Environment","1",,,,,,,,,,
,,,,,,,,,,,,,,"Mathematical Computing","1",,,,,,,,,,
,,,,,,,,,,,,,,"Mathematical Model","1",,,,,,,,,,
,,,,,,,,,,,,,,"Mathematical Models","1",,,,,,,,,,
,,,,,,,,,,,,,,"Measurement","1",,,,,,,,,,
,,,,,,,,,,,,,,"Moisture Determination","1",,,,,,,,,,
,,,,,,,,,,,,,,"Monitoring Program","1",,,,,,,,,,
,,,,,,,,,,,,,,"Monitoring Programs","1",,,,,,,,,,
,,,,,,,,,,,,,,"Monotonic Trend","1",,,,,,,,,,
,,,,,,,,,,,,,,"Multi-spectral","1",,,,,,,,,,
,,,,,,,,,,,,,,"Multispectral","1",,,,,,,,,,
,,,,,,,,,,,,,,"Natural River","1",,,,,,,,,,
,,,,,,,,,,,,,,"Natural Variability","1",,,,,,,,,,
,,,,,,,,,,,,,,"Object Based","1",,,,,,,,,,
,,,,,,,,,,,,,,"Object-based Analysis","1",,,,,,,,,,
,,,,,,,,,,,,,,"Oceanography","1",,,,,,,,,,
,,,,,,,,,,,,,,"Organic Carbon","1",,,,,,,,,,
,,,,,,,,,,,,,,"Pacific Ocean","1",,,,,,,,,,
,,,,,,,,,,,,,,"Peatland","1",,,,,,,,,,
,,,,,,,,,,,,,,"Polarization","1",,,,,,,,,,
,,,,,,,,,,,,,,"Potential Impacts","1",,,,,,,,,,
,,,,,,,,,,,,,,"Power Production","1",,,,,,,,,,
,,,,,,,,,,,,,,"Precipitation (meteorology)","1",,,,,,,,,,
,,,,,,,,,,,,,,"Priority Journal","1",,,,,,,,,,
,,,,,,,,,,,,,,"Process Development","1",,,,,,,,,,
,,,,,,,,,,,,,,"RADARSAT-2","1",,,,,,,,,,
,,,,,,,,,,,,,,"Radarsat-2","1",,,,,,,,,,
,,,,,,,,,,,,,,"Reduced And Increased Flow","1",,,,,,,,,,
,,,,,,,,,,,,,,"Regional Variation","1",,,,,,,,,,
,,,,,,,,,,,,,,"Remote Sensing Monitoring","1",,,,,,,,,,
,,,,,,,,,,,,,,"Reservoirs (water)","1",,,,,,,,,,
,,,,,,,,,,,,,,"River Flow","1",,,,,,,,,,
,,,,,,,,,,,,,,"Runoff","1",,,,,,,,,,
,,,,,,,,,,,,,,"SAR","1",,,,,,,,,,
,,,,,,,,,,,,,,"SIWAS Model","1",,,,,,,,,,
,,,,,,,,,,,,,,"Seasonal Variation","1",,,,,,,,,,
,,,,,,,,,,,,,,"Seasonality","1",,,,,,,,,,
,,,,,,,,,,,,,,"Sediments","1",,,,,,,,,,
,,,,,,,,,,,,,,"Sensible Heat","1",,,,,,,,,,
,,,,,,,,,,,,,,"Sensible Heat Flux","1",,,,,,,,,,
,,,,,,,,,,,,,,"Sensitivity Analysis","1",,,,,,,,,,
,,,,,,,,,,,,,,"Signal To Noise","1",,,,,,,,,,
,,,,,,,,,,,,,,"Signal To Noise Ratio","1",,,,,,,,,,
,,,,,,,,,,,,,,"Soil Moisture","1",,,,,,,,,,
,,,,,,,,,,,,,,"Soil Surveys","1",,,,,,,,,,
,,,,,,,,,,,,,,"Standard Deviation","1",,,,,,,,,,
,,,,,,,,,,,,,,"Statistics","1",,,,,,,,,,
,,,,,,,,,,,,,,"Storms","1",,,,,,,,,,
,,,,,,,,,,,,,,"Stream Flow","1",,,,,,,,,,
,,,,,,,,,,,,,,"Streamflow","1",,,,,,,,,,
,,,,,,,,,,,,,,"Streamflow Timings","1",,,,,,,,,,
,,,,,,,,,,,,,,"Structures (built Objects)","1",,,,,,,,,,
,,,,,,,,,,,,,,"Surface Energy","1",,,,,,,,,,
,,,,,,,,,,,,,,"Surface Roughness","1",,,,,,,,,,
,,,,,,,,,,,,,,"Surface-soil-moisture Estimation","1",,,,,,,,,,
,,,,,,,,,,,,,,"Surveys","1",,,,,,,,,,
,,,,,,,,,,,,,,"Sustainable Development","1",,,,,,,,,,
,,,,,,,,,,,,,,"Synthetic Aperture Radar","1",,,,,,,,,,
,,,,,,,,,,,,,,"Temperature","1",,,,,,,,,,
,,,,,,,,,,,,,,"Temperature Sensitivity","1",,,,,,,,,,
,,,,,,,,,,,,,,"Temporal Variation","1",,,,,,,,,,
,,,,,,,,,,,,,,"Thermodynamics","1",,,,,,,,,,
,,,,,,,,,,,,,,"Trend Analysis","1",,,,,,,,,,
,,,,,,,,,,,,,,"Trend Study","1",,,,,,,,,,
,,,,,,,,,,,,,,"Turbulent Kinetic Energy","1",,,,,,,,,,
,,,,,,,,,,,,,,"Upward Trend","1",,,,,,,,,,
,,,,,,,,,,,,,,"Vegetation","1",,,,,,,,,,
,,,,,,,,,,,,,,"Water Level","1",,,,,,,,,,
,,,,,,,,,,,,,,"Water Resources","1",,,,,,,,,,
