﻿Scopus refine results values

"Your query : ((TITLE-ABS-KEY((Boreal OR {James Bay} OR James-Bay OR {Clay Belt} OR {canadian shield}) AND (Canada OR Quebec OR Ontario OR newfoundland OR Alberta OR British-Columbia) ) AND PUBYEAR > 1999 AND PUBYEAR < 2020) AND (TITLE-ABS-KEY(Mine OR Mining) AND PUBYEAR > 1999 AND PUBYEAR < 2020) AND (TITLE-ABS-KEY((Forest AND Fire) OR ""Wildfire"" OR ""crown fire"" OR ""Wildland fire"" ) AND PUBYEAR > 1999 AND PUBYEAR < 2020))"


Number of results : 12

"ACCESS TYPE",,"YEAR",,"AUTHOR NAME",,"SUBJECT AREA",,"DOCUMENT TYPE",,"PUBLICATION STAGE",,"SOURCE TITLE",,"KEYWORD",,"AFFILIATION",,"FUNDING SPONSOR",,"COUNTRY",,"SOURCE TYPE",,"LANGUAGE",
"Open Access","3","2019","2","Pinno, B.D.","4","Agricultural and Biological Sciences","5","Article","12","final","12","Applied And Environmental Microbiology","1","Canada","10","University of Alberta","4","Natural Sciences and Engineering Research Council of Canada","3","Canada","11","Journals","11","English","12"
"Other","9","2018","3","Grayston, S.J.","2","Biochemistry, Genetics and Molecular Biology","1",,,,,"Canadian Mining Journal","1","Alberta","7","Canadian Forest Service","3","British Geological Survey","1","Germany","1","Trade Publications","1",,
,,"2017","1","Masse, J.","2","Earth and Planetary Sciences","2",,,,,"Ecological Applications","1","Oil Sands","7","Northern Forestry Centre","3","Canadian Forest Service","1","Undefined","1",,,,
,,"2016","2","Prescott, C.E.","2","Energy","1",,,,,"Ecoscience","1","Oil Sand","6","The University of British Columbia","2","Canadian Natural Resources Limited","1",,,,,,
,,"2015","2","Ahad, J.M.E.","1","Engineering","1",,,,,"Frontiers In Environmental Science","1","Boreal Forest","4","Saskatchewan Ministry of Environment","1","Fonds QuÃ©bÃ©cois de la Recherche sur la Nature et les Technologies","1",,,,,,
,,"2014","1","Blais, J.M.","1","Environmental Science","8",,,,,"Geoderma","1","Boreal Forests","4","Geological Survey of Canada Calgary","1","Imperial Oil Limited","1",,,,,,
,,"2011","1","Braden, B.","1","Immunology and Microbiology","1",,,,,"Journal Of Hydrology","1","Disturbance","4","University of Montreal","1","Natural Resources Canada","1",,,,,,
,,,,"Börger, L.","1","Social Sciences","1",,,,,"Journal Of Insect Conservation","1","Forestry","4","University of Waterloo","1","Office of Energy Research and Development","1",,,,,,
,,,,"Cumming, B.F.","1",,,,,,,"New Forests","1","Sand","4","University of Guelph","1","Shell Canada","1",,,,,,
,,,,"Das, B.","1",,,,,,,"Organic Geochemistry","1","Wildfire","4","Queen's University, Kingston","1","Suncor Energy Incorporated","1",,,,,,
,,,,"Dietrich, S.T.","1",,,,,,,"Science Of The Total Environment","1","Athabasca Oil Sands","3","Justus Liebig University Giessen","1","University of British Columbia","1",,,,,,
,,,,"Eickmeyer, D.C.","1",,,,,,,"Sustainability Switzerland","1","Deciduous Tree","3","Geological Survey of Canada","1","Undefined","4",,,,,,
,,,,"Elmes, M.C.","1",,,,,,,,,"Fires","3","Natural Resources Canada","1",,,,,,,,
,,,,"Errington, R.C.","1",,,,,,,,,"Forest Floor","3","University of Ottawa, Canada","1",,,,,,,,
,,,,"Gupta, S.D.","1",,,,,,,,,"Lakes","3","INRS- Centre Eau, Terre &amp; Environnement","1",,,,,,,,
,,,,"Hammond, H.E.J.","1",,,,,,,,,"Land Reclamation","3","Government of the Northwest Territories","1",,,,,,,,
,,,,"Hartley, D.J.","1",,,,,,,,,"Mining","3",,,,,,,,,,
,,,,"Hoffman, P.G.K.","1",,,,,,,,,"Plant Community","3",,,,,,,,,,
,,,,"Jautzy, J.J.","1",,,,,,,,,"Anthropogenic Effect","2",,,,,,,,,,
,,,,"Jean, S.A.","1",,,,,,,,,"Aromatic Compounds","2",,,,,,,,,,
,,,,"Kimpe, L.E.","1",,,,,,,,,"Article","2",,,,,,,,,,
,,,,"Klimaszewski, J.","1",,,,,,,,,"Biodiversity","2",,,,,,,,,,
,,,,"Korosi, J.B.","1",,,,,,,,,"Conservation","2",,,,,,,,,,
,,,,"Laird, K.R.","1",,,,,,,,,"Deforestation","2",,,,,,,,,,
,,,,"MacKenzie, M.D.","1",,,,,,,,,"Deposits","2",,,,,,,,,,
,,,,"Müller, C.","1",,,,,,,,,"Ecosystem Restoration","2",,,,,,,,,,
,,,,"Nielsen, S.E.","1",,,,,,,,,"Ecosystems","2",,,,,,,,,,
,,,,"Nudds, T.D.","1",,,,,,,,,"Environmental Disturbance","2",,,,,,,,,,
,,,,"Palmer, M.J.","1",,,,,,,,,"Fire","2",,,,,,,,,,
,,,,"Pinzon, J.","1",,,,,,,,,"Forest Fire","2",,,,,,,,,,
,,,,"Price, J.S.","1",,,,,,,,,"Forest Soil","2",,,,,,,,,,
,,,,"Renaut, S.","1",,,,,,,,,"Lake Pollution","2",,,,,,,,,,
,,,,"Sanei, H.","1",,,,,,,,,"Nitrogen","2",,,,,,,,,,
,,,,"Terrat, Y.","1",,,,,,,,,"Nutrient Cycling","2",,,,,,,,,,
,,,,"Thienpont, J.R.","1",,,,,,,,,"PAH","2",,,,,,,,,,
,,,,,,,,,,,,,,"Peat","2",,,,,,,,,,
,,,,,,,,,,,,,,"Petroleum Deposits","2",,,,,,,,,,
,,,,,,,,,,,,,,"Polycyclic Aromatic Hydrocarbons","2",,,,,,,,,,
,,,,,,,,,,,,,,"Reclamation","2",,,,,,,,,,
,,,,,,,,,,,,,,"Restoration","2",,,,,,,,,,
,,,,,,,,,,,,,,"Sediments","2",,,,,,,,,,
,,,,,,,,,,,,,,"Seedling","2",,,,,,,,,,
,,,,,,,,,,,,,,"Soils","2",,,,,,,,,,
,,,,,,,,,,,,,,"Species Diversity","2",,,,,,,,,,
,,,,,,,,,,,,,,"Species Richness","2",,,,,,,,,,
,,,,,,,,,,,,,,"Succession","2",,,,,,,,,,
,,,,,,,,,,,,,,"Taiga","2",,,,,,,,,,
,,,,,,,,,,,,,,"Tree","2",,,,,,,,,,
,,,,,,,,,,,,,,"Trees","2",,,,,,,,,,
,,,,,,,,,,,,,,"15 N Tracing","1",,,,,,,,,,
,,,,,,,,,,,,,,"Aboveground Biomass","1",,,,,,,,,,
,,,,,,,,,,,,,,"Abundance","1",,,,,,,,,,
,,,,,,,,,,,,,,"Air Pollutant","1",,,,,,,,,,
,,,,,,,,,,,,,,"Air Pollutants","1",,,,,,,,,,
,,,,,,,,,,,,,,"Alkylated PAHs","1",,,,,,,,,,
,,,,,,,,,,,,,,"Analysis","1",,,,,,,,,,
,,,,,,,,,,,,,,"Animal","1",,,,,,,,,,
,,,,,,,,,,,,,,"Animals","1",,,,,,,,,,
,,,,,,,,,,,,,,"Anthracene","1",,,,,,,,,,
,,,,,,,,,,,,,,"Aquatic Ecosystems","1",,,,,,,,,,
,,,,,,,,,,,,,,"Aquatic Environment","1",,,,,,,,,,
,,,,,,,,,,,,,,"Aquifer","1",,,,,,,,,,
,,,,,,,,,,,,,,"Aquifers","1",,,,,,,,,,
,,,,,,,,,,,,,,"Aquitard","1",,,,,,,,,,
,,,,,,,,,,,,,,"Archaea","1",,,,,,,,,,
,,,,,,,,,,,,,,"Archaeon","1",,,,,,,,,,
,,,,,,,,,,,,,,"Arctic","1",,,,,,,,,,
,,,,,,,,,,,,,,"Arctic Vehicles","1",,,,,,,,,,
,,,,,,,,,,,,,,"Aromatic Hydrocarbons","1",,,,,,,,,,
,,,,,,,,,,,,,,"Arthropoda","1",,,,,,,,,,
,,,,,,,,,,,,,,"Aspen Forests","1",,,,,,,,,,
,,,,,,,,,,,,,,"Bacteria","1",,,,,,,,,,
,,,,,,,,,,,,,,"Bacterium","1",,,,,,,,,,
,,,,,,,,,,,,,,"Beetle","1",,,,,,,,,,
,,,,,,,,,,,,,,"Biological Model","1",,,,,,,,,,
,,,,,,,,,,,,,,"Biomineralization","1",,,,,,,,,,
,,,,,,,,,,,,,,"Biota","1",,,,,,,,,,
,,,,,,,,,,,,,,"Bitumen","1",,,,,,,,,,
,,,,,,,,,,,,,,"Bituminous Materials","1",,,,,,,,,,
,,,,,,,,,,,,,,"Boreal","1",,,,,,,,,,
,,,,,,,,,,,,,,"Boreal Forest Soil","1",,,,,,,,,,
,,,,,,,,,,,,,,"Boreal Plain","1",,,,,,,,,,
,,,,,,,,,,,,,,"Boreal Plant Community","1",,,,,,,,,,
,,,,,,,,,,,,,,"Carabidae","1",,,,,,,,,,
,,,,,,,,,,,,,,"Carbon","1",,,,,,,,,,
,,,,,,,,,,,,,,"Carbon Isotope","1",,,,,,,,,,
,,,,,,,,,,,,,,"Cash Costs","1",,,,,,,,,,
,,,,,,,,,,,,,,"Chemical Composition","1",,,,,,,,,,
,,,,,,,,,,,,,,"Chemical Method","1",,,,,,,,,,
,,,,,,,,,,,,,,"Chemistry","1",,,,,,,,,,
,,,,,,,,,,,,,,"Classification","1",,,,,,,,,,
,,,,,,,,,,,,,,"Climate Change","1",,,,,,,,,,
,,,,,,,,,,,,,,"Cluster Analysis","1",,,,,,,,,,
,,,,,,,,,,,,,,"Coarse Woody Debris","1",,,,,,,,,,
,,,,,,,,,,,,,,"Coleoptera","1",,,,,,,,,,
,,,,,,,,,,,,,,"Combustion","1",,,,,,,,,,
,,,,,,,,,,,,,,"Commercial Vehicles","1",,,,,,,,,,
,,,,,,,,,,,,,,"Community Dynamics","1",,,,,,,,,,
,,,,,,,,,,,,,,"Comparative Study","1",,,,,,,,,,
,,,,,,,,,,,,,,"Compound Specific Carbon Isotope Analysis","1",,,,,,,,,,
,,,,,,,,,,,,,,"Compound-specific Carbon Isotope Analysis","1",,,,,,,,,,
,,,,,,,,,,,,,,"Coniferous Tree","1",,,,,,,,,,
,,,,,,,,,,,,,,"Controlled Study","1",,,,,,,,,,
,,,,,,,,,,,,,,"DNA Sequence","1",,,,,,,,,,
,,,,,,,,,,,,,,"DNA, Ribosomal","1",,,,,,,,,,
,,,,,,,,,,,,,,"Decadal Variation","1",,,,,,,,,,
,,,,,,,,,,,,,,"Deciduous Forest","1",,,,,,,,,,
,,,,,,,,,,,,,,"Degradation","1",,,,,,,,,,
,,,,,,,,,,,,,,"Demography","1",,,,,,,,,,
,,,,,,,,,,,,,,"Diesel","1",,,,,,,,,,
,,,,,,,,,,,,,,"Diesel Emission","1",,,,,,,,,,
,,,,,,,,,,,,,,"Diesel Emissions","1",,,,,,,,,,
,,,,,,,,,,,,,,"Diesel Fuel","1",,,,,,,,,,
,,,,,,,,,,,,,,"Diversity","1",,,,,,,,,,
,,,,,,,,,,,,,,"Duck","1",,,,,,,,,,
,,,,,,,,,,,,,,"Ducks","1",,,,,,,,,,
,,,,,,,,,,,,,,"Ecosystem Modeling","1",,,,,,,,,,
,,,,,,,,,,,,,,"Ecosystem Response","1",,,,,,,,,,
,,,,,,,,,,,,,,"Emission","1",,,,,,,,,,
,,,,,,,,,,,,,,"Environmental Monitoring","1",,,,,,,,,,
,,,,,,,,,,,,,,"Environmental Restoration And Remediation","1",,,,,,,,,,
,,,,,,,,,,,,,,"Epigaeic Beetles","1",,,,,,,,,,
,,,,,,,,,,,,,,"Erosion Control","1",,,,,,,,,,
,,,,,,,,,,,,,,"Exhaust Gas","1",,,,,,,,,,
,,,,,,,,,,,,,,"Fen","1",,,,,,,,,,
,,,,,,,,,,,,,,"Fertilization","1",,,,,,,,,,
,,,,,,,,,,,,,,"Fertilizer Application","1",,,,,,,,,,
,,,,,,,,,,,,,,"Fire Hazards","1",,,,,,,,,,
,,,,,,,,,,,,,,"Forest Dynamics","1",,,,,,,,,,
,,,,,,,,,,,,,,"Forest Ecosystem","1",,,,,,,,,,
,,,,,,,,,,,,,,"Forest Fires","1",,,,,,,,,,
,,,,,,,,,,,,,,"Forest Floor-mineral Mix","1",,,,,,,,,,
,,,,,,,,,,,,,,"Forest Management","1",,,,,,,,,,
,,,,,,,,,,,,,,"Forest Regeneration","1",,,,,,,,,,
,,,,,,,,,,,,,,"Forest Restoration","1",,,,,,,,,,
,,,,,,,,,,,,,,"Genetics","1",,,,,,,,,,
,,,,,,,,,,,,,,"Gold","1",,,,,,,,,,
,,,,,,,,,,,,,,"Grassland","1",,,,,,,,,,
,,,,,,,,,,,,,,"Gross Nitrification","1",,,,,,,,,,
,,,,,,,,,,,,,,"Ground Cover","1",,,,,,,,,,
,,,,,,,,,,,,,,"Groundwater","1",,,,,,,,,,
,,,,,,,,,,,,,,"Groundwater Flow","1",,,,,,,,,,
,,,,,,,,,,,,,,"Groundwater Flow Systems","1",,,,,,,,,,
,,,,,,,,,,,,,,"Groundwater Geochemistry","1",,,,,,,,,,
,,,,,,,,,,,,,,"Groundwater Resources","1",,,,,,,,,,
,,,,,,,,,,,,,,"Growth, Development And Aging","1",,,,,,,,,,
,,,,,,,,,,,,,,"Habitat Conservation","1",,,,,,,,,,
,,,,,,,,,,,,,,"Habitat Suitability","1",,,,,,,,,,
,,,,,,,,,,,,,,"Habitat Use","1",,,,,,,,,,
,,,,,,,,,,,,,,"Hexapoda","1",,,,,,,,,,
,,,,,,,,,,,,,,"Horizontal Hydraulic Gradient","1",,,,,,,,,,
,,,,,,,,,,,,,,"Human","1",,,,,,,,,,
,,,,,,,,,,,,,,"Human Impact (environment)","1",,,,,,,,,,
,,,,,,,,,,,,,,"Humans","1",,,,,,,,,,
,,,,,,,,,,,,,,"Hydraulic Head","1",,,,,,,,,,
,,,,,,,,,,,,,,"Hydrocarbons","1",,,,,,,,,,
,,,,,,,,,,,,,,"Hydrogeochemistry","1",,,,,,,,,,
,,,,,,,,,,,,,,"Hydrogeology","1",,,,,,,,,,
,,,,,,,,,,,,,,"Hydrologic Connectivity","1",,,,,,,,,,
,,,,,,,,,,,,,,"Hydrological Assessment","1",,,,,,,,,,
