﻿Scopus refine results values

"Your query : ((TITLE-ABS-KEY((Boreal OR {James Bay} OR James-Bay OR {Clay Belt} OR {canadian shield}) AND (Canada OR Quebec OR Ontario OR newfoundland OR Alberta OR British-Columbia) ) AND PUBYEAR > 1999 AND PUBYEAR < 2020) AND (TITLE-ABS-KEY({Climate change} OR {Climatic change} OR {global warming}) AND PUBYEAR > 1999 AND PUBYEAR < 2020) AND (TITLE-ABS-KEY(Mining AND (Metal OR mineral OR Ore)) AND PUBYEAR > 1999 AND PUBYEAR < 2020))"


Number of results : 4

"ACCESS TYPE",,"YEAR",,"AUTHOR NAME",,"SUBJECT AREA",,"DOCUMENT TYPE",,"PUBLICATION STAGE",,"SOURCE TITLE",,"KEYWORD",,"AFFILIATION",,"FUNDING SPONSOR",,"COUNTRY",,"SOURCE TYPE",,"LANGUAGE",
"Open Access","1","2015","1","Beall, F.","1","Agricultural and Biological Sciences","1","Review","3","final","4","Environmental Reviews","2","Canada","3","Canadian Forest Service","2","Natural Sciences and Engineering Research Council of Canada","1","Canada","4","Journals","4","English","4"
"Other","3","2013","2","Beall, F.D.","1","Environmental Science","3","Article","1",,,"Ecological Applications","1","Climate Change","3","Western University","2","Western University","1",,,,,,
,,"2006","1","Ciborowski, J.J.H.","1",,,,,,,"Forestry Chronicle","1","Forestry","3","Natural Resources Canada","2","Undefined","2",,,,,,
,,,,"Costa, J.M.G.","1",,,,,,,,,"Oil Sands","3","University of Alberta","2",,,,,,,,
,,,,"Creed, I.","1",,,,,,,,,"Wetlands","3","University of Calgary","1",,,,,,,,
,,,,"Creed, I.F.","1",,,,,,,,,"Hydrology","2","University of Windsor","1",,,,,,,,
,,,,"Daly, C.","1",,,,,,,,,"Mining","2","University of Waterloo","1",,,,,,,,
,,,,"Dixon, D.G.","1",,,,,,,,,"Natural Resources","2","University of Saskatchewan","1",,,,,,,,
,,,,"Farwell, A.J.","1",,,,,,,,,"Wetland","2","Suncor Energy, Inc.","1",,,,,,,,
,,,,"Foote, A.L.","1",,,,,,,,,"Abandoned Mines","1",,,,,,,,,,
,,,,"Foote, L.","1",,,,,,,,,"Air Pollution","1",,,,,,,,,,
,,,,"Frederick, K.R.","1",,,,,,,,,"Animal","1",,,,,,,,,,
,,,,"Kennedy, K.","1",,,,,,,,,"Animals","1",,,,,,,,,,
,,,,"Kovalenko, K.E.","1",,,,,,,,,"Application Programs","1",,,,,,,,,,
,,,,"Kreutzweiser, D.","1",,,,,,,,,"Aquatic Community","1",,,,,,,,,,
,,,,"Kreutzweiser, D.P.","1",,,,,,,,,"Article","1",,,,,,,,,,
,,,,"Krogman, N.","1",,,,,,,,,"Bacteria","1",,,,,,,,,,
,,,,"Liber, K.","1",,,,,,,,,"Bacterium","1",,,,,,,,,,
,,,,"Roy, M.C.","1",,,,,,,,,"Best Management Practices","1",,,,,,,,,,
,,,,"Slama, C.A.","1",,,,,,,,,"Biochemistry","1",,,,,,,,,,
,,,,"Smits, J.E.G.","1",,,,,,,,,"Biodiversity","1",,,,,,,,,,
,,,,"Thompson, D.","1",,,,,,,,,"Biogeochemistry","1",,,,,,,,,,
,,,,"Webster, K.","1",,,,,,,,,"Biomass","1",,,,,,,,,,
,,,,"Webster, K.L.","1",,,,,,,,,"Boreal","1",,,,,,,,,,
,,,,,,,,,,,,,,"Boreal Forest","1",,,,,,,,,,
,,,,,,,,,,,,,,"Carbon Flows","1",,,,,,,,,,
,,,,,,,,,,,,,,"Chemistry","1",,,,,,,,,,
,,,,,,,,,,,,,,"Classification","1",,,,,,,,,,
,,,,,,,,,,,,,,"Climates","1",,,,,,,,,,
,,,,,,,,,,,,,,"Conservation","1",,,,,,,,,,
,,,,,,,,,,,,,,"Conservation Of Natural Resources","1",,,,,,,,,,
,,,,,,,,,,,,,,"Conservation Planning","1",,,,,,,,,,
,,,,,,,,,,,,,,"Conventional Oil And Gas","1",,,,,,,,,,
,,,,,,,,,,,,,,"Conversion","1",,,,,,,,,,
,,,,,,,,,,,,,,"Cumulative Effects","1",,,,,,,,,,
,,,,,,,,,,,,,,"Development","1",,,,,,,,,,
,,,,,,,,,,,,,,"Ecological Impact","1",,,,,,,,,,
,,,,,,,,,,,,,,"Ecosystem Function","1",,,,,,,,,,
,,,,,,,,,,,,,,"Electric Power","1",,,,,,,,,,
,,,,,,,,,,,,,,"Electric Power Generation","1",,,,,,,,,,
,,,,,,,,,,,,,,"Environmental Management","1",,,,,,,,,,
,,,,,,,,,,,,,,"Environmental Performance","1",,,,,,,,,,
,,,,,,,,,,,,,,"Environmental Protection","1",,,,,,,,,,
,,,,,,,,,,,,,,"Environmental Stressors","1",,,,,,,,,,
,,,,,,,,,,,,,,"Extraction And Processing Industry","1",,,,,,,,,,
,,,,,,,,,,,,,,"Food Chain","1",,,,,,,,,,
,,,,,,,,,,,,,,"Food Web","1",,,,,,,,,,
,,,,,,,,,,,,,,"Forestry Practice","1",,,,,,,,,,
,,,,,,,,,,,,,,"Forests","1",,,,,,,,,,
,,,,,,,,,,,,,,"Geochemistry","1",,,,,,,,,,
,,,,,,,,,,,,,,"Groundwater","1",,,,,,,,,,
,,,,,,,,,,,,,,"Groundwater Resources","1",,,,,,,,,,
,,,,,,,,,,,,,,"Hydro-electric Power Development","1",,,,,,,,,,
,,,,,,,,,,,,,,"Hydroelectric Power","1",,,,,,,,,,
,,,,,,,,,,,,,,"Impact","1",,,,,,,,,,
,,,,,,,,,,,,,,"Invertebrate","1",,,,,,,,,,
,,,,,,,,,,,,,,"Invertebrates","1",,,,,,,,,,
,,,,,,,,,,,,,,"Land Reclamation","1",,,,,,,,,,
,,,,,,,,,,,,,,"Loss Factors","1",,,,,,,,,,
,,,,,,,,,,,,,,"Macroinvertebrates","1",,,,,,,,,,
,,,,,,,,,,,,,,"Meteorological Problems","1",,,,,,,,,,
,,,,,,,,,,,,,,"Mineral Resources","1",,,,,,,,,,
,,,,,,,,,,,,,,"Naphthenic Acids","1",,,,,,,,,,
,,,,,,,,,,,,,,"North America","1",,,,,,,,,,
,,,,,,,,,,,,,,"Oil Sand","1",,,,,,,,,,
,,,,,,,,,,,,,,"Oil Shale","1",,,,,,,,,,
,,,,,,,,,,,,,,"Peat","1",,,,,,,,,,
,,,,,,,,,,,,,,"Petroleum","1",,,,,,,,,,
,,,,,,,,,,,,,,"Petroleum Engineering","1",,,,,,,,,,
,,,,,,,,,,,,,,"Physiology","1",,,,,,,,,,
,,,,,,,,,,,,,,"Plant","1",,,,,,,,,,
,,,,,,,,,,,,,,"Plants","1",,,,,,,,,,
,,,,,,,,,,,,,,"Pollution","1",,,,,,,,,,
,,,,,,,,,,,,,,"Power Generation","1",,,,,,,,,,
,,,,,,,,,,,,,,"Prognosis","1",,,,,,,,,,
,,,,,,,,,,,,,,"Protection Of Water Resources","1",,,,,,,,,,
,,,,,,,,,,,,,,"Pulp","1",,,,,,,,,,
,,,,,,,,,,,,,,"Pulp And Paper Mill Effluents","1",,,,,,,,,,
,,,,,,,,,,,,,,"Recharging (underground Waters)","1",,,,,,,,,,
,,,,,,,,,,,,,,"Reservoirs (water)","1",,,,,,,,,,
,,,,,,,,,,,,,,"Resource Development","1",,,,,,,,,,
,,,,,,,,,,,,,,"Restoration Ecology","1",,,,,,,,,,
,,,,,,,,,,,,,,"Risk Assessment","1",,,,,,,,,,
,,,,,,,,,,,,,,"River Pollution","1",,,,,,,,,,
,,,,,,,,,,,,,,"Silicon Dioxide","1",,,,,,,,,,
,,,,,,,,,,,,,,"Soil","1",,,,,,,,,,
,,,,,,,,,,,,,,"Soil Conservation","1",,,,,,,,,,
,,,,,,,,,,,,,,"Surface Water Resources","1",,,,,,,,,,
,,,,,,,,,,,,,,"Surface Waters","1",,,,,,,,,,
,,,,,,,,,,,,,,"Tar Sands","1",,,,,,,,,,
,,,,,,,,,,,,,,"Tundra","1",,,,,,,,,,
,,,,,,,,,,,,,,"Water Conservation","1",,,,,,,,,,
,,,,,,,,,,,,,,"Water Management","1",,,,,,,,,,
,,,,,,,,,,,,,,"Water Pollution","1",,,,,,,,,,
,,,,,,,,,,,,,,"Water Quality","1",,,,,,,,,,
,,,,,,,,,,,,,,"Water Quantities","1",,,,,,,,,,
,,,,,,,,,,,,,,"Water Quantity","1",,,,,,,,,,
,,,,,,,,,,,,,,"Water Resources","1",,,,,,,,,,
,,,,,,,,,,,,,,"Water Sheds","1",,,,,,,,,,
,,,,,,,,,,,,,,"Water Supply","1",,,,,,,,,,
,,,,,,,,,,,,,,"Watershed","1",,,,,,,,,,
,,,,,,,,,,,,,,"Watershed Management","1",,,,,,,,,,
,,,,,,,,,,,,,,"Watersheds","1",,,,,,,,,,
,,,,,,,,,,,,,,"Western Boreal Forest","1",,,,,,,,,,
,,,,,,,,,,,,,,"Wetland Management","1",,,,,,,,,,
,,,,,,,,,,,,,,"Wetland Reclamation","1",,,,,,,,,,
,,,,,,,,,,,,,,"Wetland Retention","1",,,,,,,,,,
,,,,,,,,,,,,,,"Wetland Values","1",,,,,,,,,,
,,,,,,,,,,,,,,,,,,,,,,,,,
,,,,,,,,,,,,,,,,,,,,,,,,,
,,,,,,,,,,,,,,,,,,,,,,,,,
,,,,,,,,,,,,,,,,,,,,,,,,,
,,,,,,,,,,,,,,,,,,,,,,,,,
,,,,,,,,,,,,,,,,,,,,,,,,,
,,,,,,,,,,,,,,,,,,,,,,,,,
,,,,,,,,,,,,,,,,,,,,,,,,,
,,,,,,,,,,,,,,,,,,,,,,,,,
,,,,,,,,,,,,,,,,,,,,,,,,,
,,,,,,,,,,,,,,,,,,,,,,,,,
,,,,,,,,,,,,,,,,,,,,,,,,,
,,,,,,,,,,,,,,,,,,,,,,,,,
,,,,,,,,,,,,,,,,,,,,,,,,,
,,,,,,,,,,,,,,,,,,,,,,,,,
,,,,,,,,,,,,,,,,,,,,,,,,,
,,,,,,,,,,,,,,,,,,,,,,,,,
,,,,,,,,,,,,,,,,,,,,,,,,,
,,,,,,,,,,,,,,,,,,,,,,,,,
,,,,,,,,,,,,,,,,,,,,,,,,,
,,,,,,,,,,,,,,,,,,,,,,,,,
,,,,,,,,,,,,,,,,,,,,,,,,,
,,,,,,,,,,,,,,,,,,,,,,,,,
,,,,,,,,,,,,,,,,,,,,,,,,,
,,,,,,,,,,,,,,,,,,,,,,,,,
,,,,,,,,,,,,,,,,,,,,,,,,,
,,,,,,,,,,,,,,,,,,,,,,,,,
,,,,,,,,,,,,,,,,,,,,,,,,,
,,,,,,,,,,,,,,,,,,,,,,,,,
,,,,,,,,,,,,,,,,,,,,,,,,,
,,,,,,,,,,,,,,,,,,,,,,,,,
,,,,,,,,,,,,,,,,,,,,,,,,,
,,,,,,,,,,,,,,,,,,,,,,,,,
,,,,,,,,,,,,,,,,,,,,,,,,,
,,,,,,,,,,,,,,,,,,,,,,,,,
,,,,,,,,,,,,,,,,,,,,,,,,,
,,,,,,,,,,,,,,,,,,,,,,,,,
,,,,,,,,,,,,,,,,,,,,,,,,,
,,,,,,,,,,,,,,,,,,,,,,,,,
,,,,,,,,,,,,,,,,,,,,,,,,,
,,,,,,,,,,,,,,,,,,,,,,,,,
,,,,,,,,,,,,,,,,,,,,,,,,,
,,,,,,,,,,,,,,,,,,,,,,,,,
,,,,,,,,,,,,,,,,,,,,,,,,,
,,,,,,,,,,,,,,,,,,,,,,,,,
,,,,,,,,,,,,,,,,,,,,,,,,,
,,,,,,,,,,,,,,,,,,,,,,,,,
,,,,,,,,,,,,,,,,,,,,,,,,,
,,,,,,,,,,,,,,,,,,,,,,,,,
,,,,,,,,,,,,,,,,,,,,,,,,,
,,,,,,,,,,,,,,,,,,,,,,,,,
,,,,,,,,,,,,,,,,,,,,,,,,,
