﻿Scopus refine results values

"Your query : ((TITLE-ABS-KEY((Boreal OR {James Bay} OR James-Bay OR {Clay Belt} OR {canadian shield}) AND (Canada OR Quebec OR Ontario OR newfoundland OR Alberta OR British-Columbia) ) AND PUBYEAR > 1999 AND PUBYEAR < 2020) AND (TITLE-ABS-KEY(Forestry OR {Forest management} OR {Forest practices}) AND PUBYEAR > 1999 AND PUBYEAR < 2020) AND (TITLE-ABS-KEY(Contamination OR Contaminant OR Pollut* OR  {acid rain} OR {nitrogen deposition} ) AND PUBYEAR > 1999 AND PUBYEAR < 2020))"


Number of results : 66

"ACCESS TYPE",,"YEAR",,"AUTHOR NAME",,"SUBJECT AREA",,"DOCUMENT TYPE",,"PUBLICATION STAGE",,"SOURCE TITLE",,"KEYWORD",,"AFFILIATION",,"FUNDING SPONSOR",,"COUNTRY",,"SOURCE TYPE",,"LANGUAGE",
"Open Access","4","2019","3","Hintelmann, H.","3","Agricultural and Biological Sciences","17","Article","55","final","66","Science Of The Total Environment","9","Forestry","61","University of Alberta","10","Natural Sciences and Engineering Research Council of Canada","7","Canada","58","Journals","61","English","66"
"Other","62","2018","2","Nour, M.H.","3","Biochemistry, Genetics and Molecular Biology","1","Conference Paper","5",,,"Environmental Science And Technology","5","Canada","53","Environment Canada","8","Canadian Forest Service","2","United States","15","Trade Publications","3",,
,,"2017","3","Prepas, E.E.","3","Chemical Engineering","3","Review","5",,,"Canadian Journal Of Forest Research","4","Boreal Forest","39","Canadian Forest Service","8","Natural Resources Canada","2","Germany","3","Book Series","1",,
,,"2016","6","Prescott, C.E.","3","Chemistry","5","Short Survey","1",,,"Environmental Pollution","3","Article","26","The University of British Columbia","6","Aaniiih Nakoda College","1","Sweden","3","Conference Proceedings","1",,
,,"2015","5","Rudd, J.W.M.","3","Decision Sciences","1",,,,,"Environmental Reviews","3","Taiga","17","Natural Resources Canada","6","Academy of Finland","1","United Kingdom","3",,,,
,,"2014","2","Smith, D.W.","3","Earth and Planetary Sciences","10",,,,,"Environmental Toxicology And Chemistry","3","Boreal Forests","16","Trent University","6","Alberta Agricultural Research Institute","1","Austria","2",,,,
,,"2013","2","Bytnerowicz, A.","2","Energy","3",,,,,"Journal Of Geophysical Research Atmospheres","3","Environmental Monitoring","16","University of Saskatchewan","5","Alberta Conservation Association","1","France","2",,,,
,,"2012","5","Bégin, C.","2","Engineering","2",,,,,"Water Air And Soil Pollution","3","Fires","16","Université Laval","5","BioFuelNet Canada","1","Switzerland","2",,,,
,,"2011","1","Carignan, R.","2","Environmental Science","55",,,,,"Environmental Monitoring And Assessment","2","Forest","16","Harvard University","4","British Geological Survey","1","Finland","1",,,,
,,"2010","2","Duchesne, L.","2","Immunology and Microbiology","1",,,,,"Forestry Chronicle","2","North America","16","Ontario Ministry of Natural Resources","4","CRDF Global","1","Italy","1",,,,
,,"2009","5","Fenn, M.E.","2","Pharmacology, Toxicology and Pharmaceutics","3",,,,,"Geophysical Research Letters","2","Soils","16","Lakehead University","4","Canada Foundation for Innovation","1","Netherlands","1",,,,
,,"2008","3","Garcia, E.","2",,,,,,,"Journal Of Environmental Quality","2","Ecosystems","14","McGill University","3","Canada Research Chairs","1","Nigeria","1",,,,
,,"2007","4","Graydon, J.A.","2",,,,,,,"Recycled Paper News","2","Trees","14","University of Montreal","3","Canadian Foundation for Climate and Atmospheric Sciences","1","Norway","1",,,,
,,"2006","6","Grayston, S.J.","2",,,,,,,"Applied And Environmental Microbiology","1","Forests","13","University of Toronto","3","Cape Breton University","1","South Korea","1",,,,
,,"2005","3","Houle, D.","2",,,,,,,"Applied Energy","1","Soil","13","Geological Survey of Canada","3","Fonds QuÃ©bÃ©cois de la Recherche sur la Nature et les Technologies","1","Undefined","2",,,,
,,"2004","4","Kelly, C.A.","2",,,,,,,"Biomass And Bioenergy","1","Controlled Study","12","University of Ottawa, Canada","3","Fonds de recherche du QuÃ©bec â Nature et technologies","1",,,,,,
,,"2003","2","Krabbenhoft, D.P.","2",,,,,,,"Bioresource Technology","1","Nonhuman","12","R and K Research Inc.","2","Health Canada","1",,,,,,
,,"2002","2","Kreutzweiser, D.P.","2",,,,,,,"Bulletin Of The American Meteorological Society","1","Priority Journal","12","University of Colorado Boulder","2","Helsingin Yliopisto","1",,,,,,
,,"2001","3","Lean, D.R.S.","2",,,,,,,"Canadian Journal Of Soil Science","1","Air Pollution","11","USDA Forest Service Pacific Southwest Research Station","2","Hydro-QuÃ©bec","1",,,,,,
,,"2000","3","Lehnherr, I.","2",,,,,,,"Climatic Change","1","Forest Fire","11","Great Lakes Forestry Centre","2","Luonnontieteiden ja Tekniikan Tutkimuksen Toimikunta","1",,,,,,
,,,,"Lindberg, S.E.","2",,,,,,,"Ecological Engineering","1","Nitrogen","11","USDA Forest Service","2","Ministry of Natural Resources","1",,,,,,
,,,,"MacKenzie, M.D.","2",,,,,,,"Ecological Indicators","1","Oil Sands","11","Freshwater Institute, Fisheries and Oceans Canada","2","MinistÃ¨re des ForÃªts, de la Faune et des Parcs","1",,,,,,
,,,,"Parent, M.","2",,,,,,,"Ecological Modelling","1","Watersheds","11","Cooperative Institute for Research in Environmental Sciences","2","National Science Foundation","1",,,,,,
,,,,"Perera, A.H.","2",,,,,,,"Environmental Technology","1","Climate Change","10","Fisheries and Oceans Canada","2","Ontario Innovation Trust","1",,,,,,
,,,,"Quideau, S.A.","2",,,,,,,"Forest Ecology And Management","1","Soil Pollution","10","United States Geological Survey","2","Organization of American States","1",,,,,,
,,,,"Sandilands, K.A.","2",,,,,,,"Forests","1","Air Pollutants","9","Ontario Forest Research Institute","2","U.S. Department of Energy","1",,,,,,
,,,,"Savard, M.M.","2",,,,,,,"Geoderma","1","Alberta","9","Agriculture et Agroalimentaire Canada","2","U.S. Forest Service","1",,,,,,
,,,,"Scroggins, R.","2",,,,,,,"Geology","1","Atmospheric Deposition","9","Oak Ridge National Laboratory","2","Western University","1",,,,,,
,,,,"Servranckx, R.","2",,,,,,,"Hydrological Processes","1","Carbon","9","ETH Zürich","2","Undefined","45",,,,,,
,,,,"Siciliano, S.D.","2",,,,,,,"Hydrology And Management Of Forested Wetlands Proceeding Of The International Conference","1","Chemistry","9","National Oceanic and Atmospheric Administration","2",,,,,,,,
,,,,"St. Louis, V.L.","2",,,,,,,"Journal Of Environmental Engineering And Science","1","Concentration (parameters)","9","INRS- Centre Eau, Terre &amp; Environnement","2",,,,,,,,
,,,,"Thiffault, E.","2",,,,,,,"NCASI Technical Bulletin","1","Water Quality","9","Northern Forestry Centre","2",,,,,,,,
,,,,"Watmough, S.A.","2",,,,,,,"New Forests","1","Watershed","9","Biosphere Solutions","1",,,,,,,,
,,,,"Wotawa, G.","2",,,,,,,"Organic Geochemistry","1","Concentration (composition)","8","CPI","1",,,,,,,,
,,,,"Aaltonen, H.","1",,,,,,,"Water Resources Research","1","Coniferous Tree","8","Nova Scotia Environment","1",,,,,,,,
,,,,"Abe, T.A.","1",,,,,,,"Water Science And Technology","1","Deforestation","8","Rudd and Kelly Research, Inc.","1",,,,,,,,
,,,,"Achim, A.","1",,,,,,,,,"Fire","8","WWF-Canada","1",,,,,,,,
,,,,"Ahad, J.M.E.","1",,,,,,,,,"Forest Fires","8","Saskatchewan Ministry of Environment","1",,,,,,,,
,,,,"Aherne, J.","1",,,,,,,,,"Harvesting","8","ISL Engineering and Land Services Ltd.","1",,,,,,,,
,,,,"Alexander, D.","1",,,,,,,,,"Lakes","8","Met European Research Observatory","1",,,,,,,,
,,,,"Alfred, J.","1",,,,,,,,,"Pollution","8","Wood Buffalo Environmental Association","1",,,,,,,,
,,,,"Anderson, J.","1",,,,,,,,,"Water Pollution","8","Direction de la Recherche Forestire","1",,,,,,,,
,,,,"Andrews, E.","1",,,,,,,,,"Water Sheds","8","Enmosys","1",,,,,,,,
,,,,"Arocena, J.M.","1",,,,,,,,,"Air Pollutant","7","1LGL Limited Environmental Research Associates","1",,,,,,,,
,,,,"Asselin, H.","1",,,,,,,,,"Animals","7","Ministère des Forêts","1",,,,,,,,
,,,,"Avery, M.A.","1",,,,,,,,,"Biomass","7","Cranfield MK43 0AL","1",,,,,,,,
,,,,"Barrette, J.","1",,,,,,,,,"Ecology","7","University of East Anglia","1",,,,,,,,
,,,,"Bayley, S.E.","1",,,,,,,,,"Ecosystem","7","Radiation Protection Bureau","1",,,,,,,,
,,,,"Beall, F.D.","1",,,,,,,,,"Forest Soil","7","NASA Langley Research Center","1",,,,,,,,
,,,,"Becker, A.","1",,,,,,,,,"Mercury","7","Centre Clermont-Auvergne-Rhône-Alpes","1",,,,,,,,
,,,,"Bellocchi, G.","1",,,,,,,,,"Vegetation","7","Pennsylvania State University","1",,,,,,,,
,,,,"Berninger, F.","1",,,,,,,,,"Wetlands","7","Le réseau de l'Université du Québec","1",,,,,,,,
,,,,"Bevilacqua, R.","1",,,,,,,,,"Athabasca Oil Sands","6","Sonoma Technology, Inc.","1",,,,,,,,
,,,,"Bhatti, J.S.","1",,,,,,,,,"Boreal","6","Helsingin Yliopisto","1",,,,,,,,
,,,,"Blais, J.M.","1",,,,,,,,,"Carbon Dioxide","6","ORNL Environmental Sciences Division","1",,,,,,,,
,,,,"Bordeleau, S.","1",,,,,,,,,"Deposition","6","Universite du Quebec en Abitibi-Temiscamingue","1",,,,,,,,
,,,,"Bouman, O.T.","1",,,,,,,,,"Forest Management","6","Geological Survey of Canada Calgary","1",,,,,,,,
,,,,"Branfireun, B.A.","1",,,,,,,,,"Isotopes","6","NASA Ames Research Center","1",,,,,,,,
,,,,"Brune, W.","1",,,,,,,,,"Landforms","6","Università degli Studi del Sannio","1",,,,,,,,
,,,,"Bugmann, H.K.M.","1",,,,,,,,,"Landscape","6","ESRI","1",,,,,,,,
,,,,"Buhr, M.P.","1",,,,,,,,,"Mercury (element)","6","Yale University","1",,,,,,,,
,,,,"Burkhart, J.F.","1",,,,,,,,,"Mercury (metal)","6","Chonnam National University","1",,,,,,,,
,,,,"Burrows, J.P.","1",,,,,,,,,"Oil Sand","6","Deutsches Zentrum fur Luft- Und Raumfahrt","1",,,,,,,,
,,,,"Buse, L.J.","1",,,,,,,,,"Organic Carbon","6","Utrecht University","1",,,,,,,,
,,,,"Butterfield, D.","1",,,,,,,,,"Picea","6","University of Bremen","1",,,,,,,,
,,,,"Bélanger, N.","1",,,,,,,,,"Wildfire","6","Duke University","1",,,,,,,,
,,,,"Cameron, R.","1",,,,,,,,,"Analysis","5","UC Merced","1",,,,,,,,
,,,,"Carver, G.D.","1",,,,,,,,,"Atmospheric Pollution","5","National Geophysical Data Center","1",,,,,,,,
,,,,"Chang, S.X.","1",,,,,,,,,"Biogeochemistry","5","Western University","1",,,,,,,,
,,,,"Chanway, C.P.","1",,,,,,,,,"Catchment","5","Obafemi Awolowo University","1",,,,,,,,
,,,,"Chen, N.","1",,,,,,,,,"Deciduous Tree","5","University of Northern British Columbia","1",,,,,,,,
,,,,"Choi, W.J.","1",,,,,,,,,"Fire Hazards","5","Norsk institutt for luftforskning","1",,,,,,,,
,,,,"Clackett, S.P.","1",,,,,,,,,"Fresh Water","5","University of Leeds","1",,,,,,,,
,,,,"Clark, D.F.","1",,,,,,,,,"Hydrology","5","Laurentian University","1",,,,,,,,
,,,,"Cook, P.A.","1",,,,,,,,,"Invertebrata","5","Oregon State University","1",,,,,,,,
,,,,"Creed, I.F.","1",,,,,,,,,"Lake","5","Lethbridge Research Centre","1",,,,,,,,
,,,,"Cumming, B.F.","1",,,,,,,,,"Logging","5","Queen's University, Kingston","1",,,,,,,,
,,,,"Cárcamo, H.A.","1",,,,,,,,,"Mining","5","Saint Mary's University","1",,,,,,,,
,,,,"Côté, B.","1",,,,,,,,,"Nitrogen Deposition","5","University of York","1",,,,,,,,
,,,,"D'Amours, R.","1",,,,,,,,,"Nitrogen Oxides","5","Saskatchewan Research Council","1",,,,,,,,
,,,,"Das, B.","1",,,,,,,,,"Peat","5","Università degli Studi di Napoli Federico II","1",,,,,,,,
,,,,"Dastoor, A.P.","1",,,,,,,,,"Pine","5","Nature Conservancy","1",,,,,,,,
,,,,"De Geer, L.E.","1",,,,,,,,,"Pinus Banksiana","5","Met Office","1",,,,,,,,
,,,,"De Grandpré, L.","1",,,,,,,,,"Pollution Control","5","Health Canada","1",,,,,,,,
,,,,"Dillon, P.J.","1",,,,,,,,,"Quebec [Canada]","5","Technical University of Munich","1",,,,,,,,
,,,,"Diodato, N.","1",,,,,,,,,"Rivers","5","Institut Pierre Simon Laplace","1",,,,,,,,
,,,,"Drescher, M.","1",,,,,,,,,"Soil Analysis","5","United States Environmental Protection Agency","1",,,,,,,,
,,,,"Drever, C.R.","1",,,,,,,,,"Soil Pollutants","5","University of Virginia","1",,,,,,,,
,,,,"Drever, M.C.","1",,,,,,,,,"Summer","5","Osterreichische Institut fur Internationale Politik","1",,,,,,,,
,,,,"Durocher, S.","1",,,,,,,,,"Tree","5","Alfred-Wegener-Institut Helmholtz-Zentrum für Polar- und Meeresforschung","1",,,,,,,,
,,,,"D’Orangeville, L.","1",,,,,,,,,"Water Pollutants, Chemical","5","Universitat fur Bodenkultur Wien","1",,,,,,,,
,,,,"Eickmeyer, D.C.","1",,,,,,,,,"Biodiversity","4","University of Oxford","1",,,,,,,,
,,,,"El-Din, M.G.","1",,,,,,,,,"Climate","4","Sveriges lantbruksuniversitet","1",,,,,,,,
,,,,"Farrell, R.E.","1",,,,,,,,,"Computer Simulation","4","Physikalisch-Meteorologisches Observatorium Davos World Radiation Center","1",,,,,,,,
,,,,"Fehsenfeld, F.C.","1",,,,,,,,,"Environmental Disturbance","4","Université du Québec à Montréal","1",,,,,,,,
,,,,"Feng, R.","1",,,,,,,,,"Environmental Exposure","4","Stockholms universitet","1",,,,,,,,
,,,,"Fiorillo, F.","1",,,,,,,,,"Environmental Impact","4","Syncrude Canada Ltd.","1",,,,,,,,
,,,,"Forster, C.","1",,,,,,,,,"Gas Emissions","4","Cape Breton University","1",,,,,,,,
,,,,"France, R.","1",,,,,,,,,"Geochemistry","4","University of Regina","1",,,,,,,,
,,,,"France, R.L.","1",,,,,,,,,"Ion Exchange","4","Keele University","1",,,,,,,,
,,,,"Fraser, C.","1",,,,,,,,,"Logging (forestry)","4","Umeå Universitet","1",,,,,,,,
,,,,"Fromm, M.","1",,,,,,,,,"Mathematical Models","4","University of Cambridge","1",,,,,,,,
,,,,"Frączek, W.","1",,,,,,,,,"Methylmercury","4","University of Wisconsin-Madison","1",,,,,,,,
,,,,"Fung, M.","1",,,,,,,,,"Ontario","4","US EPA National Health and Environmental Effects Research Laboratory","1",,,,,,,,
,,,,"Futter, M.N.","1",,,,,,,,,"Ontario [Canada]","4","University of Leicester","1",,,,,,,,
,,,,"Gagnon, C.","1",,,,,,,,,"Picea Glauca","4","Concordia University","1",,,,,,,,
,,,,"Gamal El-Din, M.","1",,,,,,,,,"Plants","4","Ministère de l‘Energie et des Ressources naturelles du Québec","1",,,,,,,,
,,,,"Goudie, I.","1",,,,,,,,,"Poaceae","4","Institut National de la Recherche Scientifique","1",,,,,,,,
,,,,"Greene, D.F.","1",,,,,,,,,"Polycyclic Aromatic Hydrocarbons","4","Jacques Whitford Ltd.","1",,,,,,,,
,,,,"Guadagno, F.M.","1",,,,,,,,,"Populus","4","ECT Oekotoxikologie GmbH","1",,,,,,,,
,,,,"Gunn, J.M.","1",,,,,,,,,"Populus Tremuloides","4","Government of the Northwest Territories","1",,,,,,,,
,,,,"Hall, B.D.","1",,,,,,,,,"Precipitation","4","Consortium Ouranos, Canada","1",,,,,,,,
,,,,"Hamilton, J.G.","1",,,,,,,,,"Revegetation","4","Institut international du développement durable","1",,,,,,,,
,,,,"Harner, T.","1",,,,,,,,,"Sediments","4","Comprehensive Nuclear-Test-Ban Treaty Organization","1",,,,,,,,
,,,,"Hazlett, P.W.","1",,,,,,,,,"Smelting","4","Itä-Suomen yliopisto","1",,,,,,,,
,,,,"Heathcott, M.","1",,,,,,,,,"Snow","4","Laboratoire Atmosphères, Milieux, Observations Spatiales","1",,,,,,,,
,,,,"Heckel, A.","1",,,,,,,,,"Sulfur","4","Wissenschaftszentrum Weihenstephan für Ernährung, Landnutzung und Umwelt","1",,,,,,,,
,,,,"Hemsley, T.L.","1",,,,,,,,,"Sulfur Dioxide","4",,,,,,,,,,
,,,,"Hendershot, W.H.","1",,,,,,,,,"Water Contamination","4",,,,,,,,,,
,,,,"Herber, A.","1",,,,,,,,,"Winter","4",,,,,,,,,,
,,,,"Higgins, S.","1",,,,,,,,,"Wood","4",,,,,,,,,,
,,,,"Hoch, S.W.","1",,,,,,,,,"Acidification","3",,,,,,,,,,
,,,,"Holloway, J.S.","1",,,,,,,,,"Ammonia","3",,,,,,,,,,
,,,,"Hoppel, K.","1",,,,,,,,,"Analytic Method","3",,,,,,,,,,
,,,,"Hornstein, J.","1",,,,,,,,,"Animalia","3",,,,,,,,,,
,,,,"Hsu, Y.M.","1",,,,,,,,,"Anthropogenic Effect","3",,,,,,,,,,
,,,,"Hunt, R.J.","1",,,,,,,,,"Atmosphere","3",,,,,,,,,,
,,,,"Hurley, J.P.","1",,,,,,,,,"Base Cations","3",,,,,,,,,,
,,,,"Hübler, G.","1",,,,,,,,,"Biochemistry","3",,,,,,,,,,
,,,,"Imbeau, L.","1",,,,,,,,,"Canopy","3",,,,,,,,,,
,,,,"Jassal, R.S.","1",,,,,,,,,"Carbon Monoxide","3",,,,,,,,,,
,,,,"Jautzy, J.J.","1",,,,,,,,,"Carbon Sequestration","3",,,,,,,,,,
,,,,"Jean, M.","1",,,,,,,,,"Catchments","3",,,,,,,,,,
,,,,"Junginger, M.","1",,,,,,,,,"Cations","3",,,,,,,,,,
,,,,"Jänsch, S.","1",,,,,,,,,"Chemical Composition","3",,,,,,,,,,
,,,,"Khasa, D.P.","1",,,,,,,,,"Combustion","3",,,,,,,,,,
,,,,"Kim, Y.","1",,,,,,,,,"Coniferophyta","3",,,,,,,,,,
,,,,"Kimpe, L.E.","1",,,,,,,,,"Coniferous Forest","3",,,,,,,,,,
,,,,"Korosi, J.B.","1",,,,,,,,,"Conservation","3",,,,,,,,,,
,,,,"Kowal, D.","1",,,,,,,,,"Contamination","3",,,,,,,,,,
,,,,"Kwak, J.H.","1",,,,,,,,,"Copper","3",,,,,,,,,,
,,,,"Kyle, P.","1",,,,,,,,,"Dissolution","3",,,,,,,,,,
,,,,"Köster, E.","1",,,,,,,,,"Dissolved Organic Carbon","3",,,,,,,,,,
,,,,"Köster, K.","1",,,,,,,,,"Disturbance","3",,,,,,,,,,
,,,,"Laird, K.R.","1",,,,,,,,,"Dry Deposition","3",,,,,,,,,,
,,,,"Lavkulich, L.M.","1",,,,,,,,,"Environmental Pollution","3",,,,,,,,,,
,,,,"Laxton, D.L.","1",,,,,,,,,"Forest Canopy","3",,,,,,,,,,
,,,,"Lee, X.","1",,,,,,,,,"Forest Ecosystem","3",,,,,,,,,,
,,,,"Legge, A.","1",,,,,,,,,"Ion Exchange Resins","3",,,,,,,,,,
,,,,"Lehmann, R.","1",,,,,,,,,"Lake Ecosystem","3",,,,,,,,,,
,,,,"Lei, Y.D.","1",,,,,,,,,"Lake Pollution","3",,,,,,,,,,
,,,,"Lemieux, H.","1",,,,,,,,,"Lake Water","3",,,,,,,,,,
,,,,"Levine, J.G.","1",,,,,,,,,"Litterfall","3",,,,,,,,,,
,,,,"Lewis, A.C.","1",,,,,,,,,"Long Range Transport","3",,,,,,,,,,
,,,,"Li, X.","1",,,,,,,,,"Methyl Mercury","3",,,,,,,,,,
,,,,"Li, Z.","1",,,,,,,,,"Methylmercury Compounds","3",,,,,,,,,,
,,,,"Logan, B.","1",,,,,,,,,"Mineralization","3",,,,,,,,,,
,,,,"Lunder, C.","1",,,,,,,,,"Mixed Forest","3",,,,,,,,,,
,,,,"Lévesque, D.","1",,,,,,,,,"Nitrate","3",,,,,,,,,,
,,,,"Undefined","2",,,,,,,,,"Oil And Gas Fields","3",,,,,,,,,,
