﻿Scopus refine results values

"Your query : ((TITLE-ABS-KEY((Boreal OR {James Bay} OR James-Bay OR {Clay Belt} OR {canadian shield}) AND (Canada OR Quebec OR Ontario OR newfoundland OR Alberta OR British-Columbia) ) AND PUBYEAR > 1999 AND PUBYEAR < 2020) AND (TITLE-ABS-KEY(Mine OR Mining) AND PUBYEAR > 1999 AND PUBYEAR < 2020) AND (TITLE-ABS-KEY(Mining AND (Metal OR mineral OR Ore)) AND PUBYEAR > 1999 AND PUBYEAR < 2020))"


Number of results : 84

"ACCESS TYPE",,"YEAR",,"AUTHOR NAME",,"SUBJECT AREA",,"DOCUMENT TYPE",,"PUBLICATION STAGE",,"SOURCE TITLE",,"KEYWORD",,"AFFILIATION",,"FUNDING SPONSOR",,"COUNTRY",,"SOURCE TYPE",,"LANGUAGE",
"Open Access","10","2019","5","Pinno, B.D.","6","Agricultural and Biological Sciences","25","Article","77","final","84","Canadian Mining Journal","6","Canada","58","University of Alberta","23","Natural Sciences and Engineering Research Council of Canada","13","Canada","71","Journals","72","English","83"
"Other","74","2018","10","MacKenzie, M.D.","5","Biochemistry, Genetics and Molecular Biology","1","Review","4",,,"Exploration And Mining Geology","6","Mining","31","Geological Survey of Canada","7","Canadian Natural Resources Limited","4","United States","6","Trade Publications","10","French","1"
,,"2017","8","Quideau, S.A.","5","Chemistry","2","Book Chapter","1",,,"Canadian Journal Of Forest Research","3","North America","24","Canadian Forest Service","6","Suncor Energy Incorporated","2","United Kingdom","3","Books","1","German","1"
,,"2016","5","Naeth, M.A.","4","Computer Science","1","Conference Paper","1",,,"Economic Geology","3","Boreal Forest","22","Western University","5","University of Alberta","2","Finland","2","Conference Proceedings","1",,
,,"2015","8","Chang, S.X.","3","Earth and Planetary Sciences","34","Short Survey","1",,,"Journal Of Environmental Quality","3","Forestry","21","University of Toronto","5","Alberta Environment and Parks","1","Sweden","2",,,,
,,"2014","3","Dietrich, S.T.","3","Energy","2",,,,,"Applied Geochemistry","2","Canadian Shield","20","University of Ottawa, Canada","5","British Geological Survey","1","Belgium","1",,,,
,,"2013","3","Scales, M.","3","Engineering","8",,,,,"Applied Soil Ecology","2","Oil Sands","20","University of Waterloo","4","Canada Research Chairs","1","China","1",,,,
,,"2012","3","Blais, J.M.","2","Environmental Science","40",,,,,"Canadian Journal Of Earth Sciences","2","Alberta","18","University of Saskatchewan","4","Canadian Institute of Mining, Metallurgy and Petroleum","1","France","1",,,,
,,"2011","4","Dubé, B.","2","Immunology and Microbiology","1",,,,,"Canadian Journal Of Soil Science","2","Land Reclamation","18","Northern Forestry Centre","4","Environment Canada","1","Germany","1",,,,
,,"2010","2","Duke, N.A.","2","Materials Science","3",,,,,"Chemosphere","2","Soils","17","McMaster University","4","Fondation de lâUniversitÃ© du QuÃ©bec en Abitibi-TÃ©miscamingue","1","New Zealand","1",,,,
,,"2009","7","Gaboury, D.","2","Multidisciplinary","2",,,,,"Environmental Monitoring And Assessment","2","Article","15","Université du Québec à Chicoutimi","3","Geological Society of London","1","Nigeria","1",,,,
,,"2008","4","Gosselin, G.","2","Pharmacology, Toxicology and Pharmaceutics","2",,,,,"Environmental Pollution","2","Minerals","14","Ministère de l‘Energie et des Ressources naturelles du Québec","3","Helmholtz-Alberta Initiative","1","Pakistan","1",,,,
,,"2007","6","Grayston, S.J.","2","Social Sciences","4",,,,,"Environmental Reviews","2","Oil Sand","13","Environment Canada","2","MinistÃ¨re des Ressources Naturelles et de la Faune","1","South Africa","1",,,,
,,"2006","4","Hannington, M.D.","2",,,,,,,"Forest Ecology And Management","2","Reclamation","13","University of Calgary","2","Research and Development","1","South Korea","1",,,,
,,"2005","3","Kwak, J.H.","2",,,,,,,"Materials World","2","Mineralization","12","The University of British Columbia","2","Social Sciences and Humanities Research Council of Canada","1","Undefined","9",,,,
,,"2004","4","Landhäusser, S.M.","2",,,,,,,"New Forests","2","Forest Floor","10","Queen's University, Kingston","2","University of British Columbia","1",,,,,,
,,"2002","1","Liber, K.","2",,,,,,,"Restoration Ecology","2","Superior Province","10","Carleton University","2","University of Portsmouth","1",,,,,,
,,"2000","4","Mackenzie, M.D.","2",,,,,,,"Tectonophysics","2","Populus Tremuloides","9","Natural Resources Canada","2","UniversitÃ© du QuÃ©bec Ã  Chicoutimi","1",,,,,,
,,,,"Mercier-Langevin, P.","2",,,,,,,"Beyond The Global City Understanding And Planning For The Diversity Of Ontario","1","Athabasca Oil Sands","8","Université du Québec à Montréal","2","Western University","1",,,,,,
,,,,"Prescott, C.E.","2",,,,,,,"CIM Magazine","1","Biomass","8","Trent University","2","Undefined","58",,,,,,
,,,,"Smol, J.P.","2",,,,,,,"Chemical Geology","1","Ecosystems","8","Université Laval","2",,,,,,,,
,,,,"Tsuji, L.J.S.","2",,,,,,,"Ecohydrology","1","Environmental Monitoring","8","Institut National de la Recherche Scientifique","2",,,,,,,,
,,,,"Watmough, S.A.","2",,,,,,,"Ecological Applications","1","Floors","8","Agnico-Eagle Mines Limited","2",,,,,,,,
,,,,"Zwiazek, J.J.","2",,,,,,,"Ecological Engineering","1","Gold","8","McMaster University, Faculty of Science","2",,,,,,,,
,,,,"Adriasola, A.","1",,,,,,,"Ecological Processes","1","Mineral Exploration","8","Canada-Nunavut Geoscience Office","1",,,,,,,,
,,,,"Aherne, J.","1",,,,,,,"Ecology And Evolution","1","Ontario [Canada]","8","Miramar Mining Corp.","1",,,,,,,,
,,,,"Ahonen, L.","1",,,,,,,"Ecoscience","1","Peat","8","Nuclear Waste Management Organization","1",,,,,,,,
,,,,"Anderson, J.","1",,,,,,,"Environmental Evidence","1","Soil","8","Fortune Minerals Limited","1",,,,,,,,
,,,,"Ballentine, C.J.","1",,,,,,,"Environmental Toxicology And Chemistry","1","Abitibi Belt","7","Linear Gold Corp.","1",,,,,,,,
,,,,"Battigelli, J.P.","1",,,,,,,"Forestry Chronicle","1","Boreal Forests","7","Bureau 3.50","1",,,,,,,,
,,,,"Beall, F.","1",,,,,,,"Forests","1","Concentration (composition)","7","Bureau 1110","1",,,,,,,,
,,,,"Beall, F.D.","1",,,,,,,"Freshwater Biology","1","Deciduous Tree","7","Cree Nation of Ouje-Bougoumou","1",,,,,,,,
,,,,"Benzaazoua, M.","1",,,,,,,"Frontiers In Environmental Science","1","Metals","7","Sensor Geophysical Ltd.","1",,,,,,,,
,,,,"Berclaz, A.","1",,,,,,,"Fundamental And Applied Limnology","1","Mineralogy","7","Bureau 102","1",,,,,,,,
,,,,"Bilodeau, J.C.","1",,,,,,,"Geochimica Et Cosmochimica Acta","1","Nitrogen","7","Consulting Geologist","1",,,,,,,,
,,,,"Biryukova, O.","1",,,,,,,"Geodrilling International","1","Nonhuman","7","Mines Virginia Inc.","1",,,,,,,,
,,,,"Bois, C.H.","1",,,,,,,"Geographische Rundschau","1","Ontario","7","Consortium de Recherche en Exploration Minérale CONSOREM","1",,,,,,,,
,,,,"Bondu, R.","1",,,,,,,"Geoscience Canada","1","Animals","6","Cardno ENTRIX","1",,,,,,,,
,,,,"Borgmann, U.","1",,,,,,,"Geotechnical News","1","Chemistry","6","Illustrator","1",,,,,,,,
,,,,"Bouzahzah, H.","1",,,,,,,"Hydrological Processes","1","Ecology","6","Keyano College","1",,,,,,,,
,,,,"Braden, B.","1",,,,,,,"Integrated Environmental Assessment And Management","1","Forest Floors","6","University of Johannesburg","1",,,,,,,,
,,,,"Brown, R.L.","1",,,,,,,"International Geoscience And Remote Sensing Symposium IGARSS","1","Forest Soil","6","Lapin Yliopisto","1",,,,,,,,
,,,,"Burton, B.","1",,,,,,,"Journal Of Hydrology","1","Land Use","6","Universite de Liege","1",,,,,,,,
,,,,"Buss, J.","1",,,,,,,"Mineralium Deposita","1","Quebec [Canada]","6","INRAE's Occitanie-Montpellier Centre","1",,,,,,,,
,,,,"Calvo-Polanco, M.","1",,,,,,,"Nature","1","Sand","6","Royal Alberta Museum","1",,,,,,,,
,,,,"Camier, W.J.","1",,,,,,,"Plant And Soil","1","Silicate Minerals","6","Shanxi University","1",,,,,,,,
,,,,"Carey, S.K.","1",,,,,,,"Plos One","1","Sodium","6","Mount Royal University","1",,,,,,,,
,,,,"Carpenter, R.L.","1",,,,,,,"Science Of The Total Environment","1","Wetlands","6","Universite du Quebec en Abitibi-Temiscamingue","1",,,,,,,,
,,,,"Carrocci, D.","1",,,,,,,"Soil Biology And Biochemistry","1","Zinc","6","Princeton University","1",,,,,,,,
,,,,"Cary, P.","1",,,,,,,"Soil Science Society Of America Journal","1","Abitibi","5","University of Manchester","1",,,,,,,,
,,,,"Chen, N.","1",,,,,,,"Sustainability Switzerland","1","Biogeochemistry","5","Uppsala Universitet","1",,,,,,,,
,,,,"Ciborowski, J.J.H.","1",,,,,,,"Terra Nova","1","Controlled Study","5","Canada Centre for Remote Sensing","1",,,,,,,,
,,,,"Clark, T.","1",,,,,,,"Transactions Of The Institutions Of Mining And Metallurgy Section B Applied Earth Science","1","Deposition","5","University of Bremen","1",,,,,,,,
,,,,"Cloutier, V.","1",,,,,,,"Water Air And Soil Pollution","1","Geochemistry","5","University of Manitoba","1",,,,,,,,
,,,,"Corriveau, L.","1",,,,,,,"Zeitschrift Fur Angewandte Geologie","1","Massive Sulfide","5","Obafemi Awolowo University","1",,,,,,,,
,,,,"Costa, J.M.G.","1",,,,,,,,,"Picea Glauca","5","University of Northern British Columbia","1",,,,,,,,
,,,,"Couillard, Y.","1",,,,,,,,,"Reclaimed Land","5","University of Windsor","1",,,,,,,,
,,,,"Creed, I.","1",,,,,,,,,"Soil Pollution","5","Laurentian University","1",,,,,,,,
,,,,"Creed, I.F.","1",,,,,,,,,"Taiga","5","Brandon University","1",,,,,,,,
,,,,"Croser, C.","1",,,,,,,,,"Wetland","5","University of Massachusetts Amherst","1",,,,,,,,
,,,,"Daigneault, R.","1",,,,,,,,,"Acidification","4","Smithsonian Institution","1",,,,,,,,
,,,,"Daly, C.","1",,,,,,,,,"Atmospheric Deposition","4","Stockholm Environment Institute","1",,,,,,,,
,,,,"Darling, J.R.","1",,,,,,,,,"Boreal Forest Ecosystems","4","Memorial University of Newfoundland","1",,,,,,,,
,,,,"Das Gupta, S.","1",,,,,,,,,"Carbon","4","Geologian Tutkimuskeskus","1",,,,,,,,
,,,,"David, J.","1",,,,,,,,,"Deformation","4","Mokpo National University","1",,,,,,,,
,,,,"Davis, D.W.","1",,,,,,,,,"Ecosystem Function","4","GNS Science","1",,,,,,,,
,,,,"Davis, W.J.","1",,,,,,,,,"Gold Mine","4","Lancaster University","1",,,,,,,,
,,,,"Debortoli, L.A.","1",,,,,,,,,"Groundwater","4","University of Portsmouth","1",,,,,,,,
,,,,"Dimitriu, P.A.","1",,,,,,,,,"Growth","4","Lakehead University","1",,,,,,,,
,,,,"Dimmell, P.M.","1",,,,,,,,,"James Bay","4","McMaster University, Faculty of Health Sciences","1",,,,,,,,
,,,,"Dixon, D.G.","1",,,,,,,,,"Landscape","4","Southern Illinois University at Carbondale","1",,,,,,,,
,,,,"Doig, L.E.","1",,,,,,,,,"Metal","4","INRS- Centre Eau, Terre &amp; Environnement","1",,,,,,,,
,,,,"Doyle, P.","1",,,,,,,,,"Microbial Activity","4","Bedford Institute of Oceanography, Fisheries and Oceans Canada","1",,,,,,,,
,,,,"Duan, M.","1",,,,,,,,,"Mineral Deposit","4","Ryerson University","1",,,,,,,,
,,,,"Ebbs, S.","1",,,,,,,,,"Northwest Territories","4","Sindh Agriculture University","1",,,,,,,,
,,,,"Eickmeyer, D.C.","1",,,,,,,,,"Oil Fields","4","Vale S.A.","1",,,,,,,,
,,,,"Ellen Macdonald, S.","1",,,,,,,,,"Picea","4","Gouvernement du Canada","1",,,,,,,,
,,,,"Enterina, J.R.","1",,,,,,,,,"Poaceae","4","Cabot Corporation","1",,,,,,,,
,,,,"Errington, R.C.","1",,,,,,,,,"Restoration Ecology","4","Government of the Northwest Territories","1",,,,,,,,
,,,,"Evans, P.","1",,,,,,,,,"Smelting","4","Ministry of Forests and Range","1",,,,,,,,
,,,,"Fair, J.M.","1",,,,,,,,,"Species Richness","4","Falconbridge Limited","1",,,,,,,,
,,,,"Farrell, R.E.","1",,,,,,,,,"Understory","4","BGC Engineering Inc.","1",,,,,,,,
,,,,"Farwell, A.J.","1",,,,,,,,,"Vegetation","4","Fugro","1",,,,,,,,
,,,,"Feng, R.","1",,,,,,,,,"Vegetation Cover","4","Cogitore Resources Inc.","1",,,,,,,,
,,,,"Foote, A.L.","1",,,,,,,,,"Volcanic Rocks","4","Suncor Energy, Inc.","1",,,,,,,,
,,,,"Foote, L.","1",,,,,,,,,"Volcanogenic Deposit","4","Arktinen keskus, Rovaniemi","1",,,,,,,,
,,,,"Franklin, J.A.","1",,,,,,,,,"Water Contamination","4","Biochimie et Physiologie Moléculaire des Plantes","1",,,,,,,,
,,,,"Frape, S.K.","1",,,,,,,,,"Woody Debris","4","Lancaster Environment Centre","1",,,,,,,,
,,,,"Fredeen, A.L.","1",,,,,,,,,"Animal","3","L'Institut Agro","1",,,,,,,,
,,,,"Frederick, K.R.","1",,,,,,,,,"Anthropogenic Activity","3",,,,,,,,,,
,,,,"Ghaleb, B.","1",,,,,,,,,"Archean","3",,,,,,,,,,
,,,,"Gibson, L.","1",,,,,,,,,"Athabasca Oil Sands Region","3",,,,,,,,,,
,,,,"Gingras-Hill, T.","1",,,,,,,,,"Boreal","3",,,,,,,,,,
,,,,"Glaeser, L.C.","1",,,,,,,,,"Calcium","3",,,,,,,,,,
,,,,"Goad, R.E.","1",,,,,,,,,"Chemical Composition","3",,,,,,,,,,
,,,,"Goodfellow, W.D.","1",,,,,,,,,"Climate Change","3",,,,,,,,,,
,,,,"Goodwin-Bell, J.A.S.","1",,,,,,,,,"Community Composition","3",,,,,,,,,,
,,,,"Gosselin, C.","1",,,,,,,,,"Coniferous Tree","3",,,,,,,,,,
,,,,"Grapentine, L.C.","1",,,,,,,,,"Conservation Of Natural Resources","3",,,,,,,,,,
,,,,"Gunn, J.M.","1",,,,,,,,,"Copper","3",,,,,,,,,,
,,,,"Gupta, S.D.","1",,,,,,,,,"Diamonds","3",,,,,,,,,,
,,,,"Haddaway, N.R.","1",,,,,,,,,"Drilling","3",,,,,,,,,,
,,,,"Hamilton, J.G.","1",,,,,,,,,"Environmental Reclamation","3",,,,,,,,,,
,,,,"Heffernan, V.","1",,,,,,,,,"Forest","3",,,,,,,,,,
,,,,"Hobbs, M.Y.","1",,,,,,,,,"Forest Ecosystem","3",,,,,,,,,,
,,,,"Holland, G.","1",,,,,,,,,"Forests","3",,,,,,,,,,
,,,,"House, J.","1",,,,,,,,,"Geographic Information Systems","3",,,,,,,,,,
,,,,"Hrabi, R.B.","1",,,,,,,,,"Geological Surveys","3",,,,,,,,,,
,,,,"Humphreys, E.R.","1",,,,,,,,,"Granite","3",,,,,,,,,,
,,,,"Jamieson, A.","1",,,,,,,,,"Greenstone Belt","3",,,,,,,,,,
,,,,"Jamro, G.M.","1",,,,,,,,,"Greenstone Belts","3",,,,,,,,,,
,,,,"Janzen, D.T.","1",,,,,,,,,"Human Activity","3",,,,,,,,,,
,,,,"Jeziorski, A.","1",,,,,,,,,"Hydrogeochemistry","3",,,,,,,,,,
,,,,"Johnston, M.E.","1",,,,,,,,,"Iron","3",,,,,,,,,,
,,,,"Kennedy, K.","1",,,,,,,,,"Lakes","3",,,,,,,,,,
,,,,"Khasa, D.P.","1",,,,,,,,,"Landforms","3",,,,,,,,,,
,,,,"Kimpe, L.E.","1",,,,,,,,,"Leaching","3",,,,,,,,,,
,,,,"Klimenko, E.","1",,,,,,,,,"Lithology","3",,,,,,,,,,
,,,,"Korosi, J.B.","1",,,,,,,,,"Manganese","3",,,,,,,,,,
,,,,"Kovalenko, K.E.","1",,,,,,,,,"Metal Recovery","3",,,,,,,,,,
,,,,"Kranabetter, J.M.","1",,,,,,,,,"Meteorological Problems","3",,,,,,,,,,
,,,,"Kreutzweiser, D.","1",,,,,,,,,"Mineral Resources","3",,,,,,,,,,
,,,,"Kreutzweiser, D.P.","1",,,,,,,,,"Moisture","3",,,,,,,,,,
,,,,"Krogman, N.","1",,,,,,,,,"Native Species","3",,,,,,,,,,
,,,,"Kurek, J.","1",,,,,,,,,"Natural Resources","3",,,,,,,,,,
,,,,"L'Heureux, E.","1",,,,,,,,,"Nunavut","3",,,,,,,,,,
,,,,"Labaj, A.L.","1",,,,,,,,,"Nutrient Availability","3",,,,,,,,,,
,,,,"Labbé, J.Y.","1",,,,,,,,,"Nutrients","3",,,,,,,,,,
,,,,"Lacoste, P.","1",,,,,,,,,"Oil Sands Reclamation","3",,,,,,,,,,
,,,,"Lacrampe-Couloume, G.","1",,,,,,,,,"Peat-mineral Mix","3",,,,,,,,,,
,,,,"Lafrance, B.","1",,,,,,,,,"Phosphorus","3",,,,,,,,,,
,,,,"Lasalle, S.","1",,,,,,,,,"Pinus Banksiana","3",,,,,,,,,,
,,,,"Laxton, D.L.","1",,,,,,,,,"Plant Community","3",,,,,,,,,,
,,,,"LeClerc, E.","1",,,,,,,,,"Plant Growth","3",,,,,,,,,,
,,,,"Leclair, A.","1",,,,,,,,,"Pollution Exposure","3",,,,,,,,,,
,,,,"Legault, M.","1",,,,,,,,,"Potassium","3",,,,,,,,,,
,,,,"Lesser, P.","1",,,,,,,,,"Priority Journal","3",,,,,,,,,,
,,,,"Levesque, J.","1",,,,,,,,,"Remote Sensing","3",,,,,,,,,,
,,,,"Leybourne, M.I.","1",,,,,,,,,"Revegetation","3",,,,,,,,,,
,,,,"Li, E.H.Y.","1",,,,,,,,,"Risk Assessment","3",,,,,,,,,,
,,,,"Li, L.","1",,,,,,,,,"Sediment","3",,,,,,,,,,
,,,,"Liberda, E.N.","1",,,,,,,,,"Seedling","3",,,,,,,,,,
,,,,"Lightfoot, P.C.","1",,,,,,,,,"Soil Amendment","3",,,,,,,,,,
,,,,"Logan, A.V.","1",,,,,,,,,"Soil Conservation","3",,,,,,,,,,
,,,,"Lollar, B.S.","1",,,,,,,,,"Soil Organic Matter","3",,,,,,,,,,
,,,,"Lucotte, M.","1",,,,,,,,,"Soil Property","3",,,,,,,,,,
,,,,"Lumley, L.M.","1",,,,,,,,,"Soil Respiration","3",,,,,,,,,,
,,,,"MacKinnon, M.","1",,,,,,,,,"Species Diversity","3",,,,,,,,,,
,,,,"Macdonald, S.E.","1",,,,,,,,,"Sudbury","3",,,,,,,,,,
,,,,"Macrae, M.L.","1",,,,,,,,,"Sulfide Minerals","3",,,,,,,,,,
,,,,"Macura, B.","1",,,,,,,,,"Sulfur","3",,,,,,,,,,
,,,,"Madore, L.","1",,,,,,,,,"Tectonics","3",,,,,,,,,,
,,,,"Manson, H.","1",,,,,,,,,"Trembling Aspen","3",,,,,,,,,,
,,,,"Masson, S.","1",,,,,,,,,"Tundra","3",,,,,,,,,,
,,,,"Maurice, C.","1",,,,,,,,,"Upland Region","3",,,,,,,,,,
,,,,"McAdams, B.N.","1",,,,,,,,,"Water Pollutants, Chemical","3",,,,,,,,,,
,,,,"McKenna, C.","1",,,,,,,,,"Water Pollution","3",,,,,,,,,,
,,,,"McMillan, R.","1",,,,,,,,,"Water Quality","3",,,,,,,,,,
,,,,"Milkereit, B.","1",,,,,,,,,"Watershed","3",,,,,,,,,,
,,,,"Undefined","1",,,,,,,,,"Abandoned Mines","2",,,,,,,,,,
