﻿Scopus refine results values

"Your query : ((TITLE-ABS-KEY((Boreal OR {James Bay} OR James-Bay OR {Clay Belt} OR {canadian shield}) AND (Canada OR Quebec OR Ontario OR newfoundland OR Alberta OR British-Columbia) ) AND PUBYEAR > 1999 AND PUBYEAR < 2020) AND (TITLE-ABS-KEY(Forestry OR {Forest management} OR {Forest practices}) AND PUBYEAR > 1999 AND PUBYEAR < 2020) AND (TITLE-ABS-KEY(Road AND (construction OR Closure)  ) AND PUBYEAR > 1999 AND PUBYEAR < 2020))"


Number of results : 9

"ACCESS TYPE",,"YEAR",,"AUTHOR NAME(filtered by По количеству результатов)",,"SUBJECT AREA(filtered by Alphabet)",,"DOCUMENT TYPE",,"PUBLICATION STAGE",,"SOURCE TITLE(filtered by По количеству результатов)",,"KEYWORD(filtered by По количеству результатов)",,"AFFILIATION",,"FUNDING SPONSOR",,"COUNTRY(filtered by По количеству результатов)",,"SOURCE TYPE",,"LANGUAGE(filtered by По количеству результатов)",
"Open Access","1","2017","2","Cui, W.","2","Agricultural and Biological Sciences","8","Article","8","final","9","Canadian Journal Of Forest Research","2","Canada","7","Ontario Ministry of Natural Resources","4","Ministry of Natural Resources","1","Canada","9","Journals","8","English","9"
"Other","8","2015","1","Martell, D.L.","2","Earth and Planetary Sciences","1","Book Chapter","1",,,"Canadian Journal Of Fisheries And Aquatic Sciences","1","Boreal Forest","4","Universidad de Chile","2","MinistÃ¨re des Ressources Naturelles et de la Faune","1","Chile","2","Books","1",,
,,"2010","2","Palma, C.D.","2","Environmental Science","6",,,,,"Ecohydrology","1","Forestry","4","University of Toronto","2","Natural Sciences and Engineering Research Council of Canada","1","Australia","1",,,,
,,"2009","1","Weintraub, A.","2","Social Sciences","1",,,,,"Forest Plans Of North America","1","Alberta","3","Forest Management Branch","1","Undefined","7","United States","1",,,,
,,"2008","1","Acuna, M.A.","1",,,,,,,"Forests","1","Forest Management","3","Conseil De La Nation Anishnabe Du Lac Simon","1",,,,,,,,
,,"2005","1","Acuña, M.A.","1",,,,,,,"Landscape Ecology","1","Road","3","Universite du Quebec en Abitibi-Temiscamingue","1",,,,,,,,
,,"2000","1","Bayne, E.","1",,,,,,,"North American Journal Of Fisheries Management","1","Road Construction","3","Université du Québec à Rimouski","1",,,,,,,,
,,,,"Courtois, R.","1",,,,,,,"USDA Forest Service General Technical Report PNW","1","Anthropogenic Effect","2","The University of British Columbia","1",,,,,,,,
,,,,"Dussault, C.","1",,,,,,,,,"Boreal Forests","2","Oregon State University","1",,,,,,,,
,,,,"Fortin, D.","1",,,,,,,,,"Ecosystems","2","University of Waterloo","1",,,,,,,,
,,,,"Gunn, J.M.","1",,,,,,,,,"Fish","2","University of Tasmania","1",,,,,,,,
,,,,"Houle, M.","1",,,,,,,,,"Harvesting","2","Co-operative Research Centre for Sustainable Production Forestry","1",,,,,,,,
,,,,"Hunt, L.M.","1",,,,,,,,,"Probability","2","Pontificia Universidad Católica de Chile","1",,,,,,,,
,,,,"Imbeau, L.","1",,,,,,,,,"Quebec [Canada]","2","University of Alberta","1",,,,,,,,
,,,,"Keron, R.","1",,,,,,,,,"Regression Analysis","2","Université Laval","1",,,,,,,,
,,,,"Lester, N.","1",,,,,,,,,"Roads","2","Ministère de l‘Energie et des Ressources naturelles du Québec","1",,,,,,,,
,,,,"Macrae, M.L.","1",,,,,,,,,"Roads And Streets","2","Alberta Sustainable Resource Development","1",,,,,,,,
,,,,"Osko, T.J.","1",,,,,,,,,"Transportation","2","Parks Canada","1",,,,,,,,
,,,,"Ouellet, J.P.","1",,,,,,,,,"Animalia","1","Alberta Conservation Association","1",,,,,,,,
,,,,"Park, D.","1",,,,,,,,,"Athabasca Oil Sands","1","Tembec Inc.","1",,,,,,,,
,,,,"Petrone, R.M.","1",,,,,,,,,"Atmospheric Carbon Dioxide","1",,,,,,,,,,
,,,,"Plach, J.M.","1",,,,,,,,,"Atmospheric Chemistry","1",,,,,,,,,,
,,,,"Rouillard, D.","1",,,,,,,,,"Beavers","1",,,,,,,,,,
,,,,"Scrimgeour, G.","1",,,,,,,,,"Best Management Practices","1",,,,,,,,,,
,,,,"Sein, R.","1",,,,,,,,,"Boreal Shield","1",,,,,,,,,,
,,,,"Sullivan, M.","1",,,,,,,,,"Canid","1",,,,,,,,,,
,,,,"Sullivan, S.","1",,,,,,,,,"Canidae","1",,,,,,,,,,
,,,,"Tremblay, G.","1",,,,,,,,,"Canis Familiaris","1",,,,,,,,,,
,,,,"Valeria, O.","1",,,,,,,,,"Canis Lupus","1",,,,,,,,,,
,,,,"Wood, M.E.","1",,,,,,,,,"Carbon Cycle","1",,,,,,,,,,
,,,,,,,,,,,,,,"Carbon Dioxide","1",,,,,,,,,,
,,,,,,,,,,,,,,"Carbon Exchange","1",,,,,,,,,,
,,,,,,,,,,,,,,"Castoridae","1",,,,,,,,,,
,,,,,,,,,,,,,,"Catchments","1",,,,,,,,,,
,,,,,,,,,,,,,,"Conservation Planning","1",,,,,,,,,,
,,,,,,,,,,,,,,"Culvert","1",,,,,,,,,,
,,,,,,,,,,,,,,"Culverts","1",,,,,,,,,,
,,,,,,,,,,,,,,"Cumulative Effects","1",,,,,,,,,,
,,,,,,,,,,,,,,"Cutblocks","1",,,,,,,,,,
,,,,,,,,,,,,,,"Dam","1",,,,,,,,,,
,,,,,,,,,,,,,,"Dam Construction","1",,,,,,,,,,
,,,,,,,,,,,,,,"Damage","1",,,,,,,,,,
,,,,,,,,,,,,,,"Dams","1",,,,,,,,,,
,,,,,,,,,,,,,,"Disturbance","1",,,,,,,,,,
,,,,,,,,,,,,,,"Ecology","1",,,,,,,,,,
,,,,,,,,,,,,,,"Environmental Conservation","1",,,,,,,,,,
,,,,,,,,,,,,,,"Environmental Disturbance","1",,,,,,,,,,
,,,,,,,,,,,,,,"Environmental Impact Assessment","1",,,,,,,,,,
,,,,,,,,,,,,,,"Environmental Protection","1",,,,,,,,,,
,,,,,,,,,,,,,,"Exogenous Factors","1",,,,,,,,,,
,,,,,,,,,,,,,,"Exploitation","1",,,,,,,,,,
,,,,,,,,,,,,,,"Extrapolation","1",,,,,,,,,,
,,,,,,,,,,,,,,"Fire Loss","1",,,,,,,,,,
,,,,,,,,,,,,,,"Fire Management","1",,,,,,,,,,
,,,,,,,,,,,,,,"Fire Protection","1",,,,,,,,,,
,,,,,,,,,,,,,,"Fires","1",,,,,,,,,,
,,,,,,,,,,,,,,"Fishery Management","1",,,,,,,,,,
,,,,,,,,,,,,,,"Forest","1",,,,,,,,,,
,,,,,,,,,,,,,,"Forest Access Roads","1",,,,,,,,,,
,,,,,,,,,,,,,,"Forest Fire","1",,,,,,,,,,
,,,,,,,,,,,,,,"Forest Fires","1",,,,,,,,,,
,,,,,,,,,,,,,,"Forest Management Planning","1",,,,,,,,,,
,,,,,,,,,,,,,,"Forest Management Units","1",,,,,,,,,,
,,,,,,,,,,,,,,"Forest Planning","1",,,,,,,,,,
,,,,,,,,,,,,,,"Forest Road Networks","1",,,,,,,,,,
,,,,,,,,,,,,,,"Forestry Production","1",,,,,,,,,,
,,,,,,,,,,,,,,"Forests","1",,,,,,,,,,
,,,,,,,,,,,,,,"Fuel Compositions","1",,,,,,,,,,
,,,,,,,,,,,,,,"Goal Programming","1",,,,,,,,,,
,,,,,,,,,,,,,,"Groundwater","1",,,,,,,,,,
,,,,,,,,,,,,,,"Groundwater Concentrations","1",,,,,,,,,,
,,,,,,,,,,,,,,"Habitat","1",,,,,,,,,,
,,,,,,,,,,,,,,"Habitat Fragmentation","1",,,,,,,,,,
,,,,,,,,,,,,,,"Habitat Parameters","1",,,,,,,,,,
,,,,,,,,,,,,,,"Habitat Selection","1",,,,,,,,,,
,,,,,,,,,,,,,,"Habitat Use","1",,,,,,,,,,
,,,,,,,,,,,,,,"Hanging Culverts","1",,,,,,,,,,
,,,,,,,,,,,,,,"Heuristics","1",,,,,,,,,,
,,,,,,,,,,,,,,"Highway Planning","1",,,,,,,,,,
,,,,,,,,,,,,,,"Home Range","1",,,,,,,,,,
,,,,,,,,,,,,,,"Hydraulic Structures","1",,,,,,,,,,
,,,,,,,,,,,,,,"Hypothesis Testing","1",,,,,,,,,,
,,,,,,,,,,,,,,"Lake","1",,,,,,,,,,
,,,,,,,,,,,,,,"Landscape","1",,,,,,,,,,
,,,,,,,,,,,,,,"Linear Programming","1",,,,,,,,,,
,,,,,,,,,,,,,,"Logging","1",,,,,,,,,,
,,,,,,,,,,,,,,"Logging (forestry)","1",,,,,,,,,,
,,,,,,,,,,,,,,"Logging (timber)","1",,,,,,,,,,
,,,,,,,,,,,,,,"Management Practice","1",,,,,,,,,,
,,,,,,,,,,,,,,"Mathematical Models","1",,,,,,,,,,
,,,,,,,,,,,,,,"Mitigation Measures","1",,,,,,,,,,
,,,,,,,,,,,,,,"Mixed Effects Logistic Regression","1",,,,,,,,,,
,,,,,,,,,,,,,,"Mixed Integer Programming","1",,,,,,,,,,
,,,,,,,,,,,,,,"Moisture","1",,,,,,,,,,
,,,,,,,,,,,,,,"N:P Ratio","1",,,,,,,,,,
,,,,,,,,,,,,,,"Net Present Value","1",,,,,,,,,,
,,,,,,,,,,,,,,"Nitrogen","1",,,,,,,,,,
,,,,,,,,,,,,,,"North America","1",,,,,,,,,,
,,,,,,,,,,,,,,"Nutrient Cycling","1",,,,,,,,,,
,,,,,,,,,,,,,,"Nutrients","1",,,,,,,,,,
,,,,,,,,,,,,,,"N : P Ratios","1",,,,,,,,,,
,,,,,,,,,,,,,,"Oil Fields","1",,,,,,,,,,
,,,,,,,,,,,,,,"Oil Sand","1",,,,,,,,,,
,,,,,,,,,,,,,,"Oil Sands","1",,,,,,,,,,
,,,,,,,,,,,,,,"Ontario [Canada]","1",,,,,,,,,,
,,,,,,,,,,,,,,"Parameterization","1",,,,,,,,,,
,,,,,,,,,,,,,,"Parameters","1",,,,,,,,,,
,,,,,,,,,,,,,,"Peat Land","1",,,,,,,,,,
,,,,,,,,,,,,,,"Peatland","1",,,,,,,,,,
,,,,,,,,,,,,,,"Peatlands","1",,,,,,,,,,
,,,,,,,,,,,,,,"Phosphorus","1",,,,,,,,,,
,,,,,,,,,,,,,,"Planning","1",,,,,,,,,,
,,,,,,,,,,,,,,"Planning Practice","1",,,,,,,,,,
,,,,,,,,,,,,,,"Predator-prey Interaction","1",,,,,,,,,,
,,,,,,,,,,,,,,"Predators","1",,,,,,,,,,
,,,,,,,,,,,,,,"Production Control","1",,,,,,,,,,
,,,,,,,,,,,,,,"Productivity","1",,,,,,,,,,
,,,,,,,,,,,,,,"Public Land","1",,,,,,,,,,
,,,,,,,,,,,,,,"Quantitative Analysis","1",,,,,,,,,,
,,,,,,,,,,,,,,"Reproductive Biology","1",,,,,,,,,,
,,,,,,,,,,,,,,"Resource Selection","1",,,,,,,,,,
,,,,,,,,,,,,,,"Resource Selection Functions","1",,,,,,,,,,
,,,,,,,,,,,,,,"Retrospective Study","1",,,,,,,,,,
,,,,,,,,,,,,,,"Road Embankments","1",,,,,,,,,,
,,,,,,,,,,,,,,"Rodent","1",,,,,,,,,,
,,,,,,,,,,,,,,"Salmonidae","1",,,,,,,,,,
,,,,,,,,,,,,,,"Salvelinus","1",,,,,,,,,,
,,,,,,,,,,,,,,"Sander Vitreus","1",,,,,,,,,,
,,,,,,,,,,,,,,"Shoreline","1",,,,,,,,,,
,,,,,,,,,,,,,,"Silviculture","1",,,,,,,,,,
,,,,,,,,,,,,,,"Simulation","1",,,,,,,,,,
,,,,,,,,,,,,,,"Spatial Analysis","1",,,,,,,,,,
,,,,,,,,,,,,,,"Spatially Explicit","1",,,,,,,,,,
,,,,,,,,,,,,,,"Spawning Ground","1",,,,,,,,,,
,,,,,,,,,,,,,,"Species Abundance","1",,,,,,,,,,
,,,,,,,,,,,,,,"Stream","1",,,,,,,,,,
,,,,,,,,,,,,,,"Stream Flow","1",,,,,,,,,,
,,,,,,,,,,,,,,"Stream Fragmentation","1",,,,,,,,,,
,,,,,,,,,,,,,,"Study Areas","1",,,,,,,,,,
,,,,,,,,,,,,,,"Sustained Yield","1",,,,,,,,,,
,,,,,,,,,,,,,,"Teleost","1",,,,,,,,,,
,,,,,,,,,,,,,,"Terrestrial Carbon Exchange","1",,,,,,,,,,
,,,,,,,,,,,,,,"Timber","1",,,,,,,,,,
,,,,,,,,,,,,,,"Timber Harvesting","1",,,,,,,,,,
,,,,,,,,,,,,,,"Timber Harvests","1",,,,,,,,,,
,,,,,,,,,,,,,,"Timber Production","1",,,,,,,,,,
,,,,,,,,,,,,,,"Traditional Planning","1",,,,,,,,,,
,,,,,,,,,,,,,,"Upstream Movement Barriers","1",,,,,,,,,,
,,,,,,,,,,,,,,"Value Model","1",,,,,,,,,,
,,,,,,,,,,,,,,"Vegetation Composition","1",,,,,,,,,,
,,,,,,,,,,,,,,"Watershed","1",,,,,,,,,,
,,,,,,,,,,,,,,"Watersheds","1",,,,,,,,,,
,,,,,,,,,,,,,,"Wetland","1",,,,,,,,,,
,,,,,,,,,,,,,,"Wetlands","1",,,,,,,,,,
,,,,,,,,,,,,,,"Wildlife Habitat","1",,,,,,,,,,
,,,,,,,,,,,,,,"Wildlife Management","1",,,,,,,,,,
,,,,,,,,,,,,,,"Wolves","1",,,,,,,,,,
,,,,,,,,,,,,,,,,,,,,,,,,,
,,,,,,,,,,,,,,,,,,,,,,,,,
,,,,,,,,,,,,,,,,,,,,,,,,,
