﻿Scopus refine results values

"Your query : ((TITLE-ABS-KEY((Boreal OR {James Bay} OR James-Bay OR {Clay Belt} OR {canadian shield}) AND (Canada OR Quebec OR Ontario OR newfoundland OR Alberta OR British-Columbia) ) AND PUBYEAR > 1999 AND PUBYEAR < 2020) AND (TITLE-ABS-KEY(Forestry OR {Forest management} OR {Forest practices}) AND PUBYEAR > 1999 AND PUBYEAR < 2020) AND (TITLE-ABS-KEY(Species AND (Distribution OR Extinct* OR Invasi*  OR Transition Or exotic)) AND PUBYEAR > 1999 AND PUBYEAR < 2020))"


Number of results : 192

"ACCESS TYPE",,"YEAR",,"AUTHOR NAME",,"SUBJECT AREA",,"DOCUMENT TYPE",,"PUBLICATION STAGE",,"SOURCE TITLE",,"KEYWORD",,"AFFILIATION",,"FUNDING SPONSOR",,"COUNTRY",,"SOURCE TYPE",,"LANGUAGE",
"Open Access","30","2019","10","Bergeron, Y.","18","Agricultural and Biological Sciences","154","Article","169","final","192","Forest Ecology And Management","52","Canada","151","Canadian Forest Service","48","Natural Sciences and Engineering Research Council of Canada","50","Canada","183","Journals","189","English","190"
"Other","162","2018","5","Thiffault, N.","7","Arts and Humanities","1","Conference Paper","12",,,"Canadian Journal Of Forest Research","29","Forestry","140","University of Alberta","32","Canadian Forest Service","8","United States","22","Conference Proceedings","2","French","3"
,,"2017","14","Coops, N.C.","6","Biochemistry, Genetics and Molecular Biology","7","Review","10",,,"Forestry Chronicle","10","Boreal Forest","123","Université Laval","31","Alberta Conservation Association","6","Finland","5","Books","1",,
,,"2016","16","Schmiegelow, F.K.A.","6","Chemistry","2","Book","1",,,"Avian Conservation And Ecology","4","Forest Management","67","Université du Québec à Montréal","25","Fonds QuÃ©bÃ©cois de la Recherche sur la Nature et les Technologies","6","United Kingdom","3",,,,
,,"2015","15","Chen, H.Y.H.","5","Computer Science","3",,,,,"Forests","4","Boreal Forests","49","Natural Resources Canada","22","Natural Resources Canada","6","Australia","2",,,,
,,"2014","17","Drapeau, P.","5","Decision Sciences","1",,,,,"Landscape Ecology","4","North America","48","Universite du Quebec en Abitibi-Temiscamingue","21","Fonds de recherche du QuÃ©bec â Nature et technologies","5","Austria","2",,,,
,,"2013","13","Gauthier, S.","5","Earth and Planetary Sciences","12",,,,,"Soil Biology And Biochemistry","4","Biodiversity","42","The University of British Columbia","15","Alberta Ingenuity","3","France","2",,,,
,,"2012","14","Wulder, M.A.","5","Energy","1",,,,,"Canadian Field Naturalist","3","Ecology","40","Ontario Ministry of Natural Resources","12","MinistÃ¨re des Ressources Naturelles et de la Faune","3","Norway","2",,,,
,,"2011","10","Bayne, E.","4","Engineering","2",,,,,"Canadian Journal Of Botany","3","Ecosystems","37","Ministère de l‘Energie et des Ressources naturelles du Québec","11","National Aeronautics and Space Administration","3","Argentina","1",,,,
,,"2010","8","Cumming, S.G.","4","Environmental Science","136",,,,,"Plos One","3","Forests","35","Environment Canada","10","Academy of Finland","2","China","1",,,,
,,"2009","10","Haeussler, S.","4","Immunology and Microbiology","4",,,,,"Silva Fennica","3","Picea Mariana","35","University of Saskatchewan","9","Alberta Biodiversity Monitoring Institute","2","Denmark","1",,,,
,,"2008","9","Imbeau, L.","4","Materials Science","1",,,,,"Water Air And Soil Pollution","3","Quebec [Canada]","35","Ontario Forest Research Institute","9","Association pour la Recherche sur les Tumeurs de la Prostate","2","Germany","1",,,,
,,"2007","13","Bayne, E.M.","3","Mathematics","1",,,,,"Annals Of Forest Science","2","Coniferous Tree","34","Northern Forestry Centre","9","Canada Research Chairs","2","New Zealand","1",,,,
,,"2006","4","Boulanger, Y.","3","Medicine","1",,,,,"Biodiversity And Conservation","2","Climate Change","31","Pacific Forestry Centre","8","Canadian Association of Petroleum Producers","2","Spain","1",,,,
,,"2005","9","Brais, S.","3","Multidisciplinary","3",,,,,"Canadian Journal Of Zoology","2","Alberta","27","Le réseau de l'Université du Québec","7","Canadian Natural Resources Limited","2",,,,,,
,,"2004","6","Bélanger, L.","3","Neuroscience","1",,,,,"Ecological Applications","2","Picea","27","University of Calgary","6","Canadian Space Agency","2",,,,,,
,,"2003","10","De Grandpré, L.","3","Physics and Astronomy","1",,,,,"Ecology And Evolution","2","Disturbance","26","Queen's University, Kingston","6","Environment and Climate Change Canada","2",,,,,,
,,"2002","6","Fenton, N.J.","3","Social Sciences","5",,,,,"Ecoscience","2","Coniferophyta","25","Lakehead University","6","Government of Alberta","2",,,,,,
,,"2001","2","Fortin, D.","3",,,,,,,"Environmental Reviews","2","Picea Glauca","25","Great Lakes Forestry Centre","5","Ministry of Natural Resources","2",,,,,,
,,"2000","1","Grondin, P.","3",,,,,,,"International Journal Of Remote Sensing","2","Pinus Banksiana","24","Université du Québec à Rimouski","5","Parks Canada","2",,,,,,
,,,,"Johnstone, J.F.","3",,,,,,,"Journal Of Environmental Quality","2","Stand Structure","24","University of Northern British Columbia","5","University of Alberta","2",,,,,,
,,,,"Leduc, A.","3",,,,,,,"Applied Vegetation Science","1","Harvesting","22","University of Guelph","5","Academy of Natural Sciences of Drexel University","1",,,,,,
,,,,"Mazerolle, M.J.","3",,,,,,,"Auk","1","Coniferous Forest","21","University of Toronto","5","Alberta Agriculture and Forestry","1",,,,,,
,,,,"Raulier, F.","3",,,,,,,"Biological Conservation","1","Succession","21","Helsingin Yliopisto","4","Alberta Innovates - Technology Futures","1",,,,,,
,,,,"Sharma, M.","3",,,,,,,"Biological Invasions","1","Abundance","20","Université du Québec à Chicoutimi","4","Australian Research Council","1",,,,,,
,,,,"Sirois, L.","3",,,,,,,"Botany","1","Spatial Distribution","20","Ministère des Forêts de la Faune et des Parcs du Québec","3","Biotechnology and Biological Sciences Research Council","1",,,,,,
,,,,"Spence, J.R.","3",,,,,,,"Canadian Entomologist","1","Populus Tremuloides","19","McGill University","3","Canada Foundation for Innovation","1",,,,,,
,,,,"Strong, W.L.","3",,,,,,,"Canadian Journal Of Earth Sciences","1","Soils","19","Université de Sherbrooke","3","Canadian Foundation for Climate and Atmospheric Sciences","1",,,,,,
,,,,"Taylor, A.R.","3",,,,,,,"Dendrochronologia","1","Vegetation","19","University of Winnipeg","3","Compute Canada","1",,,,,,
,,,,"Thompson, I.D.","3",,,,,,,"Diversity And Distributions","1","Ontario [Canada]","18","Memorial University of Newfoundland","3","ConocoPhillips","1",,,,,,
,,,,"Tompalski, P.","3",,,,,,,"Ecography","1","Trees","18","University of Montana","3","Deutscher Akademischer Austauschdienst","1",,,,,,
,,,,"White, J.C.","3",,,,,,,"Ecohydrology","1","Fire","17","Trent University","3","Employment and Social Development Canada","1",,,,,,
,,,,"Andison, D.W.","2",,,,,,,"Ecological Complexity","1","Species Diversity","17","Ministry of Forests and Range","3","Environment Canada","1",,,,,,
,,,,"Auger, I.","2",,,,,,,"Ecological Engineering","1","Fires","16","Alpha Wildlife Research and Management Ltd.","2","Fonds pour la Formation de Chercheurs et l'Aide Ã  la Recherche","1",,,,,,
,,,,"Baker, J.A.","2",,,,,,,"Ecological Indicators","1","Reforestation","16","Ministère des Forêts de la Faune et des Parcs","2","Forest Genetics Council of British Columbia","1",,,,,,
,,,,"Bater, C.W.","2",,,,,,,"Ecological Informatics","1","Regeneration","16","University of Victoria","2","Genome British Columbia","1",,,,,,
,,,,"Bell, F.W.","2",,,,,,,"Ecological Modelling","1","Community Composition","15","USDA Forest Service","2","George Cedric Metcalf Charitable Foundation","1",,,,,,
,,,,"Bouchard, M.","2",,,,,,,"Ecological Processes","1","Plants","15","Alberta Agriculture and Rural Development","2","Government of Canada","1",,,,,,
,,,,"Bradley, R.L.","2",,,,,,,"Ecosystems","1","Plants (botany)","15","University of Montreal","2","Indigenous and Northern Affairs Canada","1",,,,,,
,,,,"Cameron, E.K.","2",,,,,,,"Environmental Monitoring And Assessment","1","Biomass","14","University of Manitoba","2","Manitoba Hydro","1",,,,,,
,,,,"Campbell, E.M.","2",,,,,,,"Environmental Research Letters","1","Coleoptera","14","Universite de Moncton","2","MinistÃ¨re de l'Ãconomie, de lâInnovation et des Exportations du QuÃ©bec","1",,,,,,
,,,,"Cavard, X.","2",,,,,,,"Environmental Science And Technology","1","Forest Ecosystem","14","University of Alaska Fairbanks","2","MinistÃ¨re de l'Ãducation, du Loisir et du Sport QuÃ©bec","1",,,,,,
,,,,"Cyr, D.","2",,,,,,,"Environmental Toxicology And Chemistry","1","Ontario","14","Oregon State University","2","Mitacs","1",,,,,,
,,,,"Dacosta, J.","2",,,,,,,"Forest Science","1","Population Distribution","14","Dalhousie University","2","National Fish and Wildlife Foundation","1",,,,,,
,,,,"Desrochers, A.","2",,,,,,,"Forestry","1","Abies","13","University of New Brunswick","2","National Research Council Canada","1",,,,,,
,,,,"Drever, C.R.","2",,,,,,,"Global And Planetary Change","1","Abies Balsamea","13","Nature Conservancy","2","National Science Foundation","1",,,,,,
,,,,"Erbilgin, N.","2",,,,,,,"Hydrobiologia","1","Beetle","13","Geological Survey of Canada","2","Networks of Centres of Excellence of Canada","1",,,,,,
,,,,"Fournier, R.A.","2",,,,,,,"Hydrological Processes","1","Environmental Disturbance","13","University of Montana College of Forestry and Conservation","2","Nipissing University","1",,,,,,
,,,,"Fryxell, J.M.","2",,,,,,,"IEEE Transactions On Geoscience And Remote Sensing","1","Quebec","13","University of Lethbridge","2","Norges ForskningsrÃ¥d","1",,,,,,
,,,,"He, F.","2",,,,,,,"Information Fusion","1","Species Richness","13","Universitat fur Bodenkultur Wien","2","Northern Ontario Heritage Fund Corporation","1",,,,,,
,,,,"Hebblewhite, M.","2",,,,,,,"International Geoscience And Remote Sensing Symposium IGARSS","1","Article","12","Concordia University","2","Ontario Ministry of Natural Resources and Forestry","1",,,,,,
,,,,"Hunt, S.","2",,,,,,,"International Journal Of Applied Earth Observation And Geoinformation","1","Growth","12","McGill University, Macdonald Campus","2","Pacific Northwest Research Station","1",,,,,,
,,,,"Jobidon, R.","2",,,,,,,"Journal Of Advances In Modeling Earth Systems","1","Populus","12","Ducks Unlimited Canada","2","Petroleum Technology Alliance Canada","1",,,,,,
,,,,"Kneeshaw, D.","2",,,,,,,"Journal Of Animal Ecology","1","Remote Sensing","12","Treeline Ecological Research","1","R. Howard Webster Foundation","1",,,,,,
,,,,"Langor, D.","2",,,,,,,"Journal Of Forestry Research","1","Silviculture","12","Forest Management Branch","1","Schweizerischer Nationalfonds zur Förderung der Wissenschaftlichen Forschung","1",,,,,,
,,,,"Langor, D.W.","2",,,,,,,"Journal Of Raptor Research","1","Anthropogenic Effect","11","Boreal Ecosystems Research Ltd.","1","Shell","1",,,,,,
,,,,"Larocque, G.R.","2",,,,,,,"Journal Of Vegetation Science","1","Aves","11","Aurora Wildlife Research","1","Shell Canada","1",,,,,,
,,,,"Lecomte, N.","2",,,,,,,"Mammalian Biology","1","Black Spruce","11","Wildlife Division","1","Suncor Energy Incorporated","1",,,,,,
,,,,"Lee, S.I.","2",,,,,,,"Nature Communications","1","British Columbia","11","Skeena Forestry Consultants","1","Tekes","1",,,,,,
,,,,"Macdonald, S.E.","2",,,,,,,"New Forests","1","Conservation","11","Yukon Department of Environment","1","Tembec","1",,,,,,
,,,,"Malcolm, J.R.","2",,,,,,,"Northern Journal Of Applied Forestry","1","Nonhuman","11","Timberline Forest Inventory Consultants","1","University of British Columbia","1",,,,,,
,,,,"Mallik, A.U.","2",,,,,,,"Oecologia","1","Tracheophyta","11","Bandaloop Landscape-Ecosystem Serv.","1","University of Montana","1",,,,,,
,,,,"Marshall, P.L.","2",,,,,,,"Organic Geochemistry","1","Understory","11","Réseau Québécois de Calcul de Haute Performance","1","University of New Brunswick","1",,,,,,
,,,,"McGarrigle, E.","2",,,,,,,"Peerj","1","Carbon","10","Nova Scotia Museum","1","University of Northern British Columbia","1",,,,,,
,,,,"Messier, C.","2",,,,,,,"Predictive Species And Habitat Modeling In Landscape Ecology Concepts And Applications","1","Climate Effect","10","Natural Resources and Environmental Studies Institute University of Northern BC","1","UniversitÃ© du QuÃ©bec Ã  MontrÃ©al","1",,,,,,
,,,,"Morin, H.","2",,,,,,,"Proceedings Of The 26th Canadian Symposium On Remote Sensing","1","Deciduous Forest","10","Service canadien de la faune","1","UniversitÃ© du QuÃ©bec Ã  Rimouski","1",,,,,,
,,,,"Musiani, M.","2",,,,,,,"Quaternary Science Reviews","1","Deciduous Tree","10","MDH Engineered Solutions","1","Utah Division of Wildlife Resources","1",,,,,,
,,,,"Newmaster, S.G.","2",,,,,,,"Remote Sensing","1","Forest Fire","10","Policy Research Initiative Human Resources and Social Development Canada","1","W. Garfield Weston Foundation","1",,,,,,
,,,,"Nielsen, S.E.","2",,,,,,,"Revue Des Sciences De L Eau","1","Plant Community","10","Centre d’étude de la forêt","1","Undefined","113",,,,,,
,,,,"Park, A.","2",,,,,,,"Scandinavian Journal Of Forest Research","1","Animalia","9","WWF-Canada","1",,,,,,,,
,,,,"Paré, D.","2",,,,,,,"Tree Physiology","1","Biological Invasion","9","Centre d'enseignement et de recherche en foresterie CERFO","1",,,,,,,,
,,,,"Patterson, B.R.","2",,,,,,,"Wetlands","1","Chronosequence","9","425 boul. du Collège","1",,,,,,,,
,,,,"Payette, S.","2",,,,,,,"Zootaxa","1","Clearcutting","9","Bureau du Forestier en Chef","1",,,,,,,,
,,,,"Pienitz, R.","2",,,,,,,,,"Forest","9","B.C. Forest Service","1",,,,,,,,
,,,,"Pinno, B.D.","2",,,,,,,,,"Forest Canopy","9","Bandaloop Landscape-Ecosystem Services","1",,,,,,,,
,,,,"Price, D.T.","2",,,,,,,,,"Forest Dynamics","9","Catalina Island Conservancy","1",,,,,,,,
,,,,"Proulx, G.","2",,,,,,,,,"Habitat Use","9","445 Boul. de l'Université","1",,,,,,,,
,,,,"Périé, C.","2",,,,,,,,,"Hexapoda","9","ConocoPhillips Canada","1",,,,,,,,
,,,,"Rammer, W.","2",,,,,,,,,"Invasive Species","9","Yukon Research Centre","1",,,,,,,,
,,,,"Rossi, S.","2",,,,,,,,,"Jack Pine","9","Western University","1",,,,,,,,
,,,,"Smol, J.P.","2",,,,,,,,,"Mixed Forest","9","Forest Sciences Centre of Catalonia CTFC-CEMFOR","1",,,,,,,,
,,,,"St-Laurent, M.H.","2",,,,,,,,,"Old-growth Forest","9","Ministère des Forêts de la Faune et des Parcs","1",,,,,,,,
,,,,"Sólymos, P.","2",,,,,,,,,"Seed","9","Ministère des Forêts","1",,,,,,,,
,,,,"Thomas, V.","2",,,,,,,,,"Soil","9","Ministère des Forêts","1",,,,,,,,
,,,,"Treitz, P.","2",,,,,,,,,"Stand Dynamics","9","Institut des Sciences de la Forêt tempérée ISFORT","1",,,,,,,,
,,,,"Tremblay, F.","2",,,,,,,,,"Animals","8","Cégep de l’Abitibi-Témiscamingue College of Abitibi-Témiscamingue","1",,,,,,,,
,,,,"Tremblay, M.J.","2",,,,,,,,,"Boreal","8","University of Alberta c/o Yukon Research Centre","1",,,,,,,,
,,,,"Venier, L.A.","2",,,,,,,,,"Climate Models","8","Montana Department of Fish, Wildlife and Parks","1",,,,,,,,
,,,,"Aakala, T.","1",,,,,,,,,"Community Structure","8","Universidad de Buenos Aires","1",,,,,,,,
,,,,"Abele, S.E.","1",,,,,,,,,"Deer","8","Rothamsted Research","1",,,,,,,,
,,,,"Adamowicz, W.L.","1",,,,,,,,,"Dominance","8","Princeton University","1",,,,,,,,
,,,,"Aherne, J.","1",,,,,,,,,"Forest Inventory","8","Manitoba Hydro","1",,,,,,,,
,,,,"Aitken, S.N.","1",,,,,,,,,"Logging (timber)","8","Consejo Nacional de Investigaciones Científicas y Técnicas","1",,,,,,,,
,,,,"Albani, M.","1",,,,,,,,,"Pinus Contorta","8","University of Arkansas - Fayetteville","1",,,,,,,,
,,,,"Alfaro, R.","1",,,,,,,,,"Productivity","8","NC State University","1",,,,,,,,
,,,,"Anand, M.","1",,,,,,,,,"Range Expansion","8","Museé canadien de la nature","1",,,,,,,,
,,,,"Anderson, J.A.","1",,,,,,,,,"Shrub","8","Beijing Forestry University","1",,,,,,,,
,,,,"Anderson, M.","1",,,,,,,,,"Species Identification","8","Brigham Young University","1",,,,,,,,
,,,,"Andrew, M.E.","1",,,,,,,,,"Timber Harvesting","8","CNRS Centre National de la Recherche Scientifique","1",,,,,,,,
,,,,"Anholt, B.R.","1",,,,,,,,,"Tree","8","Colorado State University","1",,,,,,,,
,,,,"Antos, J.A.","1",,,,,,,,,"Wood","8","Purdue University","1",,,,,,,,
,,,,"Antón-Fernández, C.","1",,,,,,,,,"Betula Papyrifera","7","Universite Paul-Valery Montpellier III","1",,,,,,,,
,,,,"Aquilué, N.","1",,,,,,,,,"Bryophyta","7","Ontario Ministry of the Environment","1",,,,,,,,
,,,,"Arango-Velez, A.","1",,,,,,,,,"Canadian Boreal Forest","7","National Research Council Canada","1",,,,,,,,
,,,,"Archibold, O.W.","1",,,,,,,,,"Climates","7","Harvard University","1",,,,,,,,
,,,,"Armstrong, G.W.","1",,,,,,,,,"Dendroctonus Ponderosae","7","Universitetet i Oslo","1",,,,,,,,
,,,,"Arsenault, A.","1",,,,,,,,,"Ecosystem","7","Technische Universität Darmstadt","1",,,,,,,,
,,,,"Asnong, H.","1",,,,,,,,,"Habitat Selection","7","Norges Teknisk-Naturvitenskapelige Universitet","1",,,,,,,,
,,,,"Astrup, R.","1",,,,,,,,,"Landscape","7","University of Waterloo","1",,,,,,,,
,,,,"Au, R.","1",,,,,,,,,"Oil Sands","7","Georgia College &amp; State University","1",,,,,,,,
,,,,"Aubin, I.","1",,,,,,,,,"Pinus Mugo","7","Royal Roads University","1",,,,,,,,
,,,,"Avgar, T.","1",,,,,,,,,"Shade Tolerance","7","Michigan Technological University","1",,,,,,,,
,,,,"Baldwin, D.J.B.","1",,,,,,,,,"Survival","7","US National Park Service","1",,,,,,,,
,,,,"Baldwin, K.A.","1",,,,,,,,,"Taiga","7","Saskatchewan Research Council","1",,,,,,,,
,,,,"Ball, J.R.","1",,,,,,,,,"Vascular Plant","7","Carleton University","1",,,,,,,,
,,,,"Barkley, E.P.","1",,,,,,,,,"Yukon Territory","7","Manaaki Whenua - Landcare Research","1",,,,,,,,
,,,,"Barr, A.G.","1",,,,,,,,,"Birds","6","Simon Fraser University","1",,,,,,,,
,,,,"Barrette, M.","1",,,,,,,,,"Bryophytes","6","Polytechnique Montréal","1",,,,,,,,
,,,,"Bauce, E.","1",,,,,,,,,"Coarse Woody Debris","6","University of Birmingham","1",,,,,,,,
,,,,"Bauce, É.","1",,,,,,,,,"Controlled Study","6","Murdoch University","1",,,,,,,,
,,,,"Beauchesne, D.","1",,,,,,,,,"Ecosystem Resilience","6","University of Maryland","1",,,,,,,,
,,,,"Beaudet, M.","1",,,,,,,,,"Environmental Conditions","6","Université du Québec à Trois-Rivières","1",,,,,,,,
,,,,"Beaudoin, A.","1",,,,,,,,,"Environmental Protection","6","USDA ARS Rocky Mountain Research Station","1",,,,,,,,
,,,,"Beaulieu, J.","1",,,,,,,,,"Forest Fires","6","Havforskningsinstituttet","1",,,,,,,,
,,,,"Beauregard, R.","1",,,,,,,,,"Forest Floor","6","Portland State University","1",,,,,,,,
,,,,"Beck, J.A.","1",,,,,,,,,"Forestry Production","6","Roskilde University","1",,,,,,,,
,,,,"Bedford, L.","1",,,,,,,,,"Geographical Distribution","6","University of California, Santa Cruz","1",,,,,,,,
,,,,"Bellocq, M.I.","1",,,,,,,,,"Growth Rate","6","Norsk institutt for vannforskning","1",,,,,,,,
,,,,"Bernier, P.Y.","1",,,,,,,,,"Habitat Quality","6","Clemson University","1",,,,,,,,
,,,,"Bernier-Cardou, M.","1",,,,,,,,,"Hardwoods","6","Connecticut Agricultural Experiment Station","1",,,,,,,,
,,,,"Berninger, F.","1",,,,,,,,,"Human Activity","6","University of Oxford","1",,,,,,,,
,,,,"Berthiaume, R.","1",,,,,,,,,"Insects","6","Virginia Polytechnic Institute and State University","1",,,,,,,,
,,,,"Birkigt, D.A.","1",,,,,,,,,"Land Use","6","Conseil de recherches en sciences naturelles et en génie du Canada","1",,,,,,,,
,,,,"Bokalo, M.","1",,,,,,,,,"Landforms","6","École Pratique des Hautes Etudes","1",,,,,,,,
,,,,"Bolton, D.K.","1",,,,,,,,,"Landscape Ecology","6","Nipissing University","1",,,,,,,,
,,,,"Bordage, D.","1",,,,,,,,,"Logging","6","College of Science","1",,,,,,,,
,,,,"Borkenhagen, A.K.","1",,,,,,,,,"Mortality","6","University of Minnesota","1",,,,,,,,
,,,,"Boucher, Y.","1",,,,,,,,,"Population Statistics","6","Bedford Institute of Oceanography, Fisheries and Oceans Canada","1",,,,,,,,
,,,,"Boutin, R.","1",,,,,,,,,"Rangifer Tarandus","6","Ryerson University","1",,,,,,,,
,,,,"Boutin, S.","1",,,,,,,,,"Rangifer Tarandus Caribou","6","Michigan State University","1",,,,,,,,
,,,,"Boychuk, D.","1",,,,,,,,,"Recruitment (population Dynamics)","6","Geodeettinen Laitos","1",,,,,,,,
,,,,"Bradfield, G.","1",,,,,,,,,"Sampling","6","University of Western Australia","1",,,,,,,,
,,,,"Brandt, J.P.","1",,,,,,,,,"Seasonal Variation","6","McMaster University","1",,,,,,,,
,,,,"Brassard, B.W.","1",,,,,,,,,"Species Composition","6","University of Idaho","1",,,,,,,,
,,,,"Bright, R.M.","1",,,,,,,,,"Sphagnum","6","York University","1",,,,,,,,
,,,,"Brown, C.D.","1",,,,,,,,,"Thuja Occidentalis","6","Centre d'Ecologie Fonctionnelle et Evolutive","1",,,,,,,,
,,,,"Brown, G.S.","1",,,,,,,,,"Trembling Aspen","6","Gouvernement du Canada","1",,,,,,,,
,,,,"Buddle, C.M.","1",,,,,,,,,"Western Hemisphere","6","Government of Alberta","1",,,,,,,,
,,,,"Burke, J.L.","1",,,,,,,,,"Woody Debris","6","Government of British Columbia","1",,,,,,,,
,,,,"Bush, P.G.","1",,,,,,,,,"World","6","Ministry of Environment British Columbia","1",,,,,,,,
,,,,"Buss, J.","1",,,,,,,,,"Adaptation","5","Government of Yukon","1",,,,,,,,
,,,,"Bussière, B.","1",,,,,,,,,"Basal Area","5","Nova Scotia Department of Natural Resources","1",,,,,,,,
,,,,"Bégin, J.","1",,,,,,,,,"Bird","5","Aalto University","1",,,,,,,,
,,,,"Béland, M.","1",,,,,,,,,"Climate","5","Itä-Suomen yliopisto","1",,,,,,,,
,,,,"Béland, M.","1",,,,,,,,,"Concentration (composition)","5","McMaster University, Faculty of Science","1",,,,,,,,
,,,,"Bérubé, J.A.","1",,,,,,,,,"Dynamics","5","Université de Montpellier","1",,,,,,,,
,,,,"Börger, L.","1",,,,,,,,,"Earthworm","5","The Norwegian Institute of Bioeconomy Research","1",,,,,,,,
,,,,"Cadieux, P.","1",,,,,,,,,"Ecological Impact","5","TÉLUQ University","1",,,,,,,,
,,,,"Cadorette-Breton, Y.","1",,,,,,,,,"Ecosystem Management","5",,,,,,,,,,
,,,,"Cahill, J.F.","1",,,,,,,,,"Edge Effect","5",,,,,,,,,,
