﻿Scopus refine results values

"Your query : ((TITLE-ABS-KEY((Boreal OR {James Bay} OR James-Bay OR {Clay Belt} OR {canadian shield}) AND (Canada OR Quebec OR Ontario OR newfoundland OR Alberta OR British-Columbia) ) AND PUBYEAR > 1999 AND PUBYEAR < 2020) AND (TITLE-ABS-KEY(Electricity OR Hydropower OR Hydro-power OR Hydroelectricity OR Hydro-electricity) AND PUBYEAR > 1999 AND PUBYEAR < 2020) AND (TITLE-ABS-KEY(weather OR   Season* OR meteo*) AND PUBYEAR > 1999 AND PUBYEAR < 2020))"


Number of results : 9

"ACCESS TYPE",,"YEAR",,"AUTHOR NAME",,"SUBJECT AREA",,"DOCUMENT TYPE",,"PUBLICATION STAGE",,"SOURCE TITLE",,"KEYWORD",,"AFFILIATION",,"FUNDING SPONSOR",,"COUNTRY",,"SOURCE TYPE",,"LANGUAGE",
"Open Access","4","2016","2","Bernier, M.","2","Agricultural and Biological Sciences","1","Article","7","final","9","Remote Sensing","2","Canada","5","Hydro-Quebec","3","Natural Sciences and Engineering Research Council of Canada","2","Canada","8","Journals","7","English","9"
"Other","5","2013","1","Chokmani, K.","2","Computer Science","1","Conference Paper","2",,,"Canadian Water Resources Journal","1","Hydroelectric Power","3","Environment Canada","2","Canada Research Chairs","1","Finland","2","Conference Proceedings","2",,
,,"2012","2","Derksen, C.","2","Earth and Planetary Sciences","6",,,,,"Hydrology And Earth System Sciences","1","James Bay","3","University of Northern British Columbia","2","Environment Canada","1","United States","1",,,,
,,"2011","1","Déry, S.J.","2","Engineering","2",,,,,"IEEE Transactions On Geoscience And Remote Sensing","1","Quebec [Canada]","3","INRS- Centre Eau, Terre &amp; Environnement","2","Government of Canada","1",,,,,,
,,"2009","1","Pulliainen, J.","2","Environmental Science","3",,,,,"International Geoscience And Remote Sensing Symposium IGARSS","1","Remote Sensing","3","Université Laval","2","Hydro-QuÃ©bec","1",,,,,,
,,"2006","1","Walker, A.","2",,,,,,,"Journal Of Marine Systems","1","River Diversion","3","Finnish Meteorological Institute","2","Indigenous and Northern Affairs Canada","1",,,,,,
,,"2000","1","De Sève, D.","1",,,,,,,"Proceedings Of The International Conference On Cold Regions Engineering","1","Rivers","3","Institut National de la Recherche Scientifique","2","Manitoba Hydro","1",,,,,,
,,,,"Dribault, Y.","1",,,,,,,"Science Of The Total Environment","1","Brightness Temperatures","2","Aalto University","2","National Research Council","1",,,,,,
,,,,"Filion, Y.","1",,,,,,,,,"Climate Change","2","LaSalle Consulting Group","1","National Science Foundation","1",,,,,,
,,,,"Gauli-Sharma, B.","1",,,,,,,,,"Coefficient Of Variation","2","Ajeco Oy","1","Suomen YmpÃ¤ristÃ¶keskus","1",,,,,,
,,,,"Gauthier, Y.","1",,,,,,,,,"Dynamics","2","Fincomm Airlines","1","University of Northern British Columbia","1",,,,,,
,,,,"Hallikainen, M.","1",,,,,,,,,"Floods","2","McGill University","1","Undefined","4",,,,,,
,,,,"Hallikainen, M.T.","1",,,,,,,,,"Flow Regulation","2","University of Manitoba","1",,,,,,,,
,,,,"Hernández-Henríquez, M.A.","1",,,,,,,,,"Hudson Bay","2","Woods Hole Oceanographic Institution","1",,,,,,,,
,,,,"Jacome, A.","1",,,,,,,,,"Hydrology","2","University of Toronto","1",,,,,,,,
,,,,"Kärnä, J.P.","1",,,,,,,,,"Ice","2","Finnish Environment Institute","1",,,,,,,,
,,,,"Lemmetyinen, J.","1",,,,,,,,,"Ice Cover","2",,,,,,,,,,
,,,,"Lemnietyinen, J.","1",,,,,,,,,"Interannual Variability","2",,,,,,,,,,
,,,,"Levasseur, M.","1",,,,,,,,,"La Grande River","2",,,,,,,,,,
,,,,"MacDonald, M.K.","1",,,,,,,,,"Microwaves","2",,,,,,,,,,
,,,,"Mlynowski, T.J.","1",,,,,,,,,"Passive Microwaves","2",,,,,,,,,,
,,,,"Pihlflyckt, J.","1",,,,,,,,,"Reservoir","2",,,,,,,,,,
,,,,"Poulin, J.","1",,,,,,,,,"River Discharge","2",,,,,,,,,,
,,,,"Roulet, N.T.","1",,,,,,,,,"Snow","2",,,,,,,,,,
,,,,"Stadnyk, T.A.","1",,,,,,,,,"Snow Water Equivalent","2",,,,,,,,,,
,,,,"Strachan, I.B.","1",,,,,,,,,"Temperature","2",,,,,,,,,,
,,,,"Straneo, F.","1",,,,,,,,,"Water Levels","2",,,,,,,,,,
,,,,"Strapp, W.","1",,,,,,,,,"Water Resources","2",,,,,,,,,,
,,,,"Taha, W.","1",,,,,,,,,"Wetlands","2",,,,,,,,,,
,,,,"Tauriainen, S.","1",,,,,,,,,"Agriculture","1",,,,,,,,,,
,,,,"Toose, P.","1",,,,,,,,,"Air","1",,,,,,,,,,
,,,,"Tremblay, A.","1",,,,,,,,,"Airborne Datum","1",,,,,,,,,,
,,,,"Walter Strapp, J.","1",,,,,,,,,"Airborne Measurements","1",,,,,,,,,,
,,,,"Wang, W.","1",,,,,,,,,"Annual Variation","1",,,,,,,,,,
,,,,,,,,,,,,,,"Arctic Ocean","1",,,,,,,,,,
,,,,,,,,,,,,,,"Article","1",,,,,,,,,,
,,,,,,,,,,,,,,"Assessment Method","1",,,,,,,,,,
,,,,,,,,,,,,,,"Atlantic Ocean","1",,,,,,,,,,
,,,,,,,,,,,,,,"Atmospheric Humidity","1",,,,,,,,,,
,,,,,,,,,,,,,,"Bering Sea","1",,,,,,,,,,
,,,,,,,,,,,,,,"Boreal Forest","1",,,,,,,,,,
,,,,,,,,,,,,,,"Boreal Forests","1",,,,,,,,,,
,,,,,,,,,,,,,,"Boreal Wetland","1",,,,,,,,,,
,,,,,,,,,,,,,,"Boreal Wetlands","1",,,,,,,,,,
,,,,,,,,,,,,,,"Bowen Ratio","1",,,,,,,,,,
,,,,,,,,,,,,,,"Canadian Water Resources","1",,,,,,,,,,
,,,,,,,,,,,,,,"Chemical Analysis","1",,,,,,,,,,
,,,,,,,,,,,,,,"Climate Models","1",,,,,,,,,,
,,,,,,,,,,,,,,"Contributing Areas","1",,,,,,,,,,
,,,,,,,,,,,,,,"Controlled Study","1",,,,,,,,,,
,,,,,,,,,,,,,,"Cross Polarization","1",,,,,,,,,,
,,,,,,,,,,,,,,"Cross Polarizations","1",,,,,,,,,,
,,,,,,,,,,,,,,"Data Acquisition","1",,,,,,,,,,
,,,,,,,,,,,,,,"Data Availability","1",,,,,,,,,,
,,,,,,,,,,,,,,"Data Quality","1",,,,,,,,,,
,,,,,,,,,,,,,,"Data Set","1",,,,,,,,,,
,,,,,,,,,,,,,,"Data Sets","1",,,,,,,,,,
,,,,,,,,,,,,,,"Digital Storage","1",,,,,,,,,,
,,,,,,,,,,,,,,"Discharge","1",,,,,,,,,,
,,,,,,,,,,,,,,"Discharge (fluid Mechanics)","1",,,,,,,,,,
,,,,,,,,,,,,,,"Dissolved Organic Carbon","1",,,,,,,,,,
,,,,,,,,,,,,,,"Eastmain-1 Reservoir","1",,,,,,,,,,
,,,,,,,,,,,,,,"Eddy Covariance","1",,,,,,,,,,
,,,,,,,,,,,,,,"Eddy Covariance Measurements","1",,,,,,,,,,
,,,,,,,,,,,,,,"Emission Models","1",,,,,,,,,,
,,,,,,,,,,,,,,"Energy Flux","1",,,,,,,,,,
,,,,,,,,,,,,,,"Energy Transfer","1",,,,,,,,,,
,,,,,,,,,,,,,,"Environmental Monitoring","1",,,,,,,,,,
,,,,,,,,,,,,,,"Estimation","1",,,,,,,,,,
,,,,,,,,,,,,,,"Eurasia","1",,,,,,,,,,
,,,,,,,,,,,,,,"Europe","1",,,,,,,,,,
,,,,,,,,,,,,,,"Evaporation","1",,,,,,,,,,
,,,,,,,,,,,,,,"Experimental Datum","1",,,,,,,,,,
,,,,,,,,,,,,,,"Fen","1",,,,,,,,,,
,,,,,,,,,,,,,,"Finland","1",,,,,,,,,,
,,,,,,,,,,,,,,"Finnish","1",,,,,,,,,,
,,,,,,,,,,,,,,"Flash Flood","1",,,,,,,,,,
,,,,,,,,,,,,,,"Forestry","1",,,,,,,,,,
,,,,,,,,,,,,,,"Forests","1",,,,,,,,,,
,,,,,,,,,,,,,,"Fresh Water","1",,,,,,,,,,
,,,,,,,,,,,,,,"Freshwater","1",,,,,,,,,,
,,,,,,,,,,,,,,"Freshwater Environment","1",,,,,,,,,,
,,,,,,,,,,,,,,"Freshwater Fluxes","1",,,,,,,,,,
,,,,,,,,,,,,,,"Fuzzy Logic","1",,,,,,,,,,
,,,,,,,,,,,,,,"Gauge","1",,,,,,,,,,
,,,,,,,,,,,,,,"General Circulation Model","1",,,,,,,,,,
,,,,,,,,,,,,,,"GeoEye","1",,,,,,,,,,
,,,,,,,,,,,,,,"Helsinki University Of Technologies","1",,,,,,,,,,
,,,,,,,,,,,,,,"High Flow","1",,,,,,,,,,
,,,,,,,,,,,,,,"High Resolution","1",,,,,,,,,,
,,,,,,,,,,,,,,"High Resolutions","1",,,,,,,,,,
,,,,,,,,,,,,,,"High Temporal Resolution","1",,,,,,,,,,
,,,,,,,,,,,,,,"Human Consumption","1",,,,,,,,,,
,,,,,,,,,,,,,,"Hydraulic Changes","1",,,,,,,,,,
,,,,,,,,,,,,,,"Hydro Power","1",,,,,,,,,,
,,,,,,,,,,,,,,"Hydro Power Production","1",,,,,,,,,,
,,,,,,,,,,,,,,"Hydro Power Project","1",,,,,,,,,,
,,,,,,,,,,,,,,"Hydro-power Generations","1",,,,,,,,,,
,,,,,,,,,,,,,,"Hydroelectric Power Plant","1",,,,,,,,,,
,,,,,,,,,,,,,,"Hydroelectric Power Plants","1",,,,,,,,,,
,,,,,,,,,,,,,,"Hydroelectric Reservoirs","1",,,,,,,,,,
,,,,,,,,,,,,,,"Hydrograph","1",,,,,,,,,,
,,,,,,,,,,,,,,"Hydrographs","1",,,,,,,,,,
,,,,,,,,,,,,,,"Hydrological Model","1",,,,,,,,,,
,,,,,,,,,,,,,,"Hydrological Parameters","1",,,,,,,,,,
,,,,,,,,,,,,,,"Hydropower","1",,,,,,,,,,
,,,,,,,,,,,,,,"Hydropower Production","1",,,,,,,,,,
,,,,,,,,,,,,,,"Image Analysis","1",,,,,,,,,,
,,,,,,,,,,,,,,"Image Segmentation","1",,,,,,,,,,
,,,,,,,,,,,,,,"Influence Of Vegetations","1",,,,,,,,,,
,,,,,,,,,,,,,,"Interdecadal","1",,,,,,,,,,
,,,,,,,,,,,,,,"Interfacial Energy","1",,,,,,,,,,
,,,,,,,,,,,,,,"Kinetic Energy","1",,,,,,,,,,
,,,,,,,,,,,,,,"Kinetics","1",,,,,,,,,,
,,,,,,,,,,,,,,"Labrador Sea","1",,,,,,,,,,
,,,,,,,,,,,,,,"Lakes","1",,,,,,,,,,
,,,,,,,,,,,,,,"Land Cover","1",,,,,,,,,,
,,,,,,,,,,,,,,"Land-cover Types","1",,,,,,,,,,
,,,,,,,,,,,,,,"Latent Heat","1",,,,,,,,,,
,,,,,,,,,,,,,,"Latent Heat Flux","1",,,,,,,,,,
,,,,,,,,,,,,,,"Luminance","1",,,,,,,,,,
,,,,,,,,,,,,,,"Mann-Kendall Test","1",,,,,,,,,,
,,,,,,,,,,,,,,"Marine Environment","1",,,,,,,,,,
,,,,,,,,,,,,,,"Mathematical Computing","1",,,,,,,,,,
,,,,,,,,,,,,,,"Mathematical Model","1",,,,,,,,,,
,,,,,,,,,,,,,,"Mathematical Models","1",,,,,,,,,,
,,,,,,,,,,,,,,"Measurement","1",,,,,,,,,,
,,,,,,,,,,,,,,"Microwave Brightness Temperatures","1",,,,,,,,,,
,,,,,,,,,,,,,,"Moisture Determination","1",,,,,,,,,,
,,,,,,,,,,,,,,"Monitoring Program","1",,,,,,,,,,
,,,,,,,,,,,,,,"Monitoring Programs","1",,,,,,,,,,
,,,,,,,,,,,,,,"Monotonic Trend","1",,,,,,,,,,
,,,,,,,,,,,,,,"Multi-spectral","1",,,,,,,,,,
,,,,,,,,,,,,,,"Multispectral","1",,,,,,,,,,
,,,,,,,,,,,,,,"Natural River","1",,,,,,,,,,
,,,,,,,,,,,,,,"Natural Variability","1",,,,,,,,,,
,,,,,,,,,,,,,,"North America","1",,,,,,,,,,
,,,,,,,,,,,,,,"Northern Europe","1",,,,,,,,,,
,,,,,,,,,,,,,,"Object Based","1",,,,,,,,,,
,,,,,,,,,,,,,,"Object-based Analysis","1",,,,,,,,,,
,,,,,,,,,,,,,,"Oceanography","1",,,,,,,,,,
,,,,,,,,,,,,,,"Organic Carbon","1",,,,,,,,,,
,,,,,,,,,,,,,,"Pacific Ocean","1",,,,,,,,,,
,,,,,,,,,,,,,,"Passive Microwave","1",,,,,,,,,,
,,,,,,,,,,,,,,"Peatland","1",,,,,,,,,,
,,,,,,,,,,,,,,"Polarization","1",,,,,,,,,,
,,,,,,,,,,,,,,"Potential Impacts","1",,,,,,,,,,
,,,,,,,,,,,,,,"Power Generation","1",,,,,,,,,,
,,,,,,,,,,,,,,"Power Production","1",,,,,,,,,,
,,,,,,,,,,,,,,"Precipitation (meteorology)","1",,,,,,,,,,
,,,,,,,,,,,,,,"Primary Objectives","1",,,,,,,,,,
,,,,,,,,,,,,,,"Priority Journal","1",,,,,,,,,,
,,,,,,,,,,,,,,"Process Development","1",,,,,,,,,,
,,,,,,,,,,,,,,"RADARSAT-2","1",,,,,,,,,,
,,,,,,,,,,,,,,"Radarsat-2","1",,,,,,,,,,
,,,,,,,,,,,,,,"Radiometers","1",,,,,,,,,,
,,,,,,,,,,,,,,"Radiometric Method","1",,,,,,,,,,
,,,,,,,,,,,,,,"Radiometry","1",,,,,,,,,,
,,,,,,,,,,,,,,"Reduced And Increased Flow","1",,,,,,,,,,
,,,,,,,,,,,,,,"Regional Variation","1",,,,,,,,,,
