﻿Scopus refine results values

"Your query : ((TITLE-ABS-KEY((Boreal OR {James Bay} OR James-Bay OR {Clay Belt} OR {canadian shield}) AND (Canada OR Quebec OR Ontario OR newfoundland OR Alberta OR British-Columbia) ) AND PUBYEAR > 1999 AND PUBYEAR < 2020) AND (TITLE-ABS-KEY({Climate change} OR {Climatic change} OR {global warming}) AND PUBYEAR > 1999 AND PUBYEAR < 2020) AND (TITLE-ABS-KEY(Contamination OR Contaminant OR Pollut* OR  {acid rain} OR {nitrogen deposition} ) AND PUBYEAR > 1999 AND PUBYEAR < 2020))"


Number of results : 42

"ACCESS TYPE",,"YEAR",,"AUTHOR NAME",,"SUBJECT AREA",,"DOCUMENT TYPE",,"PUBLICATION STAGE",,"SOURCE TITLE",,"KEYWORD",,"AFFILIATION",,"FUNDING SPONSOR",,"COUNTRY",,"SOURCE TYPE",,"LANGUAGE",
"Open Access","7","2019","2","Gunn, J.","3","Agricultural and Biological Sciences","11","Article","32","final","41","Science Of The Total Environment","4","Climate Change","32","Canadian Forest Service","8","Natural Sciences and Engineering Research Council of Canada","4","Canada","36","Journals","36","English","42"
"Other","35","2018","1","Gunn, J.M.","3","Chemical Engineering","1","Conference Paper","5","aip","1","Environmental Reviews","3","Canada","24","Environment Canada","6","Canadian Forest Service","2","United States","10","Conference Proceedings","3",,
,,"2017","4","Houle, D.","3","Chemistry","2","Review","4",,,"Atmospheric Chemistry And Physics","2","Boreal Forest","11","Laurentian University","6","National Science Foundation","2","Finland","2","Books","1",,
,,"2016","3","De Groot, W.J.","2","Earth and Planetary Sciences","11","Book Chapter","1",,,"Biogeochemistry","2","Article","10","University of Manitoba","4","Natural Resources Canada","2","France","2","Trade Publications","1",,
,,"2015","4","Hudman, R.C.","2","Energy","2",,,,,"Canadian Journal Of Forest Research","2","Forestry","10","Harvard University","3","Social Sciences and Humanities Research Council of Canada","2","Burkina Faso","1","Book Series","1",,
,,"2014","2","Kreutzweiser, D.P.","2","Engineering","3",,,,,"Environmental Monitoring And Assessment","2","North America","10","Ontario Ministry of Natural Resources","3","BioFuelNet Canada","1","Denmark","1",,,,
,,"2013","2","Achim, A.","1","Environmental Science","33",,,,,"Environmental Science And Technology","2","Environmental Monitoring","9","Fisheries and Oceans Canada","3","Canada Research Chairs","1","Iceland","1",,,,
,,"2012","1","Alahuhta, J.","1","Pharmacology, Toxicology and Pharmaceutics","1",,,,,"Journal Of Geophysical Research Atmospheres","2","Lake","8","University of Toronto","3","Canadian International Development Agency","1","Italy","1",,,,
,,"2011","1","Aljawahari, M.","1",,,,,,,"A Little Less Arctic Top Predators In The World S Largest Northern Inland Sea Hudson Bay","1","Lakes","8","Natural Resources Canada","3","Environment Canada","1","Mexico","1",,,,
,,"2010","2","Amiro, B.D.","1",,,,,,,"Air And Waste Management Association 1st International Greenhouse Gas Measurement Symposium 2009","1","Air Pollution","7","McGill University","2","Fisheries and Oceans Canada","1","Netherlands","1",,,,
,,"2009","5","Amyot, M.","1",,,,,,,"Applied Energy","1","Ecosystems","7","Duke University","2","Fonds QuÃ©bÃ©cois de la Recherche sur la Nature et les Technologies","1","Norway","1",,,,
,,"2008","4","Arp, P.A.","1",,,,,,,"Aquatic Sciences","1","Controlled Study","6","University of Montreal","2","Fonds de recherche du QuÃ©bec â Nature et technologies","1","Sweden","1",,,,
,,"2007","1","Atlas, E.L.","1",,,,,,,"Bryologist","1","Global Warming","6","The University of British Columbia","2","Indigenous and Northern Affairs Canada","1","Switzerland","1",,,,
,,"2006","5","Balland, V.","1",,,,,,,"Canadian Journal Of Soil Science","1","Water Pollutants, Chemical","6","Western University","2","MinistÃ¨re des ForÃªts, de la Faune et des Parcs","1","United Kingdom","1",,,,
,,"2004","1","Barber, D.G.","1",,,,,,,"Climatic Change","1","Water Pollution","6","University of Waterloo","2","NaturvÃ¥rdsverket","1","Undefined","1",,,,
,,"2002","1","Barrette, J.","1",,,,,,,"Coastal Management","1","Air Temperature","5","United States Environmental Protection Agency","2","Ontario Ministry of Natural Resources and Forestry","1",,,,,,
,,"2001","2","Bastien, J.","1",,,,,,,"Ecosystems","1","Arctic","5","University of Alberta","2","U.S. Department of Energy","1",,,,,,
,,"2000","1","Beall, F.D.","1",,,,,,,"Environmental Biology Of Fishes","1","Atmospheric Pollution","5","Trent University","2","U.S. Forest Service","1",,,,,,
,,,,"Bein, K.J.","1",,,,,,,"Environmental Pollution","1","Carbon Dioxide","5","Northern Forestry Centre","2","University of Toronto","1",,,,,,
,,,,"Beisner, B.E.","1",,,,,,,"Environmental Science And Pollution Research","1","Climate","5","Consortium Ouranos, Canada","2","W. Garfield Weston Foundation","1",,,,,,
,,,,"Bellenger, J.P.","1",,,,,,,"Forests","1","Concentration (parameters)","5","Intermap Technologies Ltd.","1","Western University","1",,,,,,
,,,,"Bellocchi, G.","1",,,,,,,"Frontiers In Plant Science","1","Dissolved Organic Carbon","5","Institut de l'Environnement et de Recherches Agricoles","1","Wildlife Conservation Society","1",,,,,,
,,,,"Berkes, F.","1",,,,,,,"Hydrology And Management Of Forested Wetlands Proceeding Of The International Conference","1","Ecosystem","5","Arctic Biological Consultants","1","Undefined","29",,,,,,
,,,,"Berkes, M.K.","1",,,,,,,"IEEE Power And Energy Magazine","1","Lake Pollution","5","Met European Research Observatory","1",,,,,,,,
,,,,"Bhatti, J.","1",,,,,,,"IEEE Transactions On Geoscience And Remote Sensing","1","Organic Carbon","5","Canadian Hydropower Association","1",,,,,,,,
,,,,"Bhatti, J.S.","1",,,,,,,"Journal Of Environmental Quality","1","Soils","5","Ministère des Forêts de la Faune et des Parcs","1",,,,,,,,
,,,,"Bossi, R.","1",,,,,,,"Proceedings 42nd AMOP Technical Seminar On Environmental Contamination And Response","1","Water Pollutant","5","Ministère des Forêts","1",,,,,,,,
,,,,"Branfireun, B.A.","1",,,,,,,"Recycled Paper News","1","Water Quality","5","University of Colorado Boulder","1",,,,,,,,
,,,,"Breivik, K.","1",,,,,,,"Regional Environmental Change","1","Analysis","4","Centre Clermont-Auvergne-Rhône-Alpes","1",,,,,,,,
,,,,"Brorström-Lundén, E.","1",,,,,,,"Water Air And Soil Pollution","1","Biomass","4","University of Sheffield","1",,,,,,,,
,,,,"Bugmann, H.K.M.","1",,,,,,,"Water Science And Technology","1","Carbon","4","Great Lakes Forestry Centre","1",,,,,,,,
,,,,"Cantin, A.","1",,,,,,,,,"Chemistry","4","ORNL Environmental Sciences Division","1",,,,,,,,
,,,,"Castonguay, M.","1",,,,,,,,,"Concentration (composition)","4","The Ohio State University","1",,,,,,,,
,,,,"Chan, D.","1",,,,,,,,,"Contamination","4","Manitoba Hydro","1",,,,,,,,
,,,,"Chételat, J.","1",,,,,,,,,"Drought","4","Università degli Studi del Sannio","1",,,,,,,,
,,,,"Cihlar, J.","1",,,,,,,,,"Ecology","4","Mount Allison University","1",,,,,,,,
,,,,"Clark, D.F.","1",,,,,,,,,"Fires","4","Yale University","1",,,,,,,,
,,,,"Cooke, C.A.","1",,,,,,,,,"Forests","4","Canada Centre for Remote Sensing","1",,,,,,,,
,,,,"Couture, S.","1",,,,,,,,,"Greenhouse Gases","4","Freshwater Institute, Fisheries and Oceans Canada","1",,,,,,,,
,,,,"Creed, I.F.","1",,,,,,,,,"Pollutant Transport","4","Utrecht University","1",,,,,,,,
,,,,"Côté, B.","1",,,,,,,,,"Precipitation (climatology)","4","University of Maine","1",,,,,,,,
,,,,"Dao, M.C.E.","1",,,,,,,,,"Temperature","4","Cooperative Institute for Research in Environmental Sciences","1",,,,,,,,
,,,,"Darnajoux, R.","1",,,,,,,,,"Wetlands","4","Ontario Ministry of the Environment","1",,,,,,,,
,,,,"Dastoor, A.","1",,,,,,,,,"Acidification","3","Universitetet i Oslo","1",,,,,,,,
,,,,"De Grandpré, J.","1",,,,,,,,,"Air Pollutants","3","DuPont","1",,,,,,,,
,,,,"De Grandpré, L.","1",,,,,,,,,"Aluminum","3","Rosenstiel School of Marine and Atmospheric Science","1",,,,,,,,
,,,,"Demarty, M.","1",,,,,,,,,"Animal","3","Université de Sherbrooke","1",,,,,,,,
,,,,"Dey, D.","1",,,,,,,,,"Animals","3","Norsk institutt for luftforskning","1",,,,,,,,
,,,,"Dibble, A.C.","1",,,,,,,,,"Atmospheric Deposition","3","University of Windsor","1",,,,,,,,
,,,,"Dillon, P.J.","1",,,,,,,,,"Biochemistry","3","IVL Svenska Miljoinstitutet","1",,,,,,,,
,,,,"Diodato, N.","1",,,,,,,,,"Boreal Forests","3","Oulun Yliopisto","1",,,,,,,,
,,,,"Du, Y.","1",,,,,,,,,"Catchment","3","University of California, Davis","1",,,,,,,,
,,,,"Duchesne, L.","1",,,,,,,,,"Deforestation","3","University of Saskatchewan","1",,,,,,,,
,,,,"D’Orangeville, L.","1",,,,,,,,,"Dissolution","3","Queen's University, Kingston","1",,,,,,,,
,,,,"Emmerton, C.A.","1",,,,,,,,,"Fire Hazards","3","University of New Brunswick","1",,,,,,,,
,,,,"Errington, R.","1",,,,,,,,,"Forest Fire","3","Università degli Studi di Napoli Federico II","1",,,,,,,,
,,,,"Evans, G.J.","1",,,,,,,,,"Geochemistry","3","Georgia Institute of Technology","1",,,,,,,,
,,,,"Faragher, R.","1",,,,,,,,,"Hydrology","3","Institut Pierre Simon Laplace","1",,,,,,,,
,,,,"Fast, H.","1",,,,,,,,,"Landscape","3","Agriculture et Agroalimentaire Canada","1",,,,,,,,
,,,,"Fellin, P.","1",,,,,,,,,"Leakage (fluid)","3","National Center for Atmospheric Research","1",,,,,,,,
,,,,"Ferguson, S.H.","1",,,,,,,,,"Mathematical Models","3","Université du Québec à Chicoutimi","1",,,,,,,,
,,,,"Fiorillo, F.","1",,,,,,,,,"Nonhuman","3","University of Virginia","1",,,,,,,,
,,,,"Fisk, A.T.","1",,,,,,,,,"Oceanography","3","Hydro-Quebec","1",,,,,,,,
,,,,"Flannigan, M.D.","1",,,,,,,,,"Oil Sands","3","University of Connecticut","1",,,,,,,,
,,,,"Flocke, F.M.","1",,,,,,,,,"Phosphorus","3","University of Delaware","1",,,,,,,,
,,,,"Fortin, P.","1",,,,,,,,,"Pollution","3","Pacific Northwest National Laboratory","1",,,,,,,,
,,,,"France, R.","1",,,,,,,,,"Precipitation","3","Oak Ridge National Laboratory","1",,,,,,,,
,,,,"Fryday, A.M.","1",,,,,,,,,"Prediction","3","Instituto de Ecología, A.C.","1",,,,,,,,
,,,,"Gagnon, C.","1",,,,,,,,,"Priority Journal","3","University of California, Berkeley","1",,,,,,,,
,,,,"Gamal El-Din, M.","1",,,,,,,,,"Quebec","3","Finnish Environment Institute","1",,,,,,,,
,,,,"Gill, R.","1",,,,,,,,,"Regression Analysis","3","ETH Zürich","1",,,,,,,,
,,,,"Girard, C.","1",,,,,,,,,"Soil","3","Lakehead University","1",,,,,,,,
,,,,"Gough, W.A.","1",,,,,,,,,"Stream Flow","3","National Oceanic and Atmospheric Administration","1",,,,,,,,
,,,,"Gravel, S.","1",,,,,,,,,"Taiga","3","Université du Québec à Montréal","1",,,,,,,,
,,,,"Graydon, J.A.","1",,,,,,,,,"Trees","3","University of Ottawa, Canada","1",,,,,,,,
,,,,"Guadagno, F.M.","1",,,,,,,,,"Water","3","University of Miami","1",,,,,,,,
,,,,"Hazlett, P.W.","1",,,,,,,,,"Watersheds","3","Aarhus Universitet","1",,,,,,,,
,,,,"Heald, C.L.","1",,,,,,,,,"Wetland","3","California Institute of Technology","1",,,,,,,,
,,,,"Heino, J.","1",,,,,,,,,"Wildfire","3","Michigan State University","1",,,,,,,,
,,,,"Heneberry, J.","1",,,,,,,,,"Acidity","2","Université Laval","1",,,,,,,,
,,,,"Hernandez, M.E.","1",,,,,,,,,"Air Quality","2","US EPA National Health and Environmental Effects Research Laboratory","1",,,,,,,,
,,,,"Higgins, S.","1",,,,,,,,,"Arctic Regions","2","Finnish Meteorological Institute","1",,,,,,,,
,,,,"Hinds, J.W.","1",,,,,,,,,"Athabasca Oil Sands","2","York University","1",,,,,,,,
,,,,"Hjort, J.","1",,,,,,,,,"Atmospheric Plume","2","Ministère de l‘Energie et des Ressources naturelles du Québec","1",,,,,,,,
,,,,"Hollebone, B.P.","1",,,,,,,,,"Atmospheric Temperature","2","Haskoli Islands","1",,,,,,,,
,,,,"Holloway, J.S.","1",,,,,,,,,"Base Cations","2","Icelandic Meteorological Office","1",,,,,,,,
,,,,"Hung, H.","1",,,,,,,,,"Bioaccumulation","2","Government of Alberta","1",,,,,,,,
,,,,"Hussey, N.E.","1",,,,,,,,,"Biogeochemistry","2","AirZone One Ltd.","1",,,,,,,,
,,,,"Jacob, D.J.","1",,,,,,,,,"Biological Materials","2","Institut international du développement durable","1",,,,,,,,
,,,,"Jassal, R.S.","1",,,,,,,,,"Biota","2","Laboratoire Atmosphères, Milieux, Observations Spatiales","1",,,,,,,,
,,,,"Johnston, M.V.","1",,,,,,,,,"Boreal","2","Danish Centre For Environment And Energy","1",,,,,,,,
,,,,"Johnston, T.A.","1",,,,,,,,,"Bryophyta","2",,,,,,,,,,
,,,,"Junginger, M.","1",,,,,,,,,"Bryophytes","2",,,,,,,,,,
,,,,"Kallenborn, R.","1",,,,,,,,,"Calcium","2",,,,,,,,,,
,,,,"Keller, W.","1",,,,,,,,,"Canadian Forests","2",,,,,,,,,,
,,,,"Kessel, S.T.","1",,,,,,,,,"Canadian Shield","2",,,,,,,,,,
,,,,"Kielstra, B.","1",,,,,,,,,"Carbon Emission","2",,,,,,,,,,
,,,,"Kurek, J.","1",,,,,,,,,"Chlorophyll A","2",,,,,,,,,,
,,,,"Kärnä, O.M.","1",,,,,,,,,"Climate Effect","2",,,,,,,,,,
,,,,"Lambert, P.","1",,,,,,,,,"Climate Modeling","2",,,,,,,,,,
,,,,"Landre, A.L.","1",,,,,,,,,"Coastal Zone Management","2",,,,,,,,,,
,,,,"Latifovic, R.","1",,,,,,,,,"Cobalt","2",,,,,,,,,,
,,,,"Leduc, J.","1",,,,,,,,,"Computer Simulation","2",,,,,,,,,,
,,,,"Lehmann, R.","1",,,,,,,,,"Contaminants","2",,,,,,,,,,
,,,,"Leinonen, K.","1",,,,,,,,,"Copper","2",,,,,,,,,,
,,,,"Leppänen, S.","1",,,,,,,,,"Deposition","2",,,,,,,,,,
,,,,"Lescord, G.L.","1",,,,,,,,,"Economics","2",,,,,,,,,,
,,,,"Logan, J.A.","1",,,,,,,,,"Environmental Impact Assessment","2",,,,,,,,,,
,,,,"Lutzoni, F.","1",,,,,,,,,"Finance","2",,,,,,,,,,
,,,,"Lynham, T.J.","1",,,,,,,,,"Fish","2",,,,,,,,,,
,,,,"Manø, S.","1",,,,,,,,,"Fishes","2",,,,,,,,,,
,,,,"Martin, M.V.","1",,,,,,,,,"Fluid","2",,,,,,,,,,
,,,,"McKinney, M.A.","1",,,,,,,,,"Forest","2",,,,,,,,,,
,,,,"Miadlikowska, J.","1",,,,,,,,,"Forest Dynamics","2",,,,,,,,,,
,,,,"Mickley, L.J.","1",,,,,,,,,"Forest Floors","2",,,,,,,,,,
,,,,"Mirnaghi, F.","1",,,,,,,,,"Forest Soil","2",,,,,,,,,,
,,,,"Mitsch, W.J.","1",,,,,,,,,"Forest Soils","2",,,,,,,,,,
,,,,"Morin, H.","1",,,,,,,,,"Fuel Consumption","2",,,,,,,,,,
,,,,"Neish, M.","1",,,,,,,,,"Fuels","2",,,,,,,,,,
,,,,"Neuman, A.","1",,,,,,,,,"Fungi","2",,,,,,,,,,
,,,,"Neville, E.E.","1",,,,,,,,,"Gas Emissions","2",,,,,,,,,,
,,,,"Nour, M.H.","1",,,,,,,,,"Generating Stations","2",,,,,,,,,,
,,,,"Oelbermann, M.","1",,,,,,,,,"Geologic Sediments","2",,,,,,,,,,
,,,,"Ogle, K.","1",,,,,,,,,"Global Climate","2",,,,,,,,,,
,,,,"Olafsdottir, K.","1",,,,,,,,,"Greenhouse Gas","2",,,,,,,,,,
,,,,"Patton, G.W.","1",,,,,,,,,"Greenhouses","2",,,,,,,,,,
,,,,"Pedro, S.","1",,,,,,,,,"Hazards","2",,,,,,,,,,
,,,,"Peltier, R.E.","1",,,,,,,,,"Human Activity","2",,,,,,,,,,
,,,,"Perron, T.","1",,,,,,,,,"Hydrocarbons, Chlorinated","2",,,,,,,,,,
,,,,"Peters, R.","1",,,,,,,,,"Hydroelectric Power","2",,,,,,,,,,
,,,,"Polavarapu, S.M.","1",,,,,,,,,"Ice","2",,,,,,,,,,
,,,,"Pothier, D.","1",,,,,,,,,"Impurities","2",,,,,,,,,,
,,,,"Prepas, E.E.","1",,,,,,,,,"Information Processing","2",,,,,,,,,,
,,,,"Price, D.T.","1",,,,,,,,,"Introduced Species","2",,,,,,,,,,
,,,,"Pritchard, J.M.","1",,,,,,,,,"Iron","2",,,,,,,,,,
,,,,"Ren, S.","1",,,,,,,,,"Lake Water","2",,,,,,,,,,
,,,,"Rocha, M.P.","1",,,,,,,,,"Leakage","2",,,,,,,,,,
,,,,"Roche, S.","1",,,,,,,,,"Lichens","2",,,,,,,,,,
,,,,"Romano, N.","1",,,,,,,,,"Magnesium","2",,,,,,,,,,
,,,,"Rossi, S.","1",,,,,,,,,"Marine Pollution","2",,,,,,,,,,
,,,,"Ryjkov, A.","1",,,,,,,,,"Mercury","2",,,,,,,,,,
,,,,"Rühland, K.M.","1",,,,,,,,,"Metal","2",,,,,,,,,,
,,,,"Schiff, S.L.","1",,,,,,,,,"Metallurgy","2",,,,,,,,,,
,,,,"Seinfeld, J.H.","1",,,,,,,,,"Meteorological Problems","2",,,,,,,,,,
,,,,"Semeniuk, K.","1",,,,,,,,,"Methane","2",,,,,,,,,,
,,,,"Shah, K.","1",,,,,,,,,"Methylmercury Compounds","2",,,,,,,,,,
,,,,"Skov, H.","1",,,,,,,,,"Methylmercury Derivative","2",,,,,,,,,,
,,,,"Smith, D.W.","1",,,,,,,,,"Models, Theoretical","2",,,,,,,,,,
,,,,"Smol, J.P.","1",,,,,,,,,"Monitoring","2",,,,,,,,,,
,,,,"Solomon, A.M.","1",,,,,,,,,"Oil And Gas Field","2",,,,,,,,,,
,,,,"Startsev, N.","1",,,,,,,,,"Oil And Gas Fields","2",,,,,,,,,,
,,,,"Steedman, R.","1",,,,,,,,,"Ontario [Canada]","2",,,,,,,,,,
,,,,"Stern, G.","1",,,,,,,,,"Organic Pollutants","2",,,,,,,,,,
,,,,"Stewart, D.B.","1",,,,,,,,,"Organochlorine Pesticide","2",,,,,,,,,,
,,,,"Stoyanovich, S.","1",,,,,,,,,"Peat","2",,,,,,,,,,
,,,,"Strong, K.","1",,,,,,,,,"Permafrost","2",,,,,,,,,,
,,,,"Su, Y.","1",,,,,,,,,"Persistent Organic Pollutants","2",,,,,,,,,,
,,,,"Sullivan, A.P.","1",,,,,,,,,"Pesticides","2",,,,,,,,,,
,,,,"Summers, J.C.","1",,,,,,,,,"Pollutant Source","2",,,,,,,,,,
,,,,"Undefined","1",,,,,,,,,"Pollution Transport","2",,,,,,,,,,
