﻿Scopus refine results values

"Your query : ((TITLE-ABS-KEY((Boreal OR {James Bay} OR James-Bay OR {Clay Belt} OR {canadian shield}) AND (Canada OR Quebec OR Ontario OR newfoundland OR Alberta OR British-Columbia) ) AND PUBYEAR > 1999 AND PUBYEAR < 2020) AND (TITLE-ABS-KEY({Climate change} OR {Climatic change} OR {global warming}) AND PUBYEAR > 1999 AND PUBYEAR < 2020) AND (TITLE-ABS-KEY(Silvicultur* OR Intensive OR {Site preparation}   OR Plantation OR   {Tree planting}) AND PUBYEAR > 1999 AND PUBYEAR < 2020))"


Number of results : 50

"ACCESS TYPE",,"YEAR",,"AUTHOR NAME",,"SUBJECT AREA",,"DOCUMENT TYPE",,"PUBLICATION STAGE",,"SOURCE TITLE",,"KEYWORD",,"AFFILIATION",,"FUNDING SPONSOR",,"COUNTRY",,"SOURCE TYPE",,"LANGUAGE",
"Open Access","12","2019","6","Bergeron, Y.","8","Agricultural and Biological Sciences","40","Article","38","final","50","Forest Ecology And Management","8","Climate Change","42","Canadian Forest Service","16","Natural Sciences and Engineering Research Council of Canada","9","Canada","49","Journals","48","English","50"
"Other","38","2018","4","Gauthier, S.","4","Biochemistry, Genetics and Molecular Biology","1","Review","8",,,"Forestry Chronicle","6","Canada","37","Universite du Quebec en Abitibi-Temiscamingue","8","Ontario Ministry of Natural Resources and Forestry","3","United States","4","Books","2",,
,,"2017","3","Kurz, W.A.","3","Chemical Engineering","1","Book Chapter","2",,,"Canadian Journal Of Forest Research","5","Boreal Forest","34","Université Laval","8","BIOCAP Canada","2","Sweden","2",,,,
,,"2016","3","Sharma, M.","3","Computer Science","1","Conference Paper","2",,,"Environmental Reviews","4","Forestry","23","Natural Resources Canada","7","Canadian Forest Service","2","Australia","1",,,,
,,"2015","2","Achim, A.","2","Decision Sciences","1",,,,,"Forestry","3","Forest Management","18","Université du Québec à Montréal","6","Canadian Foundation for Climate and Atmospheric Sciences","2","China","1",,,,
,,"2013","7","Black, T.A.","2","Earth and Planetary Sciences","2",,,,,"Forests","2","Carbon","11","University of Alberta","6","Fonds de recherche du QuÃ©bec â Nature et technologies","2","France","1",,,,
,,"2012","5","Boucher, J.F.","2","Energy","1",,,,,"Hydrological Processes","2","North America","11","University of Saskatchewan","5","Centre National de la Recherche Scientifique","1","Netherlands","1",,,,
,,"2011","6","Chang, S.X.","2","Engineering","1",,,,,"Agricultural And Forest Meteorology","1","Picea Mariana","11","Northern Forestry Centre","5","Environment Canada","1","Spain","1",,,,
,,"2010","2","Flannigan, M.","2","Environmental Science","33",,,,,"Annals Of Botany","1","Carbon Sequestration","10","Environment Canada","4","Environment and Climate Change Canada","1",,,,,,
,,"2009","1","Gaboury, S.","2","Immunology and Microbiology","1",,,,,"Biological Conservation","1","Reforestation","9","The University of British Columbia","4","Fonds QuÃ©bÃ©cois de la Recherche sur la Nature et les Technologies","1",,,,,,
,,"2008","3","Le Goff, H.","2","Social Sciences","1",,,,,"Biology And Fertility Of Soils","1","Boreal Forests","8","Pacific Forestry Centre","4","Luonnontieteiden ja Tekniikan Tutkimuksen Toimikunta","1",,,,,,
,,"2007","1","Leduc, A.","2",,,,,,,"Botany","1","Quebec [Canada]","8","Great Lakes Forestry Centre","3","Manitoba Hydro","1",,,,,,
,,"2005","3","Margolis, H.A.","2",,,,,,,"Ecology","1","Silviculture","8","Ontario Ministry of Natural Resources","3","Ministry of Forests, Lands and Natural Resource Operations","1",,,,,,
,,"2004","3","Park, A.","2",,,,,,,"Ecosphere","1","Biomass","7","Ontario Forest Research Institute","3","Ministry of Natural Resources","1",,,,,,
,,"2000","1","Parton, J.","2",,,,,,,"Erdkunde","1","Coniferous Tree","7","Université du Québec à Chicoutimi","3","MinistÃ¨re des ForÃªts, de la Faune et des Parcs","1",,,,,,
,,,,"Smyth, C.","2",,,,,,,"Forest Science","1","Ecosystems","7","Le réseau de l'Université du Québec","2","MinistÃ¨re des Ressources Naturelles et de la Faune","1",,,,,,
,,,,"Thomas, B.R.","2",,,,,,,"Forest Science And Technology","1","Greenhouse Gases","7","University of Winnipeg","2","Ministère des Forêts, de la Faune et des Parcs","1",,,,,,
,,,,"Villeneuve, C.","2",,,,,,,"Gcb Bioenergy","1","Pinus Banksiana","7","Memorial University of Newfoundland","2","Mitacs","1",,,,,,
,,,,"Alfaro, R.","1",,,,,,,"Geoderma","1","Stand Structure","7","Lakehead University","2","Natural Resources Canada","1",,,,,,
,,,,"Ali, A.A.","1",,,,,,,"Journal Of Biogeography","1","Afforestation","6","Sveriges lantbruksuniversitet","2","UniversitÃ© Laval","1",,,,,,
,,,,"Allard, J.","1",,,,,,,"Journal Of Environmental Informatics","1","Biodiversity","6","McMaster University","2","Undefined","32",,,,,,
,,,,"Amichev, B.Y.","1",,,,,,,"Journal Of Vegetation Science","1","Chronosequence","6","University of Wisconsin-Madison","2",,,,,,,,
,,,,"Amiro, B.D.","1",,,,,,,"New Forests","1","Fire","6","Ministry of Forests and Range","2",,,,,,,,
,,,,"Anand, M.","1",,,,,,,"New Phytologist","1","Harvesting","6","Alberta-Pacific Forest Industries Inc.","2",,,,,,,,
,,,,"Arain, M.A.","1",,,,,,,"Plantations Biodiversity Carbon Sequestration And Restoration","1","Seasonal Variation","6","Ministère des Forêts de la Faune et des Parcs du Québec","1",,,,,,,,
,,,,"Arbour, M.L.","1",,,,,,,"Process Safety And Environmental Protection","1","Alberta","5","Grande Prairie Regional College","1",,,,,,,,
,,,,"Barr, A.G.","1",,,,,,,"Recarbonization Of The Biosphere Ecosystems And The Global Carbon Cycle","1","Climate Models","5","Yukon College","1",,,,,,,,
,,,,"Bauce, E.","1",,,,,,,,,"Coniferous Forest","5","J. Heineman Forestry Consulting","1",,,,,,,,
,,,,"Beatch, A.","1",,,,,,,,,"Data Set","5","Lake Abitibi Model Forest","1",,,,,,,,
,,,,"Beaulieu, J.","1",,,,,,,,,"Disturbance","5","NorthWind Land Resources Inc.","1",,,,,,,,
,,,,"Bedford, L.","1",,,,,,,,,"Ecology","5","Skyline Forestry Consultants, Ltd.","1",,,,,,,,
,,,,"Bell, F.W.","1",,,,,,,,,"Growth Rate","5","Groupe de Recherche en Écologic Forestière Inter-universitaire GREFi","1",,,,,,,,
,,,,"Benomar, L.","1",,,,,,,,,"Land Use","5","Forestry Corp.","1",,,,,,,,
,,,,"Bernier, P.Y.","1",,,,,,,,,"Manitoba","5","Industrielle CRSNG-UQAT-UQAM en Aménagement Forestier Durable","1",,,,,,,,
,,,,"Bhatti, J.","1",,,,,,,,,"Picea","5","Measurement Systems Technology","1",,,,,,,,
,,,,"Bhatti, J.S.","1",,,,,,,,,"Plantation Forestry","5","Forest Research Consultant","1",,,,,,,,
,,,,"Bielech, J.P.","1",,,,,,,,,"Regeneration","5","Ministry of Natural Resources and Forestry","1",,,,,,,,
,,,,"Bittencourt, E.","1",,,,,,,,,"Soils","5","Ministère des Forêts de la Faune et des Parcs","1",,,,,,,,
,,,,"Blain, D.","1",,,,,,,,,"Wood","5","Universidad de Castilla-La Mancha","1",,,,,,,,
,,,,"Blanton, S.","1",,,,,,,,,"Black Spruce","4","University of Calgary","1",,,,,,,,
,,,,"Boateng, J.O.","1",,,,,,,,,"Canadian Boreal Forest","4","McGill University","1",,,,,,,,
,,,,"Boisvenue, C.","1",,,,,,,,,"Climate Effect","4","Université du Québec à Rimouski","1",,,,,,,,
,,,,"Bousquet, J.","1",,,,,,,,,"Computer Simulation","4","Wageningen University and Research Centre","1",,,,,,,,
,,,,"Bradshaw, C.J.A.","1",,,,,,,,,"Coniferophyta","4","Canada Centre for Remote Sensing","1",,,,,,,,
,,,,"Bronson, D.R.","1",,,,,,,,,"Deciduous Tree","4","University of California, Irvine","1",,,,,,,,
,,,,"Carcaillet, C.","1",,,,,,,,,"Fires","4","University of Wyoming","1",,,,,,,,
,,,,"Chen, B.","1",,,,,,,,,"Forests","4","The University of Adelaide","1",,,,,,,,
,,,,"Chen, H.Y.H.","1",,,,,,,,,"Global Warming","4","University of Manitoba","1",,,,,,,,
,,,,"Chen, J.","1",,,,,,,,,"Growing Season","4","Harvard University","1",,,,,,,,
,,,,"Chen, J.M.","1",,,,,,,,,"Hexapoda","4","Western University","1",,,,,,,,
,,,,"Comeau, P.G.","1",,,,,,,,,"Lakes","4","University of Northern British Columbia","1",,,,,,,,
,,,,"Cortini, F.","1",,,,,,,,,"Picea Glauca","4","South Australian Research and Development Institute","1",,,,,,,,
,,,,"Coursolle, C.","1",,,,,,,,,"Plantations","4","Canadian Heritage","1",,,,,,,,
,,,,"Creed, I.F.","1",,,,,,,,,"Plants (botany)","4","University of Guelph","1",,,,,,,,
,,,,"Cyr, D.","1",,,,,,,,,"Populus","4","Queen's University, Kingston","1",,,,,,,,
,,,,"Dacosta, J.","1",,,,,,,,,"Quebec","4","Michigan Technological University","1",,,,,,,,
,,,,"Dang, Q.L.","1",,,,,,,,,"Vulnerability","4","University of Toronto","1",,,,,,,,
,,,,"Delwaide, A.","1",,,,,,,,,"Wetlands","4","US National Park Service","1",,,,,,,,
,,,,"Deshaies, D.","1",,,,,,,,,"Abies Balsamea","3","Alcan","1",,,,,,,,
,,,,"Dhar, A.","1",,,,,,,,,"CBM-CFS3","3","Boston University","1",,,,,,,,
,,,,"Dunn, A.L.","1",,,,,,,,,"Carbon Dioxide","3","Worcester State University","1",,,,,,,,
,,,,"Dyk, A.","1",,,,,,,,,"Climate Warming","3","North China Electric Power University","1",,,,,,,,
,,,,"Dymond, C.C.","1",,,,,,,,,"Climates","3","Conseil de recherches en sciences naturelles et en génie du Canada","1",,,,,,,,
,,,,"Fast, W.","1",,,,,,,,,"Climatology","3","École Pratique des Hautes Etudes","1",,,,,,,,
,,,,"Flaspohler, D.J.","1",,,,,,,,,"Dominance","3","Trent University","1",,,,,,,,
,,,,"Franceschini, T.","1",,,,,,,,,"Drought","3","Ministère de l‘Energie et des Ressources naturelles du Québec","1",,,,,,,,
,,,,"Fuentealba, A.","1",,,,,,,,,"Environmental Disturbance","3","Government of British Columbia","1",,,,,,,,
,,,,"Gagnon, R.","1",,,,,,,,,"Fire Management","3","Parks Canada","1",,,,,,,,
,,,,"Gauthray-Guyénet, V.","1",,,,,,,,,"Forest Canopy","3","Manning Diversified Forest Products Ltd.","1",,,,,,,,
,,,,"Giasson, M.A.","1",,,,,,,,,"Greenhouse Effect","3","Ministry of Transport of the People's Republic of China","1",,,,,,,,
,,,,"Gilsenan, R.","1",,,,,,,,,"Growth","3","McMaster University, Faculty of Science","1",,,,,,,,
,,,,"Girardin, M.P.","1",,,,,,,,,"Hybrid Poplar","3","Université de Montpellier","1",,,,,,,,
,,,,"Girona, M.M.","1",,,,,,,,,"Meteorology","3",,,,,,,,,,
,,,,"Goodbrand, A.","1",,,,,,,,,"Mitigation","3",,,,,,,,,,
,,,,"Goulden, M.L.","1",,,,,,,,,"Natural Disturbance","3",,,,,,,,,,
,,,,"Gower, S.T.","1",,,,,,,,,"Ontario [Canada]","3",,,,,,,,,,
,,,,"Grant, R.F.","1",,,,,,,,,"Permafrost","3",,,,,,,,,,
,,,,"Grover, G.","1",,,,,,,,,"Physiology","3",,,,,,,,,,
,,,,"Hacke, U.G.","1",,,,,,,,,"Pinus Contorta","3",,,,,,,,,,
,,,,"Hall, R.J.","1",,,,,,,,,"Pinus Resinosa","3",,,,,,,,,,
,,,,"Hamann, A.","1",,,,,,,,,"Plantation","3",,,,,,,,,,
,,,,"Harris, S.A.","1",,,,,,,,,"Populus Tremuloides","3",,,,,,,,,,
,,,,"Hawkins, C.D.B.","1",,,,,,,,,"Productivity","3",,,,,,,,,,
,,,,"Heineman, J.L.","1",,,,,,,,,"Risk Assessment","3",,,,,,,,,,
,,,,"Hof, A.R.","1",,,,,,,,,"Runoff","3",,,,,,,,,,
,,,,"Hogg, E.H.","1",,,,,,,,,"Sustainable Development","3",,,,,,,,,,
,,,,"Hunt, S.","1",,,,,,,,,"Temporal Variation","3",,,,,,,,,,
,,,,"Hély, C.","1",,,,,,,,,"Adaptive Management","2",,,,,,,,,,
,,,,"Jassal, R.","1",,,,,,,,,"Age Class","2",,,,,,,,,,
,,,,"Jetté, J.P.","1",,,,,,,,,"Age Structure","2",,,,,,,,,,
,,,,"Jing, L.","1",,,,,,,,,"Agricultural Land","2",,,,,,,,,,
,,,,"Joss, B.N.","1",,,,,,,,,"Air Temperature","2",,,,,,,,,,
,,,,"Kafka, V.","1",,,,,,,,,"Biological Materials","2",,,,,,,,,,
,,,,"Keddy, T.J.","1",,,,,,,,,"Biophysical Effects","2",,,,,,,,,,
,,,,"Krcmar, E.","1",,,,,,,,,"Biotic Factor","2",,,,,,,,,,
,,,,"Lac, S.","1",,,,,,,,,"British Columbia","2",,,,,,,,,,
,,,,"Lafleur, P.M.","1",,,,,,,,,"Budget Control","2",,,,,,,,,,
,,,,"Lamb, E.G.","1",,,,,,,,,"C Sequestration","2",,,,,,,,,,
,,,,"Lambert, M.C.","1",,,,,,,,,"Carbon Balance","2",,,,,,,,,,
,,,,"Lamhamedi, M.S.","1",,,,,,,,,"Carbon Flux","2",,,,,,,,,,
,,,,"Landhäusser, S.M.","1",,,,,,,,,"Carbon Monoxide","2",,,,,,,,,,
,,,,"Lavoie, J.","1",,,,,,,,,"Changing Climate","2",,,,,,,,,,
,,,,"Lavoie, M.","1",,,,,,,,,"Clearcutting","2",,,,,,,,,,
,,,,"Leckie, D.","1",,,,,,,,,"Climate Change Mitigation","2",,,,,,,,,,
,,,,"Lemprière, T.C.","1",,,,,,,,,"Climate Change Scenarios","2",,,,,,,,,,
,,,,"Lieffers, V.J.","1",,,,,,,,,"Climate Variables","2",,,,,,,,,,
,,,,"Liu, S.","1",,,,,,,,,"Clustered Datum","2",,,,,,,,,,
,,,,"Lord, D.","1",,,,,,,,,"Coleoptera","2",,,,,,,,,,
,,,,"Lucas-Borja, M.E.","1",,,,,,,,,"Comparative Study","2",,,,,,,,,,
,,,,"Mather, W.J.","1",,,,,,,,,"Deciduous Forest","2",,,,,,,,,,
,,,,"McCaughey, J.H.","1",,,,,,,,,"Deforestation","2",,,,,,,,,,
,,,,"McClarnon, J.","1",,,,,,,,,"Dynamics","2",,,,,,,,,,
,,,,"McKenney, D.W.","1",,,,,,,,,"Ecosystem Management","2",,,,,,,,,,
,,,,"Metsaranta, J.","1",,,,,,,,,"Ecosystem Services","2",,,,,,,,,,
,,,,"Metsaranta, J.M.","1",,,,,,,,,"Fire Behavior","2",,,,,,,,,,
,,,,"Mladenoff, D.J.","1",,,,,,,,,"Fire History","2",,,,,,,,,,
,,,,"Morin, H.","1",,,,,,,,,"Forest Dynamics","2",,,,,,,,,,
,,,,"Neilson, E.T.","1",,,,,,,,,"Forest Ecosystem","2",,,,,,,,,,
,,,,"Nelson, H.","1",,,,,,,,,"Forest Floor","2",,,,,,,,,,
,,,,"Newmaster, S.G.","1",,,,,,,,,"Forest Product","2",,,,,,,,,,
,,,,"Newton, P.F.","1",,,,,,,,,"Forestation","2",,,,,,,,,,
,,,,"Ouellet Dallaire, C.","1",,,,,,,,,"Global Change","2",,,,,,,,,,
,,,,"Ouzennou, H.","1",,,,,,,,,"Height Growth","2",,,,,,,,,,
,,,,"Paradis, L.","1",,,,,,,,,"Heterotrophic Respiration","2",,,,,,,,,,
,,,,"Parton, S.","1",,,,,,,,,"Hierarchical Clustered Data","2",,,,,,,,,,
,,,,"Paré, D.","1",,,,,,,,,"Hybrid","2",,,,,,,,,,
,,,,"Payette, S.","1",,,,,,,,,"Hydrological Cycle","2",,,,,,,,,,
,,,,"Peng, C.","1",,,,,,,,,"Hydrological Modeling","2",,,,,,,,,,
,,,,"Pepin, S.","1",,,,,,,,,"Hydrology","2",,,,,,,,,,
,,,,"Poelzer, G.","1",,,,,,,,,"Jack Pine","2",,,,,,,,,,
,,,,"Pothier, D.","1",,,,,,,,,"Land Use Change","2",,,,,,,,,,
,,,,"Potvin, C.","1",,,,,,,,,"Landscape","2",,,,,,,,,,
,,,,"Powelson, A.","1",,,,,,,,,"Lichen","2",,,,,,,,,,
,,,,"Rainville, A.","1",,,,,,,,,"Lodgepole Pine","2",,,,,,,,,,
,,,,"Rampley, G.J.","1",,,,,,,,,"Management Practice","2",,,,,,,,,,
,,,,"Raulier, F.","1",,,,,,,,,"Mixed Forest","2",,,,,,,,,,
,,,,"Rouse, W.R.","1",,,,,,,,,"Modeling","2",,,,,,,,,,
,,,,"Ruel, J.C.","1",,,,,,,,,"Mountain Pine Beetle","2",,,,,,,,,,
,,,,"Sachs, D.L.","1",,,,,,,,,"Net Ecosystem Production","2",,,,,,,,,,
,,,,"Schmoll, C.","1",,,,,,,,,"Ontario","2",,,,,,,,,,
,,,,"Schneider, R.","1",,,,,,,,,"Peatland","2",,,,,,,,,,
,,,,"Schreiber, S.G.","1",,,,,,,,,"Picea Engelmannii","2",,,,,,,,,,
,,,,"Searle, E.B.","1",,,,,,,,,"Pinus Mugo","2",,,,,,,,,,
,,,,"Serran, J.N.","1",,,,,,,,,"Plants","2",,,,,,,,,,
,,,,"Sharma, D.","1",,,,,,,,,"Precipitation Intensity","2",,,,,,,,,,
,,,,"Shaw, C.H.","1",,,,,,,,,"Red Pine Plantations","2",,,,,,,,,,
,,,,"Shi, Z.","1",,,,,,,,,"Renewable Energy Resources","2",,,,,,,,,,
,,,,"Sidders, D.M.","1",,,,,,,,,"Seedling","2",,,,,,,,,,
,,,,"Simard, S.W.","1",,,,,,,,,"Seedling Establishment","2",,,,,,,,,,
,,,,"Splawinski, T.B.","1",,,,,,,,,"Seedlings","2",,,,,,,,,,
,,,,"Stinson, G.","1",,,,,,,,,"Silvicultural Practices","2",,,,,,,,,,
,,,,"Subedi, N.","1",,,,,,,,,"Simulation","2",,,,,,,,,,
,,,,"Tan, W.","1",,,,,,,,,"Snowmelt","2",,,,,,,,,,
,,,,"Tanner, M.S.","1",,,,,,,,,"Soil Moisture","2",,,,,,,,,,
,,,,"Teklay, T.","1",,,,,,,,,"Soil Temperature","2",,,,,,,,,,
,,,,"Ter-Mikaelian, M.","1",,,,,,,,,"Species Diversity","2",,,,,,,,,,
,,,,"Terrier, A.","1",,,,,,,,,"Streamflow","2",,,,,,,,,,
,,,,"Thiffault, E.","1",,,,,,,,,"Subarctic Region","2",,,,,,,,,,
,,,,"Tremblay, P.","1",,,,,,,,,"Sustainability","2",,,,,,,,,,
,,,,"Van Rees, K.C.J.","1",,,,,,,,,"Sustainable Forest Management","2",,,,,,,,,,
