﻿Scopus refine results values

"Your query : ((TITLE-ABS-KEY((Boreal OR {James Bay} OR James-Bay OR {Clay Belt} OR {canadian shield}) AND (Canada OR Quebec OR Ontario OR newfoundland OR Alberta OR British-Columbia) ) AND PUBYEAR > 1999 AND PUBYEAR < 2020) AND (TITLE-ABS-KEY(Forestry OR {Forest management} OR {Forest practices}) AND PUBYEAR > 1999 AND PUBYEAR < 2020) AND (TITLE-ABS-KEY(Harvest* OR Logging OR Cut OR Clear-cut  OR Clearcut OR {Clear Cut}) AND PUBYEAR > 1999 AND PUBYEAR < 2020))"


Number of results : 638

"ACCESS TYPE",,"YEAR",,"AUTHOR NAME",,"SUBJECT AREA",,"DOCUMENT TYPE",,"PUBLICATION STAGE",,"SOURCE TITLE",,"KEYWORD",,"AFFILIATION",,"FUNDING SPONSOR",,"COUNTRY",,"SOURCE TYPE",,"LANGUAGE",
"Open Access","93","2019","26","Bergeron, Y.","65","Agricultural and Biological Sciences","538","Article","573","final","637","Forest Ecology And Management","166","Canada","522","Canadian Forest Service","166","Natural Sciences and Engineering Research Council of Canada","143","Canada","615","Journals","617","English","626"
"Other","545","2018","23","Gauthier, S.","34","Biochemistry, Genetics and Molecular Biology","12","Conference Paper","33","aip","1","Canadian Journal Of Forest Research","109","Forestry","442","University of Alberta","123","Fonds QuÃ©bÃ©cois de la Recherche sur la Nature et les Technologies","32","United States","54","Books","9","French","14"
,,"2017","32","Paré, D.","26","Chemical Engineering","4","Review","20",,,"Forestry Chronicle","66","Boreal Forest","439","Natural Resources Canada","94","Canadian Forest Service","23","Australia","10","Trade Publications","6","Spanish","2"
,,"2016","32","Drapeau, P.","24","Chemistry","2","Book Chapter","8",,,"Forests","16","Harvesting","306","Université Laval","94","Natural Resources Canada","20","Germany","10","Conference Proceedings","5",,
,,"2015","41","Brais, S.","21","Computer Science","4","Note","2",,,"Silva Fennica","11","Forest Management","277","Université du Québec à Montréal","92","Ministry of Natural Resources","17","Finland","8","Book Series","1",,
,,"2014","36","Spence, J.R.","17","Decision Sciences","6","Book","1",,,"Soil Biology And Biochemistry","11","North America","178","Universite du Quebec en Abitibi-Temiscamingue","89","Alberta Conservation Association","16","United Kingdom","7",,,,
,,"2013","41","Harvey, B.D.","14","Earth and Planetary Sciences","24","Short Survey","1",,,"Ecological Applications","10","Ecosystems","148","Ontario Ministry of Natural Resources","55","University of Alberta","12","France","6",,,,
,,"2012","43","Leduc, A.","14","Economics, Econometrics and Finance","8",,,,,"Landscape Ecology","10","Biodiversity","141","Ministère de l‘Energie et des Ressources naturelles du Québec","40","MinistÃ¨re des Ressources Naturelles et de la Faune","9","Argentina","5",,,,
,,"2011","27","Raulier, F.","14","Energy","5",,,,,"Ecoscience","9","Boreal Forests","122","University of Toronto","38","Fonds de recherche du QuÃ©bec â Nature et technologies","8","China","5",,,,
,,"2010","32","Fenton, N.J.","13","Engineering","11",,,,,"Ecological Modelling","7","Picea Mariana","121","Northern Forestry Centre","36","Luonnontieteiden ja Tekniikan Tutkimuksen Toimikunta","8","Switzerland","4",,,,
,,"2009","32","Macdonald, S.E.","13","Environmental Science","448",,,,,"Environmental Reviews","7","Clearcutting","116","Ontario Forest Research Institute","33","MinistÃ¨re des ForÃªts, de la Faune et des Parcs","6","Chile","3",,,,
,,"2008","45","Thiffault, E.","13","Immunology and Microbiology","12",,,,,"Ecological Indicators","6","Quebec [Canada]","107","Le réseau de l'Université du Québec","32","Ontario Ministry of Natural Resources and Forestry","6","Netherlands","3",,,,
,,"2007","41","Thiffault, N.","13","Materials Science","7",,,,,"Forestry","6","Forests","106","The University of British Columbia","32","Association pour la Recherche sur les Tumeurs de la Prostate","5","Estonia","2",,,,
,,"2006","35","Langor, D.W.","12","Mathematics","2",,,,,"Hydrological Processes","6","Fires","99","Lakehead University","32","Government of Alberta","5","South Korea","2",,,,
,,"2005","40","Imbeau, L.","11","Medicine","1",,,,,"Avian Conservation And Ecology","5","Picea","98","Environment Canada","24","Government of Canada","5","Spain","2",,,,
,,"2004","22","Malcolm, J.R.","11","Multidisciplinary","5",,,,,"Biological Conservation","5","Silviculture","93","Great Lakes Forestry Centre","23","UniversitÃ© Laval","5","Sweden","2",,,,
,,"2003","34","Messier, C.","11","Physics and Astronomy","2",,,,,"Conservation Biology","5","Disturbance","91","Ministry of Forests and Range","20","Canadian Foundation for Climate and Atmospheric Sciences","4","Brazil","1",,,,
,,"2002","32","Ruel, J.C.","11","Social Sciences","23",,,,,"Journal Of Environmental Management","5","Ecology","90","Université du Québec à Rimouski","19","Lakehead University","4","Japan","1",,,,
,,"2001","14","Fortin, D.","10",,,,,,,"New Forests","5","Coniferophyta","85","Pacific Forestry Centre","19","Mitacs","4","Mexico","1",,,,
,,"2000","10","Man, R.","9",,,,,,,"Plos One","5","Reforestation","85","University of Northern British Columbia","18","National Aeronautics and Space Administration","4","New Zealand","1",,,,
,,,,"Boucher, Y.","8",,,,,,,"Remote Sensing Of Environment","5","Regeneration","85","University of Saskatchewan","18","Parks Canada","4","Norway","1",,,,
,,,,"Boudreault, C.","8",,,,,,,"Biodiversity And Conservation","4","Alberta","84","Université du Québec à Chicoutimi","16","Tembec","4","Russian Federation","1",,,,
,,,,"Chen, H.Y.H.","8",,,,,,,"Canadian Field Naturalist","4","Coniferous Tree","84","University of Guelph","15","UniversitÃ© du QuÃ©bec en Abitibi-TÃ©miscamingue","4","Undefined","3",,,,
,,,,"Coops, N.C.","8",,,,,,,"Canadian Journal Of Botany","4","Coniferous Forest","81","University of Calgary","13","UniversitÃ© du QuÃ©bec Ã  MontrÃ©al","4",,,,,,
,,,,"Hannon, S.J.","8",,,,,,,"Canadian Journal Of Zoology","4","Logging","77","University of Montreal","13","UniversitÃ© du QuÃ©bec Ã  Rimouski","4",,,,,,
,,,,"Lieffers, V.J.","8",,,,,,,"Forest Plans Of North America","4","Logging (timber)","75","Conseil de recherches en sciences naturelles et en génie du Canada","12","Alberta Ingenuity","3",,,,,,
,,,,"Martell, D.L.","8",,,,,,,"Forest Policy And Economics","4","Ontario [Canada]","75","Simon Fraser University","10","Environment Canada","3",,,,,,
,,,,"Pothier, D.","8",,,,,,,"Forest Science","4","Soils","73","Trent University","9","Fonds Québécois de la Recherche sur la Nature et les Technologies","3",,,,,,
,,,,"Schmiegelow, F.K.A.","8",,,,,,,"Journal Of Wildlife Management","4","Environmental Disturbance","68","Centre d'étude de la forêt, Montreal","9","Institute at Brown for Environment and Society, Brown University","3",,,,,,
,,,,"St-Laurent, M.H.","8",,,,,,,"Soil Science Society Of America Journal","4","Logging (forestry)","67","Alberta Research Council","8","Institute for Biodiversity, Ecosystem Science, and Sustainability","3",,,,,,
,,,,"Armstrong, G.W.","7",,,,,,,"Water Air And Soil Pollution","4","Populus Tremuloides","66","Ministère des Forêts de la Faune et des Parcs du Québec","7","Ministry of Forests, Lands and Natural Resource Operations","3",,,,,,
,,,,"Bernier, P.Y.","7",,,,,,,"Canadian Entomologist","3","Vegetation","64","McGill University","7","Office of Energy Research and Development","3",,,,,,
,,,,"Bouchard, M.","7",,,,,,,"Hydrobiologia","3","Picea Glauca","63","USDA Forest Service","7","Arctic Institute of North America","2",,,,,,
,,,,"Boutin, S.","7",,,,,,,"Journal Of Hydrology","3","Forest Fire","57","Helsingin Yliopisto","6","BioFuelNet Canada","2",,,,,,
,,,,"Cumming, S.G.","7",,,,,,,"NCASI Technical Bulletin","3","Mixed Forest","57","University of Waterloo","6","Canada Foundation for Innovation","2",,,,,,
,,,,"Devito, K.J.","7",,,,,,,"Revue Des Sciences De L Eau","3","Timber","57","Memorial University of Newfoundland","6","Canadian Space Agency","2",,,,,,
,,,,"Hébert, C.","7",,,,,,,"American Journal Of Agricultural Economics","2","Wildfire","57","University of Wisconsin-Madison","6","Centre National de la Recherche Scientifique","2",,,,,,
,,,,"Kishchuk, B.E.","7",,,,,,,"Auk","2","Abies Balsamea","55","Concordia University","6","Forest Genetics Council of British Columbia","2",,,,,,
,,,,"Kurz, W.A.","7",,,,,,,"Biomass And Bioenergy","2","Stand Structure","55","Ministère des Forêts de la Faune et des Parcs","5","Human Resources and Skills Development Canada","2",,,,,,
,,,,"Moroni, M.T.","7",,,,,,,"Climatic Change","2","Forest Ecosystem","52","Universidad de Buenos Aires","5","Institute for Wetland and Waterfowl Research, Ducks Unlimited Canada","2",,,,,,
,,,,"Nielsen, S.E.","7",,,,,,,"Ecology And Evolution","2","Wood","52","Queen's University, Kingston","5","Social Sciences and Humanities Research Council of Canada","2",,,,,,
,,,,"Prévost, M.","7",,,,,,,"Ecosphere","2","Biomass","51","Université du Québec en Outaouais","5","U.S. Geological Survey","2",,,,,,
,,,,"Thompson, I.D.","7",,,,,,,"Ecosystems","2","Fire","51","University of Victoria","4","University of British Columbia","2",,,,,,
,,,,"Valeria, O.","7",,,,,,,"Environmental Entomology","2","Timber Harvesting","51","Alberta Agriculture and Rural Development","4","W. Garfield Weston Foundation","2",,,,,,
,,,,"Adamowicz, W.L.","6",,,,,,,"Environmental Monitoring And Assessment","2","Pinus Banksiana","50","Universite de Moncton","4","Wildlife Conservation Society","2",,,,,,
,,,,"Auger, I.","6",,,,,,,"Global Change Biology","2","Ecosystem Management","49","Fisheries and Oceans Canada","4","Academy of Natural Sciences of Drexel University","1",,,,,,
,,,,"Bélanger, L.","6",,,,,,,"International Geoscience And Remote Sensing Symposium IGARSS","2","Carbon","48","Western University","4","Agriculture and Agri-Food Canada","1",,,,,,
,,,,"Groot, A.","6",,,,,,,"International Journal Of Climatology","2","Climate Change","48","Université de Sherbrooke","4","Alberta Agriculture and Forestry","1",,,,,,
,,,,"Hazlett, P.W.","6",,,,,,,"International Journal Of Remote Sensing","2","Populus","45","Dalhousie University","4","Alberta Biodiversity Monitoring Institute","1",,,,,,
,,,,"Kneeshaw, D.","6",,,,,,,"International Journal Of Wildland Fire","2","Understory","42","Carleton University","4","Alberta Innovates","1",,,,,,
,,,,"MacDonald, G.B.","6",,,,,,,"Journal Of Applied Ecology","2","Forest Fires","41","Technische Universität Dresden","4","Alberta Innovates - Technology Futures","1",,,,,,
,,,,"Morin, H.","6",,,,,,,"Journal Of Forestry Research","2","Abies","39","Institut National de la Recherche Scientifique","4","BC Oil and Gas Research and Innovation Society","1",,,,,,
,,,,"Munson, A.D.","6",,,,,,,"Northern Journal Of Applied Forestry","2","Soil","39","Centre d’étude de la forêt","3","BIOCAP Canada","1",,,,,,
,,,,"Perera, A.H.","6",,,,,,,"Oecologia","2","Ontario","38","Ministère des Forêts","3","Canada Economic Development for Quebec Regions","1",,,,,,
,,,,"Baker, J.A.","5",,,,,,,"Scandinavian Journal Of Forest Research","2","Plants","38","Forestry Tasmania","3","Canadian Association of Petroleum Producers","1",,,,,,
,,,,"Bayne, E.M.","5",,,,,,,"USDA Forest Service General Technical Report PNW","2","Trees","38","Eidgenössische Forschungsanstalt fur Wald, Schnee Und Landschaft Eth-Bereichs","3","Canadian Natural Resources Limited","1",,,,,,
,,,,"Buddle, C.M.","5",,,,,,,"ASTM Special Technical Publication","1","Natural Disturbance","37","Universidad de Chile","3","Canadian Water Network","1",,,,,,
,,,,"Bélanger, N.","5",,,,,,,"Agricultural And Forest Entomology","1","Species Diversity","37","Oregon State University","3","Chicken Farmers of Saskatchewan","1",,,,,,
,,,,"Courtois, R.","5",,,,,,,"Agricultural And Forest Meteorology","1","Species Richness","37","University of Winnipeg","3","Compute Canada","1",,,,,,
,,,,"Desrochers, A.","5",,,,,,,"Annals Of Forest Science","1","Anthropogenic Effect","36","University of Lethbridge","3","Connecting Europe Facility","1",,,,,,
,,,,"Fall, A.","5",,,,,,,"Applied And Environmental Microbiology","1","Aves","36","Universität Freiburg im Breisgau","3","ConocoPhillips","1",,,,,,
,,,,"Fortin, M.J.","5",,,,,,,"Applied Vegetation Science","1","Deciduous Tree","36","University of Melbourne","3","Cooperative State Research, Education, and Extension Service","1",,,,,,
,,,,"Fredeen, A.L.","5",,,,,,,"Basic And Applied Ecology","1","Growth Rate","36","University of Oxford","3","Cornerstone Specialty Wood Products","1",,,,,,
,,,,"Greene, D.F.","5",,,,,,,"Beyond The Global City Understanding And Planning For The Diversity Of Ontario","1","Community Composition","35","Nipissing University","3","Cure Cancer Australia Foundation","1",,,,,,
,,,,"Guindon, L.","5",,,,,,,"Biogeosciences","1","Deciduous Forest","35","McMaster University","3","Dairy Management","1",,,,,,
,,,,"Kabzems, R.","5",,,,,,,"Biogeosciences Discussions","1","Succession","35","United States Department of Agriculture","3","Environment and Climate Change Canada","1",,,,,,
,,,,"Kneeshaw, D.D.","5",,,,,,,"Botany","1","Abundance","34","York University","3","European Research Council","1",,,,,,
,,,,"Kreutzweiser, D.P.","5",,,,,,,"Canadian Geographer","1","Black Spruce","33","Ducks Unlimited Canada","3","Fondation de lâUniversitÃ© du QuÃ©bec en Abitibi-TÃ©miscamingue","1",,,,,,
,,,,"Lafleur, B.","5",,,,,,,"Canadian Journal Of Agricultural Economics","1","Bryophyta","33","Université de Montpellier","3","Fondation pour la Recherche MÃ©dicale","1",,,,,,
,,,,"Landhäusser, S.M.","5",,,,,,,"Canadian Journal Of Remote Sensing","1","Quebec","33","Institut des sciences de la mer de Rimouski","3","George Cedric Metcalf Charitable Foundation","1",,,,,,
,,,,"Mallik, A.U.","5",,,,,,,"Condor","1","Sustainable Forest Management","32","Soc. la Faune et des Parcs du Que.","2","Joint Fire Science Program","1",,,,,,
,,,,"Mazerolle, M.J.","5",,,,,,,"Diversity And Distributions","1","Sustainable Forestry","32","Boreal Ecosystems Research Ltd.","2","McGill University","1",,,,,,
,,,,"Peng, C.","5",,,,,,,"Ecohydrology","1","Conservation","31","Bandaloop Landscape-Ecosystem Services","2","Ministry of Environment","1",,,,,,
,,,,"Plamondon, A.P.","5",,,,,,,"Ecological Complexity","1","Lakes","31","Pennsylvania State University","2","MinistÃ¨re de l'Ãcologie, du DÃ©veloppement Durable et de l'Ãnergie","1",,,,,,
,,,,"Potvin, F.","5",,,,,,,"Ecological Economics","1","Plants (botany)","31","Royal Alberta Museum","2","MinistÃ¨re de l'Ãconomie, de lâInnovation et des Exportations du QuÃ©bec","1",,,,,,
,,,,"Quideau, S.A.","5",,,,,,,"Ecological Informatics","1","Forest Harvesting","30","USDA Forest Service Rocky Mountain Research Station","2","Ministère des Forêts, de la Faune et des Parcs","1",,,,,,
,,,,"Smith, S.M.","5",,,,,,,"Ecological Monographs","1","British Columbia","29","Consejo Nacional de Investigaciones Científicas y Técnicas","2","National Eye Research Centre","1",,,,,,
,,,,"Venier, L.","5",,,,,,,"Ecology And Society","1","Hexapoda","29","Mount Saint Vincent University","2","National Institute of Food and Agriculture","1",,,,,,
,,,,"Warkentin, I.G.","5",,,,,,,"Ecology Of Wildfire Residuals In Boreal Forests","1","Coleoptera","28","Canada Centre for Remote Sensing","2","Nature Conservancy","1",,,,,,
,,,,"Work, T.T.","5",,,,,,,"Environmental Research Letters","1","Community Structure","28","Beijing Forestry University","2","Networks of Centres of Excellence of Canada","1",,,,,,
,,,,"Wulder, M.A.","5",,,,,,,"Environmental Toxicology And Chemistry","1","Forest Floor","28","CNRS Centre National de la Recherche Scientifique","2","Nipissing University","1",,,,,,
,,,,"Achim, A.","4",,,,,,,"Environments","1","Animals","27","Purdue University","2","Northern Ontario Heritage Fund Corporation","1",,,,,,
,,,,"Arseneault, D.","4",,,,,,,"Erdkunde","1","Growth","27","Ontario Ministry of the Environment","2","Ohio State University","1",,,,,,
,,,,"Aubin, I.","4",,,,,,,"European Journal Of Forest Research","1","Old-growth Forest","27","Harvard University","2","Organization of American States","1",,,,,,
,,,,"Bell, F.W.","4",,,,,,,"Forest Ecosystems","1","Article","26","RMIT University","2","Petroleum Technology Alliance Canada","1",,,,,,
,,,,"Bellocq, M.I.","4",,,,,,,"Forest Products Journal","1","Habitat Use","26","Laurentian University","2","Polar Knowledge Canada","1",,,,,,
,,,,"Bose, A.K.","4",,,,,,,"Gcb Bioenergy","1","Sustainable Development","26","University of New Brunswick","2","Research and Development","1",,,,,,
,,,,"Chen, J.","4",,,,,,,"Geoderma","1","Animalia","24","Nature Conservancy","2","Schweizerischer Nationalfonds zur Förderung der Wissenschaftlichen Forschung","1",,,,,,
,,,,"Colombo, S.J.","4",,,,,,,"Geomatica","1","Beetle","24","Mokpo National University","2","Shell","1",,,,,,
,,,,"Comeau, P.G.","4",,,,,,,"International Forestry Review","1","Boreal","24","Chinese Academy of Sciences","2","Shell Canada","1",,,,,,
,,,,"Cui, W.","4",,,,,,,"J For","1","Dead Wood","24","Boston University","2","Sustainable Forestry Initiative","1",,,,,,
,,,,"Dussault, C.","4",,,,,,,"Journal Of Applied Entomology","1","Plant Community","24","Agriculture et Agroalimentaire Canada","2","U.S. Department of Agriculture","1",,,,,,
,,,,"Dussault, C.","4",,,,,,,"Journal Of Biogeography","1","Productivity","24","University of Montana","2","U.S. Fish and Wildlife Service","1",,,,,,
,,,,"Elkie, P.C.","4",,,,,,,"Journal Of Economic Entomology","1","Stand Dynamics","24","Northern Arizona University","2","U.S. Forest Service","1",,,,,,
,,,,"Fenton, N.","4",,,,,,,"Journal Of Environmental Engineering And Science","1","Sustainability","24","University of California, Berkeley","2","University of Calgary","1",,,,,,
,,,,"Grondin, P.","4",,,,,,,"Journal Of Environmental Planning And Management","1","Birds","23","Sveriges lantbruksuniversitet","2","University of Maine","1",,,,,,
,,,,"Haeussler, S.","4",,,,,,,"Journal Of Forest Economics","1","Boreal Mixedwoods","23","École Pratique des Hautes Etudes","2","University of Montana","1",,,,,,
,,,,"Hagemann, U.","4",,,,,,,"Journal Of Forest Research","1","Deforestation","23","University of Ottawa, Canada","2","University of North Carolina at Charlotte","1",,,,,,
,,,,"Hazlett, P.","4",,,,,,,"Journal Of Forestry","1","Ecological Impact","23","McGill University, Macdonald Campus","2","UniversitÃ© de Moncton","1",,,,,,
,,,,"Hobson, K.A.","4",,,,,,,"Journal Of Geographical Systems","1","Forestry Production","23","Estonian University of Life Sciences","2","Université du Québec à Montréal","1",,,,,,
,,,,"Kayahara, G.J.","4",,,,,,,"Journal Of Insect Conservation","1","Mortality","23","Alberta Sustainable Resource Development","2","Weyerhaeuser Company","1",,,,,,
,,,,"Krause, C.","4",,,,,,,"Journal Of Mammalogy","1","Water Quality","23","Government of British Columbia","2","World Wildlife Fund","1",,,,,,
,,,,"Larocque, G.R.","4",,,,,,,"Journal Of Raptor Research","1","Forest","22","Parks Canada","2","fRI Research","1",,,,,,
,,,,"Lee, S.I.","4",,,,,,,"Journal Of Vegetation Science","1","Forest Cover","22","Alberta Conservation Association","2","Undefined","405",,,,,,
,,,,"Lévesque, D.","4",,,,,,,"Lake And Reservoir Management","1","Computer Simulation","21","Ontario Agricultural College","2",,,,,,,,
,,,,"Mills, S.C.","4",,,,,,,"Mammalian Biology","1","Landscape","21","Tembec Inc.","2",,,,,,,,
,,,,"Ouellet, J.P.","4",,,,,,,"Mobilisation Of Forest Bioenergy In The Boreal And Temperate Biomes Challenges Opportunities And Case Studies","1","Nitrogen","21","Pearce and Associates Ecological Research","2",,,,,,,,
,,,,"Pearce, J.L.","4",,,,,,,"Nature Communications","1","Seed","21","Alberta-Pacific Forest Industries Inc.","2",,,,,,,,
,,,,"Pinel-Alloul, B.","4",,,,,,,"Northeastern Naturalist","1","Western Hemisphere","21","Department of Environmental Science, Policy, and Management","2",,,,,,,,
,,,,"Pinzon, J.","4",,,,,,,"Ornithological Science","1","World","21","Centre Saint-Laurent","1",,,,,,,,
,,,,"Saint-Germain, M.","4",,,,,,,"Paper Making And Distribution","1","Bird","20","Treeline Ecological Research","1",,,,,,,,
,,,,"Sibley, P.K.","4",,,,,,,"Paper Technology","1","Carbon Sequestration","20","Alpha Wildlife Research and Management Ltd.","1",,,,,,,,
,,,,"Sidders, D.","4",,,,,,,"Place Based Conservation Perspectives From The Social Sciences","1","Chronosequence","20","Symbios Research and Restoration","1",,,,,,,,
,,,,"Sirois, L.","4",,,,,,,"Proceedings Of SPIE The International Society For Optical Engineering","1","Environmental Impact","20","College of New Caledonia","1",,,,,,,,
,,,,"Ter-Mikaelian, M.T.","4",,,,,,,"Proceedings Of The Third International Workshop On The Analysis Of Multi Temporal Remote Sensing Images 2005","1","Habitat Fragmentation","20","Ctr. Rech. Devmt. sur les Sols G.","1",,,,,,,,
,,,,"Thomas, S.C.","4",,,,,,,"Remote Sensing","1","White Spruce","20","Aurora Wildlife Research","1",,,,,,,,
,,,,"Tittler, R.","4",,,,,,,"Remote Sensing Letters","1","Choristoneura Fumiferana","19","Yukon College","1",,,,,,,,
,,,,"Venier, L.A.","4",,,,,,,"Studies In Avian Biology","1","Conservation Management","19","Millar Western Forest Products Ltd.","1",,,,,,,,
,,,,"White, J.C.","4",,,,,,,"Studies In Mycology","1","Forest Dynamics","19","Industrial Forestry Service Ltd.","1",,,,,,,,
,,,,"Apps, M.J.","3",,,,,,,"Trees Structure And Function","1","Snag","19","J. Heineman Forestry Consulting","1",,,,,,,,
,,,,"Archambault, P.","3",,,,,,,"Wetlands","1","Tree","19","Western Newfoundland Model Forest","1",,,,,,,,
,,,,"Bater, C.W.","3",,,,,,,"Wiley Interdisciplinary Reviews Energy And Environment","1","Trembling Aspen","19","Wildlife Division","1",,,,,,,,
,,,,"Beaudoin, A.","3",,,,,,,"Wilson Journal Of Ornithology","1","Comparative Study","18","Nova Scotia Environment","1",,,,,,,,
,,,,"Berthiaume, R.","3",,,,,,,"Woodlands Ecology Management And Conservation","1","Deer","18","Forest Analysis Ltd.","1",,,,,,,,
,,,,"Bhatti, J.S.","3",,,,,,,,,"Forest Canopy","18","Skeena Forestry Consultants","1",,,,,,,,
,,,,"Boucher, D.","3",,,,,,,,,"Habitat Selection","18","Institut Québécois d'Aménagement de la Forêt Feuillue IQAFF","1",,,,,,,,
,,,,"Boulanger, Y.","3",,,,,,,,,"Mammalia","18","Seney National Wildlife Refuge","1",,,,,,,,
,,,,"Carignan, R.","3",,,,,,,,,"Management","18","Gros Morne National Park of Canada","1",,,,,,,,
,,,,"Cartar, R.V.","3",,,,,,,,,"Nutrients","18","Natural Resources Canada","1",,,,,,,,
,,,,"Caspersen, J.P.","3",,,,,,,,,"Salvage Logging","18","Sault College of Applied Arts and Technology","1",,,,,,,,
,,,,"Chang, S.X.","3",,,,,,,,,"Simulation","18","Lake Abitibi Model Forest","1",,,,,,,,
,,,,"Coates, K.D.","3",,,,,,,,,"Canadian Boreal Forest","17","Yukon Department of Environment","1",,,,,,,,
,,,,"Cobb, T.P.","3",,,,,,,,,"Experimental Study","17","Gowlland Technologies Ltd.","1",,,,,,,,
,,,,"Creed, I.F.","3",,,,,,,,,"Forest Inventory","17","City of Ottawa","1",,,,,,,,
,,,,"Dacosta, J.","3",,,,,,,,,"Fungi","17","Ontario Ministry of Natural Resources","1",,,,,,,,
,,,,"Darveau, M.","3",,,,,,,,,"Habitat Conservation","17","Dendroica Environnement et Faune","1",,,,,,,,
,,,,"Deans, A.M.","3",,,,,,,,,"Hardwoods","17","Utah Division Wildlife Resources","1",,,,,,,,
,,,,"Dech, J.P.","3",,,,,,,,,"Human Activity","17","Habitat Acquisition Trust","1",,,,,,,,
,,,,"Dhital, N.","3",,,,,,,,,"Picea Engelmannii","17","MODIS Characterization Support Team","1",,,,,,,,
,,,,"Dumais, D.","3",,,,,,,,,"Rangifer Tarandus","17","Ontario Geological Survey","1",,,,,,,,
,,,,"Dymond, C.C.","3",,,,,,,,,"Rangifer Tarandus Caribou","17","ALTRA Forestry Ltd.","1",,,,,,,,
,,,,"Fahrig, L.","3",,,,,,,,,"Regression Analysis","17","P.G. Beaudry and Associates Ltd.","1",,,,,,,,
,,,,"Ferguson, S.H.","3",,,,,,,,,"Remote Sensing","17","Groupe de Recherche en Écologic Forestière Inter-universitaire GREFi","1",,,,,,,,
,,,,"Ferron, J.","3",,,,,,,,,"Soil Carbon","17","Kejimkujik National Park and National Historic Site","1",,,,,,,,
,,,,"Fleming, R.L.","3",,,,,,,,,"Survival","17","Service canadien de la faune","1",,,,,,,,
,,,,"Franklin, C.M.A.","3",,,,,,,,,"Watersheds","17","MDH Engineered Solutions","1",,,,,,,,
,,,,"Gagnon, R.","3",,,,,,,,,"Woody Debris","17","Industrielle CRSNG-UQAT-UQAM en Aménagement Forestier Durable","1",,,,,,,,
,,,,"Girardin, M.P.","3",,,,,,,,,"Balsam Fir","16","Valeur Nature","1",,,,,,,,
,,,,"Glaz, P.","3",,,,,,,,,"Land Use","16","fRI Research Grizzly Bear Program FRIGBP","1",,,,,,,,
,,,,"Gower, S.T.","3",,,,,,,,,"Landscape Ecology","16","Centre Canadien Sur la Fibre de Bois","1",,,,,,,,
,,,,"Hammond, H.E.J.","3",,,,,,,,,"Management Practice","16","Bureau du Forestier en Chef du Québec","1",,,,,,,,
,,,,"Handa, I.T.","3",,,,,,,,,"Newfoundland And Labrador","16","Centre d'Enseignement et de Recherche en Foresterie de Sainte-Foy Inc. CERFO","1",,,,,,,,
,,,,"Hodson, J.","3",,,,,,,,,"Risk Assessment","16","Centre d'études nordiques","1",,,,,,,,
,,,,"Huot, J.","3",,,,,,,,,"Wetlands","16","Louisiana-Pacific Canada Ltd.","1",,,,,,,,
,,,,"Hébert, F.","3",,,,,,,,,"Coarse Woody Debris","15","Centre d'enseignement et de recherche en foresterie CERFO","1",,,,,,,,
,,,,"Ibarzabal, J.","3",,,,,,,,,"Debris","15","Tree Physiologist Department","1",,,,,,,,
,,,,"Jobidon, R.","3",,,,,,,,,"Environmental Protection","15","Alberta Innovates - Technology Futures","1",,,,,,,,
,,,,"Keddy, T.","3",,,,,,,,,"Growth Kinetics","15","Bureau du Forestier en Chef","1",,,,,,,,
,,,,"Koubaa, A.","3",,,,,,,,,"Growth Response","15","Recycled Fibre Technology","1",,,,,,,,
,,,,"Undefined","1",,,,,,,,,"Plantation Forestry","15","B.C. Forest Service","1",,,,,,,,
