﻿Scopus refine results values

"Your query : ((TITLE-ABS-KEY((Boreal OR {James Bay} OR James-Bay OR {Clay Belt} OR {canadian shield}) AND (Canada OR Quebec OR Ontario OR newfoundland OR Alberta OR British-Columbia) ) AND PUBYEAR > 1999 AND PUBYEAR < 2020) AND (TITLE-ABS-KEY(Mine OR Mining) AND PUBYEAR > 1999 AND PUBYEAR < 2020) AND (TITLE-ABS-KEY(Silvicultur* OR Intensive OR {Site preparation}   OR Plantation OR   {Tree planting}) AND PUBYEAR > 1999 AND PUBYEAR < 2020))"


Number of results : 6

"ACCESS TYPE",,"YEAR",,"AUTHOR NAME",,"SUBJECT AREA",,"DOCUMENT TYPE",,"PUBLICATION STAGE",,"SOURCE TITLE",,"KEYWORD",,"AFFILIATION",,"FUNDING SPONSOR",,"COUNTRY",,"SOURCE TYPE",,"LANGUAGE",
"Open Access","4","2019","3","Creed, I.F.","2","Agricultural and Biological Sciences","3","Article","4","final","6","Environmental Reviews","2","Canada","4","Western University","2","Natural Sciences and Engineering Research Council of Canada","3","Canada","6","Journals","6","English","6"
"Other","2","2018","1","Bouchard, H.","1","Environmental Science","5","Review","2",,,"Biological Conservation","1","Alberta","3","University of Saskatchewan","2","Alberta Environment and Parks","2",,,,,,
,,"2017","1","Brais, S.","1",,,,,,,"Forest Ecology And Management","1","Boreal Forest","2","Environment Canada","1","Alberta Biodiversity Monitoring Institute","1",,,,,,
,,"2012","1","Cobbaert, D.","1",,,,,,,"New Forests","1","Boreal Zone","2","Le réseau de l'Université du Québec","1","Environment and Climate Change Canada","1",,,,,,
,,,,"Eccles, K.M.","1",,,,,,,"Science Of The Total Environment","1","Environmental Disturbance","2","McGill University","1","Fonds de recherche du QuÃ©bec â Nature et technologies","1",,,,,,
,,,,"Enanga, E.M.","1",,,,,,,,,"Extraction","2","Great Lakes Forestry Centre","1","Shell Canada","1",,,,,,
,,,,"Ficken, C.D.","1",,,,,,,,,"Seed","2","Universite du Quebec en Abitibi-Temiscamingue","1","Suncor Energy Incorporated","1",,,,,,
,,,,"Guittonny, M.","1",,,,,,,,,"Seedling","2","Canadian Forest Service","1","University of Waterloo","1",,,,,,
,,,,"Kidd, K.A.","1",,,,,,,,,"Soil Moisture","2","The University of British Columbia","1","Undefined","1",,,,,,
,,,,"Kreutzweiser, D.P.","1",,,,,,,,,"Abies Balsamea","1","University of Waterloo","1",,,,,,,,
,,,,"Landhäusser, S.M.","1",,,,,,,,,"Afforestation","1","University of Guelph","1",,,,,,,,
,,,,"Lieffers, V.J.","1",,,,,,,,,"American Marten","1","University of Ottawa, Canada","1",,,,,,,,
,,,,"Marenholtz, E.H.","1",,,,,,,,,"Animalia","1","University of Alberta","1",,,,,,,,
,,,,"Mundy, L.J.","1",,,,,,,,,"Anthropogenic Disturbance","1","McMaster University","1",,,,,,,,
,,,,"Musetta-Lambert, J.L.","1",,,,,,,,,"Anticoagulant","1","Government of Alberta","1",,,,,,,,
,,,,"Nelson, H.","1",,,,,,,,,"Anticoagulant Rodenticide","1","McMaster University, Faculty of Science","1",,,,,,,,
,,,,"Ouellet Dallaire, C.","1",,,,,,,,,"Article","1",,,,,,,,,,
,,,,"Poelzer, G.","1",,,,,,,,,"Athabasca Oil Sands","1",,,,,,,,,,
,,,,"Potvin, C.","1",,,,,,,,,"Atmospheric Changes","1",,,,,,,,,,
,,,,"Rodriguez-Alvarez, J.","1",,,,,,,,,"Biomass Allocation","1",,,,,,,,,,
,,,,"Rooney, R.C.","1",,,,,,,,,"Boreal Kingdom","1",,,,,,,,,,
,,,,"Serran, J.N.","1",,,,,,,,,"Carbohydrate","1",,,,,,,,,,
,,,,"Sharma, D.","1",,,,,,,,,"Carbohydrates","1",,,,,,,,,,
,,,,"Sibley, P.K.","1",,,,,,,,,"Carbon","1",,,,,,,,,,
,,,,"Teichert, S.","1",,,,,,,,,"Carbon Allocation","1",,,,,,,,,,
,,,,"Thomas, P.J.","1",,,,,,,,,"Climate Change","1",,,,,,,,,,
,,,,,,,,,,,,,,"Coefficient Of Conservatism","1",,,,,,,,,,
,,,,,,,,,,,,,,"Cold Lake","1",,,,,,,,,,
,,,,,,,,,,,,,,"Cold Stress","1",,,,,,,,,,
,,,,,,,,,,,,,,"Competitive Effects","1",,,,,,,,,,
,,,,,,,,,,,,,,"Coniferous Forest","1",,,,,,,,,,
,,,,,,,,,,,,,,"Coverings","1",,,,,,,,,,
,,,,,,,,,,,,,,"Deciduous Tree","1",,,,,,,,,,
,,,,,,,,,,,,,,"Dieback","1",,,,,,,,,,
,,,,,,,,,,,,,,"Different Densities","1",,,,,,,,,,
,,,,,,,,,,,,,,"Disturbance","1",,,,,,,,,,
,,,,,,,,,,,,,,"Dormancy","1",,,,,,,,,,
,,,,,,,,,,,,,,"Drought Stress","1",,,,,,,,,,
,,,,,,,,,,,,,,"Ecology","1",,,,,,,,,,
,,,,,,,,,,,,,,"Ecosystem Services","1",,,,,,,,,,
,,,,,,,,,,,,,,"Ecosystems","1",,,,,,,,,,
,,,,,,,,,,,,,,"Emergence","1",,,,,,,,,,
,,,,,,,,,,,,,,"Energy Policy","1",,,,,,,,,,
,,,,,,,,,,,,,,"Energy Transitions","1",,,,,,,,,,
,,,,,,,,,,,,,,"Environmental Degradation","1",,,,,,,,,,
,,,,,,,,,,,,,,"Environmental Monitoring","1",,,,,,,,,,
,,,,,,,,,,,,,,"Environmental Parameter","1",,,,,,,,,,
,,,,,,,,,,,,,,"Environmental Risk","1",,,,,,,,,,
,,,,,,,,,,,,,,"Evergreen Forest","1",,,,,,,,,,
,,,,,,,,,,,,,,"Extraction Efficiencies","1",,,,,,,,,,
,,,,,,,,,,,,,,"Field Survey","1",,,,,,,,,,
,,,,,,,,,,,,,,"Fisher","1",,,,,,,,,,
,,,,,,,,,,,,,,"Flora","1",,,,,,,,,,
,,,,,,,,,,,,,,"Forest Succession","1",,,,,,,,,,
,,,,,,,,,,,,,,"Forestry","1",,,,,,,,,,
,,,,,,,,,,,,,,"Gas Emissions","1",,,,,,,,,,
,,,,,,,,,,,,,,"Greenhouse Gases","1",,,,,,,,,,
,,,,,,,,,,,,,,"Growth And Carbon Allocation","1",,,,,,,,,,
,,,,,,,,,,,,,,"Growth Rate","1",,,,,,,,,,
,,,,,,,,,,,,,,"Herb","1",,,,,,,,,,
,,,,,,,,,,,,,,"Human","1",,,,,,,,,,
,,,,,,,,,,,,,,"Human Activity","1",,,,,,,,,,
,,,,,,,,,,,,,,"Human Development","1",,,,,,,,,,
,,,,,,,,,,,,,,"Humans","1",,,,,,,,,,
,,,,,,,,,,,,,,"Hydroseeded Cover","1",,,,,,,,,,
,,,,,,,,,,,,,,"Industrial Development","1",,,,,,,,,,
,,,,,,,,,,,,,,"Industrial Innovation","1",,,,,,,,,,
,,,,,,,,,,,,,,"Industry","1",,,,,,,,,,
,,,,,,,,,,,,,,"Information Technology Sector","1",,,,,,,,,,
,,,,,,,,,,,,,,"Infrastructure","1",,,,,,,,,,
,,,,,,,,,,,,,,"Innovation","1",,,,,,,,,,
,,,,,,,,,,,,,,"Land Cover","1",,,,,,,,,,
,,,,,,,,,,,,,,"Land Reclamation","1",,,,,,,,,,
,,,,,,,,,,,,,,"Land Use","1",,,,,,,,,,
,,,,,,,,,,,,,,"Land Use Change","1",,,,,,,,,,
,,,,,,,,,,,,,,"Late-successional Species","1",,,,,,,,,,
,,,,,,,,,,,,,,"Light Transmission","1",,,,,,,,,,
,,,,,,,,,,,,,,"Low Carbon Economy","1",,,,,,,,,,
,,,,,,,,,,,,,,"Low Carbon Energies","1",,,,,,,,,,
,,,,,,,,,,,,,,"Low-carbon Futures","1",,,,,,,,,,
,,,,,,,,,,,,,,"Management","1",,,,,,,,,,
,,,,,,,,,,,,,,"Martes Americana","1",,,,,,,,,,
,,,,,,,,,,,,,,"Martes Pennanti","1",,,,,,,,,,
,,,,,,,,,,,,,,"Microenvironments","1",,,,,,,,,,
,,,,,,,,,,,,,,"Mine Revegetation","1",,,,,,,,,,
,,,,,,,,,,,,,,"Mine Waste","1",,,,,,,,,,
,,,,,,,,,,,,,,"Mining","1",,,,,,,,,,
,,,,,,,,,,,,,,"Moisture Determination","1",,,,,,,,,,
,,,,,,,,,,,,,,"Mustelid","1",,,,,,,,,,
,,,,,,,,,,,,,,"Natural Resources","1",,,,,,,,,,
,,,,,,,,,,,,,,"Natural Resources Management","1",,,,,,,,,,
,,,,,,,,,,,,,,"Nurse Plant","1",,,,,,,,,,
,,,,,,,,,,,,,,"Nurse Plantation","1",,,,,,,,,,
,,,,,,,,,,,,,,"Nurseries","1",,,,,,,,,,
,,,,,,,,,,,,,,"Nursery Ground","1",,,,,,,,,,
,,,,,,,,,,,,,,"Nursery Stock","1",,,,,,,,,,
,,,,,,,,,,,,,,"Nursing","1",,,,,,,,,,
,,,,,,,,,,,,,,"Oil And Gas","1",,,,,,,,,,
,,,,,,,,,,,,,,"Oil And Gas Field","1",,,,,,,,,,
,,,,,,,,,,,,,,"Oil And Gas Fields","1",,,,,,,,,,
,,,,,,,,,,,,,,"Oil And Gas Mining","1",,,,,,,,,,
,,,,,,,,,,,,,,"Oil Field Development","1",,,,,,,,,,
,,,,,,,,,,,,,,"Oil Sand","1",,,,,,,,,,
,,,,,,,,,,,,,,"Oil Sands","1",,,,,,,,,,
,,,,,,,,,,,,,,"Open Pit Mine","1",,,,,,,,,,
,,,,,,,,,,,,,,"Peace River","1",,,,,,,,,,
,,,,,,,,,,,,,,"Peatland","1",,,,,,,,,,
,,,,,,,,,,,,,,"Performance Assessment","1",,,,,,,,,,
,,,,,,,,,,,,,,"Picea Glauca","1",,,,,,,,,,
,,,,,,,,,,,,,,"Plant","1",,,,,,,,,,
,,,,,,,,,,,,,,"Plant Community","1",,,,,,,,,,
,,,,,,,,,,,,,,"Plantation Forestry","1",,,,,,,,,,
,,,,,,,,,,,,,,"Plantations","1",,,,,,,,,,
,,,,,,,,,,,,,,"Plants","1",,,,,,,,,,
,,,,,,,,,,,,,,"Policy","1",,,,,,,,,,
,,,,,,,,,,,,,,"Policy Options","1",,,,,,,,,,
,,,,,,,,,,,,,,"Pollution Exposure","1",,,,,,,,,,
,,,,,,,,,,,,,,"Populus","1",,,,,,,,,,
,,,,,,,,,,,,,,"Populus Tremuloides","1",,,,,,,,,,
,,,,,,,,,,,,,,"Processes","1",,,,,,,,,,
,,,,,,,,,,,,,,"Public Policy","1",,,,,,,,,,
,,,,,,,,,,,,,,"Quantitative Analysis","1",,,,,,,,,,
,,,,,,,,,,,,,,"Reclaimed Land","1",,,,,,,,,,
,,,,,,,,,,,,,,"Reclamation","1",,,,,,,,,,
,,,,,,,,,,,,,,"Recommendations","1",,,,,,,,,,
,,,,,,,,,,,,,,"Recruitment","1",,,,,,,,,,
,,,,,,,,,,,,,,"Recruitment (population Dynamics)","1",,,,,,,,,,
,,,,,,,,,,,,,,"Reforestation","1",,,,,,,,,,
,,,,,,,,,,,,,,"Renewable Energies","1",,,,,,,,,,
,,,,,,,,,,,,,,"Renewable Energy Resources","1",,,,,,,,,,
,,,,,,,,,,,,,,"Reserves To Production Ratio","1",,,,,,,,,,
,,,,,,,,,,,,,,"Resource Development","1",,,,,,,,,,
,,,,,,,,,,,,,,"Resource Extraction","1",,,,,,,,,,
,,,,,,,,,,,,,,"Revegetation","1",,,,,,,,,,
,,,,,,,,,,,,,,"Risk Management","1",,,,,,,,,,
,,,,,,,,,,,,,,"River","1",,,,,,,,,,
,,,,,,,,,,,,,,"Rock","1",,,,,,,,,,
,,,,,,,,,,,,,,"Rocks","1",,,,,,,,,,
,,,,,,,,,,,,,,"Rodentia","1",,,,,,,,,,
,,,,,,,,,,,,,,"Rodenticide","1",,,,,,,,,,
,,,,,,,,,,,,,,"Root Carbohydrate Reserves","1",,,,,,,,,,
,,,,,,,,,,,,,,"Root Carbohydrates","1",,,,,,,,,,
,,,,,,,,,,,,,,"Root-shoot Ratio","1",,,,,,,,,,
,,,,,,,,,,,,,,"Root-to-shoot Ratio","1",,,,,,,,,,
,,,,,,,,,,,,,,"Roots","1",,,,,,,,,,
,,,,,,,,,,,,,,"Salicaceae","1",,,,,,,,,,
,,,,,,,,,,,,,,"Salix","1",,,,,,,,,,
,,,,,,,,,,,,,,"Sand","1",,,,,,,,,,
,,,,,,,,,,,,,,"Seedling Emergence","1",,,,,,,,,,
,,,,,,,,,,,,,,"Seedling Quality","1",,,,,,,,,,
,,,,,,,,,,,,,,"Seedlings","1",,,,,,,,,,
,,,,,,,,,,,,,,"Services","1",,,,,,,,,,
,,,,,,,,,,,,,,"Shared Vision","1",,,,,,,,,,
,,,,,,,,,,,,,,"Slope","1",,,,,,,,,,
,,,,,,,,,,,,,,"Soil Conservation","1",,,,,,,,,,
,,,,,,,,,,,,,,"Soil Nutrient","1",,,,,,,,,,
,,,,,,,,,,,,,,"Spatial Analysis","1",,,,,,,,,,
,,,,,,,,,,,,,,"Spatial Modelling","1",,,,,,,,,,
,,,,,,,,,,,,,,"Succession","1",,,,,,,,,,
,,,,,,,,,,,,,,"Surface Mining","1",,,,,,,,,,
