﻿Scopus refine results values

"Your query : ((TITLE-ABS-KEY((Boreal OR {James Bay} OR James-Bay OR {Clay Belt} OR {canadian shield}) AND (Canada OR Quebec OR Ontario OR newfoundland OR Alberta OR British-Columbia) ) AND PUBYEAR > 1999 AND PUBYEAR < 2020) AND (TITLE-ABS-KEY(Forestry OR {Forest management} OR {Forest practices}) AND PUBYEAR > 1999 AND PUBYEAR < 2020) AND (TITLE-ABS-KEY((Forest AND Fire) OR ""Wildfire"" OR ""crown fire"" OR ""Wildland fire"" ) AND PUBYEAR > 1999 AND PUBYEAR < 2020))"


Number of results : 526

"ACCESS TYPE",,"YEAR",,"AUTHOR NAME",,"SUBJECT AREA",,"DOCUMENT TYPE",,"PUBLICATION STAGE",,"SOURCE TITLE",,"KEYWORD",,"AFFILIATION",,"FUNDING SPONSOR",,"COUNTRY",,"SOURCE TYPE",,"LANGUAGE",
"Open Access","73","2019","20","Bergeron, Y.","104","Agricultural and Biological Sciences","401","Article","470","final","526","Canadian Journal Of Forest Research","105","Canada","429","Canadian Forest Service","192","Natural Sciences and Engineering Research Council of Canada","102","Canada","481","Journals","517","English","519"
"Other","453","2018","21","Gauthier, S.","60","Arts and Humanities","6","Review","26",,,"Forest Ecology And Management","101","Forestry","392","Natural Resources Canada","107","Canadian Forest Service","19","United States","84","Books","3","French","6"
,,"2017","32","Leduc, A.","18","Biochemistry, Genetics and Molecular Biology","7","Conference Paper","25",,,"Forestry Chronicle","39","Boreal Forest","386","Université du Québec à Montréal","102","Fonds QuÃ©bÃ©cois de la Recherche sur la Nature et les Technologies","16","France","18","Conference Proceedings","3","Spanish","2"
,,"2016","45","Paré, D.","18","Chemical Engineering","2","Book Chapter","2",,,"Forests","23","Fires","249","Universite du Quebec en Abitibi-Temiscamingue","94","Natural Resources Canada","14","Germany","15","Trade Publications","2",,
,,"2015","44","Raulier, F.","18","Chemistry","2","Short Survey","2",,,"Remote Sensing Of Environment","16","Forest Management","187","University of Alberta","78","Ministry of Natural Resources","10","United Kingdom","14","Book Series","1",,
,,"2014","26","Drapeau, P.","17","Computer Science","5","Book","1",,,"Ecological Applications","12","Forest Fire","160","Université Laval","76","National Aeronautics and Space Administration","10","Australia","9",,,,
,,"2013","30","Fenton, N.J.","16","Decision Sciences","5",,,,,"Environmental Reviews","9","North America","144","Northern Forestry Centre","51","Canadian Space Agency","8","Finland","7",,,,
,,"2012","22","Flannigan, M.D.","15","Earth and Planetary Sciences","71",,,,,"Silva Fennica","9","Boreal Forests","137","Le réseau de l'Université du Québec","34","Fonds de recherche du QuÃ©bec â Nature et technologies","7","Spain","7",,,,
,,"2011","23","Chen, H.Y.H.","13","Economics, Econometrics and Finance","2",,,,,"Ecological Modelling","8","Picea Mariana","130","Ontario Ministry of Natural Resources","32","University of Alberta","7","Sweden","6",,,,
,,"2010","25","Cumming, S.G.","12","Energy","6",,,,,"International Journal Of Remote Sensing","7","Wildfire","123","The University of British Columbia","31","Government of Canada","5","China","5",,,,
,,"2009","28","Bernier, P.Y.","11","Engineering","4",,,,,"Landscape Ecology","7","Ecosystems","115","Great Lakes Forestry Centre","28","Luonnontieteiden ja Tekniikan Tutkimuksen Toimikunta","4","Austria","4",,,,
,,"2008","25","Coops, N.C.","11","Environmental Science","366",,,,,"Canadian Journal Of Botany","6","Forest Fires","113","University of Toronto","28","MinistÃ¨re des ForÃªts, de la Faune et des Parcs","4","Argentina","3",,,,
,,"2007","35","Pothier, D.","11","Immunology and Microbiology","8",,,,,"Forest Science","6","Fire","108","Lakehead University","26","Parks Canada","4","Chile","3",,,,
,,"2006","21","Wulder, M.A.","11","Materials Science","2",,,,,"Geophysical Research Letters","6","Harvesting","105","Pacific Forestry Centre","23","Tembec","4","Switzerland","3",,,,
,,"2005","30","Girardin, M.P.","10","Mathematics","1",,,,,"Soil Biology And Biochemistry","6","Biodiversity","95","University of Calgary","18","Centre National de la Recherche Scientifique","3","Estonia","2",,,,
,,"2004","26","Thompson, D.K.","10","Medicine","5",,,,,"Ecological Indicators","5","Disturbance","88","USDA Forest Service","17","Fonds pour la Formation de Chercheurs et l'Aide Ã  la Recherche","3","Netherlands","2",,,,
,,"2003","21","Greene, D.F.","9","Multidisciplinary","3",,,,,"International Journal Of Wildland Fire","5","Quebec [Canada]","82","University of Montreal","17","Institute at Brown for Environment and Society, Brown University","3","Russian Federation","2",,,,
,,"2002","31","Martell, D.L.","9","Pharmacology, Toxicology and Pharmaceutics","1",,,,,"Journal Of Vegetation Science","5","Climate Change","81","Ontario Forest Research Institute","17","Institute for Biodiversity, Ecosystem Science, and Sustainability","3","Belgium","1",,,,
,,"2001","15","Perera, A.H.","9","Social Sciences","21",,,,,"Conservation Biology","4","Forests","79","Université du Québec à Chicoutimi","14","Lakehead University","3","Italy","1",,,,
,,"2000","6","Wotton, B.M.","9",,,,,,,"Ecoscience","4","Vegetation","77","Ministère de l‘Energie et des Ressources naturelles du Québec","14","Mitacs","3","Japan","1",,,,
,,,,"Ali, A.A.","8",,,,,,,"Environmental Research Letters","4","Ecology","76","Environment Canada","13","U.S. Forest Service","3","Mexico","1",,,,
,,,,"Bouchard, M.","8",,,,,,,"Geoderma","4","Environmental Disturbance","69","Université du Québec à Rimouski","12","UniversitÃ© Laval","3","Norway","1",,,,
,,,,"Boudreault, C.","8",,,,,,,"Hydrological Processes","4","Coniferous Forest","64","University of Saskatchewan","11","Alberta Conservation Association","2","South Africa","1",,,,
,,,,"Boulanger, Y.","8",,,,,,,"Journal Of Geophysical Research Atmospheres","4","Soils","62","Conseil de recherches en sciences naturelles et en génie du Canada","11","British Geological Survey","2","South Korea","1",,,,
,,,,"Hély, C.","8",,,,,,,"New Forests","4","Coniferous Tree","61","University of Guelph","10","Foundation for Community Association Research","2","Undefined","1",,,,
,,,,"Parisien, M.A.","8",,,,,,,"Remote Sensing","4","Picea","60","University of Winnipeg","10","Manitoba Hydro","2",,,,,,
,,,,"Spence, J.R.","8",,,,,,,"Biological Conservation","3","Regeneration","60","University of Wisconsin-Madison","9","MinistÃ¨re des Ressources Naturelles et de la Faune","2",,,,,,
,,,,"Valeria, O.","8",,,,,,,"Climatic Change","3","Pinus Banksiana","59","Simon Fraser University","8","National Oceanic and Atmospheric Administration","2",,,,,,
,,,,"Flannigan, M.","7",,,,,,,"Ecosystems","3","Reforestation","56","École Pratique des Hautes Etudes","8","Natural Environment Research Council","2",,,,,,
,,,,"Grondin, P.","7",,,,,,,"International Geoscience And Remote Sensing Symposium IGARSS","3","Alberta","55","Concordia University","8","Ontario Ministry of Natural Resources and Forestry","2",,,,,,
,,,,"Kurz, W.A.","7",,,,,,,"Journal Of Environmental Management","3","Coniferophyta","53","Canada Centre for Remote Sensing","7","University of British Columbia","2",,,,,,
,,,,"Macdonald, S.E.","7",,,,,,,"Organic Geochemistry","3","Deforestation","51","Université de Montpellier","7","University of Calgary","2",,,,,,
,,,,"Morin, H.","7",,,,,,,"Quaternary Science Reviews","3","Carbon","49","Ministère des Forêts de la Faune et des Parcs du Québec","6","University of Winnipeg","2",,,,,,
,,,,"Payette, S.","7",,,,,,,"Science Of The Total Environment","3","Forest Ecosystem","42","Boreal Ecosystems Research Ltd.","6","UniversitÃ© de Montpellier","2",,,,,,
,,,,"Thiffault, E.","7",,,,,,,"Applied And Environmental Microbiology","2","Stand Structure","42","University of Waterloo","6","UniversitÃ© du QuÃ©bec en Abitibi-TÃ©miscamingue","2",,,,,,
,,,,"White, J.C.","7",,,,,,,"Avian Conservation And Ecology","2","Succession","41","Alberta Research Council","6","UniversitÃ© du QuÃ©bec Ã  MontrÃ©al","2",,,,,,
,,,,"Arseneault, D.","6",,,,,,,"Botany","2","Fire Hazards","40","Carleton University","6","W. Garfield Weston Foundation","2",,,,,,
,,,,"Asselin, H.","6",,,,,,,"Canadian Entomologist","2","Biomass","39","University of California, Berkeley","6","Academy of Finland","1",,,,,,
,,,,"Beaudoin, A.","6",,,,,,,"Canadian Journal Of Remote Sensing","2","Populus Tremuloides","39","Parks Canada","6","Alberta Agriculture and Forestry","1",,,,,,
,,,,"Boucher, D.","6",,,,,,,"Canadian Journal Of Zoology","2","Clearcutting","37","Bandaloop Landscape-Ecosystem Services","5","Alberta Biodiversity Monitoring Institute","1",,,,,,
,,,,"De Grandpré, L.","6",,,,,,,"Ecohydrology","2","Community Composition","37","Ministère des Forêts de la Faune et des Parcs","5","Alberta Ingenuity","1",,,,,,
,,,,"Guindon, L.","6",,,,,,,"Environmental Monitoring And Assessment","2","Silviculture","37","CNRS Centre National de la Recherche Scientifique","5","Alberta Sport Connection","1",,,,,,
,,,,"Lafleur, B.","6",,,,,,,"Forest Ecosystems","2","Fire Behavior","36","University of Manitoba","5","Arctic Institute of North America","1",,,,,,
,,,,"Langor, D.W.","6",,,,,,,"Forest Policy And Economics","2","Fire History","36","Harvard University","5","Association pour la Recherche sur les Tumeurs de la Prostate","1",,,,,,
,,,,"Lecomte, N.","6",,,,,,,"Forestry","2","Logging","36","Université de Sherbrooke","5","Australian Research Council","1",,,,,,
,,,,"Nielsen, S.E.","6",,,,,,,"Global And Planetary Change","2","Logging (timber)","36","Technische Universität Dresden","5","BioFuelNet Canada","1",,,,,,
,,,,"Thiffault, N.","6",,,,,,,"Global Change Biology","2","Ontario [Canada]","35","University of Maryland","5","Canada Economic Development for Quebec Regions","1",,,,,,
,,,,"Andison, D.W.","5",,,,,,,"Journal Of Applied Ecology","2","Bryophyta","34","McMaster University","5","Canadian Foundation for Climate and Atmospheric Sciences","1",,,,,,
,,,,"Auger, I.","5",,,,,,,"Journal Of Hydrology","2","Plants","34","McMaster University, Faculty of Science","5","Canadian Natural Resources Limited","1",,,,,,
,,,,"Boucher, Y.","5",,,,,,,"Journal Of Plant Ecology","2","Natural Disturbance","33","Ministère des Forêts","4","Cenovus Energy","1",,,,,,
,,,,"Fall, A.","5",,,,,,,"Plos One","2","Picea Glauca","33","McGill University","4","Centre National d’Etudes Spatiales","1",,,,,,
,,,,"Fraser, R.H.","5",,,,,,,"Quaternary Research United States","2","Species Richness","32","Helsingin Yliopisto","4","Compute Canada","1",,,,,,
,,,,"Hagemann, U.","5",,,,,,,"Revue Des Sciences De L Eau","2","Abundance","31","University of Leeds","4","ConocoPhillips","1",,,,,,
,,,,"Kneeshaw, D.","5",,,,,,,"Water Air And Soil Pollution","2","Hexapoda","31","University of New Brunswick","4","Cooperative State Research, Education, and Extension Service","1",,,,,,
,,,,"Krawchuk, M.A.","5",,,,,,,"Ambio","1","Remote Sensing","31","Clemson University","4","Cornerstone Specialty Wood Products","1",,,,,,
,,,,"Lavoie, M.","5",,,,,,,"American Naturalist","1","Soil","31","University of Ottawa, Canada","4","Cure Cancer Australia Foundation","1",,,,,,
,,,,"Malcolm, J.R.","5",,,,,,,"American Review Of Canadian Studies","1","Timber","31","Government of the Northwest Territories","4","Department of Natural Resources, Government of Newfoundland and Labrador","1",,,,,,
,,,,"Mansuy, N.","5",,,,,,,"Applied Vegetation Science","1","Understory","30","Centre d'étude de la forêt, Montreal","4","Environment Canada","1",,,,,,
,,,,"Moroni, M.T.","5",,,,,,,"Biodiversity And Conservation","1","Abies Balsamea","29","Department of Environmental Science, Policy, and Management","4","Environment and Natural Resources, Northwest Territories","1",,,,,,
,,,,"Quideau, S.A.","5",,,,,,,"Biomass And Bioenergy","1","Article","29","NASA Langley Research Center","3","European Research Council","1",,,,,,
,,,,"Simard, M.","5",,,,,,,"Bryologist","1","Ecosystem Management","29","Science Systems and Applications, Inc. SSAI","3","Fondation Daniel Langlois pour l'Art, la Science et la Technologie","1",,,,,,
,,,,"Sirois, L.","5",,,,,,,"Bulletin Of The American Meteorological Society","1","Wood","29","Universidad de Buenos Aires","3","Fondation de lâUniversitÃ© du QuÃ©bec en Abitibi-TÃ©miscamingue","1",,,,,,
,,,,"Thompson, I.D.","5",,,,,,,"Canadian Geographer","1","Black Spruce","28","USDA Forest Service Rocky Mountain Research Station","3","Fonds Québécois de la Recherche sur la Nature et les Technologies","1",,,,,,
,,,,"Venier, L.A.","5",,,,,,,"Canadian Water Resources Journal","1","Lakes","27","Geological Survey of Canada Calgary","3","George Cedric Metcalf Charitable Foundation","1",,,,,,
,,,,"Waddington, J.M.","5",,,,,,,"Dendrochronologia","1","Old-growth Forest","27","NASA Goddard Space Flight Center","3","Government of Alberta","1",,,,,,
,,,,"Wang, G.G.","5",,,,,,,"Diversity And Distributions","1","Trees","27","Purdue University","3","Helsingin Yliopisto","1",,,,,,
,,,,"Armstrong, G.W.","4",,,,,,,"Earth Surface Processes And Landforms","1","Forest","26","The University of Adelaide","3","Indigenous and Northern Affairs Canada","1",,,,,,
,,,,"Barrette, J.","4",,,,,,,"Ecography","1","Boreal","25","Universite de Moncton","3","Institut Universitaire de France","1",,,,,,
,,,,"Brais, S.","4",,,,,,,"Ecological Informatics","1","Quebec","25","University of Northern British Columbia","3","Institut national de la recherche scientifique","1",,,,,,
,,,,"Carcaillet, C.","4",,,,,,,"Ecological Monographs","1","World","25","Universidad de Chile","3","Joint Fire Science Program","1",,,,,,
,,,,"Cui, W.","4",,,,,,,"Ecology Of Wildfire Residuals In Boreal Forests","1","Mixed Forest","24","Queen's University, Kingston","3","Leverhulme Trust","1",,,,,,
,,,,"Cyr, D.","4",,,,,,,"Environmental Entomology","1","Ontario","24","Nature Conservancy","3","Ministerio de Ciencia e InnovaciÃ³n","1",,,,,,
,,,,"Fenton, N.","4",,,,,,,"Environmental Pollution","1","Sustainable Forest Management","24","Florida Atlantic University","3","Ministry of Defence","1",,,,,,
,,,,"Fortin, M.J.","4",,,,,,,"Environmental Science And Technology","1","Western Hemisphere","24","Geological Survey of Canada","3","MinistÃ¨re de l'Ãcologie, du DÃ©veloppement Durable et de l'Ãnergie","1",,,,,,
,,,,"Gower, S.T.","4",,,,,,,"Environmental Toxicology And Chemistry","1","Anthropogenic Effect","23","University of Birmingham","3","MinistÃ¨re de l'Ãducation, du Loisir et du Sport QuÃ©bec","1",,,,,,
,,,,"Haeussler, S.","4",,,,,,,"Environnement Risques Et Sante","1","Chronosequence","23","Institut Pierre Simon Laplace","3","MinistÃ¨re de l'Ãnergie et des Ressources Naturelles","1",,,,,,
,,,,"Hannon, S.J.","4",,,,,,,"Erdkunde","1","Computer Simulation","23","USDA ARS Rocky Mountain Research Station","3","National Natural Science Foundation of China","1",,,,,,
,,,,"Harvey, B.D.","4",,,,,,,"Freshwater Biology","1","Logging (forestry)","23","Universität Freiburg im Breisgau","3","National Science Foundation","1",,,,,,
,,,,"Hébert, C.","4",,,,,,,"Geomatica","1","Mapping","23","University of Melbourne","3","Nature Conservancy","1",,,,,,
,,,,"Imbeau, L.","4",,,,,,,"Global Biogeochemical Cycles","1","Tree","23","College of Science","3","Northern Research Station","1",,,,,,
,,,,"Johnson, E.A.","4",,,,,,,"Herbaceous Layer In Forests Of Eastern North America","1","United States","23","York University","3","Ohio State University","1",,,,,,
,,,,"Johnstone, J.F.","4",,,,,,,"IEEE Journal Of Selected Topics In Applied Earth Observations And Remote Sensing","1","Coleoptera","22","Government of Alberta","3","Ontario Ministry of Research, Innovation and Science","1",,,,,,
,,,,"Kayahara, G.J.","4",,,,,,,"IEEE Transactions On Geoscience And Remote Sensing","1","Plants (botany)","22","Ministry of Forests and Range","3","Organization of American States","1",,,,,,
,,,,"Kemball, K.J.","4",,,,,,,"Information Fusion","1","Populus","22","Institut des Sciences de l’Evolution de Montpellier","3","Pacific Northwest Research Station","1",,,,,,
,,,,"Lefort, P.","4",,,,,,,"International Social Science Journal","1","Regression Analysis","22","Itä-Suomen yliopisto","3","Polar Knowledge Canada","1",,,,,,
,,,,"Li, Z.","4",,,,,,,"J For","1","Choristoneura Fumiferana","21","Laboratoire Atmosphères, Milieux, Observations Spatiales","3","Research and Development","1",,,,,,
,,,,"Makeschin, F.","4",,,,,,,"Journal Of Advances In Modeling Earth Systems","1","Simulation","21","Université PSL","3","Stiftelsen för Miljöstrategisk Forskning","1",,,,,,
,,,,"Munson, A.D.","4",,,,,,,"Journal Of Economic Entomology","1","Species Diversity","21","Woods Hole Research Center","3","Taiwan Forestry Research Institute","1",,,,,,
,,,,"Saucier, J.P.","4",,,,,,,"Journal Of Environmental Engineering And Science","1","Timber Harvesting","21","NSERC-UQAT-UQAM Industrial Chair in Sustainable Forest Management","2","U.S. Geological Survey","1",,,,,,
,,,,"Splawinski, T.B.","4",,,,,,,"Journal Of Environmental Planning And Management","1","Wetlands","21","Valeur Nature","2","Universidad de Alcalá","1",,,,,,
,,,,"Stocks, B.J.","4",,,,,,,"Journal Of Environmental Quality","1","Canadian Boreal Forest","20","Boreal Ecosystems Research Limited","2","Universidad de Oviedo","1",,,,,,
,,,,"Strong, W.L.","4",,,,,,,"Journal Of Forest Research","1","Forest Dynamics","20","University of Colorado Boulder","2","University of Agricultural Sciences, Dharwad","1",,,,,,
,,,,"Tardif, J.C.","4",,,,,,,"Journal Of Forestry","1","Forest Floor","20","Sorbonne Universite","2","UniversitÃ© du QuÃ©bec Ã  Chicoutimi","1",,,,,,
,,,,"Terrier, A.","4",,,,,,,"Journal Of Geographical Systems","1","Mathematical Models","20","Pennsylvania State University","2","Université du Québec à Montréal","1",,,,,,
,,,,"Alexander, M.E.","3",,,,,,,"Journal Of Wildlife Management","1","Productivity","20","Royal Alberta Museum","2","Utah Division of Wildlife Resources","1",,,,,,
,,,,"Amiro, B.D.","3",,,,,,,"Lake And Reservoir Management","1","Risk Assessment","20","USDA Forest Service Pacific Southwest Research Station","2","West African Science Service Centre on Climate Change and Adapted Land Use","1",,,,,,
,,,,"Apps, M.J.","3",,,,,,,"Mitigation And Adaptation Strategies For Global Change","1","Sphagnum","20","Princeton University","2","Wildlife Conservation Society","1",,,,,,
,,,,"Banfield, E.","3",,,,,,,"NCASI Technical Bulletin","1","Abies","19","UK Centre for Ecology &amp; Hydrology","2","Undefined","343",,,,,,
,,,,"Bell, F.W.","3",,,,,,,"New Phytologist","1","Beetle","19","Cooperative Institute for Research in Environmental Sciences","2",,,,,,,,
,,,,"Benscoter, B.W.","3",,,,,,,"Northern Journal Of Applied Forestry","1","Bryophytes","19","Fisheries and Oceans Canada","2",,,,,,,,
,,,,"Blarquez, O.","3",,,,,,,"Photogrammetric Engineering And Remote Sensing","1","Carbon Sequestration","19","RMIT University","2",,,,,,,,
,,,,"Boutin, S.","3",,,,,,,"Quaternary Research","1","Charcoal","19","University of Alaska Fairbanks","2",,,,,,,,
,,,,"Buse, L.J.","3",,,,,,,"Recarbonization Of The Biosphere Ecosystems And The Global Carbon Cycle","1","Conservation","19","Laurentian University","2",,,,,,,,
,,,,"Carignan, R.","3",,,,,,,"Remote Sensing Letters","1","Dead Wood","19","Oregon State University","2",,,,,,,,
,,,,"Cobb, T.P.","3",,,,,,,"Science","1","Drought","19","University of California, Davis","2",,,,,,,,
,,,,"Cumming, S.","3",,,,,,,"Soil Science Society Of America Journal","1","Landscape","19","Dalhousie University","2",,,,,,,,
,,,,"Cyr, D.","3",,,,,,,"Studies In Avian Biology","1","Sustainability","19","University of York","2",,,,,,,,
,,,,"De Groot, W.J.","3",,,,,,,"USDA Forest Service General Technical Report PNW","1","Sustainable Forestry","19","Michigan Technological University","2",,,,,,,,
,,,,"Devito, K.J.","3",,,,,,,"Wiley Interdisciplinary Reviews Energy And Environment","1","Community Structure","18","Saskatchewan Research Council","2",,,,,,,,
,,,,"Dhital, N.","3",,,,,,,,,"Forest Inventory","18","Boston University","2",,,,,,,,
,,,,"Elkie, P.C.","3",,,,,,,,,"Growth Rate","18","Technical University of Munich","2",,,,,,,,
,,,,"Fahrig, L.","3",,,,,,,,,"Paludification","18","University of Montana","2",,,,,,,,
,,,,"Fleming, R.A.","3",,,,,,,,,"Peatland","18","Universitat fur Bodenkultur Wien","2",,,,,,,,
,,,,"Groot, A.","3",,,,,,,,,"Stand Dynamics","18","IRD Centre de Montpellier","2",,,,,,,,
,,,,"Hall, R.J.","3",,,,,,,,,"Sustainable Development","18","ETH Zürich","2",,,,,,,,
,,,,"Hammond, H.E.J.","3",,,,,,,,,"Fire Management","17","University of Oxford","2",,,,,,,,
,,,,"Harper, K.A.","3",,,,,,,,,"Forestry Production","17","Sveriges lantbruksuniversitet","2",,,,,,,,
,,,,"Hassan, Q.K.","3",,,,,,,,,"Fuels","17","National Oceanic and Atmospheric Administration","2",,,,,,,,
,,,,"Hobson, K.A.","3",,,,,,,,,"Landscape Ecology","17","Universidad de Alcala","2",,,,,,,,
,,,,"Kettridge, N.","3",,,,,,,,,"Nitrogen","17","Lunds Universitet","2",,,,,,,,
,,,,"Larrivée, M.","3",,,,,,,,,"Salvage Logging","17","United States Department of Agriculture","2",,,,,,,,
,,,,"Latifovic, R.","3",,,,,,,,,"Taiga","17","University of Leicester","2",,,,,,,,
,,,,"Leblon, B.","3",,,,,,,,,"Fire Protection","16","McGill University, Macdonald Campus","2",,,,,,,,
,,,,"Lesieur, D.","3",,,,,,,,,"Land Use","16","Estonian University of Life Sciences","2",,,,,,,,
,,,,"Lord, D.","3",,,,,,,,,"Landforms","16","Institut National de la Recherche Scientifique","2",,,,,,,,
,,,,"MacKenzie, M.D.","3",,,,,,,,,"Mortality","16","Government of Yukon","2",,,,,,,,
,,,,"Magnan, G.","3",,,,,,,,,"Satellite Imagery","16","Consortium Ouranos, Canada","2",,,,,,,,
,,,,"Mallik, A.U.","3",,,,,,,,,"Spatiotemporal Analysis","16","Alberta-Pacific Forest Industries Inc.","2",,,,,,,,
,,,,"Messier, C.","3",,,,,,,,,"Animals","15","Laboratoire de Météorologie Dynamique École Polytechnique","2",,,,,,,,
,,,,"Miyanishi, K.","3",,,,,,,,,"Deciduous Forest","15","State Key Laboratory of Remote Sensing Science","2",,,,,,,,
,,,,"Noël, J.","3",,,,,,,,,"Forest Canopy","15","Treeline Ecological Research","1",,,,,,,,
,,,,"Ouzennou, H.","3",,,,,,,,,"Growth","15","RADARSAT International","1",,,,,,,,
,,,,"Palma, C.D.","3",,,,,,,,,"Holocene","15","Premier Tech","1",,,,,,,,
,,,,"Parks, S.A.","3",,,,,,,,,"Insecta","15","Yukon College","1",,,,,,,,
,,,,"Pearce, J.L.","3",,,,,,,,,"Landsat","15","Biosphere Solutions","1",,,,,,,,
,,,,"Petrone, R.M.","3",,,,,,,,,"Moisture","15","Manitoba Conservation","1",,,,,,,,
,,,,"Pinel-Alloul, B.","3",,,,,,,,,"Moss","15","Millar Western Forest Products Ltd.","1",,,,,,,,
,,,,"Remmel, T.K.","3",,,,,,,,,"Organic Matter","15","CPI","1",,,,,,,,
,,,,"Rijal, B.","3",,,,,,,,,"Paleoecology","15","Skeena Forestry Consultants","1",,,,,,,,
,,,,"Ruel, J.C.","3",,,,,,,,,"Post-fire","15","Institut Québécois d'Aménagement de la Forêt Feuillue IQAFF","1",,,,,,,,
,,,,"Saint-Germain, M.","3",,,,,,,,,"Saskatchewan","15","Seney National Wildlife Refuge","1",,,,,,,,
,,,,"Schmiegelow, F.K.A.","3",,,,,,,,,"Vegetation Dynamics","15","Geological Survey","1",,,,,,,,
,,,,"Shaw, C.H.","3",,,,,,,,,"Aves","14","Wood Buffalo National Park","1",,,,,,,,
,,,,"Simard, M.","3",,,,,,,,,"Climatology","14","Gowlland Technologies Ltd.","1",,,,,,,,
,,,,"Simpson, B.N.","3",,,,,,,,,"Dominance","14","Terra Systems Research","1",,,,,,,,
,,,,"Smith, S.M.","3",,,,,,,,,"Environmental Impact","14","Yukon Forest Resources","1",,,,,,,,
,,,,"Soucémarianadin, L.N.","3",,,,,,,,,"Forest Cover","14","Agence Candienne d'Eval. E.","1",,,,,,,,
,,,,"Taylor, A.R.","3",,,,,,,,,"Fungi","14","Avialesookhrana","1",,,,,,,,
,,,,"Wang, X.","3",,,,,,,,,"Jack Pine","14","Boreal Forest Network","1",,,,,,,,
,,,,"Weintraub, A.","3",,,,,,,,,"Organic Compounds","14","Groupe de Recherche en Écologie Forestière GREF.","1",,,,,,,,
,,,,"Whitman, E.","3",,,,,,,,,"Plant Community","14","Agence candienne d'evaluation environnementale","1",,,,,,,,
,,,,"Ahl, D.E.","2",,,,,,,,,"Seed","14","Groupe de Recherche en Écologic Forestière Inter-universitaire GREFi","1",,,,,,,,
,,,,"Apps, M.","2",,,,,,,,,"AVHRR","13","MDH Engineered Solutions","1",,,,,,,,
,,,,"Araya, Y.H.","2",,,,,,,,,"Comparative Study","13","Industrielle CRSNG-UQAT-UQAM en Aménagement Forestier Durable","1",,,,,,,,
,,,,"Archambault, L.","2",,,,,,,,,"Conservation Management","13","Policy Research Initiative Human Resources and Social Development Canada","1",,,,,,,,
,,,,"Arsenault, A.","2",,,,,,,,,"Ecosystem","13","Western and Northern Service Centre","1",,,,,,,,
,,,,"Asnong, H.","2",,,,,,,,,"Environmental Monitoring","13","Climate Risk Analysis","1",,,,,,,,
,,,,"Azeria, E.T.","2",,,,,,,,,"Fire Severity","13","Saskatchewan Ministry of Environment","1",,,,,,,,
,,,,"Balzter, H.","2",,,,,,,,,"Lichen","13","Centre d'Enseignement et de Recherche en Foresterie de Sainte-Foy Inc. CERFO","1",,,,,,,,
,,,,"Baret, M.","2",,,,,,,,,"Meteorology","13","Nipissing Forest Resource Management, Inc.","1",,,,,,,,
