﻿Scopus refine results values

"Your query : ((TITLE-ABS-KEY((Boreal OR {James Bay} OR James-Bay OR {Clay Belt} OR {canadian shield}) AND (Canada OR Quebec OR Ontario OR newfoundland OR Alberta OR British-Columbia) ) AND PUBYEAR > 1999 AND PUBYEAR < 2020) AND (TITLE-ABS-KEY(Forestry OR {Forest management} OR {Forest practices}) AND PUBYEAR > 1999 AND PUBYEAR < 2020) AND (TITLE-ABS-KEY(weather OR   Season* OR meteo*) AND PUBYEAR > 1999 AND PUBYEAR < 2020))"


Number of results : 371

"ACCESS TYPE",,"YEAR",,"AUTHOR NAME(filtered by По количеству результатов)",,"SUBJECT AREA(filtered by Alphabet)",,"DOCUMENT TYPE",,"PUBLICATION STAGE",,"SOURCE TITLE(filtered by По количеству результатов)",,"KEYWORD(filtered by По количеству результатов)",,"AFFILIATION",,"FUNDING SPONSOR",,"COUNTRY(filtered by По количеству результатов)",,"SOURCE TYPE",,"LANGUAGE(filtered by По количеству результатов)",
"Open Access","43","2019","20","Bergeron, Y.","32","Agricultural and Biological Sciences","254","Article","339","final","371","Forest Ecology And Management","69","Forestry","307","Canadian Forest Service","97","Natural Sciences and Engineering Research Council of Canada","72","Canada","331","Journals","359","English","368"
"Other","328","2018","15","Flannigan, M.D.","13","Arts and Humanities","2","Conference Paper","20",,,"Canadian Journal Of Forest Research","59","Canada","299","University of Alberta","73","Fonds QuÃ©bÃ©cois de la Recherche sur la Nature et les Technologies","11","United States","74","Conference Proceedings","10","French","4"
,,"2017","20","Comeau, P.G.","10","Biochemistry, Genetics and Molecular Biology","16","Review","12",,,"Forestry Chronicle","16","Boreal Forest","237","Natural Resources Canada","41","National Aeronautics and Space Administration","11","France","11","Trade Publications","1",,
,,"2016","29","Girardin, M.P.","9","Chemistry","1",,,,,"Hydrological Processes","16","North America","107","Université Laval","35","Natural Resources Canada","9","China","9","Book Series","1",,
,,"2015","23","Chen, J.M.","8","Computer Science","6",,,,,"Remote Sensing Of Environment","16","Climate Change","102","Universite du Quebec en Abitibi-Temiscamingue","34","Canadian Forest Service","8","Finland","7",,,,
,,"2014","16","Lieffers, V.J.","8","Decision Sciences","2",,,,,"Ecological Modelling","10","Boreal Forests","73","Université du Québec à Montréal","34","Canadian Foundation for Climate and Atmospheric Sciences","8","Sweden","7",,,,
,,"2013","27","Cumming, S.G.","7","Earth and Planetary Sciences","73",,,,,"Forests","10","Ecosystems","72","Northern Forestry Centre","33","Ministry of Natural Resources","8","Germany","6",,,,
,,"2012","18","Gauthier, S.","7","Energy","7",,,,,"New Forests","8","Alberta","69","Environment Canada","25","Canada Foundation for Innovation","7","Australia","5",,,,
,,"2011","15","Morin, H.","7","Engineering","10",,,,,"Ecohydrology","7","Forest Management","67","The University of British Columbia","23","Fonds de recherche du QuÃ©bec â Nature et technologies","7","United Kingdom","5",,,,
,,"2010","18","Paré, D.","7","Environmental Science","250",,,,,"Environmental Research Letters","7","Picea Mariana","66","Ontario Ministry of Natural Resources","20","Arctic Institute of North America","4","Italy","4",,,,
,,"2009","19","Prepas, E.E.","7","Immunology and Microbiology","9",,,,,"Soil Biology And Biochemistry","7","Soils","64","Great Lakes Forestry Centre","19","Government of Canada","4","Norway","4",,,,
,,"2008","22","Wotton, B.M.","7","Materials Science","2",,,,,"Ecological Applications","6","Vegetation","64","University of Toronto","16","Luonnontieteiden ja Tekniikan Tutkimuksen Toimikunta","4","Russian Federation","4",,,,
,,"2007","20","Arseneault, D.","6","Medicine","8",,,,,"International Journal Of Remote Sensing","6","Fires","63","Ontario Forest Research Institute","13","Suncor Energy Incorporated","4","Netherlands","2",,,,
,,"2006","25","Deslauriers, A.","6","Multidisciplinary","2",,,,,"Trees Structure And Function","6","Forests","59","Lakehead University","13","University of Alberta","4","South Korea","2",,,,
,,"2005","22","Devito, K.J.","6","Pharmacology, Toxicology and Pharmaceutics","2",,,,,"Climatic Change","5","Picea","57","McMaster University","13","BIOCAP Canada","3","Spain","2",,,,
,,"2004","15","Houle, D.","6","Physics and Astronomy","1",,,,,"Environmental Reviews","5","Coniferous Tree","51","Pacific Forestry Centre","13","Environment Canada","3","Switzerland","2",,,,
,,"2003","17","Landhäusser, S.M.","6","Social Sciences","1",,,,,"Environmental Monitoring And Assessment","4","Forest Fire","48","Ministère de l‘Energie et des Ressources naturelles du Québec","13","National Natural Science Foundation of China","3","Austria","1",,,,
,,"2002","12","Petrone, R.M.","6",,,,,,,"International Geoscience And Remote Sensing Symposium IGARSS","4","Picea Glauca","48","University of Winnipeg","12","National Science Foundation","3","Belgium","1",,,,
,,"2001","14","Thompson, D.K.","6",,,,,,,"Journal Of Geophysical Research Atmospheres","4","Ecology","47","Université du Québec à Rimouski","11","Parks Canada","3","Estonia","1",,,,
,,"2000","4","Arain, M.A.","5",,,,,,,"Remote Sensing","4","Harvesting","47","University of Saskatchewan","11","Shell Canada","3","Japan","1",,,,
,,,,"Barr, A.G.","5",,,,,,,"Science Of The Total Environment","4","Seasonal Variation","47","McMaster University, Faculty of Science","11","U.S. Forest Service","3","Mexico","1",,,,
,,,,"Berninger, F.","5",,,,,,,"Canadian Journal Of Botany","3","Quebec [Canada]","45","USDA Forest Service","10","Alberta Ingenuity","2","New Zealand","1",,,,
,,,,"Black, T.A.","5",,,,,,,"Forest Science","3","Growing Season","44","Université du Québec à Chicoutimi","10","Association pour la Recherche sur les Tumeurs de la Prostate","2",,,,,,
,,,,"Flannigan, M.","5",,,,,,,"International Journal Of Climatology","3","Populus Tremuloides","43","Ministry of Forests and Range","10","Canada Economic Development for Quebec Regions","2",,,,,,
,,,,"Fredeen, A.L.","5",,,,,,,"Applied Geochemistry","2","Meteorology","36","Le réseau de l'Université du Québec","8","Canada Research Chairs","2",,,,,,
,,,,"Kurz, W.A.","5",,,,,,,"Auk","2","Pinus Banksiana","36","University of Calgary","8","Canadian Space Agency","2",,,,,,
,,,,"Pitt, D.G.","5",,,,,,,"Biodiversity And Conservation","2","Carbon","34","University of Northern British Columbia","8","European Commission","2",,,,,,
,,,,"Rossi, S.","5",,,,,,,"Canadian Field Naturalist","2","Remote Sensing","34","University of Waterloo","8","Fondation de lâUniversitÃ© du QuÃ©bec en Abitibi-TÃ©miscamingue","2",,,,,,
,,,,"Brais, S.","4",,,,,,,"Canadian Journal Of Earth Sciences","2","Forest Fires","33","Queen's University, Kingston","8","Forest Genetics Council of British Columbia","2",,,,,,
,,,,"Carey, S.K.","4",,,,,,,"Canadian Journal Of Zoology","2","Plants","33","Trent University","8","Institute for Wetland and Waterfowl Research, Ducks Unlimited Canada","2",,,,,,
,,,,"Chang, S.X.","4",,,,,,,"Ecological Engineering","2","Growth Rate","32","Canada Centre for Remote Sensing","7","MinistÃ¨re des ForÃªts, de la Faune et des Parcs","2",,,,,,
,,,,"Derksen, C.","4",,,,,,,"Ecological Indicators","2","Climatology","31","Université de Sherbrooke","7","MinistÃ¨re des Ressources Naturelles et de la Faune","2",,,,,,
,,,,"DesRochers, A.","4",,,,,,,"Environmental Pollution","2","Coniferous Forest","30","University of Guelph","7","National Oceanic and Atmospheric Administration","2",,,,,,
,,,,"Drapeau, P.","4",,,,,,,"Geophysical Research Letters","2","Drought","30","Helsingin Yliopisto","6","Norges ForskningsrÃ¥d","2",,,,,,
,,,,"Drobyshev, I.","4",,,,,,,"International Journal Of Wildland Fire","2","Soil","29","NASA Goddard Space Flight Center","6","Northern Research Station","2",,,,,,
,,,,"Duchesne, L.","4",,,,,,,"Journal Of Hydrology","2","Coniferophyta","28","University of Manitoba","6","Ontario Ministry of Natural Resources and Forestry","2",,,,,,
,,,,"Fraser, R.H.","4",,,,,,,"Northern Journal Of Applied Forestry","2","Moisture","28","Carleton University","6","SNS Nordic Forest Research","2",,,,,,
,,,,"Gower, S.T.","4",,,,,,,"Photogrammetric Engineering And Remote Sensing","2","Disturbance","27","University of Maryland","6","Tembec","2",,,,,,
,,,,"Hall, R.J.","4",,,,,,,"Plos One","2","Wildfire","27","University of California, Berkeley","6","UniversitÃ© du QuÃ©bec Ã  MontrÃ©al","2",,,,,,
,,,,"Hély, C.","4",,,,,,,"Scandinavian Journal Of Forest Research","2","Biodiversity","26","University of Wisconsin-Madison","6","Aaniiih Nakoda College","1",,,,,,
,,,,"Krebs, C.J.","4",,,,,,,"Silva Fennica","2","Biomass","26","Wilfrid Laurier University","5","Academy of Finland","1",,,,,,
,,,,"Li, Z.","4",,,,,,,"Tree Physiology","2","Deciduous Tree","25","Purdue University","5","Academy of Natural Sciences of Drexel University","1",,,,,,
,,,,"Macrae, M.L.","4",,,,,,,"Water Resources Research","2","Nitrogen","25","Chinese Academy of Sciences","5","AcadÃ©mie de recherche et d'enseignement supÃ©rieur","1",,,,,,
,,,,"McCaughey, J.H.","4",,,,,,,"2014 11th Annual IEEE International Conference On Sensing Communication And Networking Secon 2014","1","Populus","25","Sveriges lantbruksuniversitet","5","Alberta Agriculture and Forestry","1",,,,,,
,,,,"Smith, D.W.","4",,,,,,,"26th Conference On Agricultural And Forest Meteorology","1","Reforestation","25","Conseil de recherches en sciences naturelles et en génie du Canada","5","Alberta Conservation Association","1",,,,,,
,,,,"Tardif, J.","4",,,,,,,"Agricultural And Forest Meteorology","1","Wetlands","25","State Key Laboratory of Remote Sensing Science","5","Alberta Ingenuity Centre for Water Research","1",,,,,,
,,,,"Thiffault, N.","4",,,,,,,"American Journal Of Botany","1","Ontario","24","University of Montreal","4","Biogeoscience Institute, University of Calgary","1",,,,,,
,,,,"Thomas, B.R.","4",,,,,,,"Annals Of Forest Science","1","Plants (botany)","24","Geological Survey of Canada","4","Bundesministerium fÃ¼r Bildung und Forschung","1",,,,,,
,,,,"Verseghy, D.L.","4",,,,,,,"Atmospheric Environment","1","Soil Moisture","24","Agriculture et Agroalimentaire Canada","4","Bundesministerium fÃ¼r Bildung und Frauen","1",,,,,,
,,,,"Alexander, M.E.","3",,,,,,,"Avian Conservation And Ecology","1","Abies Balsamea","23","Hydro-Quebec","4","Canadian Natural Resources Limited","1",,,,,,
,,,,"Ali, A.A.","3",,,,,,,"Basic And Applied Ecology","1","Article","23","University of Ottawa, Canada","4","Centre National de la Recherche Scientifique","1",,,,,,
,,,,"Asselin, H.","3",,,,,,,"Biological Conservation","1","Nutrients","23","Centre d'étude de la forêt, Montreal","4","China Scholarship Council","1",,,,,,
,,,,"Bell, F.W.","3",,,,,,,"Biology And Fertility Of Soils","1","Climate Effect","22","Consortium Ouranos, Canada","4","Chinese Academy of Sciences","1",,,,,,
,,,,"Bernier, P.Y.","3",,,,,,,"Botany","1","Computer Simulation","22","Woods Hole Research Center","4","Cooper Foundation","1",,,,,,
,,,,"Bouchard, M.","3",,,,,,,"Canadian Entomologist","1","Deforestation","22","Boreal Ecosystems Research Ltd.","3","Department of Natural Resources, Government of Newfoundland and Labrador","1",,,,,,
,,,,"Boutin, S.","3",,,,,,,"Canadian Journal Of Civil Engineering","1","Growth","22","Ministère des Forêts de la Faune et des Parcs","3","Emory Eye Center","1",,,,,,
,,,,"Bégin, C.","3",,,,,,,"Canadian Journal Of Microbiology","1","Regression Analysis","22","McGill University","3","Environment and Climate Change Canada","1",,,,,,
,,,,"Chhin, S.","3",,,,,,,"Canadian Journal Of Remote Sensing","1","Snow","22","CNRS Centre National de la Recherche Scientifique","3","Environment and Natural Resources, Northwest Territories","1",,,,,,
,,,,"De Groot, W.J.","3",,,,,,,"Canadian Water Resources Journal","1","Temperature","22","Universite de Moncton","3","Environmental Protection Agency","1",,,,,,
,,,,"Dussault, C.","3",,,,,,,"Ecoscience","1","Trees","22","University of Alaska Fairbanks","3","European Space Agency","1",,,,,,
,,,,"Errington, R.C.","3",,,,,,,"Ecosystems","1","Climate Models","21","Centre Européen de Recherche et d'Enseignement des Géosciences de l'Environnement","3","Fonds Québécois de la Recherche sur la Nature et les Technologies","1",,,,,,
,,,,"Gagnon, C.","3",,,,,,,"Environmental Earth Sciences","1","Climates","21","Oregon State University","3","Genome Alberta","1",,,,,,
,,,,"Goetz, S.J.","3",,,,,,,"Environmental Science And Technology","1","Phenology","21","University of New Brunswick","3","Genome Canada","1",,,,,,
,,,,"Grant, R.F.","3",,,,,,,"Environnement Risques Et Sante","1","Regeneration","21","Université du Québec en Outaouais","3","Global Institute for Water Security, University of Saskatchewan","1",,,,,,
,,,,"Guiot, J.","3",,,,,,,"European Space Agency Special Publication ESA SP","1","World","21","University of Montana","3","Global Water Futures","1",,,,,,
,,,,"Hamann, A.","3",,,,,,,"Geoderma","1","British Columbia","20","École Pratique des Hautes Etudes","3","Health Canada","1",,,,,,
,,,,"Hazlett, P.W.","3",,,,,,,"Global And Planetary Change","1","Clearcutting","20","Lunds Universitet","3","Helmholtz Association","1",,,,,,
,,,,"Krawchuk, M.A.","3",,,,,,,"Global Change Biology","1","Deciduous Forest","20","University of Minnesota","3","Horizon 2020 Framework Programme","1",,,,,,
,,,,"Le Goff, H.","3",,,,,,,"Houille Blanche","1","Landforms","20","Michigan State University","3","Human Resources and Skills Development Canada","1",,,,,,
,,,,"Leblon, B.","3",,,,,,,"Hydrobiologia","1","Ontario [Canada]","20","Institut National de la Recherche Scientifique","3","Institut Universitaire de France","1",,,,,,
,,,,"Martell, D.L.","3",,,,,,,"Hydrology And Management Of Forested Wetlands Proceeding Of The International Conference","1","United States","20","Government of the Northwest Territories","3","Institut national de la recherche scientifique","1",,,,,,
,,,,"Messier, C.","3",,,,,,,"IAHS AISH Publication","1","Carbon Dioxide","19","Alberta-Pacific Forest Industries Inc.","3","Institute at Brown for Environment and Society, Brown University","1",,,,,,
,,,,"Moroni, M.T.","3",,,,,,,"IEEE Geoscience And Remote Sensing Letters","1","Hydrology","19","Department of Environmental Science, Policy, and Management","3","Institute for Biodiversity, Ecosystem Science, and Sustainability","1",,,,,,
,,,,"Nesic, Z.","3",,,,,,,"IEEE Journal Of Selected Topics In Applied Earth Observations And Remote Sensing","1","Western Hemisphere","19","Bandaloop Landscape-Ecosystem Services","2","Institute of Infection and Immunity","1",,,,,,
,,,,"Nicault, A.","3",,,,,,,"IEEE Transactions On Geoscience And Remote Sensing","1","Abies","18","Università degli Studi di Padova","2","Inter-American Institute for Global Change Research","1",,,,,,
,,,,"Parisien, M.A.","3",,,,,,,"ISPRS Journal Of Photogrammetry And Remote Sensing","1","Saskatchewan","18","Science Systems and Applications, Inc. SSAI","2","International Arctic Research Center, University of Alaska, Fairbanks","1",,,,,,
,,,,"Parker, W.C.","3",,,,,,,"Iop Conference Series Earth And Environmental Science","1","Evapotranspiration","17","University of Victoria","2","International Association for Identification","1",,,,,,
,,,,"Peng, C.","3",,,,,,,"Journal Of Animal Ecology","1","Fire","17","Forestry Tasmania","2","Joint Institute for the Study of the Atmosphere and Ocean","1",,,,,,
,,,,"Pinno, B.D.","3",,,,,,,"Journal Of Biogeography","1","Fire Hazards","17","Freshwater Institute, Fisheries and Oceans Canada","2","Manitoba Hydro","1",,,,,,
,,,,"Price, D.T.","3",,,,,,,"Journal Of Cold Regions Engineering","1","Hexapoda","17","USDA ARS Corvallis Forestry Sciences Laboratory","2","MinistÃ¨re de l'Ãcologie, du DÃ©veloppement Durable et de l'Ãnergie","1",,,,,,
,,,,"Pypker, T.G.","3",,,,,,,"Journal Of Environmental Engineering And Science","1","Lakes","17","Jet Propulsion Laboratory","2","MinistÃ¨re de l'Ãconomie, de lâInnovation et des Exportations du QuÃ©bec","1",,,,,,
,,,,"Raulier, F.","3",,,,,,,"Journal Of Forestry","1","Mathematical Models","17","The University of Arizona","2","MinistÃ¨re de l'Ãnergie et des Ressources Naturelles","1",,,,,,
,,,,"Silins, U.","3",,,,,,,"Journal Of Mammalogy","1","Mixed Forest","17","Conservation Biology Institute","2","Ministère des Ressources Naturelles et de la Faune","1",,,,,,
,,,,"Stocks, B.J.","3",,,,,,,"Journal Of The Torrey Botanical Society","1","Productivity","17","University of Montana Missoula","2","Minnesota Department of Natural Resources","1",,,,,,
,,,,"Tardif, J.C.","3",,,,,,,"NCASI Technical Bulletin","1","Survival","17","Alberta Research Council","2","Mitacs","1",,,,,,
,,,,"Waddington, J.M.","3",,,,,,,"New Phytologist","1","Tree Ring","17","Florida Atlantic University","2","National Fish and Wildlife Foundation","1",,,,,,
,,,,"Walker, A.","3",,,,,,,"Nordic Hydrology","1","Black Spruce","16","Simon Fraser University","2","Natural Environment Research Council","1",,,,,,
,,,,"Wang, G.G.","3",,,,,,,"Plant Cell And Environment","1","Boreal","16","Polytechnique Montréal","2","Organization of American States","1",,,,,,
,,,,"Wang, X.","3",,,,,,,"Quaternary Research United States","1","Climate","16","Boston University","2","Research and Development","1",,,,,,
,,,,"Ahl, D.E.","2",,,,,,,"Quaternary Science Reviews","1","Forest","16","Norwegian Institute for Nature Research","2","Schweizerischer Nationalfonds zur Förderung der Wissenschaftlichen Forschung","1",,,,,,
,,,,"Amiro, B.D.","2",,,,,,,"Rast 2005 Proceedings Of 2nd International Conference On Recent Advances In Space Technologies","1","Forest Canopy","16","University of Virginia","2","Sustainable Forestry Initiative","1",,,,,,
,,,,"Andison, D.W.","2",,,,,,,"Soil Science Society Of America Journal","1","Forest Ecosystem","16","Oak Ridge National Laboratory","2","Swedish Foundation for International Cooperation in Research and Higher Education","1",,,,,,
,,,,"Angers, V.A.","2",,,,,,,"Studies In Mycology","1","Growth Response","16","Centre d'Etudes Spatiales de la Biosphère","2","Taiwan Forestry Research Institute","1",,,,,,
,,,,"Antón-Fernández, C.","2",,,,,,,"Water Science And Technology","1","Precipitation (meteorology)","16","University of Lethbridge","2","U.S. Department of Energy","1",,,,,,
,,,,"Astrup, R.","2",,,,,,,,,"Silviculture","16","ETH Zürich","2","University of British Columbia","1",,,,,,
,,,,"Avgar, T.","2",,,,,,,,,"Air Temperature","15","Clemson University","2","University of Lethbridge","1",,,,,,
,,,,"Baltzer, J.L.","2",,,,,,,,,"Fire Behavior","15","University of New Hampshire Durham","2","University of Manitoba","1",,,,,,
,,,,"Bartlett, P.A.","2",,,,,,,,,"Global Warming","15","National Oceanic and Atmospheric Administration","2","University of North Carolina at Charlotte","1",,,,,,
,,,,"Bellenger, J.P.","2",,,,,,,,,"NDVI","15","INRS- Centre Eau, Terre &amp; Environnement","2","University of Toronto","1",,,,,,
,,,,"Benscoter, B.W.","2",,,,,,,,,"Peatland","15","California Institute of Technology","2","UniversitÃ© de Montpellier","1",,,,,,
,,,,"Bernier, P.","2",,,,,,,,,"Pinus Contorta","15","Concordia University","2","UniversitÃ© du QuÃ©bec en Abitibi-TÃ©miscamingue","1",,,,,,
,,,,"Boucher, E.","2",,,,,,,,,"Radiometers","15","York University","2","West African Science Service Centre on Climate Change and Adapted Land Use","1",,,,,,
,,,,"Boutin, S.","2",,,,,,,,,"Environmental Disturbance","14","Alberta Sustainable Resource Development","2","Western University","1",,,,,,
,,,,"Burke, J.M.","2",,,,,,,,,"Logging (forestry)","14","Aix Marseille Université","2","Weyerhaeuser Company","1",,,,,,
,,,,"Bégin, Y.","2",,,,,,,,,"Manitoba","14","Ecosystèmes Continentaux et Risques Environnementaux","2","Undefined","229",,,,,,
,,,,"Béland, M.","2",,,,,,,,,"Oil Sands","14","Université de Montpellier","2",,,,,,,,
,,,,"Bélanger, L.","2",,,,,,,,,"Physiology","14","The Norwegian Institute of Bioeconomy Research","2",,,,,,,,
,,,,"Cantin, A.S.","2",,,,,,,,,"Quebec","14","Institutionen för Naturgeografi och Ekosystemvetenskap, Lunds Universitet","2",,,,,,,,
,,,,"Carcaillet, C.","2",,,,,,,,,"Atmospheric Temperature","13","Ministère des Forêts de la Faune et des Parcs du Québec","1",,,,,,,,
,,,,"Carroll, A.L.","2",,,,,,,,,"Carbon Cycle","13","RADARSAT International","1",,,,,,,,
,,,,"Cohen, W.B.","2",,,,,,,,,"Carbon Sequestration","13","Ridgetown College of Agricultural Technology","1",,,,,,,,
,,,,"Coops, N.C.","2",,,,,,,,,"Dendrochronology","13","Symbios Research and Restoration","1",,,,,,,,
,,,,"Courtois, R.","2",,,,,,,,,"Evaporation","13","Grande Prairie Regional College","1",,,,,,,,
,,,,"Côté, B.","2",,,,,,,,,"Forest Floor","13","Ctr. Rech. Devmt. sur les Sols G.","1",,,,,,,,
,,,,"Fleming, R.A.","2",,,,,,,,,"Groundwater","13","Aurora Wildlife Research","1",,,,,,,,
,,,,"Gaumont-Guay, D.","2",,,,,,,,,"Numerical Model","13","Millar Western Forest Products Ltd.","1",,,,,,,,
,,,,"Germida, J.J.","2",,,,,,,,,"Tree","13","CPI","1",,,,,,,,
,,,,"Gong, P.","2",,,,,,,,,"White Spruce","13","New Dendrology Inc.","1",,,,,,,,
,,,,"Gonsamo, A.","2",,,,,,,,,"Canadian Boreal Forest","12","USFS Northern Research Station","1",,,,,,,,
,,,,"Gordon, A.M.","2",,,,,,,,,"Environmental Monitoring","12","Incremental Forest Technologies","1",,,,,,,,
,,,,"Guindon, L.","2",,,,,,,,,"Leaf Area Index","12","Yukon Department of Environment","1",,,,,,,,
,,,,"Hacke, U.G.","2",,,,,,,,,"Logging (timber)","12","Birch Point Enterprises","1",,,,,,,,
,,,,"Hassan, Q.K.","2",,,,,,,,,"Phosphorus","12","Ontario Parks","1",,,,,,,,
,,,,"Hawkes, B.","2",,,,,,,,,"Plantation Forestry","12","NorthWind Land Resources Inc.","1",,,,,,,,
,,,,"Hoepting, M.K.","2",,,,,,,,,"Rain","12","Ministère des Forêts","1",,,,,,,,
,,,,"Hofgaard, A.","2",,,,,,,,,"Seed","12","Terra Systems Research","1",,,,,,,,
,,,,"Hogg, E.H.","2",,,,,,,,,"Stand Structure","12","MAYO","1",,,,,,,,
,,,,"Huang, J.G.","2",,,,,,,,,"Understory","12","St. Petersburg Center for Epidemiological Surveillance","1",,,,,,,,
,,,,"Huang, S.","2",,,,,,,,,"Biogeochemistry","11","MODIS Characterization Support Team","1",,,,,,,,
,,,,"Humphreys, E.R.","2",,,,,,,,,"Forestry Production","11","Genstat Consulting","1",,,,,,,,
,,,,"Hynes, H.M.","2",,,,,,,,,"Jack Pine","11","Avialesookhrana","1",,,,,,,,
,,,,"Imbeau, L.","2",,,,,,,,,"Logging","11","Groupe de Recherche en Écologic Forestière Inter-universitaire GREFi","1",,,,,,,,
,,,,"Innes, J.L.","2",,,,,,,,,"Mortality","11","Industrielle CRSNG-UQAT-UQAM en Aménagement Forestier Durable","1",,,,,,,,
,,,,"Jacobs, D.F.","2",,,,,,,,,"Picea Engelmannii","11","Measurement Systems Technology","1",,,,,,,,
,,,,"Kenney, A.J.","2",,,,,,,,,"Risk Assessment","11","fRI Research Grizzly Bear Program FRIGBP","1",,,,,,,,
,,,,"Kimball, J.S.","2",,,,,,,,,"Runoff","11","General Airspray Ltd.","1",,,,,,,,
,,,,"Kreutzweiser, D.P.","2",,,,,,,,,"Satellite Imagery","11","Conservation Biology Institute","1",,,,,,,,
,,,,"Kweon, D.","2",,,,,,,,,"Seasons","11","Centre d’étude de la forêt CEF","1",,,,,,,,
,,,,"Langlois, A.","2",,,,,,,,,"Soil Temperature","11","Ecl. Sup. d'Agriculture de Purpan","1",,,,,,,,
,,,,"Larocque, G.R.","2",,,,,,,,,"Weather","11","Millar Western Forest Products Ltd.","1",,,,,,,,
,,,,"Lavoie, M.","2",,,,,,,,,"Wood","11","Northern Bioscience Ecological Consulting","1",,,,,,,,
,,,,"Lean, D.R.S.","2",,,,,,,,,"Yukon Territory","11","Direction de la Recherche Forestire","1",,,,,,,,
,,,,"Leduc, A.","2",,,,,,,,,"AVHRR","10","Global Science and Technology, Inc.","1",,,,,,,,
,,,,"Lévesque, D.","2",,,,,,,,,"Annual Variation","10","Enmosys","1",,,,,,,,
,,,,"Marshall, G.A.","2",,,,,,,,,"Aves","10","Yukon Department of Environment","1",,,,,,,,
,,,,"Marty, C.","2",,,,,,,,,"Data Set","10","Forest Management Division","1",,,,,,,,
,,,,"Mason, J.A.","2",,,,,,,,,"Evergreen Tree","10","Cumulative Impact Monitoring Program","1",,,,,,,,
,,,,"Mazerolle, M.J.","2",,,,,,,,,"Forecasting","10","Foothills Research Institute Grizzly Bear Program","1",,,,,,,,
,,,,"McPherson, S.","2",,,,,,,,,"Growth Kinetics","10","Incremental Forest Technologies Ltd.","1",,,,,,,,
,,,,"Mendoza, C.","2",,,,,,,,,"Landscape","10","Institute of Northern Engineering","1",,,,,,,,
,,,,"Mihajlovich, M.","2",,,,,,,,,"Modeling","10","Explor","1",,,,,,,,
,,,,"Miquelajauregui, Y.","2",,,,,,,,,"Net Ecosystem Production","10","Institut National de l'Information Géographique et Forestière","1",,,,,,,,
,,,,"Nicholls, E.M.","2",,,,,,,,,"Northwest Territories","10","Ministère des Forêts","1",,,,,,,,
,,,,"Nour, M.H.","2",,,,,,,,,"Organic Carbon","10","Animal Damage Control","1",,,,,,,,
,,,,"Ols, C.","2",,,,,,,,,"Photosynthesis","10","Archeobois","1",,,,,,,,
,,,,"Osko, T.J.","2",,,,,,,,,"Precipitation (climatology)","10","Center for Conservation and Sustainability","1",,,,,,,,
,,,,"Ouellet, J.P.","2",,,,,,,,,"Satellite Data","10","Cégep de l’Abitibi-Témiscamingue College of Abitibi-Témiscamingue","1",,,,,,,,
,,,,"Palmer, M.J.","2",,,,,,,,,"Satellites","10","Ministère des Forêts","1",,,,,,,,
,,,,"Park, A.","2",,,,,,,,,"Seedling","10","Villanova University","1",,,,,,,,
,,,,"Payette, S.","2",,,,,,,,,"Seedling Establishment","10","USDA ARS Beltsville Agricultural Research Center","1",,,,,,,,
