﻿Scopus refine results values

"Your query : ((TITLE-ABS-KEY((Boreal OR {James Bay} OR James-Bay OR {Clay Belt} OR {canadian shield}) AND Quebec) AND PUBYEAR > 1999 AND PUBYEAR < 2020) AND (TITLE-ABS-KEY(Mine OR Mining) AND PUBYEAR > 1999 AND PUBYEAR < 2020) AND (TITLE-ABS-KEY(Contamination OR Contaminant OR Pollut* OR  {acid rain} OR {nitrogen deposition} ) AND PUBYEAR > 1999 AND PUBYEAR < 2020))"


Number of results : 4

"ACCESS TYPE",,"YEAR",,"AUTHOR NAME",,"SUBJECT AREA",,"DOCUMENT TYPE",,"PUBLICATION STAGE",,"SOURCE TITLE",,"KEYWORD",,"AFFILIATION",,"FUNDING SPONSOR",,"COUNTRY",,"SOURCE TYPE",,"LANGUAGE",
"Other","4","2014","1","Borgmann, U.","1","Earth and Planetary Sciences","1","Article","4","final","4","Applied Geochemistry","1","Canada","3","University of Waterloo","2","Environment Canada","1","Canada","4","Journals","4","English","4"
,,"2011","1","Couillard, Y.","1","Environmental Science","4",,,,,"Environmental Monitoring And Assessment","1","Article","2","Cree Nation of Ouje-Bougoumou","1","Social Sciences and Humanities Research Council of Canada","1",,,,,,
,,"2008","1","Doyle, P.","1","Pharmacology, Toxicology and Pharmaceutics","1",,,,,"Environmental Pollution","1","Contamination","2","Environment Canada","1","University of Toronto","1",,,,,,
,,"2007","1","Ghaleb, B.","1",,,,,,,"Regional Environmental Change","1","Environmental Exposure","2","University of Toronto","1","Undefined","2",,,,,,
,,,,"Gough, W.A.","1",,,,,,,,,"Geographic Information Systems","2","McMaster University, Faculty of Health Sciences","1",,,,,,,,
,,,,"Grapentine, L.C.","1",,,,,,,,,"James Bay","2","Université du Québec à Montréal","1",,,,,,,,
,,,,"Lucotte, M.","1",,,,,,,,,"Land Use","2","McMaster University","1",,,,,,,,
,,,,"Manson, H.","1",,,,,,,,,"Mining","2",,,,,,,,,,
,,,,"Masson, S.","1",,,,,,,,,"North America","2",,,,,,,,,,
,,,,"Moingt, M.","1",,,,,,,,,"Pollution Exposure","2",,,,,,,,,,
,,,,"Paquet, S.","1",,,,,,,,,"Quebec [Canada]","2",,,,,,,,,,
,,,,"Rabbitskin, T.","1",,,,,,,,,"27 Metals","1",,,,,,,,,,
,,,,"Shecapio-Blacksmith, J.","1",,,,,,,,,"Abitibi","1",,,,,,,,,,
,,,,"Tam, B.","1",,,,,,,,,"Aboriginal Issues","1",,,,,,,,,,
,,,,"Tsuji, L.","1",,,,,,,,,"Amphipod","1",,,,,,,,,,
,,,,"Tsuji, L.J.S.","1",,,,,,,,,"Amphipoda","1",,,,,,,,,,
,,,,"Vanspronsen, E.P.","1",,,,,,,,,"Animals","1",,,,,,,,,,
,,,,"Wainman, B.C.","1",,,,,,,,,"Anthropogenic Activity","1",,,,,,,,,,
,,,,,,,,,,,,,,"Antimony","1",,,,,,,,,,
,,,,,,,,,,,,,,"Arsenic","1",,,,,,,,,,
,,,,,,,,,,,,,,"Aves","1",,,,,,,,,,
,,,,,,,,,,,,,,"BCF","1",,,,,,,,,,
,,,,,,,,,,,,,,"Bacteria (microorganisms)","1",,,,,,,,,,
,,,,,,,,,,,,,,"Bioaccumulation","1",,,,,,,,,,
,,,,,,,,,,,,,,"Biochemistry","1",,,,,,,,,,
,,,,,,,,,,,,,,"Biogeochemistry","1",,,,,,,,,,
,,,,,,,,,,,,,,"Biological Monitoring","1",,,,,,,,,,
,,,,,,,,,,,,,,"Biomarker","1",,,,,,,,,,
,,,,,,,,,,,,,,"Biomonitor","1",,,,,,,,,,
,,,,,,,,,,,,,,"Biomonitoring","1",,,,,,,,,,
,,,,,,,,,,,,,,"Bird","1",,,,,,,,,,
,,,,,,,,,,,,,,"Boreal Lakes","1",,,,,,,,,,
,,,,,,,,,,,,,,"Castor Canadensis","1",,,,,,,,,,
,,,,,,,,,,,,,,"Chromium","1",,,,,,,,,,
,,,,,,,,,,,,,,"Climate Change","1",,,,,,,,,,
,,,,,,,,,,,,,,"Climate Model","1",,,,,,,,,,
,,,,,,,,,,,,,,"Conservation Of Natural Resources","1",,,,,,,,,,
,,,,,,,,,,,,,,"Copper","1",,,,,,,,,,
,,,,,,,,,,,,,,"Ecology","1",,,,,,,,,,
,,,,,,,,,,,,,,"Environmental Health","1",,,,,,,,,,
,,,,,,,,,,,,,,"Environmental Impact Assessments","1",,,,,,,,,,
,,,,,,,,,,,,,,"Environmental Monitoring","1",,,,,,,,,,
,,,,,,,,,,,,,,"Field Method","1",,,,,,,,,,
,,,,,,,,,,,,,,"First Nations","1",,,,,,,,,,
,,,,,,,,,,,,,,"Fish","1",,,,,,,,,,
,,,,,,,,,,,,,,"Fish Disease","1",,,,,,,,,,
,,,,,,,,,,,,,,"Food Security","1",,,,,,,,,,
,,,,,,,,,,,,,,"Furunculosis","1",,,,,,,,,,
,,,,,,,,,,,,,,"GIS","1",,,,,,,,,,
,,,,,,,,,,,,,,"Geographic Information System","1",,,,,,,,,,
,,,,,,,,,,,,,,"Heavy Metal","1",,,,,,,,,,
,,,,,,,,,,,,,,"Household","1",,,,,,,,,,
,,,,,,,,,,,,,,"Human Activity","1",,,,,,,,,,
,,,,,,,,,,,,,,"Humans","1",,,,,,,,,,
,,,,,,,,,,,,,,"Hyalella Azteca","1",,,,,,,,,,
,,,,,,,,,,,,,,"Impurities","1",,,,,,,,,,
,,,,,,,,,,,,,,"Lake Ecosystem","1",,,,,,,,,,
,,,,,,,,,,,,,,"Lake Model","1",,,,,,,,,,
,,,,,,,,,,,,,,"Lake Pollution","1",,,,,,,,,,
,,,,,,,,,,,,,,"Lakes","1",,,,,,,,,,
,,,,,,,,,,,,,,"Land Use Change","1",,,,,,,,,,
,,,,,,,,,,,,,,"Lanthanum","1",,,,,,,,,,
,,,,,,,,,,,,,,"Large Lakes","1",,,,,,,,,,
,,,,,,,,,,,,,,"Large-scale Watersheds","1",,,,,,,,,,
,,,,,,,,,,,,,,"Lignin","1",,,,,,,,,,
,,,,,,,,,,,,,,"Mammal","1",,,,,,,,,,
,,,,,,,,,,,,,,"Mammalia","1",,,,,,,,,,
,,,,,,,,,,,,,,"Manganese","1",,,,,,,,,,
,,,,,,,,,,,,,,"Manganese Compounds","1",,,,,,,,,,
,,,,,,,,,,,,,,"Mercury (element)","1",,,,,,,,,,
,,,,,,,,,,,,,,"Mercury (metal)","1",,,,,,,,,,
,,,,,,,,,,,,,,"Metal","1",,,,,,,,,,
,,,,,,,,,,,,,,"Metals","1",,,,,,,,,,
,,,,,,,,,,,,,,"Metals, Heavy","1",,,,,,,,,,
,,,,,,,,,,,,,,"Mine Waste","1",,,,,,,,,,
,,,,,,,,,,,,,,"Mining Activities","1",,,,,,,,,,
,,,,,,,,,,,,,,"Mining Activity","1",,,,,,,,,,
,,,,,,,,,,,,,,"Mining Areas","1",,,,,,,,,,
,,,,,,,,,,,,,,"Nickel","1",,,,,,,,,,
,,,,,,,,,,,,,,"Nickel Alloys","1",,,,,,,,,,
,,,,,,,,,,,,,,"Nonhuman","1",,,,,,,,,,
,,,,,,,,,,,,,,"Organic Matter","1",,,,,,,,,,
,,,,,,,,,,,,,,"Physical Chemistry","1",,,,,,,,,,
,,,,,,,,,,,,,,"Pollution Monitoring","1",,,,,,,,,,
,,,,,,,,,,,,,,"Population Groups","1",,,,,,,,,,
,,,,,,,,,,,,,,"Quebec","1",,,,,,,,,,
,,,,,,,,,,,,,,"Risk Assessment","1",,,,,,,,,,
,,,,,,,,,,,,,,"River Pollution","1",,,,,,,,,,
,,,,,,,,,,,,,,"Rivers","1",,,,,,,,,,
,,,,,,,,,,,,,,"Se","1",,,,,,,,,,
,,,,,,,,,,,,,,"Sediment Core","1",,,,,,,,,,
,,,,,,,,,,,,,,"Sedimentation","1",,,,,,,,,,
,,,,,,,,,,,,,,"Selenium","1",,,,,,,,,,
,,,,,,,,,,,,,,"Terrestrial Organic Matter","1",,,,,,,,,,
,,,,,,,,,,,,,,"Thallium","1",,,,,,,,,,
,,,,,,,,,,,,,,"Total Mercuries","1",,,,,,,,,,
,,,,,,,,,,,,,,"Toxic Material","1",,,,,,,,,,
,,,,,,,,,,,,,,"Toxic Materials","1",,,,,,,,,,
,,,,,,,,,,,,,,"Toxic Metals","1",,,,,,,,,,
,,,,,,,,,,,,,,"Toxicity","1",,,,,,,,,,
,,,,,,,,,,,,,,"Toxicity Tests, Chronic","1",,,,,,,,,,
,,,,,,,,,,,,,,"Traditional Environmental Knowledge","1",,,,,,,,,,
,,,,,,,,,,,,,,"Uranium","1",,,,,,,,,,
,,,,,,,,,,,,,,"Vanadium","1",,,,,,,,,,
,,,,,,,,,,,,,,"Water Chemistry","1",,,,,,,,,,
,,,,,,,,,,,,,,"Water Contamination","1",,,,,,,,,,
,,,,,,,,,,,,,,"Water Pollutants, Chemical","1",,,,,,,,,,
,,,,,,,,,,,,,,"Watershed","1",,,,,,,,,,
,,,,,,,,,,,,,,"Watersheds","1",,,,,,,,,,
,,,,,,,,,,,,,,"Zinc","1",,,,,,,,,,
,,,,,,,,,,,,,,,,,,,,,,,,,
,,,,,,,,,,,,,,,,,,,,,,,,,
,,,,,,,,,,,,,,,,,,,,,,,,,
,,,,,,,,,,,,,,,,,,,,,,,,,
,,,,,,,,,,,,,,,,,,,,,,,,,
,,,,,,,,,,,,,,,,,,,,,,,,,
,,,,,,,,,,,,,,,,,,,,,,,,,
,,,,,,,,,,,,,,,,,,,,,,,,,
,,,,,,,,,,,,,,,,,,,,,,,,,
,,,,,,,,,,,,,,,,,,,,,,,,,
,,,,,,,,,,,,,,,,,,,,,,,,,
,,,,,,,,,,,,,,,,,,,,,,,,,
,,,,,,,,,,,,,,,,,,,,,,,,,
,,,,,,,,,,,,,,,,,,,,,,,,,
,,,,,,,,,,,,,,,,,,,,,,,,,
,,,,,,,,,,,,,,,,,,,,,,,,,
,,,,,,,,,,,,,,,,,,,,,,,,,
,,,,,,,,,,,,,,,,,,,,,,,,,
,,,,,,,,,,,,,,,,,,,,,,,,,
,,,,,,,,,,,,,,,,,,,,,,,,,
,,,,,,,,,,,,,,,,,,,,,,,,,
,,,,,,,,,,,,,,,,,,,,,,,,,
,,,,,,,,,,,,,,,,,,,,,,,,,
,,,,,,,,,,,,,,,,,,,,,,,,,
,,,,,,,,,,,,,,,,,,,,,,,,,
,,,,,,,,,,,,,,,,,,,,,,,,,
,,,,,,,,,,,,,,,,,,,,,,,,,
,,,,,,,,,,,,,,,,,,,,,,,,,
,,,,,,,,,,,,,,,,,,,,,,,,,
,,,,,,,,,,,,,,,,,,,,,,,,,
,,,,,,,,,,,,,,,,,,,,,,,,,
,,,,,,,,,,,,,,,,,,,,,,,,,
,,,,,,,,,,,,,,,,,,,,,,,,,
,,,,,,,,,,,,,,,,,,,,,,,,,
,,,,,,,,,,,,,,,,,,,,,,,,,
,,,,,,,,,,,,,,,,,,,,,,,,,
,,,,,,,,,,,,,,,,,,,,,,,,,
,,,,,,,,,,,,,,,,,,,,,,,,,
,,,,,,,,,,,,,,,,,,,,,,,,,
,,,,,,,,,,,,,,,,,,,,,,,,,
,,,,,,,,,,,,,,,,,,,,,,,,,
,,,,,,,,,,,,,,,,,,,,,,,,,
,,,,,,,,,,,,,,,,,,,,,,,,,
,,,,,,,,,,,,,,,,,,,,,,,,,
,,,,,,,,,,,,,,,,,,,,,,,,,
,,,,,,,,,,,,,,,,,,,,,,,,,
,,,,,,,,,,,,,,,,,,,,,,,,,
,,,,,,,,,,,,,,,,,,,,,,,,,
,,,,,,,,,,,,,,,,,,,,,,,,,
,,,,,,,,,,,,,,,,,,,,,,,,,
