﻿Scopus refine results values

"Your query : ((TITLE-ABS-KEY((Boreal OR {James Bay} OR James-Bay OR {Clay Belt} OR {canadian shield}) AND Quebec) AND PUBYEAR > 1999 AND PUBYEAR < 2020) AND (TITLE-ABS-KEY(Mine OR Mining) AND PUBYEAR > 1999 AND PUBYEAR < 2020) AND (TITLE-ABS-KEY(Mining AND (Metal OR mineral OR Ore)) AND PUBYEAR > 1999 AND PUBYEAR < 2020))"


Number of results : 14

"ACCESS TYPE",,"YEAR",,"AUTHOR NAME",,"SUBJECT AREA",,"DOCUMENT TYPE",,"PUBLICATION STAGE",,"SOURCE TITLE",,"KEYWORD",,"AFFILIATION",,"FUNDING SPONSOR",,"COUNTRY",,"SOURCE TYPE",,"LANGUAGE",
"Other","14","2017","1","Dubé, B.","2","Earth and Planetary Sciences","12","Article","12","final","14","Canadian Mining Journal","3","Canada","11","Geological Survey of Canada","2","Canadian Institute of Mining, Metallurgy and Petroleum","1","Canada","9","Journals","10","English","14"
,,"2016","1","Gosselin, G.","2","Engineering","3","Review","1",,,"Economic Geology","3","North America","8","Université du Québec à Chicoutimi","2","Environment Canada","1","Belgium","1","Trade Publications","4","French","1"
,,"2014","1","Hannington, M.D.","2","Environmental Science","3","Short Survey","1",,,"Applied Geochemistry","1","Canadian Shield","6","Université du Québec à Montréal","2","Fondation de lâUniversitÃ© du QuÃ©bec en Abitibi-TÃ©miscamingue","1","Undefined","5",,,,
,,"2012","1","Mercier-Langevin, P.","2","Materials Science","1",,,,,"CIM Magazine","1","Quebec [Canada]","6","University of Ottawa, Canada","2","MinistÃ¨re des Ressources Naturelles et de la Faune","1",,,,,,
,,"2008","2","Benzaazoua, M.","1","Pharmacology, Toxicology and Pharmaceutics","1",,,,,"Chemical Geology","1","Superior Province","6","Ministère de l‘Energie et des Ressources naturelles du Québec","2","Natural Sciences and Engineering Research Council of Canada","1",,,,,,
,,"2007","4","Berclaz, A.","1",,,,,,,"Environmental Monitoring And Assessment","1","Abitibi Belt","5","Institut National de la Recherche Scientifique","2","UniversitÃ© du QuÃ©bec Ã  Chicoutimi","1",,,,,,
,,"2006","2","Bondu, R.","1",,,,,,,"Environmental Pollution","1","Mineralization","5","Agnico-Eagle Mines Limited","2","Undefined","11",,,,,,
,,"2004","1","Borgmann, U.","1",,,,,,,"Exploration And Mining Geology","1","Abitibi","4","Bureau 3.50","1",,,,,,,,
,,"2000","1","Bouzahzah, H.","1",,,,,,,"Geoscience Canada","1","Gold","4","Bureau 1110","1",,,,,,,,
,,,,"Cloutier, V.","1",,,,,,,"Mineralium Deposita","1","Mineralogy","4","Cree Nation of Ouje-Bougoumou","1",,,,,,,,
,,,,"Couillard, Y.","1",,,,,,,,,"Geochemistry","3","Bureau 102","1",,,,,,,,
,,,,"Daigneault, R.","1",,,,,,,,,"Geographic Information Systems","3","Mines Virginia Inc.","1",,,,,,,,
,,,,"David, J.","1",,,,,,,,,"James Bay","3","Consortium de Recherche en Exploration Minérale CONSOREM","1",,,,,,,,
,,,,"Davis, D.W.","1",,,,,,,,,"Massive Sulfide","3","Environment Canada","1",,,,,,,,
,,,,"Doyle, P.","1",,,,,,,,,"Mining","3","Universite de Liege","1",,,,,,,,
,,,,"Gaboury, D.","1",,,,,,,,,"Volcanic Rocks","3","Universite du Quebec en Abitibi-Temiscamingue","1",,,,,,,,
,,,,"Ghaleb, B.","1",,,,,,,,,"Volcanogenic Deposit","3","University of Waterloo","1",,,,,,,,
,,,,"Gosselin, C.","1",,,,,,,,,"Arsenic","2","University of Toronto","1",,,,,,,,
,,,,"Grapentine, L.C.","1",,,,,,,,,"Article","2","McMaster University, Faculty of Health Sciences","1",,,,,,,,
,,,,"Heffernan, V.","1",,,,,,,,,"Budget Control","2","INRS- Centre Eau, Terre &amp; Environnement","1",,,,,,,,
,,,,"Labbé, J.Y.","1",,,,,,,,,"Contamination","2","McMaster University","1",,,,,,,,
,,,,"Lacoste, P.","1",,,,,,,,,"Environmental Exposure","2","Cogitore Resources Inc.","1",,,,,,,,
,,,,"Lafrance, B.","1",,,,,,,,,"Felsic Rock","2",,,,,,,,,,
,,,,"Leclair, A.","1",,,,,,,,,"Gold Mine","2",,,,,,,,,,
,,,,"Legault, M.","1",,,,,,,,,"Greenstone Belt","2",,,,,,,,,,
,,,,"Lucotte, M.","1",,,,,,,,,"Greenstone Belts","2",,,,,,,,,,
,,,,"Madore, L.","1",,,,,,,,,"Land Use","2",,,,,,,,,,
,,,,"Manson, H.","1",,,,,,,,,"Lithology","2",,,,,,,,,,
,,,,"Masson, S.","1",,,,,,,,,"Manganese","2",,,,,,,,,,
,,,,"Maurice, C.","1",,,,,,,,,"Pollution Exposure","2",,,,,,,,,,
,,,,"Moingt, M.","1",,,,,,,,,"Rare Earth Element","2",,,,,,,,,,
,,,,"Paquet, S.","1",,,,,,,,,"Risk Assessment","2",,,,,,,,,,
,,,,"Pearson, V.","1",,,,,,,,,"Sulfide Minerals","2",,,,,,,,,,
,,,,"Rabbitskin, T.","1",,,,,,,,,"Zinc","2",,,,,,,,,,
,,,,"Richer-Laflèche, M.","1",,,,,,,,,"27 Metals","1",,,,,,,,,,
,,,,"Rosa, E.","1",,,,,,,,,"Abitibi-Temiscamingue","1",,,,,,,,,,
,,,,"Roy, P.","1",,,,,,,,,"Access Roads","1",,,,,,,,,,
,,,,"Scales, M.","1",,,,,,,,,"Alkalinity","1",,,,,,,,,,
,,,,"Sharma, K.N.M.","1",,,,,,,,,"Amphipod","1",,,,,,,,,,
,,,,"Shecapio-Blacksmith, J.","1",,,,,,,,,"Amphipoda","1",,,,,,,,,,
,,,,"Simard, M.","1",,,,,,,,,"Analytical Geochemistry","1",,,,,,,,,,
,,,,"Taner, M.F.","1",,,,,,,,,"Animals","1",,,,,,,,,,
,,,,"Tsuji, L.J.S.","1",,,,,,,,,"Anthropogenic Activity","1",,,,,,,,,,
,,,,"Vanspronsen, E.P.","1",,,,,,,,,"Antimony","1",,,,,,,,,,
,,,,"Wainman, B.C.","1",,,,,,,,,"Aquifer","1",,,,,,,,,,
,,,,"Werniuk, J.","1",,,,,,,,,"Aquifers","1",,,,,,,,,,
,,,,"Undefined","1",,,,,,,,,"Archean","1",,,,,,,,,,
,,,,,,,,,,,,,,"Arsenic Compounds","1",,,,,,,,,,
,,,,,,,,,,,,,,"Arsenic Mineralogy","1",,,,,,,,,,
,,,,,,,,,,,,,,"Aves","1",,,,,,,,,,
,,,,,,,,,,,,,,"BCF","1",,,,,,,,,,
,,,,,,,,,,,,,,"Backarc Basin","1",,,,,,,,,,
,,,,,,,,,,,,,,"Bedrock","1",,,,,,,,,,
,,,,,,,,,,,,,,"Bedrock Aquifers","1",,,,,,,,,,
,,,,,,,,,,,,,,"Binary Alloys","1",,,,,,,,,,
,,,,,,,,,,,,,,"Bioaccumulation","1",,,,,,,,,,
,,,,,,,,,,,,,,"Biochemistry","1",,,,,,,,,,
,,,,,,,,,,,,,,"Biogeochemistry","1",,,,,,,,,,
,,,,,,,,,,,,,,"Biological Monitoring","1",,,,,,,,,,
,,,,,,,,,,,,,,"Biomarker","1",,,,,,,,,,
,,,,,,,,,,,,,,"Biomonitor","1",,,,,,,,,,
,,,,,,,,,,,,,,"Biomonitoring","1",,,,,,,,,,
,,,,,,,,,,,,,,"Bird","1",,,,,,,,,,
,,,,,,,,,,,,,,"Boreal Lakes","1",,,,,,,,,,
,,,,,,,,,,,,,,"Boreholes","1",,,,,,,,,,
,,,,,,,,,,,,,,"Castor Canadensis","1",,,,,,,,,,
,,,,,,,,,,,,,,"Chemical Analysis","1",,,,,,,,,,
,,,,,,,,,,,,,,"Chibougamau","1",,,,,,,,,,
,,,,,,,,,,,,,,"Chromium","1",,,,,,,,,,
,,,,,,,,,,,,,,"Concentration (composition)","1",,,,,,,,,,
,,,,,,,,,,,,,,"Conservation Of Natural Resources","1",,,,,,,,,,
,,,,,,,,,,,,,,"Copper","1",,,,,,,,,,
,,,,,,,,,,,,,,"Core Samples","1",,,,,,,,,,
,,,,,,,,,,,,,,"Data Reduction","1",,,,,,,,,,
,,,,,,,,,,,,,,"Database Systems","1",,,,,,,,,,
,,,,,,,,,,,,,,"Deformation","1",,,,,,,,,,
,,,,,,,,,,,,,,"Diapirism","1",,,,,,,,,,
,,,,,,,,,,,,,,"Dissolution","1",,,,,,,,,,
,,,,,,,,,,,,,,"Diversification","1",,,,,,,,,,
,,,,,,,,,,,,,,"Domes","1",,,,,,,,,,
,,,,,,,,,,,,,,"Drilling","1",,,,,,,,,,
,,,,,,,,,,,,,,"Ecology","1",,,,,,,,,,
,,,,,,,,,,,,,,"Electrical Power Supply","1",,,,,,,,,,
,,,,,,,,,,,,,,"Emplacement","1",,,,,,,,,,
,,,,,,,,,,,,,,"Environmental Health","1",,,,,,,,,,
,,,,,,,,,,,,,,"Environmental Impact Assessments","1",,,,,,,,,,
,,,,,,,,,,,,,,"Environmental Monitoring","1",,,,,,,,,,
,,,,,,,,,,,,,,"Experimental Study","1",,,,,,,,,,
,,,,,,,,,,,,,,"Exploratory Boreholes","1",,,,,,,,,,
,,,,,,,,,,,,,,"Feldspar","1",,,,,,,,,,
,,,,,,,,,,,,,,"Field Method","1",,,,,,,,,,
,,,,,,,,,,,,,,"First Nations","1",,,,,,,,,,
,,,,,,,,,,,,,,"Fish","1",,,,,,,,,,
,,,,,,,,,,,,,,"Footwall","1",,,,,,,,,,
,,,,,,,,,,,,,,"GIS","1",,,,,,,,,,
,,,,,,,,,,,,,,"Geochemical Signatures","1",,,,,,,,,,
,,,,,,,,,,,,,,"Geochemical Survey","1",,,,,,,,,,
,,,,,,,,,,,,,,"Geochemical Surveys","1",,,,,,,,,,
,,,,,,,,,,,,,,"Geochronology","1",,,,,,,,,,
,,,,,,,,,,,,,,"Geodynamics","1",,,,,,,,,,
,,,,,,,,,,,,,,"Geogenic Arsenic","1",,,,,,,,,,
,,,,,,,,,,,,,,"Geogenic Arsenics","1",,,,,,,,,,
,,,,,,,,,,,,,,"Geographic Information System","1",,,,,,,,,,
,,,,,,,,,,,,,,"Geological Mapping","1",,,,,,,,,,
,,,,,,,,,,,,,,"Geological Surveys","1",,,,,,,,,,
,,,,,,,,,,,,,,"Geology","1",,,,,,,,,,
,,,,,,,,,,,,,,"Gold Deposits","1",,,,,,,,,,
,,,,,,,,,,,,,,"Gold Mines","1",,,,,,,,,,
,,,,,,,,,,,,,,"Government","1",,,,,,,,,,
,,,,,,,,,,,,,,"Granite","1",,,,,,,,,,
,,,,,,,,,,,,,,"Groundwater","1",,,,,,,,,,
,,,,,,,,,,,,,,"Groundwater Resources","1",,,,,,,,,,
,,,,,,,,,,,,,,"Hanging Wall","1",,,,,,,,,,
,,,,,,,,,,,,,,"Heavy Metal","1",,,,,,,,,,
,,,,,,,,,,,,,,"High Potentials","1",,,,,,,,,,
,,,,,,,,,,,,,,"High Temperatures","1",,,,,,,,,,
,,,,,,,,,,,,,,"Household","1",,,,,,,,,,
,,,,,,,,,,,,,,"Human Activity","1",,,,,,,,,,
,,,,,,,,,,,,,,"Humans","1",,,,,,,,,,
,,,,,,,,,,,,,,"Hyalella Azteca","1",,,,,,,,,,
,,,,,,,,,,,,,,"Hydrochemistry","1",,,,,,,,,,
,,,,,,,,,,,,,,"Hydrogeochemistry","1",,,,,,,,,,
,,,,,,,,,,,,,,"Hydrogeology","1",,,,,,,,,,
,,,,,,,,,,,,,,"Hydrothermal Alteration","1",,,,,,,,,,
,,,,,,,,,,,,,,"Hydrothermal Deposit","1",,,,,,,,,,
,,,,,,,,,,,,,,"Hydrothermal Fluid","1",,,,,,,,,,
,,,,,,,,,,,,,,"Impurities","1",,,,,,,,,,
,,,,,,,,,,,,,,"Industrial Economics","1",,,,,,,,,,
,,,,,,,,,,,,,,"Iron Alloys","1",,,,,,,,,,
,,,,,,,,,,,,,,"Iron Compounds","1",,,,,,,,,,
,,,,,,,,,,,,,,"Island Arc","1",,,,,,,,,,
,,,,,,,,,,,,,,"James Bay Region","1",,,,,,,,,,
,,,,,,,,,,,,,,"Lacustrine Deposit","1",,,,,,,,,,
,,,,,,,,,,,,,,"Lake Ecosystem","1",,,,,,,,,,
,,,,,,,,,,,,,,"Lake Pollution","1",,,,,,,,,,
,,,,,,,,,,,,,,"Lakes","1",,,,,,,,,,
,,,,,,,,,,,,,,"Land Use Change","1",,,,,,,,,,
,,,,,,,,,,,,,,"Lanthanum","1",,,,,,,,,,
,,,,,,,,,,,,,,"Large Lakes","1",,,,,,,,,,
,,,,,,,,,,,,,,"Large-scale Watersheds","1",,,,,,,,,,
,,,,,,,,,,,,,,"Laws And Legislation","1",,,,,,,,,,
,,,,,,,,,,,,,,"Leaching","1",,,,,,,,,,
,,,,,,,,,,,,,,"Leaching Experiments","1",,,,,,,,,,
,,,,,,,,,,,,,,"Lignin","1",,,,,,,,,,
,,,,,,,,,,,,,,"Lithogeochemistry","1",,,,,,,,,,
,,,,,,,,,,,,,,"Mafic Rock","1",,,,,,,,,,
,,,,,,,,,,,,,,"Major And Trace Elements","1",,,,,,,,,,
,,,,,,,,,,,,,,"Mammal","1",,,,,,,,,,
,,,,,,,,,,,,,,"Mammalia","1",,,,,,,,,,
,,,,,,,,,,,,,,"Manganese Alloys","1",,,,,,,,,,
,,,,,,,,,,,,,,"Manganese Compounds","1",,,,,,,,,,
,,,,,,,,,,,,,,"Mapping","1",,,,,,,,,,
,,,,,,,,,,,,,,"Mercury (element)","1",,,,,,,,,,
,,,,,,,,,,,,,,"Mercury (metal)","1",,,,,,,,,,
,,,,,,,,,,,,,,"Mergers And Acquisitions","1",,,,,,,,,,
,,,,,,,,,,,,,,"Metal","1",,,,,,,,,,
,,,,,,,,,,,,,,"Metallogenesis","1",,,,,,,,,,
,,,,,,,,,,,,,,"Metallogenic Synthesis","1",,,,,,,,,,
,,,,,,,,,,,,,,"Metals","1",,,,,,,,,,
,,,,,,,,,,,,,,"Metals, Heavy","1",,,,,,,,,,
