﻿Scopus refine results values

"Your query : ((TITLE-ABS-KEY((Boreal OR {James Bay} OR James-Bay OR {Clay Belt} OR {canadian shield}) AND (Canada OR Quebec OR Ontario OR newfoundland OR Alberta OR British-Columbia) ) AND PUBYEAR > 1999 AND PUBYEAR < 2020) AND (TITLE-ABS-KEY(Forestry OR {Forest management} OR {Forest practices}) AND PUBYEAR > 1999 AND PUBYEAR < 2020) AND (TITLE-ABS-KEY(Mining AND (Metal OR mineral OR Ore)) AND PUBYEAR > 1999 AND PUBYEAR < 2020))"


Number of results : 22

"ACCESS TYPE",,"YEAR",,"AUTHOR NAME",,"SUBJECT AREA",,"DOCUMENT TYPE",,"PUBLICATION STAGE",,"SOURCE TITLE",,"KEYWORD",,"AFFILIATION",,"FUNDING SPONSOR",,"COUNTRY",,"SOURCE TYPE",,"LANGUAGE",
"Open Access","3","2019","3","Pinno, B.D.","4","Agricultural and Biological Sciences","12","Article","18","final","22","Canadian Journal Of Forest Research","3","Forestry","21","University of Alberta","10","Canadian Natural Resources Limited","4","Canada","22","Journals","21","English","22"
"Other","19","2018","6","Quideau, S.A.","3","Earth and Planetary Sciences","1","Review","3",,,"Environmental Reviews","2","Canada","16","Canadian Forest Service","4","Natural Sciences and Engineering Research Council of Canada","4","Nigeria","1","Books","1",,
,,"2017","1","Chang, S.X.","2","Environmental Science","15","Book Chapter","1",,,"Forest Ecology And Management","2","Soils","16","The University of British Columbia","2","Canada Research Chairs","1",,,,,,
,,"2016","2","Grayston, S.J.","2","Immunology and Microbiology","1",,,,,"Journal Of Environmental Quality","2","Oil Sands","14","Western University","2","Research and Development","1",,,,,,
,,"2015","2","Kwak, J.H.","2","Social Sciences","1",,,,,"New Forests","2","Boreal Forest","13","University of Saskatchewan","2","Suncor Energy Incorporated","1",,,,,,
,,"2013","1","Naeth, M.A.","2",,,,,,,"Beyond The Global City Understanding And Planning For The Diversity Of Ontario","1","Mining","10","Natural Resources Canada","2","Western University","1",,,,,,
,,"2012","2","Prescott, C.E.","2",,,,,,,"Ecohydrology","1","Reclamation","10","Northern Forestry Centre","2","Undefined","12",,,,,,
,,"2010","1","Aherne, J.","1",,,,,,,"Ecological Processes","1","Alberta","8","Royal Alberta Museum","1",,,,,,,,
,,"2009","2","Anderson, J.","1",,,,,,,"Environmental Toxicology And Chemistry","1","Ecosystems","8","Mount Royal University","1",,,,,,,,
,,"2007","1","Beall, F.","1",,,,,,,"Forestry Chronicle","1","Floors","8","Obafemi Awolowo University","1",,,,,,,,
,,"2006","1","Beall, F.D.","1",,,,,,,"Forests","1","Land Reclamation","8","University of Northern British Columbia","1",,,,,,,,
,,,,"Biryukova, O.","1",,,,,,,"Hydrological Processes","1","Forest Floor","7","University of Waterloo","1",,,,,,,,
,,,,"Blais, J.M.","1",,,,,,,"Science Of The Total Environment","1","Peat","7","Carleton University","1",,,,,,,,
,,,,"Bois, C.H.","1",,,,,,,"Soil Biology And Biochemistry","1","Soil","7","Lakehead University","1",,,,,,,,
,,,,"Buss, J.","1",,,,,,,"Soil Science Society Of America Journal","1","Deciduous Tree","6","University of Ottawa, Canada","1",,,,,,,,
,,,,"Carey, S.K.","1",,,,,,,"Water Air And Soil Pollution","1","Forest Floors","6","Trent University","1",,,,,,,,
,,,,"Chen, N.","1",,,,,,,,,"Minerals","6","McMaster University","1",,,,,,,,
,,,,"Creed, I.","1",,,,,,,,,"Oil Sand","6","Université Laval","1",,,,,,,,
,,,,"Creed, I.F.","1",,,,,,,,,"Populus Tremuloides","6","Government of the Northwest Territories","1",,,,,,,,
,,,,"Das Gupta, S.","1",,,,,,,,,"Article","5","Ministry of Forests and Range","1",,,,,,,,
,,,,"Debortoli, L.A.","1",,,,,,,,,"Athabasca Oil Sands","5","McMaster University, Faculty of Science","1",,,,,,,,
,,,,"Dimitriu, P.A.","1",,,,,,,,,"Biomass","5",,,,,,,,,,
,,,,"Eickmeyer, D.C.","1",,,,,,,,,"Forest Soil","5",,,,,,,,,,
,,,,"Farrell, R.E.","1",,,,,,,,,"Nitrogen","5",,,,,,,,,,
,,,,"Feng, R.","1",,,,,,,,,"Boreal Forest Ecosystems","4",,,,,,,,,,
,,,,"Foote, L.","1",,,,,,,,,"Boreal Forests","4",,,,,,,,,,
,,,,"Fredeen, A.L.","1",,,,,,,,,"Ecology","4",,,,,,,,,,
,,,,"Gingras-Hill, T.","1",,,,,,,,,"Microbial Activity","4",,,,,,,,,,
,,,,"Hamilton, J.G.","1",,,,,,,,,"North America","4",,,,,,,,,,
,,,,"Humphreys, E.R.","1",,,,,,,,,"Picea Glauca","4",,,,,,,,,,
,,,,"Janzen, D.T.","1",,,,,,,,,"Poaceae","4",,,,,,,,,,
,,,,"Johnston, M.E.","1",,,,,,,,,"Soil Pollution","4",,,,,,,,,,
,,,,"Kimpe, L.E.","1",,,,,,,,,"Taiga","4",,,,,,,,,,
,,,,"Korosi, J.B.","1",,,,,,,,,"Animals","3",,,,,,,,,,
,,,,"Kranabetter, J.M.","1",,,,,,,,,"Carbon","3",,,,,,,,,,
,,,,"Kreutzweiser, D.","1",,,,,,,,,"Climate Change","3",,,,,,,,,,
,,,,"Kreutzweiser, D.P.","1",,,,,,,,,"Community Composition","3",,,,,,,,,,
,,,,"Krogman, N.","1",,,,,,,,,"Coniferous Tree","3",,,,,,,,,,
,,,,"Laxton, D.L.","1",,,,,,,,,"Controlled Study","3",,,,,,,,,,
,,,,"Li, E.H.Y.","1",,,,,,,,,"Environmental Monitoring","3",,,,,,,,,,
,,,,"Lumley, L.M.","1",,,,,,,,,"Forests","3",,,,,,,,,,
,,,,"MacKenzie, M.D.","1",,,,,,,,,"Land Use","3",,,,,,,,,,
,,,,"Mackenzie, M.D.","1",,,,,,,,,"Mineralization","3",,,,,,,,,,
,,,,"Macrae, M.L.","1",,,,,,,,,"Moisture","3",,,,,,,,,,
,,,,"McAdams, B.N.","1",,,,,,,,,"Nonhuman","3",,,,,,,,,,
,,,,"McMillan, R.","1",,,,,,,,,"Nutrients","3",,,,,,,,,,
,,,,"Nwaishi, F.C.","1",,,,,,,,,"Oil Fields","3",,,,,,,,,,
,,,,"Omari, K.","1",,,,,,,,,"Picea","3",,,,,,,,,,
,,,,"Owojori, O.J.","1",,,,,,,,,"Revegetation","3",,,,,,,,,,
,,,,"Palmer, M.J.","1",,,,,,,,,"Sand","3",,,,,,,,,,
,,,,"Payne, R.J.","1",,,,,,,,,"Silicate Minerals","3",,,,,,,,,,
,,,,"Peak, D.","1",,,,,,,,,"Soil Conservation","3",,,,,,,,,,
,,,,"Petrone, R.M.","1",,,,,,,,,"Vegetation","3",,,,,,,,,,
,,,,"Price, J.S.","1",,,,,,,,,"Vegetation Cover","3",,,,,,,,,,
,,,,"Reid, J.","1",,,,,,,,,"Acari","2",,,,,,,,,,
,,,,"Sanborn, P.T.","1",,,,,,,,,"Adsorption","2",,,,,,,,,,
,,,,"Siciliano, S.D.","1",,,,,,,,,"Anthropogenic Activity","2",,,,,,,,,,
,,,,"Stratechuk, K.","1",,,,,,,,,"Athabasca Oil Sands Region","2",,,,,,,,,,
,,,,"Strilesky, S.L.","1",,,,,,,,,"Biodiversity","2",,,,,,,,,,
,,,,"Swallow, M.J.B.","1",,,,,,,,,"Biogeochemistry","2",,,,,,,,,,
,,,,"Thienpont, J.R.","1",,,,,,,,,"Boreal","2",,,,,,,,,,
,,,,"Thiffault, E.","1",,,,,,,,,"British Columbia","2",,,,,,,,,,
,,,,"Thompson, D.","1",,,,,,,,,"Carbon Sequestration","2",,,,,,,,,,
,,,,"Tremblay, P.Y.","1",,,,,,,,,"Chemical Composition","2",,,,,,,,,,
,,,,"Watmough, S.A.","1",,,,,,,,,"Chemistry","2",,,,,,,,,,
,,,,"Webster, K.","1",,,,,,,,,"Chronosequence","2",,,,,,,,,,
,,,,"Webster, K.L.","1",,,,,,,,,"Concentration (composition)","2",,,,,,,,,,
,,,,,,,,,,,,,,"Conservation","2",,,,,,,,,,
,,,,,,,,,,,,,,"Debris","2",,,,,,,,,,
,,,,,,,,,,,,,,"Deposition","2",,,,,,,,,,
,,,,,,,,,,,,,,"Ecological Sites","2",,,,,,,,,,
,,,,,,,,,,,,,,"Enzyme Activity","2",,,,,,,,,,
,,,,,,,,,,,,,,"Enzymes","2",,,,,,,,,,
,,,,,,,,,,,,,,"Fiber Debris","2",,,,,,,,,,
,,,,,,,,,,,,,,"Forest","2",,,,,,,,,,
,,,,,,,,,,,,,,"Forest Management","2",,,,,,,,,,
,,,,,,,,,,,,,,"Growth","2",,,,,,,,,,
,,,,,,,,,,,,,,"Hydrology","2",,,,,,,,,,
,,,,,,,,,,,,,,"Landscape","2",,,,,,,,,,
,,,,,,,,,,,,,,"Leaching","2",,,,,,,,,,
,,,,,,,,,,,,,,"Metal Recovery","2",,,,,,,,,,
,,,,,,,,,,,,,,"Metals","2",,,,,,,,,,
,,,,,,,,,,,,,,"Microbial Communities","2",,,,,,,,,,
,,,,,,,,,,,,,,"Microbial Community","2",,,,,,,,,,
,,,,,,,,,,,,,,"Mineral Soils","2",,,,,,,,,,
,,,,,,,,,,,,,,"Mite","2",,,,,,,,,,
,,,,,,,,,,,,,,"Natural Resources","2",,,,,,,,,,
,,,,,,,,,,,,,,"Nitrification","2",,,,,,,,,,
,,,,,,,,,,,,,,"Nitrogen Fixation","2",,,,,,,,,,
,,,,,,,,,,,,,,"Nutrient Availability","2",,,,,,,,,,
,,,,,,,,,,,,,,"Oribatida","2",,,,,,,,,,
,,,,,,,,,,,,,,"Peat-mineral Mix","2",,,,,,,,,,
,,,,,,,,,,,,,,"Plant Growth","2",,,,,,,,,,
,,,,,,,,,,,,,,"Pollution","2",,,,,,,,,,
,,,,,,,,,,,,,,"Priority Journal","2",,,,,,,,,,
,,,,,,,,,,,,,,"Productivity","2",,,,,,,,,,
,,,,,,,,,,,,,,"Reclaimed Land","2",,,,,,,,,,
,,,,,,,,,,,,,,"Seed","2",,,,,,,,,,
,,,,,,,,,,,,,,"Silicates","2",,,,,,,,,,
,,,,,,,,,,,,,,"Smelting","2",,,,,,,,,,
,,,,,,,,,,,,,,"Sodium Sulfate","2",,,,,,,,,,
,,,,,,,,,,,,,,"Soil Fauna","2",,,,,,,,,,
,,,,,,,,,,,,,,"Soil Nitrogen","2",,,,,,,,,,
,,,,,,,,,,,,,,"Soil Pollutant","2",,,,,,,,,,
,,,,,,,,,,,,,,"Soil Pollutants","2",,,,,,,,,,
,,,,,,,,,,,,,,"Soil Property","2",,,,,,,,,,
,,,,,,,,,,,,,,"Soil Quality","2",,,,,,,,,,
,,,,,,,,,,,,,,"Species Diversity","2",,,,,,,,,,
,,,,,,,,,,,,,,"Total Ecosystem C","2",,,,,,,,,,
,,,,,,,,,,,,,,"Trees","2",,,,,,,,,,
,,,,,,,,,,,,,,"Trembling Aspen","2",,,,,,,,,,
,,,,,,,,,,,,,,"Tundra","2",,,,,,,,,,
,,,,,,,,,,,,,,"Understory","2",,,,,,,,,,
,,,,,,,,,,,,,,"Understory Plant Communities","2",,,,,,,,,,
,,,,,,,,,,,,,,"Upland Region","2",,,,,,,,,,
,,,,,,,,,,,,,,"Water Pollution","2",,,,,,,,,,
,,,,,,,,,,,,,,"Water Quality","2",,,,,,,,,,
,,,,,,,,,,,,,,"Water Supply","2",,,,,,,,,,
,,,,,,,,,,,,,,"Wetlands","2",,,,,,,,,,
,,,,,,,,,,,,,,"Woody Debris","2",,,,,,,,,,
,,,,,,,,,,,,,,"Zinc","2",,,,,,,,,,
,,,,,,,,,,,,,,"Δ  15","1",,,,,,,,,,
,,,,,,,,,,,,,,"Abandoned Mines","1",,,,,,,,,,
,,,,,,,,,,,,,,"Aboveground Biomass","1",,,,,,,,,,
,,,,,,,,,,,,,,"Abundance Estimation","1",,,,,,,,,,
,,,,,,,,,,,,,,"Acidification","1",,,,,,,,,,
,,,,,,,,,,,,,,"Afforestation","1",,,,,,,,,,
,,,,,,,,,,,,,,"Air Pollutant","1",,,,,,,,,,
,,,,,,,,,,,,,,"Air Pollutants","1",,,,,,,,,,
,,,,,,,,,,,,,,"Air Pollution","1",,,,,,,,,,
,,,,,,,,,,,,,,"Aleza Lake Research Forest","1",,,,,,,,,,
,,,,,,,,,,,,,,"Alnus","1",,,,,,,,,,
,,,,,,,,,,,,,,"Alnus Viridis","1",,,,,,,,,,
,,,,,,,,,,,,,,"Aluminum Compounds","1",,,,,,,,,,
,,,,,,,,,,,,,,"Ammonification","1",,,,,,,,,,
,,,,,,,,,,,,,,"Analysis","1",,,,,,,,,,
,,,,,,,,,,,,,,"Angiosperm","1",,,,,,,,,,
,,,,,,,,,,,,,,"Animal","1",,,,,,,,,,
,,,,,,,,,,,,,,"Annual Cycle","1",,,,,,,,,,
,,,,,,,,,,,,,,"Application Programs","1",,,,,,,,,,
,,,,,,,,,,,,,,"Aquatic Ecosystems","1",,,,,,,,,,
,,,,,,,,,,,,,,"Aquatic Environment","1",,,,,,,,,,
,,,,,,,,,,,,,,"Arctic","1",,,,,,,,,,
,,,,,,,,,,,,,,"Arctic Vehicles","1",,,,,,,,,,
,,,,,,,,,,,,,,"Aromatic Compounds","1",,,,,,,,,,
,,,,,,,,,,,,,,"Aspen","1",,,,,,,,,,
,,,,,,,,,,,,,,"Athabasca Oil Sands Region (AOSR)","1",,,,,,,,,,
,,,,,,,,,,,,,,"Atmospheric Deposition","1",,,,,,,,,,
,,,,,,,,,,,,,,"Available Nutrients","1",,,,,,,,,,
,,,,,,,,,,,,,,"Bacteria (microorganisms)","1",,,,,,,,,,
,,,,,,,,,,,,,,"Bacteriology","1",,,,,,,,,,
,,,,,,,,,,,,,,"Bacterium","1",,,,,,,,,,
,,,,,,,,,,,,,,"Barley (Hordeum Spp.)","1",,,,,,,,,,
,,,,,,,,,,,,,,"Best Management Practices","1",,,,,,,,,,
,,,,,,,,,,,,,,"Biochemistry","1",,,,,,,,,,
,,,,,,,,,,,,,,"Bioindicator","1",,,,,,,,,,
,,,,,,,,,,,,,,"Biological Materials","1",,,,,,,,,,
,,,,,,,,,,,,,,"Biomass Ratio","1",,,,,,,,,,
,,,,,,,,,,,,,,"British Columbia , Canada","1",,,,,,,,,,
,,,,,,,,,,,,,,"Broadcast Seeding","1",,,,,,,,,,
