﻿Scopus refine results values

"Your query : ((TITLE-ABS-KEY((Boreal OR {James Bay} OR James-Bay OR {Clay Belt} OR {canadian shield}) AND (Canada OR Quebec OR Ontario OR newfoundland OR Alberta OR British-Columbia) ) AND PUBYEAR > 1999 AND PUBYEAR < 2020) AND (TITLE-ABS-KEY(Mine OR Mining) AND PUBYEAR > 1999 AND PUBYEAR < 2020) AND (TITLE-ABS-KEY(Species AND (Distribution OR Extinct* OR Invasi*  OR Transition Or exotic)) AND PUBYEAR > 1999 AND PUBYEAR < 2020))"


Number of results : 21

"ACCESS TYPE",,"YEAR",,"AUTHOR NAME",,"SUBJECT AREA",,"DOCUMENT TYPE",,"PUBLICATION STAGE",,"SOURCE TITLE",,"KEYWORD",,"AFFILIATION",,"FUNDING SPONSOR",,"COUNTRY",,"SOURCE TYPE",,"LANGUAGE",
"Open Access","3","2019","3","Pinno, B.D.","2","Agricultural and Biological Sciences","8","Article","19","final","21","Journal Of Environmental Quality","2","Canada","14","University of Alberta","6","Natural Sciences and Engineering Research Council of Canada","7","Canada","19","Journals","20","English","21"
"Other","18","2018","1","Aherne, J.","1","Arts and Humanities","1","Book Chapter","1",,,"Plos One","2","Forestry","10","University of Toronto","3","Suncor Energy Incorporated","3","United States","4","Book Series","1",,
,,"2017","2","Anand, M.","1","Biochemistry, Genetics and Molecular Biology","2","Review","1",,,"Water Air And Soil Pollution","2","Boreal Forest","8","Canadian Forest Service","2","Canadian Natural Resources Limited","2","Argentina","1",,,,
,,"2016","3","Anne Naeth, M.","1","Earth and Planetary Sciences","4",,,,,"Biological Conservation","1","Oil Sands","7","University of Saskatchewan","2","Shell Canada","2","France","1",,,,
,,"2015","1","Arsenault, A.","1","Environmental Science","15",,,,,"Biological Invasions","1","Article","6","University of Guelph","2","Biotechnology and Biological Sciences Research Council","1","United Kingdom","1",,,,
,,"2014","4","Aubin, I.","1","Multidisciplinary","2",,,,,"Botany","1","Land Reclamation","6","Northern Forestry Centre","2","Canada Research Chairs","1",,,,,,
,,"2013","1","Bayne, E.","1",,,,,,,"Canadian Journal Of Forest Research","1","Mining","6","Ministère des Forêts de la Faune et des Parcs du Québec","1","Ministry of Natural Resources","1",,,,,,
,,"2012","4","Borkenhagen, A.K.","1",,,,,,,"Developments In Environmental Science","1","Reclamation","6","Ohana Productions","1","MinistÃ¨re des ForÃªts, de la Faune et des Parcs","1",,,,,,
,,"2009","1","Brandt, J.P.","1",,,,,,,"Ecological Applications","1","Soils","6","425 boul. du Collège","1","University of British Columbia","1",,,,,,
,,"2003","1","Buss, J.","1",,,,,,,"Ecological Engineering","1","Alberta","5","Allion Science and Technology","1","Undefined","9",,,,,,
,,,,"Bussière, B.","1",,,,,,,"Ecological Processes","1","Controlled Study","5","Direction de la faune terrestre et de l'avifaune","1",,,,,,,,
,,,,"Börger, L.","1",,,,,,,"Ecoscience","1","Ecosystems","5","Wood Buffalo Environmental Association","1",,,,,,,,
,,,,"Calvo-Polanco, M.","1",,,,,,,"Environmental Reviews","1","Nonhuman","5","Vertex Resource Group Ltd","1",,,,,,,,
,,,,"Carey, S.K.","1",,,,,,,"Hydrological Processes","1","Forest","4","INRAE's Occitanie-Montpellier Centre","1",,,,,,,,
,,,,"Carter, L.D.","1",,,,,,,"Ore Geology Reviews","1","Oil Sand","4","Le réseau de l'Université du Québec","1",,,,,,,,
,,,,"Chen, H.Y.H.","1",,,,,,,"Organic Geochemistry","1","Soil","4","McGill University","1",,,,,,,,
,,,,"Chen, N.","1",,,,,,,"Plant And Soil","1","Biomass","3","Rothamsted Research","1",,,,,,,,
,,,,"Chillo, V.","1",,,,,,,"Quaternary Research","1","Chemistry","3","Great Lakes Forestry Centre","1",,,,,,,,
,,,,"Cooper, D.J.","1",,,,,,,,,"Concentration (composition)","3","Universite du Quebec en Abitibi-Temiscamingue","1",,,,,,,,
,,,,"Corcoran, P.L.","1",,,,,,,,,"Deciduous Tree","3","Université du Québec à Rimouski","1",,,,,,,,
,,,,"Daigneault, R.","1",,,,,,,,,"Forest Management","3","Consejo Nacional de Investigaciones Científicas y Técnicas","1",,,,,,,,
,,,,"De Grandpré, L.","1",,,,,,,,,"Forests","3","Colorado State University","1",,,,,,,,
,,,,"Debortoli, L.A.","1",,,,,,,,,"Landscape","3","Western University","1",,,,,,,,
,,,,"Dungait, J.A.J.","1",,,,,,,,,"Nitrogen","3","Carleton University","1",,,,,,,,
,,,,"Dussault, C.","1",,,,,,,,,"Ontario [Canada]","3","Geological Society of America","1",,,,,,,,
,,,,"Ellen Macdonald, S.","1",,,,,,,,,"PH","3","Binghamton University State University of New York","1",,,,,,,,
,,,,"Farrell, R.E.","1",,,,,,,,,"Picea","3","United States Environmental Protection Agency","1",,,,,,,,
,,,,"Feng, R.","1",,,,,,,,,"Plants (botany)","3","Université du Québec à Chicoutimi","1",,,,,,,,
,,,,"Fleming, R.","1",,,,,,,,,"Populus Tremuloides","3","Natural Resources Canada","1",,,,,,,,
,,,,"Fouch, T.","1",,,,,,,,,"Soil Acidity","3","Lakehead University","1",,,,,,,,
,,,,"Graney, J.R.","1",,,,,,,,,"Taiga","3","Université du Québec à Montréal","1",,,,,,,,
,,,,"Haeussler, S.","1",,,,,,,,,"Adsorption","2","University of Minnesota","1",,,,,,,,
,,,,"Hamilton, J.G.","1",,,,,,,,,"Anthropogenic Activity","2","Southern Illinois University at Carbondale","1",,,,,,,,
,,,,"Hartsock, J.A.","1",,,,,,,,,"Aspen","2","Trent University","1",,,,,,,,
,,,,"Holmes, S.B.","1",,,,,,,,,"Athabasca Oil Sands","2","McMaster University","1",,,,,,,,
,,,,"House, M.","1",,,,,,,,,"Boreal Forest Ecosystems","2","Pacific Forestry Centre","1",,,,,,,,
,,,,"Humphreys, E.R.","1",,,,,,,,,"Boreal Forests","2","Université Laval","1",,,,,,,,
,,,,"Joynes, A.","1",,,,,,,,,"Bryophyte","2","Instituto Argentino de Investigaciones de Zonas Aridas","1",,,,,,,,
,,,,"Kambo, D.","1",,,,,,,,,"Bryophytes","2","McMaster University, Faculty of Science","1",,,,,,,,
,,,,"Kamorina, G.","1",,,,,,,,,"Calamagrostis Canadensis","2","Biochimie et Physiologie Moléculaire des Plantes","1",,,,,,,,
,,,,"Khasa, D.P.","1",,,,,,,,,"Carbon","2","L'Institut Agro","1",,,,,,,,
,,,,"Kotanen, P.M.","1",,,,,,,,,"Concentration (parameters)","2",,,,,,,,,,
,,,,"Krupa, S.","1",,,,,,,,,"Ecosystem Recoveries","2",,,,,,,,,,
,,,,"Landis, M.S.","1",,,,,,,,,"Fen","2",,,,,,,,,,
,,,,"Langor, D.","1",,,,,,,,,"Floors","2",,,,,,,,,,
,,,,"Laxton, D.L.","1",,,,,,,,,"Habitat Conservation","2",,,,,,,,,,
,,,,"Lazorko, H.","1",,,,,,,,,"Hexapoda","2",,,,,,,,,,
,,,,"Leblond, M.","1",,,,,,,,,"Invasive Species","2",,,,,,,,,,
,,,,"Li, E.H.Y.","1",,,,,,,,,"Land Use","2",,,,,,,,,,
,,,,"Mackenzie, D.D.","1",,,,,,,,,"Minerals","2",,,,,,,,,,
,,,,"Mackenzie, M.D.","1",,,,,,,,,"North America","2",,,,,,,,,,
,,,,"Malcolm, J.","1",,,,,,,,,"Nutrient","2",,,,,,,,,,
,,,,"Matthews, J.V.","1",,,,,,,,,"Oil Sands Reclamation","2",,,,,,,,,,
,,,,"Mueller, W.U.","1",,,,,,,,,"Peat","2",,,,,,,,,,
,,,,"Nadeau, M.B.","1",,,,,,,,,"Peatland","2",,,,,,,,,,
,,,,"Norris, C.E.","1",,,,,,,,,"Plant Community","2",,,,,,,,,,
,,,,"Nudds, T.D.","1",,,,,,,,,"Plant Root","2",,,,,,,,,,
,,,,"Outerbridge, R.O.","1",,,,,,,,,"Plants","2",,,,,,,,,,
,,,,"Ovenden, L.","1",,,,,,,,,"Poaceae","2",,,,,,,,,,
,,,,"Pancras, J.P.","1",,,,,,,,,"Root Length","2",,,,,,,,,,
,,,,"Patry, C.","1",,,,,,,,,"Smelting","2",,,,,,,,,,
,,,,"Peak, D.","1",,,,,,,,,"Sodium","2",,,,,,,,,,
,,,,"Percy, K.E.","1",,,,,,,,,"Soil Analysis","2",,,,,,,,,,
,,,,"Quideau, S.A.","1",,,,,,,,,"Soil Pollution","2",,,,,,,,,,
,,,,"Reid, J.","1",,,,,,,,,"Soil Property","2",,,,,,,,,,
,,,,"Señorans, J.","1",,,,,,,,,"Spruce","2",,,,,,,,,,
,,,,"Smirnova, E.","1",,,,,,,,,"Total Root Lengths","2",,,,,,,,,,
,,,,"St-Laurent, M.H.","1",,,,,,,,,"Trees","2",,,,,,,,,,
,,,,"Stevens, R.K.","1",,,,,,,,,"Understory Plant Communities","2",,,,,,,,,,
,,,,"Stix, J.","1",,,,,,,,,"Vegetation Cover","2",,,,,,,,,,
,,,,"Stratechuk, K.","1",,,,,,,,,"Vegetation Structure","2",,,,,,,,,,
,,,,"Strilesky, S.L.","1",,,,,,,,,"Vegetation Type","2",,,,,,,,,,
,,,,"Sturrock, R.","1",,,,,,,,,"Watershed","2",,,,,,,,,,
,,,,"Thiffault, N.","1",,,,,,,,,"Δ  15","1",,,,,,,,,,
,,,,"Thompson, I.D.","1",,,,,,,,,"Abiotic Conditions","1",,,,,,,,,,
,,,,"Tremblay, F.","1",,,,,,,,,"Abiotic Factor","1",,,,,,,,,,
,,,,"Trofymow, J.A.","1",,,,,,,,,"Abitibi Belt","1",,,,,,,,,,
,,,,"Van Rees, K.C.J.","1",,,,,,,,,"Acid Mine Drainage","1",,,,,,,,,,
,,,,"Venier, L.A.","1",,,,,,,,,"Adaptation","1",,,,,,,,,,
,,,,"Vitt, D.H.","1",,,,,,,,,"Agromyzidae","1",,,,,,,,,,
,,,,"Watmough, S.A.","1",,,,,,,,,"Alaska","1",,,,,,,,,,
,,,,"Westgate, J.A.","1",,,,,,,,,"Alkaline Earth Metal","1",,,,,,,,,,
,,,,"Zhang, W.","1",,,,,,,,,"Alkanes","1",,,,,,,,,,
,,,,"Zwiazek, J.J.","1",,,,,,,,,"Aluminum","1",,,,,,,,,,
,,,,,,,,,,,,,,"Aluminum Compounds","1",,,,,,,,,,
,,,,,,,,,,,,,,"Analytical Geochemistry","1",,,,,,,,,,
,,,,,,,,,,,,,,"Animal","1",,,,,,,,,,
,,,,,,,,,,,,,,"Animal Experiment","1",,,,,,,,,,
,,,,,,,,,,,,,,"Animalia","1",,,,,,,,,,
,,,,,,,,,,,,,,"Animals","1",,,,,,,,,,
,,,,,,,,,,,,,,"Annual Cycle","1",,,,,,,,,,
,,,,,,,,,,,,,,"Anthropogenic Changes","1",,,,,,,,,,
,,,,,,,,,,,,,,"Anthropogenic Disturbances","1",,,,,,,,,,
,,,,,,,,,,,,,,"Anthropogenic Soils","1",,,,,,,,,,
,,,,,,,,,,,,,,"Archean","1",,,,,,,,,,
,,,,,,,,,,,,,,"Archean Calderas","1",,,,,,,,,,
,,,,,,,,,,,,,,"Arctium","1",,,,,,,,,,
,,,,,,,,,,,,,,"Arctium Minus","1",,,,,,,,,,
,,,,,,,,,,,,,,"Athabasca Oil Sands Region (AOSR)","1",,,,,,,,,,
,,,,,,,,,,,,,,"Atmosphere","1",,,,,,,,,,
,,,,,,,,,,,,,,"Aves","1",,,,,,,,,,
,,,,,,,,,,,,,,"Barley (Hordeum Spp.)","1",,,,,,,,,,
,,,,,,,,,,,,,,"Basal Area","1",,,,,,,,,,
,,,,,,,,,,,,,,"Betula Papyrifera","1",,,,,,,,,,
,,,,,,,,,,,,,,"Biodiversity","1",,,,,,,,,,
,,,,,,,,,,,,,,"Biological Model","1",,,,,,,,,,
,,,,,,,,,,,,,,"Biomarker","1",,,,,,,,,,
,,,,,,,,,,,,,,"Biostratigraphy","1",,,,,,,,,,
,,,,,,,,,,,,,,"Biozonation","1",,,,,,,,,,
,,,,,,,,,,,,,,"Black Spruce","1",,,,,,,,,,
,,,,,,,,,,,,,,"Boreal","1",,,,,,,,,,
,,,,,,,,,,,,,,"Boreal Ecosystems","1",,,,,,,,,,
,,,,,,,,,,,,,,"Boreal Mixedwood Species","1",,,,,,,,,,
,,,,,,,,,,,,,,"Boreal Peatlands","1",,,,,,,,,,
,,,,,,,,,,,,,,"Boreal Plants","1",,,,,,,,,,
,,,,,,,,,,,,,,"Broadcast Seeding","1",,,,,,,,,,
,,,,,,,,,,,,,,"Bryophyta","1",,,,,,,,,,
,,,,,,,,,,,,,,"CMB","1",,,,,,,,,,
,,,,,,,,,,,,,,"Calcite","1",,,,,,,,,,
,,,,,,,,,,,,,,"Calcium","1",,,,,,,,,,
,,,,,,,,,,,,,,"Calcium Carbonate","1",,,,,,,,,,
,,,,,,,,,,,,,,"Caldera","1",,,,,,,,,,
,,,,,,,,,,,,,,"Calycomyza Flavinotum","1",,,,,,,,,,
,,,,,,,,,,,,,,"Canadian Boreal Forest","1",,,,,,,,,,
,,,,,,,,,,,,,,"Canadian Shield","1",,,,,,,,,,
,,,,,,,,,,,,,,"Canopy","1",,,,,,,,,,
,,,,,,,,,,,,,,"Carbon Dioxide","1",,,,,,,,,,
,,,,,,,,,,,,,,"Carbonate Alteration","1",,,,,,,,,,
,,,,,,,,,,,,,,"Carbonate Minerals","1",,,,,,,,,,
,,,,,,,,,,,,,,"Carbonation","1",,,,,,,,,,
,,,,,,,,,,,,,,"Carex Aquatilis","1",,,,,,,,,,
,,,,,,,,,,,,,,"Cavity Resonators","1",,,,,,,,,,
,,,,,,,,,,,,,,"Chemical Analysis","1",,,,,,,,,,
,,,,,,,,,,,,,,"Chemical Properties","1",,,,,,,,,,
,,,,,,,,,,,,,,"Chronosequence","1",,,,,,,,,,
,,,,,,,,,,,,,,"Classification","1",,,,,,,,,,
,,,,,,,,,,,,,,"Clay Deposits","1",,,,,,,,,,
,,,,,,,,,,,,,,"Climate Change","1",,,,,,,,,,
,,,,,,,,,,,,,,"Cluster Analysis","1",,,,,,,,,,
,,,,,,,,,,,,,,"Community Composition","1",,,,,,,,,,
,,,,,,,,,,,,,,"Coniferous Tree","1",,,,,,,,,,
,,,,,,,,,,,,,,"Conservation","1",,,,,,,,,,
,,,,,,,,,,,,,,"Copper","1",,,,,,,,,,
,,,,,,,,,,,,,,"Copper-nickel Smelter","1",,,,,,,,,,
,,,,,,,,,,,,,,"Core Drilling","1",,,,,,,,,,
,,,,,,,,,,,,,,"Cover Soil","1",,,,,,,,,,
,,,,,,,,,,,,,,"Coverings","1",,,,,,,,,,
,,,,,,,,,,,,,,"Covers With Capillary Barrier Effects","1",,,,,,,,,,
,,,,,,,,,,,,,,"DNA, Fungal","1",,,,,,,,,,
,,,,,,,,,,,,,,"Deer","1",,,,,,,,,,
,,,,,,,,,,,,,,"Demography","1",,,,,,,,,,
,,,,,,,,,,,,,,"Deposition","1",,,,,,,,,,
,,,,,,,,,,,,,,"Diameter Increment","1",,,,,,,,,,
,,,,,,,,,,,,,,"Disturbance","1",,,,,,,,,,
,,,,,,,,,,,,,,"Dolomitic Limestone","1",,,,,,,,,,
,,,,,,,,,,,,,,"Dracocephalum","1",,,,,,,,,,
,,,,,,,,,,,,,,"Duck","1",,,,,,,,,,
,,,,,,,,,,,,,,"Ducks","1",,,,,,,,,,
,,,,,,,,,,,,,,"Ecological Approach","1",,,,,,,,,,
,,,,,,,,,,,,,,"Ecology","1",,,,,,,,,,
