﻿Scopus refine results values

"Your query : ((TITLE-ABS-KEY((Boreal OR {James Bay} OR James-Bay OR {Clay Belt} OR {canadian shield}) AND (Canada OR Quebec OR Ontario OR newfoundland OR Alberta OR British-Columbia) ) AND PUBYEAR > 1999 AND PUBYEAR < 2020) AND (TITLE-ABS-KEY(Mine OR Mining) AND PUBYEAR > 1999 AND PUBYEAR < 2020) AND (TITLE-ABS-KEY(weather OR   Season* OR meteo*) AND PUBYEAR > 1999 AND PUBYEAR < 2020))"


Number of results : 43

"ACCESS TYPE",,"YEAR",,"AUTHOR NAME",,"SUBJECT AREA",,"DOCUMENT TYPE",,"PUBLICATION STAGE",,"SOURCE TITLE",,"KEYWORD",,"AFFILIATION",,"FUNDING SPONSOR",,"COUNTRY",,"SOURCE TYPE",,"LANGUAGE",
"Open Access","9","2019","8","Price, J.S.","7","Agricultural and Biological Sciences","16","Article","40","final","43","Ecohydrology","3","Canada","34","University of Waterloo","8","Natural Sciences and Engineering Research Council of Canada","12","Canada","37","Journals","41","English","43"
"Other","34","2018","5","Carey, S.K.","4","Biochemistry, Genetics and Molecular Biology","1","Conference Paper","2",,,"Ecological Engineering","3","Alberta","22","University of Alberta","8","Suncor Energy Incorporated","8","United States","8","Trade Publications","1",,
,,"2017","3","Petrone, R.M.","4","Business, Management and Accounting","1","Review","1",,,"Forest Ecology And Management","3","Oil Sands","21","University of Ottawa, Canada","5","Shell Canada","7","Australia","2","Conference Proceedings","1",,
,,"2016","6","Clark, I.D.","3","Chemistry","1",,,,,"Hydrological Processes","3","Forestry","15","Carleton University","4","Alberta Environment and Parks","1","United Kingdom","2",,,,
,,"2015","3","Blais, J.M.","2","Earth and Planetary Sciences","15",,,,,"Science Of The Total Environment","3","Reclamation","14","Canadian Nuclear Safety Commission","3","British Geological Survey","1","China","1",,,,
,,"2013","3","Bottomley, D.","2","Energy","1",,,,,"Geochimica Et Cosmochimica Acta","2","Land Reclamation","13","McMaster University","3","Canada Research Chairs","1","Germany","1",,,,
,,"2012","1","Douglas, M.","2","Engineering","1",,,,,"Journal Of Hydrology","2","Mining","12","McMaster University, Faculty of Science","3","Fonds de recherche du QuÃ©bec â Nature et technologies","1","New Zealand","1",,,,
,,"2011","2","Humphreys, E.R.","2","Environmental Science","31",,,,,"New Forests","2","Boreal Forest","11","Duke Engineering and Services","2","Imperial Oil Limited","1","South Korea","1",,,,
,,"2010","5","Jacobs, D.F.","2","Medicine","1",,,,,"American Society Of Mining And Reclamation 24th National Meetings Of The American Society Of Mining And Reclamation 2007 30 Years Of Smcra And Beyond","1","Wetlands","11","Canadian Forest Service","2","Institute for Wetland and Waterfowl Research, Ducks Unlimited Canada","1","Sweden","1",,,,
,,"2009","1","MacKenzie, M.D.","2","Multidisciplinary","1",,,,,"Applied Geochemistry","1","Athabasca Oil Sands","10","Purdue University","2","Nuclear Waste Management Organization","1","Undefined","1",,,,
,,"2008","1","Macrae, M.L.","2",,,,,,,"Applied Soil Ecology","1","Groundwater","10","University of Saskatchewan","2","Western University","1",,,,,,
,,"2007","2","Nicholls, E.M.","2",,,,,,,"Bryologist","1","Oil Sand","10","Geological Survey of Canada","2","Undefined","25",,,,,,
,,"2002","1","Quideau, S.A.","2",,,,,,,"Canadian Journal Of Forest Research","1","Peatland","8","Atmospheric Research and Analysis, Inc.","1",,,,,,,,
,,"2000","2","Raven, K.","2",,,,,,,"Canadian Journal Of Soil Science","1","Soils","8","O'Kane Consultants Inc.","1",,,,,,,,
,,,,"Scarlett, S.J.","2",,,,,,,"Canadian Mining Journal","1","Boreal Forests","7","O'Kane Consultants Inc.","1",,,,,,,,
,,,,"Sloan, J.L.","2",,,,,,,"Chemosphere","1","Hydrology","7","Integral Ecology Group","1",,,,,,,,
,,,,"Alexander, D.","1",,,,,,,"Earth Interactions","1","Peat","7","fRI Research","1",,,,,,,,
,,,,"Andersen, R.","1",,,,,,,"Environmental Earth Sciences","1","Sand","7","Integrated Atmospheric Solutions, LLC","1",,,,,,,,
,,,,"Anderson, M.","1",,,,,,,"Environmental Management","1","Vegetation","7","Keyano College","1",,,,,,,,
,,,,"Anne Naeth, M.","1",,,,,,,"Environmental Research Letters","1","Article","6","Maed Consulting","1",,,,,,,,
,,,,"Ballentine, C.J.","1",,,,,,,"Environmental Reviews","1","Evapotranspiration","6","Vertex Resource Group Ltd","1",,,,,,,,
,,,,"Barbour, S.L.","1",,,,,,,"Frontiers In Environmental Science","1","Growing Season","6","Wilfrid Laurier University","1",,,,,,,,
,,,,"Beall, F.D.","1",,,,,,,"Geology","1","Landforms","6","Environment Canada","1",,,,,,,,
,,,,"Berner, L.T.","1",,,,,,,"Ground Water","1","Picea Glauca","6","Le réseau de l'Université du Québec","1",,,,,,,,
,,,,"Berryman, S.D.","1",,,,,,,"Hydrology And Earth System Sciences","1","Populus Tremuloides","6","New Mexico State University","1",,,,,,,,
,,,,"Biagi, K.M.","1",,,,,,,"International Journal Of Mining Reclamation And Environment","1","Soil Moisture","6","USDA Forest Service Pacific Southwest Research Station","1",,,,,,,,
,,,,"Bilodeau, J.C.","1",,,,,,,"Journal Of Hydrology Regional Studies","1","Boreal Plain","5","Universite du Quebec en Abitibi-Temiscamingue","1",,,,,,,,
,,,,"Bois, C.H.","1",,,,,,,"Journal Of Limnology","1","Chemistry","5","USDA Forest Service","1",,,,,,,,
,,,,"Bottomley, D.J.","1",,,,,,,"Microbial Ecology","1","Ecosystems","5","University of Manchester","1",,,,,,,,
,,,,"Bouchard, H.","1",,,,,,,"Plos One","1","Environmental Monitoring","5","Uppsala Universitet","1",,,,,,,,
,,,,"Boyd, M.A.","1",,,,,,,,,"Fen","5","ESRI","1",,,,,,,,
,,,,"Braden, B.","1",,,,,,,,,"Fort McMurray","5","Chonnam National University","1",,,,,,,,
,,,,"Brais, S.","1",,,,,,,,,"Groundwater Flow","5","University of Manitoba","1",,,,,,,,
,,,,"Brown, D.M.","1",,,,,,,,,"Meteorological Problems","5","Western University","1",,,,,,,,
,,,,"Bytnerowicz, A.","1",,,,,,,,,"Oil Fields","5","University of Northern British Columbia","1",,,,,,,,
,,,,"Chanasyk, D.S.","1",,,,,,,,,"Stable Isotope","5","Southern Cross University","1",,,,,,,,
,,,,"Chang, S.X.","1",,,,,,,,,"Wetland","5","University of Alaska Fairbanks","1",,,,,,,,
,,,,"Choi, W.J.","1",,,,,,,,,"Atmospheric Deposition","4","University of Toronto","1",,,,,,,,
,,,,"Clark, M.G.","1",,,,,,,,,"Atmospheric Depositions","4","Alberta Research Council","1",,,,,,,,
,,,,"Cranston, J.","1",,,,,,,,,"Boreal","4","Helmholtz Zentrum für Umweltforschung","1",,,,,,,,
,,,,"Creed, I.F.","1",,,,,,,,,"Canadian Shield","4","GNS Science","1",,,,,,,,
,,,,"Devito, K.J.","1",,,,,,,,,"Climate Change","4","Binghamton University State University of New York","1",,,,,,,,
,,,,"Dietrich, S.T.","1",,,,,,,,,"Constructed Wetland","4","Natural Resources Canada","1",,,,,,,,
,,,,"Doak, P.","1",,,,,,,,,"Ecohydrology","4","Northern Arizona University","1",,,,,,,,
,,,,"Drewitt, G.B.","1",,,,,,,,,"Ecology","4","CSIRO Land and Water","1",,,,,,,,
,,,,"Edgerton, E.S.","1",,,,,,,,,"Forests","4","University of Oxford","1",,,,,,,,
,,,,"Eickmeyer, D.C.","1",,,,,,,,,"Hydraulic Conductivity","4","Southern Illinois University at Carbondale","1",,,,,,,,
,,,,"Elmes, M.C.","1",,,,,,,,,"Hydrogeology","4","Ryerson University","1",,,,,,,,
,,,,"Elshorbagy, A.","1",,,,,,,,,"Landscape","4","Northwest A&amp;F University","1",,,,,,,,
,,,,"Errington, R.C.","1",,,,,,,,,"Moisture","4","Northern Forestry Centre","1",,,,,,,,
,,,,"Fellowes, J.","1",,,,,,,,,"Nitrogen","4","Institute of Soil and Water Conservation Chinese Academy of Sciences","1",,,,,,,,
,,,,"Finnegan, L.","1",,,,,,,,,"Nonhuman","4","Government of the Northwest Territories","1",,,,,,,,
,,,,"Flesch, T.K.","1",,,,,,,,,"Northwest Territories","4","University of the Highlands and Islands","1",,,,,,,,
,,,,"Fraczek, W.","1",,,,,,,,,"Recharging (underground Waters)","4","Applied petroleum technology AS","1",,,,,,,,
,,,,"Fredeen, A.L.","1",,,,,,,,,"Reclaimed Land","4","Woods Hole Research Center","1",,,,,,,,
,,,,"Gibson, J.J.","1",,,,,,,,,"Revegetation","4",,,,,,,,,,
,,,,"Gingras-Hill, T.","1",,,,,,,,,"Soil","4",,,,,,,,,,
,,,,"Goetz, S.J.","1",,,,,,,,,"Brines","3",,,,,,,,,,
,,,,"Goodfellow, W.D.","1",,,,,,,,,"Bryophyta","3",,,,,,,,,,
,,,,"Graney, J.R.","1",,,,,,,,,"Carbon Dioxide","3",,,,,,,,,,
,,,,"Guittonny, M.","1",,,,,,,,,"Concentration (composition)","3",,,,,,,,,,
,,,,"Hemstock, S.S.","1",,,,,,,,,"Constructed Wetlands","3",,,,,,,,,,
,,,,"Holland, G.","1",,,,,,,,,"Controlled Study","3",,,,,,,,,,
,,,,"House, M.","1",,,,,,,,,"Deciduous Tree","3",,,,,,,,,,
,,,,"Huang, M.","1",,,,,,,,,"Deposition","3",,,,,,,,,,
,,,,"Janzen, D.T.","1",,,,,,,,,"Eco-hydrology","3",,,,,,,,,,
,,,,"Kimpe, L.E.","1",,,,,,,,,"Eddy Covariance","3",,,,,,,,,,
,,,,"Klimenko, E.","1",,,,,,,,,"Geochemistry","3",,,,,,,,,,
,,,,"Korosi, J.B.","1",,,,,,,,,"Growth Response","3",,,,,,,,,,
,,,,"Kotzer, T.","1",,,,,,,,,"Hydrochemistry","3",,,,,,,,,,
,,,,"Kreutzweiser, D.P.","1",,,,,,,,,"Hydrogeochemistry","3",,,,,,,,,,
,,,,"Kwak, J.H.","1",,,,,,,,,"Lakes","3",,,,,,,,,,
,,,,"Lamoureux, E.D.R.","1",,,,,,,,,"North America","3",,,,,,,,,,
,,,,"Landhäusser, S.M.","1",,,,,,,,,"Nutrients","3",,,,,,,,,,
,,,,"Landis, M.S.","1",,,,,,,,,"Oil Sands Mining","3",,,,,,,,,,
,,,,"Leclair, M.","1",,,,,,,,,"Pinus Banksiana","3",,,,,,,,,,
,,,,"Leishman, F.","1",,,,,,,,,"Priority Journal","3",,,,,,,,,,
,,,,"Leybourne, M.I.","1",,,,,,,,,"Procedures","3",,,,,,,,,,
,,,,"Mabry, J.C.","1",,,,,,,,,"Restoration","3",,,,,,,,,,
,,,,"MacNearney, D.","1",,,,,,,,,"Restoration Ecology","3",,,,,,,,,,
,,,,"Mack, M.C.","1",,,,,,,,,"Soil Conservation","3",,,,,,,,,,
,,,,"Mackenzie, D.D.","1",,,,,,,,,"Transportation","3",,,,,,,,,,
,,,,"Macumber, A.L.","1",,,,,,,,,"Water Budget","3",,,,,,,,,,
,,,,"McDermott, J.M.","1",,,,,,,,,"Water Quality","3",,,,,,,,,,
,,,,"McLaren, R.G.","1",,,,,,,,,"Water Supply","3",,,,,,,,,,
,,,,"Mendoza, C.A.","1",,,,,,,,,"Water Table","3",,,,,,,,,,
,,,,"Merlin, M.","1",,,,,,,,,"Western Boreal Plain","3",,,,,,,,,,
,,,,"Mundy, L.J.","1",,,,,,,,,"Yellowknife","3",,,,,,,,,,
,,,,"Neville, L.A.","1",,,,,,,,,"Air Pollutant","2",,,,,,,,,,
,,,,"Nwaishi, F.","1",,,,,,,,,"Air Pollutants","2",,,,,,,,,,
,,,,"Nwaishi, F.C.","1",,,,,,,,,"Air Pollution","2",,,,,,,,,,
,,,,"O'Kane, M.","1",,,,,,,,,"Animal","2",,,,,,,,,,
,,,,"Oswald, C.J.","1",,,,,,,,,"Animals","2",,,,,,,,,,
,,,,"Outridge, P.M.","1",,,,,,,,,"Anthropogenic Source","2",,,,,,,,,,
,,,,"Palmer, M.J.","1",,,,,,,,,"Aquifers","2",,,,,,,,,,
,,,,"Patterson, R.T.","1",,,,,,,,,"Asphalt","2",,,,,,,,,,
,,,,"Pauli, B.D.","1",,,,,,,,,"Athabasca","2",,,,,,,,,,
,,,,"Phillip, M.","1",,,,,,,,,"Athabasca Oil Sands Region","2",,,,,,,,,,
,,,,"Phillips, T.","1",,,,,,,,,"Atmosphere","2",,,,,,,,,,
,,,,"Pigeon, K.E.","1",,,,,,,,,"Biogeochemistry","2",,,,,,,,,,
,,,,"Pinno, B.D.","1",,,,,,,,,"Bitumen","2",,,,,,,,,,
,,,,"Price, J.","1",,,,,,,,,"Bituminous Materials","2",,,,,,,,,,
,,,,"Renaud, R.","1",,,,,,,,,"Brine","2",,,,,,,,,,
,,,,"Reuter, G.W.","1",,,,,,,,,"Calcium","2",,,,,,,,,,
,,,,"Rogers, B.M.","1",,,,,,,,,"Carbon","2",,,,,,,,,,
,,,,"Rudolph, D.L.","1",,,,,,,,,"Chemical Analysis","2",,,,,,,,,,
,,,,"Sanborn, P.T.","1",,,,,,,,,"Competition","2",,,,,,,,,,
,,,,"Santos, I.R.","1",,,,,,,,,"Coniferous Forest","2",,,,,,,,,,
,,,,"Schilling, S.","1",,,,,,,,,"Coniferous Tree","2",,,,,,,,,,
,,,,"Schmidt, A.","1",,,,,,,,,"Conservation","2",,,,,,,,,,
,,,,"Schock, D.M.","1",,,,,,,,,"Constructed Peatland","2",,,,,,,,,,
,,,,"Schubert, M.","1",,,,,,,,,"Controlled-release Fertilizers","2",,,,,,,,,,
,,,,"Sherwood Lollar, B.","1",,,,,,,,,"Craton","2",,,,,,,,,,
,,,,"Si, B.C.","1",,,,,,,,,"Discharge","2",,,,,,,,,,
,,,,"Smerdon, B.D.","1",,,,,,,,,"Ecosystem","2",,,,,,,,,,
,,,,"Stenhouse, G.","1",,,,,,,,,"Emission","2",,,,,,,,,,
,,,,"Strack, M.","1",,,,,,,,,"Environmental Management","2",,,,,,,,,,
,,,,"Strilesky, S.L.","1",,,,,,,,,"Fertilizer Application","2",,,,,,,,,,
,,,,"Studabaker, W.B.","1",,,,,,,,,"Fertilizers","2",,,,,,,,,,
,,,,"Sutcliffe, C.N.","1",,,,,,,,,"Floors","2",,,,,,,,,,
,,,,"Tattrie, K.","1",,,,,,,,,"Forest","2",,,,,,,,,,
,,,,"Thienpont, J.R.","1",,,,,,,,,"Forest Floor","2",,,,,,,,,,
,,,,"Thomas, P.J.","1",,,,,,,,,"Forest Floors","2",,,,,,,,,,
,,,,"Uscola, M.","1",,,,,,,,,"Forest Restoration","2",,,,,,,,,,
,,,,"Vitt, D.H.","1",,,,,,,,,"Geologic Models","2",,,,,,,,,,
,,,,"Wagner, D.","1",,,,,,,,,"Groundwater Geochemistry","2",,,,,,,,,,
,,,,"Walker, X.J.","1",,,,,,,,,"Groundwater Resources","2",,,,,,,,,,
,,,,"Wang, Q.","1",,,,,,,,,"Groundwater-surface Water Interaction","2",,,,,,,,,,
,,,,"Warr, O.","1",,,,,,,,,"Habitat Restoration","2",,,,,,,,,,
,,,,"Webster, K.L.","1",,,,,,,,,"Hordeum","2",,,,,,,,,,
,,,,"Weiss, H.","1",,,,,,,,,"Hordeum Jubatum","2",,,,,,,,,,
,,,,"Wells, C.M.","1",,,,,,,,,"Infiltration","2",,,,,,,,,,
,,,,"White, E.M.","1",,,,,,,,,"Iron","2",,,,,,,,,,
,,,,"Whittington, P.","1",,,,,,,,,"Isotopes","2",,,,,,,,,,
,,,,"Zdanowicz, C.","1",,,,,,,,,"Land Use","2",,,,,,,,,,
,,,,"Zettl, J.D.","1",,,,,,,,,"Leaf Area Index","2",,,,,,,,,,
,,,,"Zheng, J.","1",,,,,,,,,"Oil And Gas Field","2",,,,,,,,,,
,,,,,,,,,,,,,,"Oil And Gas Fields","2",,,,,,,,,,
,,,,,,,,,,,,,,"Open Pit Mining","2",,,,,,,,,,
,,,,,,,,,,,,,,"Outwash","2",,,,,,,,,,
,,,,,,,,,,,,,,"PAH","2",,,,,,,,,,
,,,,,,,,,,,,,,"Peat Land","2",,,,,,,,,,
,,,,,,,,,,,,,,"Peatlands","2",,,,,,,,,,
,,,,,,,,,,,,,,"Physicochemical Property","2",,,,,,,,,,
,,,,,,,,,,,,,,"Physiology","2",,,,,,,,,,
,,,,,,,,,,,,,,"Picea","2",,,,,,,,,,
,,,,,,,,,,,,,,"Polycyclic Aromatic Compound","2",,,,,,,,,,
,,,,,,,,,,,,,,"Polycyclic Aromatic Compounds","2",,,,,,,,,,
,,,,,,,,,,,,,,"Polycyclic Aromatic Hydrocarbon","2",,,,,,,,,,
,,,,,,,,,,,,,,"Polycyclic Aromatic Hydrocarbons","2",,,,,,,,,,
,,,,,,,,,,,,,,"Polymer","2",,,,,,,,,,
,,,,,,,,,,,,,,"Populus","2",,,,,,,,,,
,,,,,,,,,,,,,,"Productivity","2",,,,,,,,,,
,,,,,,,,,,,,,,"Quality Control","2",,,,,,,,,,
,,,,,,,,,,,,,,"Radioactive Wastes","2",,,,,,,,,,
,,,,,,,,,,,,,,"Radioisotopes","2",,,,,,,,,,
,,,,,,,,,,,,,,"Recharge","2",,,,,,,,,,
,,,,,,,,,,,,,,"Reclamation Project","2",,,,,,,,,,
,,,,,,,,,,,,,,"Reconstruction","2",,,,,,,,,,
,,,,,,,,,,,,,,"Reforestation","2",,,,,,,,,,
