﻿Scopus refine results values

"Your query : ((TITLE-ABS-KEY((Boreal OR {James Bay} OR James-Bay OR {Clay Belt} OR {canadian shield}) AND Quebec) AND PUBYEAR > 1999 AND PUBYEAR < 2020) AND (TITLE-ABS-KEY(Forestry OR {Forest management} OR {Forest practices}) AND PUBYEAR > 1999 AND PUBYEAR < 2020) AND (TITLE-ABS-KEY(Silvicultur* OR Intensive OR {Site preparation}   OR Plantation OR   {Tree planting}) AND PUBYEAR > 1999 AND PUBYEAR < 2020))"


Number of results : 86

"ACCESS TYPE",,"YEAR",,"AUTHOR NAME",,"SUBJECT AREA",,"DOCUMENT TYPE",,"PUBLICATION STAGE",,"SOURCE TITLE",,"KEYWORD",,"AFFILIATION",,"FUNDING SPONSOR",,"COUNTRY",,"SOURCE TYPE",,"LANGUAGE",
"Open Access","16","2019","4","Bergeron, Y.","23","Agricultural and Biological Sciences","81","Article","73","final","86","Forest Ecology And Management","21","Canada","77","Universite du Quebec en Abitibi-Temiscamingue","28","Natural Sciences and Engineering Research Council of Canada","18","Canada","85","Journals","85","English","80"
"Other","70","2018","2","Gauthier, S.","9","Biochemistry, Genetics and Molecular Biology","1","Conference Paper","6",,,"Forestry Chronicle","15","Quebec [Canada]","60","Université du Québec à Montréal","28","Fonds QuÃ©bÃ©cois de la Recherche sur la Nature et les Technologies","11","United States","4","Books","1","French","6"
,,"2017","5","Thiffault, N.","9","Computer Science","1","Review","6",,,"Canadian Journal Of Forest Research","14","Boreal Forest","58","Université Laval","26","Association pour la Recherche sur les Tumeurs de la Prostate","4","Finland","2",,,"Spanish","1"
,,"2016","5","Brais, S.","8","Decision Sciences","1","Book Chapter","1",,,"Forestry","4","Forestry","58","Canadian Forest Service","21","Canadian Forest Service","3","France","2",,,,
,,"2015","5","Messier, C.","8","Earth and Planetary Sciences","1",,,,,"Silva Fennica","4","Forest Management","41","Natural Resources Canada","19","Canada Economic Development for Quebec Regions","2","Germany","1",,,,
,,"2014","4","Leduc, A.","6","Engineering","1",,,,,"Forests","3","Silviculture","41","Ministère de l‘Energie et des Ressources naturelles du Québec","18","Fonds de recherche du QuÃ©bec â Nature et technologies","2","Sweden","1",,,,
,,"2013","5","Paré, D.","6","Environmental Science","49",,,,,"New Forests","3","Picea Mariana","35","Le réseau de l'Université du Québec","8","MinistÃ¨re de l'Ãnergie et des Ressources Naturelles","2","United Kingdom","1",,,,
,,"2012","7","Ruel, J.C.","6","Materials Science","1",,,,,"Canadian Journal Of Botany","2","Harvesting","29","Université du Québec à Chicoutimi","8","MinistÃ¨re des ForÃªts, de la Faune et des Parcs","2",,,,,,
,,"2011","6","Bélanger, L.","5",,,,,,,"Ecological Modelling","2","North America","29","Environment Canada","7","MinistÃ¨re des Ressources Naturelles et de la Faune","2",,,,,,
,,"2010","6","Drapeau, P.","5",,,,,,,"Annals Of Forest Science","1","Ecosystems","28","Université du Québec à Rimouski","7","Academy of Finland","1",,,,,,
,,"2009","7","Harvey, B.D.","5",,,,,,,"Avian Conservation And Ecology","1","Biodiversity","26","Ministère des Forêts de la Faune et des Parcs","4","Bayerische Forschungsallianz","1",,,,,,
,,"2008","4","Krause, C.","5",,,,,,,"Biodiversity And Conservation","1","Quebec","19","Great Lakes Forestry Centre","3","Fonds Québécois de la Recherche sur la Nature et les Technologies","1",,,,,,
,,"2007","3","Pothier, D.","5",,,,,,,"Canadian Entomologist","1","Reforestation","19","University of Toronto","3","Institute of Infection and Immunity","1",,,,,,
,,"2005","6","Achim, A.","4",,,,,,,"Canadian Journal Of Zoology","1","Regeneration","19","Conseil de recherches en sciences naturelles et en génie du Canada","3","Luonnontieteiden ja Tekniikan Tutkimuksen Toimikunta","1",,,,,,
,,"2004","10","Hébert, F.","4",,,,,,,"Ecological Indicators","1","Abies Balsamea","18","Concordia University","3","MinistÃ¨re de l'Ãcologie, du DÃ©veloppement Durable et de l'Ãnergie","1",,,,,,
,,"2003","2","Jobidon, R.","4",,,,,,,"Environmental Reviews","1","Coniferous Forest","17","Ministère des Forêts de la Faune et des Parcs du Québec","2","Ministère des Forêts, de la Faune et des Parcs","1",,,,,,
,,"2002","4","Plourde, P.Y.","4",,,,,,,"Forest Products Journal","1","Coniferous Tree","17","Centre d’étude de la forêt CEF","2","Mitacs","1",,,,,,
,,"2000","1","Buddle, C.M.","3",,,,,,,"International Journal Of Wildland Fire","1","Soils","17","McGill University","2","National Aeronautics and Space Administration","1",,,,,,
,,,,"Greene, D.F.","3",,,,,,,"Journal Of Applied Entomology","1","Plantation Forestry","16","Helsingin Yliopisto","2","Tembec","1",,,,,,
,,,,"Raulier, F.","3",,,,,,,"Journal Of Field Ornithology","1","Boreal Forests","15","The University of British Columbia","2","UniversitÃ© Laval","1",,,,,,
,,,,"Schneider, R.","3",,,,,,,"Journal Of Forest Research","1","Ecosystem Management","14","University of Wisconsin-Madison","2","UniversitÃ© du QuÃ©bec Ã  MontrÃ©al","1",,,,,,
,,,,"Splawinski, T.B.","3",,,,,,,"Journal Of Wildlife Management","1","Forests","14","McGill University, Macdonald Campus","2","UniversitÃ© du QuÃ©bec Ã  Rimouski","1",,,,,,
,,,,"Valeria, O.","3",,,,,,,"Remote Sensing Of Environment","1","Picea","14","Institut National de la Recherche Scientifique","2","Undefined","56",,,,,,
,,,,"Anyomi, K.A.","2",,,,,,,"Revue Francaise De Photogrammetrie Et De Teledetection","1","Pinus Banksiana","14","Parks Canada","2",,,,,,,,
,,,,"Arseneault, D.","2",,,,,,,"Scandinavian Journal Of Forest Research","1","Black Spruce","12","NSERC-UQAT-UQAM Industrial Chair in Sustainable Forest Management","1",,,,,,,,
,,,,"Aubry, Y.","2",,,,,,,"Soil Science Society Of America Journal","1","Clearcutting","12","Centre d’étude de la forêt","1",,,,,,,,
,,,,"Bauce, E.","2",,,,,,,"Woodlands Ecology Management And Conservation","1","Coniferophyta","12","Centre d'études nordiques","1",,,,,,,,
,,,,"Bouchard, M.","2",,,,,,,,,"Growth Rate","12","Bureau du Forestier en Chef","1",,,,,,,,
,,,,"Boucher, J.F.","2",,,,,,,,,"Ecology","11","B.C. Forest Service","1",,,,,,,,
,,,,"Charette, L.","2",,,,,,,,,"Abies","10","Ecl. Sup. d'Agriculture de Purpan","1",,,,,,,,
,,,,"Desrochers, A.","2",,,,,,,,,"Fires","10","Fiducie de recherche sur la forêt des Cantons-de-l'Est/Eastern Townships Forest Research Trust","1",,,,,,,,
,,,,"Dussault, C.","2",,,,,,,,,"Logging (timber)","10","Ministère des Forêts","1",,,,,,,,
,,,,"Déchêne, A.D.","2",,,,,,,,,"Stand Structure","10","Archeobois","1",,,,,,,,
,,,,"Fenton, N.","2",,,,,,,,,"Vegetation","10","Institut des Sciences de la Forêt tempérée ISFORT","1",,,,,,,,
,,,,"Fenton, N.J.","2",,,,,,,,,"Old-growth Forest","9","Northern Hardwoods Research Institute Inc.","1",,,,,,,,
,,,,"Fortin, D.","2",,,,,,,,,"Plantations","9","Cégep de l’Abitibi-Témiscamingue College of Abitibi-Témiscamingue","1",,,,,,,,
,,,,"Fortin, M.J.","2",,,,,,,,,"Growth Response","8","Universities Space Research Association","1",,,,,,,,
,,,,"Franceschini, T.","2",,,,,,,,,"Jack Pine","8","NASA Goddard Space Flight Center","1",,,,,,,,
,,,,"Gaboury, S.","2",,,,,,,,,"Seed","8","Forest Research, Northern Research Station","1",,,,,,,,
,,,,"Haeussler, S.","2",,,,,,,,,"Seedling","8","University of Montreal","1",,,,,,,,
,,,,"Hébert, C.","2",,,,,,,,,"Survival","8","Universite de Moncton","1",,,,,,,,
,,,,"Kneeshaw, D.D.","2",,,,,,,,,"Balsam Fir","7","Ontario Ministry of Natural Resources","1",,,,,,,,
,,,,"Leclerc, M.","2",,,,,,,,,"Conservation","7","University of Northern British Columbia","1",,,,,,,,
,,,,"Lord, D.","2",,,,,,,,,"Disturbance","7","Centre Européen de Recherche et d'Enseignement des Géosciences de l'Environnement","1",,,,,,,,
,,,,"Morin, H.","2",,,,,,,,,"Fire","7","Carleton University","1",,,,,,,,
,,,,"Prégent, G.","2",,,,,,,,,"Growth","7","Geological Survey of Canada","1",,,,,,,,
,,,,"Prévost, M.","2",,,,,,,,,"Mixed Forest","7","Alcan","1",,,,,,,,
,,,,"Seutin, G.","2",,,,,,,,,"Plantation","7","Simon Fraser University","1",,,,,,,,
,,,,"Simard, M.","2",,,,,,,,,"Basal Area","6","Polytechnique Montréal","1",,,,,,,,
,,,,"St-Laurent, M.H.","2",,,,,,,,,"Climate Change","6","Technical University of Munich","1",,,,,,,,
,,,,"Thiffault, E.","2",,,,,,,,,"Forestry Production","6","Université du Québec en Outaouais","1",,,,,,,,
,,,,"Tremblay, F.","2",,,,,,,,,"Plants (botany)","6","Humboldt State University","1",,,,,,,,
,,,,"Villeneuve, C.","2",,,,,,,,,"Scarification","6","Hydro-Quebec","1",,,,,,,,
,,,,"Alfaro, R.","1",,,,,,,,,"Soil","6","Sveriges lantbruksuniversitet","1",,,,,,,,
,,,,"Alvarez, P.E.","1",,,,,,,,,"Species Diversity","6","INRS- Centre Eau, Terre &amp; Environnement","1",,,,,,,,
,,,,"Angers, V.A.","1",,,,,,,,,"Western Hemisphere","6","University of Regina","1",,,,,,,,
,,,,"Archambault, L.","1",,,,,,,,,"Wood","6","University of Alberta","1",,,,,,,,
,,,,"Auger, I.","1",,,,,,,,,"World","6","Pacific Forestry Centre","1",,,,,,,,
,,,,"Beaudet, M.","1",,,,,,,,,"Biomass","5","Ministry of Forests and Range","1",,,,,,,,
,,,,"Beaulieu, J.","1",,,,,,,,,"Climatology","5","Ministére du Développement durable, de l'Environnement et des Parcs","1",,,,,,,,
,,,,"Beauregard, R.","1",,,,,,,,,"Deciduous Forest","5","Centre d'étude de la forêt, Montreal","1",,,,,,,,
,,,,"Bedford, L.","1",,,,,,,,,"Ecological Impact","5","Aix Marseille Université","1",,,,,,,,
,,,,"Belleau, A.","1",,,,,,,,,"Environmental Disturbance","5","Ecosystèmes Continentaux et Risques Environnementaux","1",,,,,,,,
,,,,"Bernier, P.Y.","1",,,,,,,,,"Experimental Study","5","TÉLUQ University","1",,,,,,,,
,,,,"Berninger, F.","1",,,,,,,,,"Forest Fire","5","Wissenschaftszentrum Weihenstephan für Ernährung, Landnutzung und Umwelt","1",,,,,,,,
,,,,"Berthiaume, R.","1",,,,,,,,,"Hexapoda","5",,,,,,,,,,
,,,,"Bilodeau-Gauthier, S.","1",,,,,,,,,"Logging (forestry)","5",,,,,,,,,,
,,,,"Bonfils, S.","1",,,,,,,,,"Ontario [Canada]","5",,,,,,,,,,
,,,,"Bose, A.K.","1",,,,,,,,,"Paludification","5",,,,,,,,,,
,,,,"Boucher, E.","1",,,,,,,,,"Picea Glauca","5",,,,,,,,,,
,,,,"Boucher, Y.","1",,,,,,,,,"Populus","5",,,,,,,,,,
,,,,"Boudreault, C.","1",,,,,,,,,"Populus Tremuloides","5",,,,,,,,,,
,,,,"Bourgeois, L.","1",,,,,,,,,"Site Preparation","5",,,,,,,,,,
,,,,"Bouthillier, L.","1",,,,,,,,,"Sustainability","5",,,,,,,,,,
,,,,"Boutin, R.","1",,,,,,,,,"Sustainable Development","5",,,,,,,,,,
,,,,"Brodeur, J.","1",,,,,,,,,"Sustainable Forest Management","5",,,,,,,,,,
,,,,"Brunet, G.","1",,,,,,,,,"Sustainable Forestry","5",,,,,,,,,,
,,,,"Bédard, S.","1",,,,,,,,,"Thinning","5",,,,,,,,,,
,,,,"Bégin, C.","1",,,,,,,,,"Vulnerability","5",,,,,,,,,,
,,,,"Bégin, Y.","1",,,,,,,,,"Wildfire","5",,,,,,,,,,
,,,,"Béland, M.","1",,,,,,,,,"Betula Pendula","4",,,,,,,,,,
,,,,"Bélanger, N.","1",,,,,,,,,"Bryophyta","4",,,,,,,,,,
,,,,"Bérubé-Deschênes, A.","1",,,,,,,,,"Decomposition","4",,,,,,,,,,
,,,,"Calmels, S.","1",,,,,,,,,"Ecosystem-based Management","4",,,,,,,,,,
,,,,"Chalifour, D.","1",,,,,,,,,"Evergreen Tree","4",,,,,,,,,,
,,,,"Coates, K.D.","1",,,,,,,,,"Forest Dynamics","4",,,,,,,,,,
,,,,"Courbin, N.","1",,,,,,,,,"Forest Harvesting","4",,,,,,,,,,
,,,,"Courtois, R.","1",,,,,,,,,"Forestry Practice","4",,,,,,,,,,
,,,,"Couturier, S.","1",,,,,,,,,"Hardwoods","4",,,,,,,,,,
,,,,"Coxson, D.","1",,,,,,,,,"Insecta","4",,,,,,,,,,
,,,,"Cumming, S.G.","1",,,,,,,,,"Interspecific Competition","4",,,,,,,,,,
,,,,"Cyr, D.","1",,,,,,,,,"Logging","4",,,,,,,,,,
,,,,"Cyr, G.","1",,,,,,,,,"Mortality","4",,,,,,,,,,
,,,,"Côté, G.","1",,,,,,,,,"Natural Regeneration","4",,,,,,,,,,
,,,,"Côté, S.","1",,,,,,,,,"Nutrition","4",,,,,,,,,,
,,,,"D'Amours, S.","1",,,,,,,,,"Plants","4",,,,,,,,,,
,,,,"Daoust, G.","1",,,,,,,,,"Productivity","4",,,,,,,,,,
,,,,"De Grandpré, L.","1",,,,,,,,,"Risk Assessment","4",,,,,,,,,,
,,,,"DesGranges, J.L.","1",,,,,,,,,"Stand Dynamics","4",,,,,,,,,,
,,,,"DesRochers, A.","1",,,,,,,,,"Succession","4",,,,,,,,,,
,,,,"Desponts, M.","1",,,,,,,,,"Timber","4",,,,,,,,,,
,,,,"Desrochers, A.","1",,,,,,,,,"Understory","4",,,,,,,,,,
,,,,"Dumais, D.","1",,,,,,,,,"Windthrow","4",,,,,,,,,,
,,,,"Dussault, C.","1",,,,,,,,,"Abies Amabilis","3",,,,,,,,,,
,,,,"Déry Bouchard, C.A.","1",,,,,,,,,"Abitibi","3",,,,,,,,,,
,,,,"Fahrig, L.","1",,,,,,,,,"Age Structure","3",,,,,,,,,,
,,,,"Fall, A.","1",,,,,,,,,"Agriculture","3",,,,,,,,,,
,,,,"Flannigan, M.","1",,,,,,,,,"Araneae","3",,,,,,,,,,
,,,,"Flannigan, M.D.","1",,,,,,,,,"Aves","3",,,,,,,,,,
,,,,"Fortier, J.","1",,,,,,,,,"Community Structure","3",,,,,,,,,,
,,,,"Fuentealba, A.","1",,,,,,,,,"Competition","3",,,,,,,,,,
,,,,"Gachet, S.","1",,,,,,,,,"Dendrochronology","3",,,,,,,,,,
,,,,"Gagnon, D.","1",,,,,,,,,"Ecological Modeling","3",,,,,,,,,,
,,,,"Gagnon, R.","1",,,,,,,,,"Ecosystem Function","3",,,,,,,,,,
,,,,"Gardiner, B.A.","1",,,,,,,,,"Fertilizer Application","3",,,,,,,,,,
,,,,"Garet, J.","1",,,,,,,,,"Forest Canopy","3",,,,,,,,,,
,,,,"Gaussiran, S.","1",,,,,,,,,"Forest Floor","3",,,,,,,,,,
,,,,"Gauthray-Guyénet, V.","1",,,,,,,,,"Forest Inventory","3",,,,,,,,,,
,,,,"Gingras, A.","1",,,,,,,,,"Growing Season","3",,,,,,,,,,
,,,,"Girardin, M.P.","1",,,,,,,,,"Growth (materials)","3",,,,,,,,,,
,,,,"Girona, M.M.","1",,,,,,,,,"Hybrid","3",,,,,,,,,,
,,,,"Greene, D.","1",,,,,,,,,"Juvenile","3",,,,,,,,,,
,,,,"Groot, A.","1",,,,,,,,,"Kalmia Angustifolia","3",,,,,,,,,,
,,,,"Guiot, J.","1",,,,,,,,,"Land Use","3",,,,,,,,,,
,,,,"Guérine, L.","1",,,,,,,,,"Landscape","3",,,,,,,,,,
,,,,"Harvey, B.","1",,,,,,,,,"Life Cycle","3",,,,,,,,,,
,,,,"Henneb, M.","1",,,,,,,,,"Light Availability","3",,,,,,,,,,
,,,,"Heym, M.","1",,,,,,,,,"Mixedwood","3",,,,,,,,,,
,,,,"Hodson, J.","1",,,,,,,,,"Natural Disturbance","3",,,,,,,,,,
,,,,"Jetté, J.P.","1",,,,,,,,,"Natural Disturbances","3",,,,,,,,,,
,,,,"Ju, J.","1",,,,,,,,,"Organic Layers","3",,,,,,,,,,
,,,,"Kranabetter, J.M.","1",,,,,,,,,"Remote Sensing","3",,,,,,,,,,
,,,,"Laamrani, A.","1",,,,,,,,,"Seedling Establishment","3",,,,,,,,,,
,,,,"Laflamme, G.","1",,,,,,,,,"Seedlings","3",,,,,,,,,,
,,,,"Lafon, F.","1",,,,,,,,,"Shrub","3",,,,,,,,,,
,,,,"Lambert, F.","1",,,,,,,,,"Silvicultural Treatments","3",,,,,,,,,,
,,,,"Lamoureux, J.","1",,,,,,,,,"Soil Organic Matter","3",,,,,,,,,,
,,,,"Larchevêque, M.","1",,,,,,,,,"Spatial Scale","3",,,,,,,,,,
,,,,"Larocque, G.R.","1",,,,,,,,,"Species Richness","3",,,,,,,,,,
,,,,"Larrivée, M.","1",,,,,,,,,"Sphagnum","3",,,,,,,,,,
,,,,"Laurent, A.B.","1",,,,,,,,,"Spider","3",,,,,,,,,,
,,,,"Lavoie, J.","1",,,,,,,,,"Structural Complexity","3",,,,,,,,,,
,,,,"Lavoie, M.","1",,,,,,,,,"Timber Harvesting","3",,,,,,,,,,
,,,,"Le Goff, H.","1",,,,,,,,,"Acari","2",,,,,,,,,,
,,,,"Le Goff, H.","1",,,,,,,,,"Adaptive Management","2",,,,,,,,,,
,,,,"LeBlanc, M.L.","1",,,,,,,,,"Afforestation","2",,,,,,,,,,
,,,,"Lecomte, N.","1",,,,,,,,,"Age Class","2",,,,,,,,,,
,,,,"Lesieur, D.","1",,,,,,,,,"Animals","2",,,,,,,,,,
,,,,"Légaré, J.P.","1",,,,,,,,,"Annual Growth","2",,,,,,,,,,
,,,,"Légaré, S.","1",,,,,,,,,"Beetle","2",,,,,,,,,,
,,,,"Légaré, S.","1",,,,,,,,,"Biodiversity Indicators","2",,,,,,,,,,
,,,,"Mailly, D.","1",,,,,,,,,"Biological Invasion","2",,,,,,,,,,
,,,,"Margni, M.","1",,,,,,,,,"Biological Materials","2",,,,,,,,,,
,,,,"Marion, J.","1",,,,,,,,,"Black Spruce Forests","2",,,,,,,,,,
,,,,"Masek, J.G.","1",,,,,,,,,"Boreal Mixedwood","2",,,,,,,,,,
,,,,"Meunier, S.","1",,,,,,,,,"Boreal Mixedwoods","2",,,,,,,,,,
,,,,"Mitchell, S.J.","1",,,,,,,,,"Canadian Boreal Forest","2",,,,,,,,,,
,,,,"Morin, M.B.","1",,,,,,,,,"Canopy Architecture","2",,,,,,,,,,
,,,,"Ménétrier, J.","1",,,,,,,,,"Carbon","2",,,,,,,,,,
,,,,"Nappi, A.","1",,,,,,,,,"Carbon Balance","2",,,,,,,,,,
