﻿Scopus refine results values

"Your query : ((TITLE-ABS-KEY((Boreal OR {James Bay} OR James-Bay OR {Clay Belt} OR {canadian shield}) AND Quebec) AND PUBYEAR > 1999 AND PUBYEAR < 2020) AND (TITLE-ABS-KEY(Forestry OR {Forest management} OR {Forest practices}) AND PUBYEAR > 1999 AND PUBYEAR < 2020) AND (TITLE-ABS-KEY(Harvest* OR Logging OR Cut OR Clear-cut  OR Clearcut OR {Clear Cut}) AND PUBYEAR > 1999 AND PUBYEAR < 2020))"


Number of results : 161

"ACCESS TYPE",,"YEAR",,"AUTHOR NAME",,"SUBJECT AREA",,"DOCUMENT TYPE",,"PUBLICATION STAGE",,"SOURCE TITLE",,"KEYWORD",,"AFFILIATION",,"FUNDING SPONSOR",,"COUNTRY",,"SOURCE TYPE",,"LANGUAGE",
"Open Access","22","2019","6","Bergeron, Y.","39","Agricultural and Biological Sciences","140","Article","146","final","161","Forest Ecology And Management","45","Canada","135","Universite du Quebec en Abitibi-Temiscamingue","57","Natural Sciences and Engineering Research Council of Canada","45","Canada","160","Journals","159","English","152"
"Other","139","2018","3","Drapeau, P.","19","Biochemistry, Genetics and Molecular Biology","3","Conference Paper","8",,,"Canadian Journal Of Forest Research","30","Boreal Forest","119","Université du Québec à Montréal","55","Fonds QuÃ©bÃ©cois de la Recherche sur la Nature et les Technologies","24","United States","6","Books","1","French","10"
,,"2017","8","Gauthier, S.","18","Chemical Engineering","1","Review","6",,,"Forestry Chronicle","17","Forestry","110","Université Laval","50","MinistÃ¨re des Ressources Naturelles et de la Faune","8","France","2","Book Series","1",,
,,"2016","5","Brais, S.","14","Chemistry","1","Book Chapter","1",,,"Silva Fennica","7","Quebec [Canada]","107","Canadian Forest Service","39","Association pour la Recherche sur les Tumeurs de la Prostate","5","Spain","2",,,,
,,"2015","9","Paré, D.","13","Decision Sciences","2",,,,,"Forests","4","Forest Management","76","Natural Resources Canada","33","Fonds de recherche du QuÃ©bec â Nature et technologies","5","Brazil","1",,,,
,,"2014","10","Harvey, B.D.","8","Engineering","1",,,,,"Biological Conservation","3","Harvesting","73","Ministère de l‘Energie et des Ressources naturelles du Québec","28","Canadian Forest Service","4","China","1",,,,
,,"2013","11","Imbeau, L.","8","Environmental Science","119",,,,,"Ecological Modelling","3","Picea Mariana","61","Le réseau de l'Université du Québec","20","MinistÃ¨re des ForÃªts, de la Faune et des Parcs","4","Netherlands","1",,,,
,,"2012","13","Leduc, A.","8","Materials Science","2",,,,,"Hydrological Processes","3","North America","48","Université du Québec à Rimouski","12","UniversitÃ© Laval","4","Norway","1",,,,
,,"2011","8","Bouchard, M.","7","Multidisciplinary","2",,,,,"Revue Des Sciences De L Eau","3","Ecosystems","45","Université du Québec à Chicoutimi","11","UniversitÃ© du QuÃ©bec en Abitibi-TÃ©miscamingue","4","Sweden","1",,,,
,,"2010","9","Boudreault, C.","7","Social Sciences","2",,,,,"Ecological Applications","2","Biodiversity","43","University of Montreal","7","Luonnontieteiden ja Tekniikan Tutkimuksen Toimikunta","3","United Kingdom","1",,,,
,,"2009","9","Messier, C.","7",,,,,,,"Ecological Indicators","2","Clearcutting","41","McGill University","6","UniversitÃ© du QuÃ©bec Ã  MontrÃ©al","3",,,,,,
,,"2008","13","Ruel, J.C.","7",,,,,,,"Ecoscience","2","Quebec","33","Conseil de recherches en sciences naturelles et en génie du Canada","6","UniversitÃ© du QuÃ©bec Ã  Rimouski","3",,,,,,
,,"2007","9","St-Laurent, M.H.","7",,,,,,,"Environmental Reviews","2","Silviculture","30","Ministère des Forêts de la Faune et des Parcs du Québec","5","Natural Resources Canada","2",,,,,,
,,"2006","8","Thiffault, E.","7",,,,,,,"Forestry","2","Picea","29","University of Toronto","5","Academy of Natural Sciences of Drexel University","1",,,,,,
,,"2005","11","Thiffault, N.","7",,,,,,,"Journal Of Hydrology","2","Coniferous Tree","28","Environment Canada","4","BioFuelNet Canada","1",,,,,,
,,"2004","9","Fortin, D.","6",,,,,,,"Landscape Ecology","2","Abies Balsamea","27","University of Saskatchewan","4","Canada Economic Development for Quebec Regions","1",,,,,,
,,"2003","6","Morin, H.","6",,,,,,,"New Forests","2","Ecology","26","Concordia University","4","Canada Foundation for Innovation","1",,,,,,
,,"2002","8","Buddle, C.M.","5",,,,,,,"Oecologia","2","Ecosystem Management","26","Ministère des Forêts de la Faune et des Parcs","3","Centre National de la Recherche Scientifique","1",,,,,,
,,"2001","2","Bélanger, N.","5",,,,,,,"Plos One","2","Fires","26","Ministère des Forêts","3","Connecting Europe Facility","1",,,,,,
,,"2000","4","Courtois, R.","5",,,,,,,"Soil Science Society Of America Journal","2","Logging (timber)","26","Great Lakes Forestry Centre","3","Fondation de lâUniversitÃ© du QuÃ©bec en Abitibi-TÃ©miscamingue","1",,,,,,
,,,,"Fenton, N.J.","5",,,,,,,"Applied Vegetation Science","1","Reforestation","25","University of Northern British Columbia","3","Fonds Québécois de la Recherche sur la Nature et les Technologies","1",,,,,,
,,,,"Plamondon, A.P.","5",,,,,,,"Auk","1","Boreal Forests","24","Simon Fraser University","3","McGill University","1",,,,,,
,,,,"Pothier, D.","5",,,,,,,"Avian Conservation And Ecology","1","Regeneration","24","University of Alberta","3","Ministry of Natural Resources","1",,,,,,
,,,,"Potvin, F.","5",,,,,,,"Biodiversity And Conservation","1","Coniferous Forest","22","Institut National de la Recherche Scientifique","3","MinistÃ¨re de l'Ãcologie, du DÃ©veloppement Durable et de l'Ãnergie","1",,,,,,
,,,,"Prévost, M.","5",,,,,,,"Canadian Entomologist","1","Logging","22","Centre d'étude de la forêt, Montreal","3","MinistÃ¨re de l'Ãconomie, de lâInnovation et des Exportations du QuÃ©bec","1",,,,,,
,,,,"Raulier, F.","5",,,,,,,"Canadian Journal Of Botany","1","Forests","21","Soc. la Faune et des Parcs du Que.","2","Ministère des Forêts, de la Faune et des Parcs","1",,,,,,
,,,,"Auger, I.","4",,,,,,,"Diversity And Distributions","1","Soils","20","Centre d’étude de la forêt","2","Mitacs","1",,,,,,
,,,,"Bélanger, L.","4",,,,,,,"Ecology And Society","1","Black Spruce","19","Universite de Moncton","2","National Institute of Food and Agriculture","1",,,,,,
,,,,"Desrochers, A.","4",,,,,,,"European Journal Of Forest Research","1","Logging (forestry)","19","The University of British Columbia","2","Networks of Centres of Excellence of Canada","1",,,,,,
,,,,"Dussault, C.","4",,,,,,,"Forest Ecosystems","1","Stand Structure","19","Université de Sherbrooke","2","Schweizerischer Nationalfonds zur Förderung der Wissenschaftlichen Forschung","1",,,,,,
,,,,"Hébert, C.","4",,,,,,,"Forest Products Journal","1","Disturbance","18","Carleton University","2","Tembec","1",,,,,,
,,,,"Kneeshaw, D.","4",,,,,,,"Forest Science","1","Environmental Disturbance","17","Université du Québec en Outaouais","2","U.S. Department of Agriculture","1",,,,,,
,,,,"Krause, C.","4",,,,,,,"Hydrobiologia","1","Pinus Banksiana","15","McGill University, Macdonald Campus","2","U.S. Fish and Wildlife Service","1",,,,,,
,,,,"Lévesque, D.","4",,,,,,,"International Journal Of Wildland Fire","1","Old-growth Forest","14","Centre Saint-Laurent","1","U.S. Geological Survey","1",,,,,,
,,,,"Valeria, O.","4",,,,,,,"J For","1","Abies","13","Institut Québécois d'Aménagement de la Forêt Feuillue IQAFF","1","University of Maine","1",,,,,,
,,,,"Boucher, Y.","3",,,,,,,"Journal Of Applied Entomology","1","Aves","13","Service canadien de la faune","1","Université du Québec à Montréal","1",,,,,,
,,,,"Dussault, C.","3",,,,,,,"Journal Of Economic Entomology","1","Fire","13","Bureau du Forestier en Chef du Québec","1","World Wildlife Fund","1",,,,,,
,,,,"Fall, A.","3",,,,,,,"Journal Of Forest Research","1","Forest Fire","13","Centre d'Enseignement et de Recherche en Foresterie de Sainte-Foy Inc. CERFO","1","Undefined","103",,,,,,
,,,,"Fenton, N.","3",,,,,,,"Journal Of Vegetation Science","1","Growth Rate","13","Centre d'études nordiques","1",,,,,,,,
,,,,"Ferron, J.","3",,,,,,,"Journal Of Wildlife Management","1","Vegetation","13","Bureau du Forestier en Chef","1",,,,,,,,
,,,,"Fortin, M.J.","3",,,,,,,"Northeastern Naturalist","1","Coniferophyta","12","B.C. Forest Service","1",,,,,,,,
,,,,"Gagnon, R.","3",,,,,,,"Studies In Avian Biology","1","Populus Tremuloides","12","Centre d’étude de la forêt CEF","1",,,,,,,,
,,,,"Greene, D.F.","3",,,,,,,"Wilson Journal Of Ornithology","1","Timber Harvesting","12","Ecl. Sup. d'Agriculture de Purpan","1",,,,,,,,
,,,,"Huot, J.","3",,,,,,,"Woodlands Ecology Management And Conservation","1","Conservation","11","445 Boul. de l'Université","1",,,,,,,,
,,,,"Jobidon, R.","3",,,,,,,,,"Forest Fires","11","Fiducie de recherche sur la forêt des Cantons-de-l'Est/Eastern Townships Forest Research Trust","1",,,,,,,,
,,,,"Kneeshaw, D.D.","3",,,,,,,,,"Forest Harvesting","11","Aqua-Berge Inc.","1",,,,,,,,
,,,,"Mazerolle, M.J.","3",,,,,,,,,"Habitat Use","11","Forest Sciences Centre of Catalonia CTFC-CEMFOR","1",,,,,,,,
,,,,"Munson, A.D.","3",,,,,,,,,"Stand Dynamics","11","NSERC-UQAT-UQAM","1",,,,,,,,
,,,,"Ouellet, J.P.","3",,,,,,,,,"Bryophyta","10","Ministère des Forêts","1",,,,,,,,
,,,,"Pinel-Alloul, B.","3",,,,,,,,,"Choristoneura Fumiferana","10","Institut des Sciences de la Forêt tempérée ISFORT","1",,,,,,,,
,,,,"Saint-Germain, M.","3",,,,,,,,,"Community Structure","10","Ministère de l'économie et de l'Innovation","1",,,,,,,,
,,,,"Splawinski, T.B.","3",,,,,,,,,"Plantation Forestry","10","Universidade Estadual do Maranhao","1",,,,,,,,
,,,,"Tremblay, J.P.","3",,,,,,,,,"Plants (botany)","10","Mount Saint Vincent University","1",,,,,,,,
,,,,"Work, T.T.","3",,,,,,,,,"Species Diversity","10","University of Arkansas - Fayetteville","1",,,,,,,,
,,,,"Anyomi, K.A.","2",,,,,,,,,"Succession","10","University of Maine","1",,,,,,,,
,,,,"Arseneault, D.","2",,,,,,,,,"Wildfire","10","The University of Arizona","1",,,,,,,,
,,,,"Bauce, E.","2",,,,,,,,,"Abundance","9","Ontario Ministry of Natural Resources","1",,,,,,,,
,,,,"Berthiaume, R.","2",,,,,,,,,"Biomass","9","United States Geological Survey","1",,,,,,,,
,,,,"Bertrand, N.","2",,,,,,,,,"Climate Change","9","Norges Teknisk-Naturvitenskapelige Universitet","1",,,,,,,,
,,,,"Bescond, H.","2",,,,,,,,,"Dead Wood","9","Universidade Federal do Maranhao","1",,,,,,,,
,,,,"Bourgeois, L.","2",,,,,,,,,"Mortality","9","Alberta Research Council","1",,,,,,,,
,,,,"Béland, M.","2",,,,,,,,,"Seed","9","Alcan","1",,,,,,,,
,,,,"Courbin, N.","2",,,,,,,,,"Soil","9","Chinese Academy of Sciences","1",,,,,,,,
,,,,"Coxson, D.","2",,,,,,,,,"Species Richness","9","Humboldt State University","1",,,,,,,,
,,,,"Côté, S.D.","2",,,,,,,,,"Thinning","9","West Virginia University","1",,,,,,,,
,,,,"Darveau, M.","2",,,,,,,,,"Timber","9","Université du Québec à Trois-Rivières","1",,,,,,,,
,,,,"Dumais, D.","2",,,,,,,,,"Animals","8","Netherlands Institute of Ecology","1",,,,,,,,
,,,,"Déchêne, A.D.","2",,,,,,,,,"Deciduous Forest","8","University of Oxford","1",,,,,,,,
,,,,"Fahrig, L.","2",,,,,,,,,"Deciduous Tree","8","Sveriges lantbruksuniversitet","1",,,,,,,,
,,,,"Girona, M.M.","2",,,,,,,,,"Deer","8","Universidad Complutense de Madrid","1",,,,,,,,
,,,,"Haeussler, S.","2",,,,,,,,,"Experimental Study","8","Universidad Politécnica de Madrid","1",,,,,,,,
,,,,"Hodson, J.","2",,,,,,,,,"Forest Ecosystem","8","University of Regina","1",,,,,,,,
,,,,"Hébert, F.","2",,,,,,,,,"Mixed Forest","8","Northern Forestry Centre","1",,,,,,,,
,,,,"Jutras, S.","2",,,,,,,,,"Picea Glauca","8","McMaster University","1",,,,,,,,
,,,,"Larrivée, M.","2",,,,,,,,,"Sustainable Forest Management","8","Pacific Forestry Centre","1",,,,,,,,
,,,,"LeBlanc, M.L.","2",,,,,,,,,"Sustainable Forestry","8","University of Wisconsin-Madison","1",,,,,,,,
,,,,"Munson, A.","2",,,,,,,,,"Abitibi","7","Ministry of Forests and Range","1",,,,,,,,
,,,,"Nguyen-Xuan, T.","2",,,,,,,,,"Animalia","7","Université de Montpellier","1",,,,,,,,
,,,,"Plourde, P.Y.","2",,,,,,,,,"Anthropogenic Effect","7","TÉLUQ University","1",,,,,,,,
,,,,"Rochon, P.","2",,,,,,,,,"Balsam Fir","7","Lallemand Animal Nutrition- North America","1",,,,,,,,
,,,,"Rossi, S.","2",,,,,,,,,"Birds","7",,,,,,,,,,
,,,,"Rousseau, A.N.","2",,,,,,,,,"Black Spruce Forests","7",,,,,,,,,,
,,,,"Savard, J.P.L.","2",,,,,,,,,"Coleoptera","7",,,,,,,,,,
,,,,"Sirois, L.","2",,,,,,,,,"Ecological Impact","7",,,,,,,,,,
,,,,"Stevenson, S.","2",,,,,,,,,"Forestry Production","7",,,,,,,,,,
,,,,"Tremblay, Y.","2",,,,,,,,,"Habitat Fragmentation","7",,,,,,,,,,
,,,,"Yamasaki, S.H.","2",,,,,,,,,"Habitat Selection","7",,,,,,,,,,
,,,,"Achim, A.","1",,,,,,,,,"Hexapoda","7",,,,,,,,,,
,,,,"Aku, P.M.K.","1",,,,,,,,,"Lakes","7",,,,,,,,,,
,,,,"Ali, A.A.","1",,,,,,,,,"Ontario [Canada]","7",,,,,,,,,,
,,,,"Angers, V.A.","1",,,,,,,,,"Paludification","7",,,,,,,,,,
,,,,"Anyomi, K.","1",,,,,,,,,"Populus","7",,,,,,,,,,
,,,,"Aquilué, N.","1",,,,,,,,,"Recruitment (population Dynamics)","7",,,,,,,,,,
,,,,"Asselin, H.","1",,,,,,,,,"Trees","7",,,,,,,,,,
,,,,"Aubin, I.","1",,,,,,,,,"Understory","7",,,,,,,,,,
,,,,"Aubé, D.","1",,,,,,,,,"Watersheds","7",,,,,,,,,,
,,,,"Bachand, M.","1",,,,,,,,,"Wood","7",,,,,,,,,,
,,,,"Barrette, J.","1",,,,,,,,,"Ecosystem Resilience","6",,,,,,,,,,
,,,,"Beauchesne, D.","1",,,,,,,,,"Forest Floor","6",,,,,,,,,,
,,,,"Beauchesne, P.","1",,,,,,,,,"Growth","6",,,,,,,,,,
,,,,"Beaudet, M.","1",,,,,,,,,"Growth Response","6",,,,,,,,,,
,,,,"Bedford, L.","1",,,,,,,,,"Habitat Quality","6",,,,,,,,,,
,,,,"Belanger, L.","1",,,,,,,,,"Lichen","6",,,,,,,,,,
,,,,"Belle-Isle, J.","1",,,,,,,,,"Nutrition","6",,,,,,,,,,
,,,,"Belleau, A.","1",,,,,,,,,"Plants","6",,,,,,,,,,
,,,,"Bernier, P.","1",,,,,,,,,"Scarification","6",,,,,,,,,,
,,,,"Boiffin, J.","1",,,,,,,,,"Seedling","6",,,,,,,,,,
,,,,"Bois, G.","1",,,,,,,,,"Snag","6",,,,,,,,,,
,,,,"Bonfils, S.","1",,,,,,,,,"Survival","6",,,,,,,,,,
,,,,"Bose, A.","1",,,,,,,,,"Sustainability","6",,,,,,,,,,
,,,,"Bose, A.K.","1",,,,,,,,,"Water Sheds","6",,,,,,,,,,
,,,,"Boucher, D.","1",,,,,,,,,"Windthrow","6",,,,,,,,,,
,,,,"Boucher, J.F.","1",,,,,,,,,"Age Structure","5",,,,,,,,,,
,,,,"Boulet, M.","1",,,,,,,,,"Article","5",,,,,,,,,,
,,,,"Bouthillier, L.","1",,,,,,,,,"Basal Area","5",,,,,,,,,,
,,,,"Bradley, R.","1",,,,,,,,,"Beetle","5",,,,,,,,,,
,,,,"Breton, L.","1",,,,,,,,,"Betula Pendula","5",,,,,,,,,,
,,,,"Brodeur, J.","1",,,,,,,,,"Bird","5",,,,,,,,,,
,,,,"Bédard, S.","1",,,,,,,,,"Carbon","5",,,,,,,,,,
,,,,"Bélanger, S.","1",,,,,,,,,"Climatology","5",,,,,,,,,,
,,,,"Bélisle, A.C.","1",,,,,,,,,"Comparative Study","5",,,,,,,,,,
,,,,"Cadieux, P.","1",,,,,,,,,"Conservation Management","5",,,,,,,,,,
,,,,"Calmels, S.","1",,,,,,,,,"Cutting","5",,,,,,,,,,
,,,,"Camiré, C.","1",,,,,,,,,"Decomposition","5",,,,,,,,,,
,,,,"Cardou, F.","1",,,,,,,,,"Dendrochronology","5",,,,,,,,,,
,,,,"Carignan, R.","1",,,,,,,,,"Ecosystem-based Management","5",,,,,,,,,,
,,,,"Celentano, D.","1",,,,,,,,,"Fire Behavior","5",,,,,,,,,,
,,,,"Chazalmartin, F.","1",,,,,,,,,"Foraging Behavior","5",,,,,,,,,,
,,,,"Cheng, L.Z.","1",,,,,,,,,"Forest","5",,,,,,,,,,
,,,,"Chion, C.","1",,,,,,,,,"Forestry Practice","5",,,,,,,,,,
,,,,"Coates, K.D.","1",,,,,,,,,"Hardwoods","5",,,,,,,,,,
,,,,"Correia, D.L.P.","1",,,,,,,,,"Home Range","5",,,,,,,,,,
,,,,"Courtois, R.","1",,,,,,,,,"Human Activity","5",,,,,,,,,,
,,,,"Couturier, S.","1",,,,,,,,,"Jack Pine","5",,,,,,,,,,
,,,,"Crête, M.","1",,,,,,,,,"Lepus Americanus","5",,,,,,,,,,
,,,,"Cumming, S.G.","1",,,,,,,,,"Moss","5",,,,,,,,,,
,,,,"Cyr, D.","1",,,,,,,,,"Multivariate Analysis","5",,,,,,,,,,
,,,,"Cyr, D.","1",,,,,,,,,"Natural Regeneration","5",,,,,,,,,,
,,,,"Côté, G.","1",,,,,,,,,"Nutrient Availability","5",,,,,,,,,,
,,,,"Côté, M.","1",,,,,,,,,"Partial Cuts","5",,,,,,,,,,
,,,,"Côté, P.","1",,,,,,,,,"Physiology","5",,,,,,,,,,
,,,,"D'Amours, S.","1",,,,,,,,,"Population Distribution","5",,,,,,,,,,
,,,,"Daigle, L.F.","1",,,,,,,,,"Rodent","5",,,,,,,,,,
,,,,"Darmon, G.","1",,,,,,,,,"Salvage Logging","5",,,,,,,,,,
,,,,"De Bellefeuille, S.","1",,,,,,,,,"Sphagnum","5",,,,,,,,,,
,,,,"DeBlois, J.","1",,,,,,,,,"Sustainable Development","5",,,,,,,,,,
,,,,"DeGrandpré, L.","1",,,,,,,,,"Tree","5",,,,,,,,,,
,,,,"DesRochers, A.","1",,,,,,,,,"Trembling Aspen","5",,,,,,,,,,
,,,,"Deshaies, O.","1",,,,,,,,,"Water Quality","5",,,,,,,,,,
,,,,"Desponts, M.","1",,,,,,,,,"Western Hemisphere","5",,,,,,,,,,
,,,,"Desrochers, A.","1",,,,,,,,,"World","5",,,,,,,,,,
,,,,"Didion, M.","1",,,,,,,,,"Abies Amabilis","4",,,,,,,,,,
,,,,"Drouin, P.","1",,,,,,,,,"Agriculture","4",,,,,,,,,,
,,,,"Duchesne, L.","1",,,,,,,,,"Alnus","4",,,,,,,,,,
,,,,"Duhaime, L.","1",,,,,,,,,"Avifauna","4",,,,,,,,,,
,,,,"El-Guellab, A.","1",,,,,,,,,"Betula Papyrifera","4",,,,,,,,,,
,,,,"Faille, G.","1",,,,,,,,,"Black Spruce Boreal Forests","4",,,,,,,,,,
,,,,"Fauteux, D.","1",,,,,,,,,"Canadian Boreal Forest","4",,,,,,,,,,
,,,,"Filotas, É.","1",,,,,,,,,"Canidae","4",,,,,,,,,,
,,,,"Fortier, J.","1",,,,,,,,,"Cerambycidae","4",,,,,,,,,,
