﻿Scopus refine results values

"Your query : ((TITLE-ABS-KEY((Boreal OR {James Bay} OR James-Bay OR {Clay Belt} OR {canadian shield}) AND Quebec) AND PUBYEAR > 1999 AND PUBYEAR < 2020) AND (TITLE-ABS-KEY(Forestry OR {Forest management} OR {Forest practices}) AND PUBYEAR > 1999 AND PUBYEAR < 2020) AND (TITLE-ABS-KEY(weather OR   Season* OR meteo*) AND PUBYEAR > 1999 AND PUBYEAR < 2020))"


Number of results : 69

"ACCESS TYPE",,"YEAR",,"AUTHOR NAME(filtered by 搜索结果数)",,"SUBJECT AREA(filtered by Alphabet)",,"DOCUMENT TYPE",,"PUBLICATION STAGE",,"SOURCE TITLE(filtered by 搜索结果数)",,"KEYWORD(filtered by 搜索结果数)",,"AFFILIATION",,"FUNDING SPONSOR",,"COUNTRY(filtered by 搜索结果数)",,"SOURCE TYPE",,"LANGUAGE(filtered by 搜索结果数)",
"Open Access","7","2019","5","Bergeron, Y.","22","Agricultural and Biological Sciences","50","Article","62","final","69","Canadian Journal Of Forest Research","16","Forestry","57","Universite du Quebec en Abitibi-Temiscamingue","22","Natural Sciences and Engineering Research Council of Canada","20","Canada","67","Journals","68","English","67"
"Other","62","2018","4","Morin, H.","7","Biochemistry, Genetics and Molecular Biology","5","Conference Paper","4",,,"Forest Ecology And Management","10","Canada","56","Canadian Forest Service","22","Fonds QuÃ©bÃ©cois de la Recherche sur la Nature et les Technologies","9","United States","6","Conference Proceedings","1","French","2"
,,"2017","2","Deslauriers, A.","6","Computer Science","1","Review","3",,,"Forestry Chronicle","5","Boreal Forest","48","Université du Québec à Montréal","22","Canada Foundation for Innovation","3","France","4",,,,
,,"2016","6","Arseneault, D.","5","Earth and Planetary Sciences","6",,,,,"Trees Structure And Function","3","Quebec [Canada]","45","Université Laval","21","Association pour la Recherche sur les Tumeurs de la Prostate","2","Italy","3",,,,
,,"2015","2","Gauthier, S.","5","Environmental Science","53",,,,,"Applied Geochemistry","2","North America","22","Natural Resources Canada","12","Environment Canada","2","China","2",,,,
,,"2014","4","Houle, D.","5","Medicine","1",,,,,"Canadian Journal Of Botany","2","Climate Change","21","Université du Québec à Chicoutimi","10","Fondation de lâUniversitÃ© du QuÃ©bec en Abitibi-TÃ©miscamingue","2","Finland","2",,,,
,,"2013","3","Rossi, S.","5","Multidisciplinary","1",,,,,"Ecological Applications","2","Picea Mariana","19","Ministère de l‘Energie et des Ressources naturelles du Québec","10","Fonds de recherche du QuÃ©bec â Nature et technologies","2","Sweden","2",,,,
,,"2012","5","Drapeau, P.","4","Pharmacology, Toxicology and Pharmaceutics","1",,,,,"Ecological Modelling","2","Forest Management","16","Université du Québec à Rimouski","8","MinistÃ¨re des ForÃªts, de la Faune et des Parcs","2","Belgium","1",,,,
,,"2011","3","Flannigan, M.D.","4",,,,,,,"Environmental Monitoring And Assessment","2","Boreal Forests","14","Environment Canada","5","Tembec","2","Mexico","1",,,,
,,"2010","5","Girardin, M.P.","4",,,,,,,"Forest Science","2","Quebec","14","Le réseau de l'Université du Québec","5","UniversitÃ© du QuÃ©bec Ã  MontrÃ©al","2","Norway","1",,,,
,,"2009","2","Berninger, F.","3",,,,,,,"Hydrological Processes","2","Abies Balsamea","13","Great Lakes Forestry Centre","5","Academy of Natural Sciences of Drexel University","1",,,,,,
,,"2008","4","Bouchard, M.","3",,,,,,,"New Forests","2","Ecosystems","12","University of Winnipeg","4","AcadÃ©mie de recherche et d'enseignement supÃ©rieur","1",,,,,,
,,"2007","5","Brais, S.","3",,,,,,,"American Journal Of Botany","1","Seasonal Variation","12","Hydro-Quebec","3","Canada Economic Development for Quebec Regions","1",,,,,,
,,"2006","2","Duchesne, L.","3",,,,,,,"Annals Of Forest Science","1","Climatology","11","Conseil de recherches en sciences naturelles et en génie du Canada","3","Canada Research Chairs","1",,,,,,
,,"2005","4","Flannigan, M.","3",,,,,,,"Auk","1","Coniferous Tree","11","University of Alberta","3","Canadian Forest Service","1",,,,,,
,,"2004","4","Gagnon, C.","3",,,,,,,"Biological Conservation","1","Forests","11","Institut National de la Recherche Scientifique","3","European Commission","1",,,,,,
,,"2003","5","Messier, C.","3",,,,,,,"Canadian Water Resources Journal","1","Picea","11","Consortium Ouranos, Canada","3","Fonds Québécois de la Recherche sur la Nature et les Technologies","1",,,,,,
,,"2002","2","Paré, D.","3",,,,,,,"Environmental Pollution","1","Growing Season","10","Ministère des Forêts de la Faune et des Parcs","2","Health Canada","1",,,,,,
,,"2001","2","Thiffault, N.","3",,,,,,,"Environnement Risques Et Sante","1","Meteorology","10","Università degli Studi di Padova","2","Institute of Infection and Immunity","1",,,,,,
,,,,"Angers, V.A.","2",,,,,,,"Forests","1","Abies","8","Helsingin Yliopisto","2","Ministry of Natural Resources","1",,,,,,
,,,,"Asselin, H.","2",,,,,,,"Global And Planetary Change","1","Dendrochronology","8","University of Montreal","2","MinistÃ¨re de l'Ãconomie, de lâInnovation et des Exportations du QuÃ©bec","1",,,,,,
,,,,"Bégin, C.","2",,,,,,,"Houille Blanche","1","Fires","8","Universite de Moncton","2","MinistÃ¨re de l'Ãnergie et des Ressources Naturelles","1",,,,,,
,,,,"Bégin, Y.","2",,,,,,,"Hydrobiologia","1","Forest Fire","8","Centre Européen de Recherche et d'Enseignement des Géosciences de l'Environnement","2","MinistÃ¨re des Ressources Naturelles et de la Faune","1",,,,,,
,,,,"Béland, M.","2",,,,,,,"International Geoscience And Remote Sensing Symposium IGARSS","1","Growth Rate","8","Geological Survey of Canada","2","National Aeronautics and Space Administration","1",,,,,,
,,,,"Bélanger, L.","2",,,,,,,"International Journal Of Wildland Fire","1","Harvesting","8","Chinese Academy of Sciences","2","National Science Foundation","1",,,,,,
,,,,"Courtois, R.","2",,,,,,,"Journal Of Geophysical Research Atmospheres","1","Temperature","8","Université du Québec en Outaouais","2","Norges ForskningsrÃ¥d","1",,,,,,
,,,,"Cumming, S.G.","2",,,,,,,"Journal Of Hydrology","1","Phenology","7","Sveriges lantbruksuniversitet","2","SNS Nordic Forest Research","1",,,,,,
,,,,"DesRochers, A.","2",,,,,,,"Plos One","1","Plants (botany)","7","INRS- Centre Eau, Terre &amp; Environnement","2","Schweizerischer Nationalfonds zur Förderung der Wissenschaftlichen Forschung","1",,,,,,
,,,,"Drobyshev, I.","2",,,,,,,"Remote Sensing","1","Soils","7","Concordia University","2","Swedish Foundation for International Cooperation in Research and Higher Education","1",,,,,,
,,,,"Dussault, C.","2",,,,,,,"Science Of The Total Environment","1","Survival","7","Centre d'étude de la forêt, Montreal","2","UniversitÃ© du QuÃ©bec en Abitibi-TÃ©miscamingue","1",,,,,,
,,,,"Guiot, J.","2",,,,,,,"Silva Fennica","1","Trees","7","Ministère des Forêts de la Faune et des Parcs du Québec","1","Undefined","41",,,,,,
,,,,"Huang, J.G.","2",,,,,,,,,"Article","6","Ministère des Forêts","1",,,,,,,,
,,,,"Imbeau, L.","2",,,,,,,,,"Biodiversity","6","Centre d’étude de la forêt CEF","1",,,,,,,,
,,,,"Leduc, A.","2",,,,,,,,,"Black Spruce","6","Ecl. Sup. d'Agriculture de Purpan","1",,,,,,,,
,,,,"Lévesque, D.","2",,,,,,,,,"Coniferous Forest","6","Direction de la Recherche Forestire","1",,,,,,,,
,,,,"Marty, C.","2",,,,,,,,,"Ecology","6","Institut National de l'Information Géographique et Forestière","1",,,,,,,,
,,,,"Miquelajauregui, Y.","2",,,,,,,,,"Fire","6","Ministère des Forêts","1",,,,,,,,
,,,,"Nicault, A.","2",,,,,,,,,"Hexapoda","6","Archeobois","1",,,,,,,,
,,,,"Plamondon, A.P.","2",,,,,,,,,"Picea Glauca","6","Cégep de l’Abitibi-Témiscamingue College of Abitibi-Témiscamingue","1",,,,,,,,
,,,,"Rousseau, A.N.","2",,,,,,,,,"Precipitation (meteorology)","6","Ministère des Forêts","1",,,,,,,,
,,,,"Tardif, J.","2",,,,,,,,,"Snow","6","Universite de Liege","1",,,,,,,,
,,,,"Tardif, J.C.","2",,,,,,,,,"Vegetation","6","McGill University","1",,,,,,,,
,,,,"Wotton, B.M.","2",,,,,,,,,"Climate","5","USDA Forest Service","1",,,,,,,,
,,,,"Alfaro, R.","1",,,,,,,,,"Climate Effect","5","Center for Ocean-Land-Atmosphere Studies","1",,,,,,,,
,,,,"Aubé, D.","1",,,,,,,,,"Climates","5","University of Arkansas - Fayetteville","1",,,,,,,,
,,,,"Augustin, F.","1",,,,,,,,,"Computer Simulation","5","University of Manitoba","1",,,,,,,,
,,,,"Barrette, M.","1",,,,,,,,,"Deciduous Tree","5","The University of Arizona","1",,,,,,,,
,,,,"Bauce, E.","1",,,,,,,,,"Drought","5","The University of British Columbia","1",,,,,,,,
,,,,"Beaulieu, J.","1",,,,,,,,,"Forest Fires","5","University of Northern British Columbia","1",,,,,,,,
,,,,"Begin, Y.","1",,,,,,,,,"Forestry Production","5","University at Albany","1",,,,,,,,
,,,,"Belien, E.","1",,,,,,,,,"Nitrogen","5","Université de Sherbrooke","1",,,,,,,,
,,,,"Belleau, A.","1",,,,,,,,,"Pinus Banksiana","5","University of Toronto","1",,,,,,,,
,,,,"Bordeleau, S.","1",,,,,,,,,"Rain","5","Università degli Studi di Napoli Federico II","1",,,,,,,,
,,,,"Boreux, J.J.","1",,,,,,,,,"Reforestation","5","Polytechnique Montréal","1",,,,,,,,
,,,,"Boucher, E.","1",,,,,,,,,"Regression Analysis","5","Norwegian Institute for Nature Research","1",,,,,,,,
,,,,"Bouchon, E.","1",,,,,,,,,"Taiga","5","University of Virginia","1",,,,,,,,
,,,,"Boudreault, C.","1",,,,,,,,,"Tree Ring","5","Northern Forestry Centre","1",,,,,,,,
,,,,"Boutin, R.","1",,,,,,,,,"Western Hemisphere","5","Università Politecnica delle Marche","1",,,,,,,,
,,,,"Busque, D.","1",,,,,,,,,"World","5","Pacific Forestry Centre","1",,,,,,,,
,,,,"Bussières, N.","1",,,,,,,,,"Anatomy","4","Universidad Nacional Autónoma de México","1",,,,,,,,
,,,,"Bélisle, A.C.","1",,,,,,,,,"Balsam Fir","4","Government of Yukon","1",,,,,,,,
,,,,"Calmels, S.","1",,,,,,,,,"Choristoneura Fumiferana","4","Aix Marseille Université","1",,,,,,,,
,,,,"Camiré, C.","1",,,,,,,,,"Clearcutting","4","Ecosystèmes Continentaux et Risques Environnementaux","1",,,,,,,,
,,,,"Carrer, M.","1",,,,,,,,,"Defoliation","4","TÉLUQ University","1",,,,,,,,
,,,,"Chalifour, D.","1",,,,,,,,,"Ecosystem Management","4","Woods Hole Research Center","1",,,,,,,,
,,,,"Chazalmartin, F.","1",,,,,,,,,"Environmental Monitoring","4",,,,,,,,,,
,,,,"Correia, D.L.P.","1",,,,,,,,,"Evergreen Tree","4",,,,,,,,,,
,,,,"Courchesne, F.","1",,,,,,,,,"Fire Hazards","4",,,,,,,,,,
,,,,"Couture, S.","1",,,,,,,,,"Fire History","4",,,,,,,,,,
,,,,"Cyr, D.","1",,,,,,,,,"Forest","4",,,,,,,,,,
,,,,"Côté, B.","1",,,,,,,,,"Forest Canopy","4",,,,,,,,,,
,,,,"Daoust, G.","1",,,,,,,,,"Growth","4",,,,,,,,,,
,,,,"De Barba, D.","1",,,,,,,,,"Growth Response","4",,,,,,,,,,
,,,,"De Grandpré, L.","1",,,,,,,,,"Hydrology","4",,,,,,,,,,
,,,,"De Sève, D.","1",,,,,,,,,"Logging (timber)","4",,,,,,,,,,
,,,,"Denneler, B.","1",,,,,,,,,"Plantation Forestry","4",,,,,,,,,,
,,,,"DesGranges, J.L.","1",,,,,,,,,"Populus Tremuloides","4",,,,,,,,,,
,,,,"Desrochers, A.","1",,,,,,,,,"Precipitation (climatology)","4",,,,,,,,,,
,,,,"Desrochers, A.","1",,,,,,,,,"Reconstruction","4",,,,,,,,,,
,,,,"Drolet, G.","1",,,,,,,,,"Regeneration","4",,,,,,,,,,
,,,,"Dy, G.","1",,,,,,,,,"Risk Assessment","4",,,,,,,,,,
,,,,"D’Orangeville, L.","1",,,,,,,,,"Silviculture","4",,,,,,,,,,
,,,,"Faille, G.","1",,,,,,,,,"Sustainable Development","4",,,,,,,,,,
,,,,"Filotas, É.","1",,,,,,,,,"Sustainable Forest Management","4",,,,,,,,,,
,,,,"Fleming, R.A.","1",,,,,,,,,"Woodland","4",,,,,,,,,,
,,,,"Fortin, D.","1",,,,,,,,,"Xylem","4",,,,,,,,,,
,,,,"Froment, I.","1",,,,,,,,,"Abies Amabilis","3",,,,,,,,,,
,,,,"Fuentealba, A.","1",,,,,,,,,"Abundance","3",,,,,,,,,,
,,,,"Gaussiran, S.","1",,,,,,,,,"Atmospheric Deposition","3",,,,,,,,,,
,,,,"Gewehr, S.","1",,,,,,,,,"Atmospheric Temperature","3",,,,,,,,,,
,,,,"Gingras, A.","1",,,,,,,,,"Biology","3",,,,,,,,,,
,,,,"Gnocchini, M.","1",,,,,,,,,"Bryophyta","3",,,,,,,,,,
,,,,"Grant, R.F.","1",,,,,,,,,"Bud Burst","3",,,,,,,,,,
,,,,"Gravel, D.","1",,,,,,,,,"Catchments","3",,,,,,,,,,
,,,,"Greene, D.","1",,,,,,,,,"Climate Warming","3",,,,,,,,,,
,,,,"Grondin, P.","1",,,,,,,,,"Coniferophyta","3",,,,,,,,,,
,,,,"Guillemette, T.","1",,,,,,,,,"Cytology","3",,,,,,,,,,
,,,,"Hall, R.J.","1",,,,,,,,,"Deer","3",,,,,,,,,,
,,,,"Harvey, B.D.","1",,,,,,,,,"Environmental Factor","3",,,,,,,,,,
,,,,"Hausmann, S.","1",,,,,,,,,"Fire Risk","3",,,,,,,,,,
,,,,"Heinrichs, D.K.","1",,,,,,,,,"Forest Harvesting","3",,,,,,,,,,
,,,,"Hofgaard, A.","1",,,,,,,,,"Growth Kinetics","3",,,,,,,,,,
,,,,"Hély, C.","1",,,,,,,,,"Jack Pine","3",,,,,,,,,,
,,,,"Innes, J.L.","1",,,,,,,,,"Lake Duparquet","3",,,,,,,,,,
,,,,"James, P.M.A.","1",,,,,,,,,"Lakes","3",,,,,,,,,,
,,,,"Jobidon, R.","1",,,,,,,,,"Latitudinal Gradient","3",,,,,,,,,,
,,,,"Jutras, S.","1",,,,,,,,,"Moth","3",,,,,,,,,,
,,,,"Khare, S.","1",,,,,,,,,"Nonhuman","3",,,,,,,,,,
,,,,"Kneeshaw, D.","1",,,,,,,,,"Numerical Model","3",,,,,,,,,,
,,,,"Larchevêque, M.","1",,,,,,,,,"Pest Outbreak","3",,,,,,,,,,
,,,,"Larocque, G.R.","1",,,,,,,,,"Physiology","3",,,,,,,,,,
,,,,"Lauzon, E.","1",,,,,,,,,"Plants","3",,,,,,,,,,
,,,,"Le Goff, H.","1",,,,,,,,,"Populus","3",,,,,,,,,,
,,,,"Le Goff, H.","1",,,,,,,,,"Productivity","3",,,,,,,,,,
,,,,"Lefort, P.","1",,,,,,,,,"Risk Perception","3",,,,,,,,,,
,,,,"Lieffers, V.J.","1",,,,,,,,,"Runoff","3",,,,,,,,,,
,,,,"Lupi, C.","1",,,,,,,,,"Scarification","3",,,,,,,,,,
,,,,"Lycke, A.","1",,,,,,,,,"Seasons","3",,,,,,,,,,
,,,,"Major, M.","1",,,,,,,,,"Seedling","3",,,,,,,,,,
,,,,"Marion, J.","1",,,,,,,,,"Snow Water Equivalent","3",,,,,,,,,,
,,,,"Martell, D.L.","1",,,,,,,,,"Softwoods","3",,,,,,,,,,
,,,,"Mazerolle, M.J.","1",,,,,,,,,"Soil Moisture","3",,,,,,,,,,
,,,,"McRae, D.","1",,,,,,,,,"Soil Warming","3",,,,,,,,,,
,,,,"Mekonnen, Z.A.","1",,,,,,,,,"Spruce","3",,,,,,,,,,
,,,,"Messaoud, Y.","1",,,,,,,,,"Sustainable Forestry","3",,,,,,,,,,
,,,,"Minville, M.","1",,,,,,,,,"Tree","3",,,,,,,,,,
,,,,"Munson, A.D.","1",,,,,,,,,"Understory","3",,,,,,,,,,
,,,,"Nadeau, D.F.","1",,,,,,,,,"United States","3",,,,,,,,,,
,,,,"Nenzén, H.K.","1",,,,,,,,,"Vulnerability","3",,,,,,,,,,
,,,,"Ogden, A.E.","1",,,,,,,,,"Weather","3",,,,,,,,,,
,,,,"Ols, C.","1",,,,,,,,,"Winter","3",,,,,,,,,,
,,,,"Oreiller, M.","1",,,,,,,,,"Wood","3",,,,,,,,,,
,,,,"Ouellet, J.P.","1",,,,,,,,,"Woodland Caribou","3",,,,,,,,,,
,,,,"Paré, M.C.","1",,,,,,,,,"Adaptation","2",,,,,,,,,,
,,,,"Payette, S.","1",,,,,,,,,"Adaptation Options","2",,,,,,,,,,
,,,,"Peres-Neto, P.","1",,,,,,,,,"Adaptive Management","2",,,,,,,,,,
,,,,"Perreault, L.","1",,,,,,,,,"Aerial Photograph","2",,,,,,,,,,
,,,,"Pienitz, R.","1",,,,,,,,,"Animal","2",,,,,,,,,,
,,,,"Portier, J.","1",,,,,,,,,"Animals","2",,,,,,,,,,
,,,,"Pothier, D.","1",,,,,,,,,"Annual Variation","2",,,,,,,,,,
,,,,"Prévos, M.","1",,,,,,,,,"Autocorrelation","2",,,,,,,,,,
,,,,"Périnet, P.","1",,,,,,,,,"Aves","2",,,,,,,,,,
,,,,"Quellet, J.P.","1",,,,,,,,,"Basal Area","2",,,,,,,,,,
,,,,"Raulier, F.","1",,,,,,,,,"Biological Model","2",,,,,,,,,,
,,,,"Robert, L.E.","1",,,,,,,,,"Biomass","2",,,,,,,,,,
,,,,"Rochon, P.","1",,,,,,,,,"Boreal Ecosystems","2",,,,,,,,,,
,,,,"Royo, A.A.","1",,,,,,,,,"Breeding Season","2",,,,,,,,,,
,,,,"Régnière, J.","1",,,,,,,,,"Bud Set","2",,,,,,,,,,
,,,,"Saracino, A.","1",,,,,,,,,"Budget Control","2",,,,,,,,,,
,,,,"Savard, M.M.","1",,,,,,,,,"Calcium","2",,,,,,,,,,
,,,,"Schwalm, C.","1",,,,,,,,,"Canadian Boreal Forest","2",,,,,,,,,,
,,,,"Silvestro, R.","1",,,,,,,,,"Canopy","2",,,,,,,,,,
,,,,"St-Laurent, M.H.","1",,,,,,,,,"Carbon","2",,,,,,,,,,
,,,,"Stadt, K.J.","1",,,,,,,,,"Carbon Sequestration","2",,,,,,,,,,
,,,,"Stevenson, S.","1",,,,,,,,,"Cell Production","2",,,,,,,,,,
,,,,"Sylvain, J.D.","1",,,,,,,,,"Cell-wall Thickness","2",,,,,,,,,,
,,,,"Talbot, J.","1",,,,,,,,,"Cells","2",,,,,,,,,,
,,,,"Tapsoba, D.","1",,,,,,,,,"Chemistry","2",,,,,,,,,,
,,,,"Therrien, P.","1",,,,,,,,,"Clay","2",,,,,,,,,,
,,,,"Thiffault, E.","1",,,,,,,,,"Climate Models","2",,,,,,,,,,
