﻿Scopus refine results values

"Your query : ((TITLE-ABS-KEY((Boreal OR {James Bay} OR James-Bay OR {Clay Belt} OR {canadian shield}) AND Quebec) AND PUBYEAR > 1999 AND PUBYEAR < 2020) AND (TITLE-ABS-KEY(Forestry OR {Forest management} OR {Forest practices}) AND PUBYEAR > 1999 AND PUBYEAR < 2020) AND (TITLE-ABS-KEY(Contamination OR Contaminant OR Pollut* OR  {acid rain} OR {nitrogen deposition} ) AND PUBYEAR > 1999 AND PUBYEAR < 2020))"


Number of results : 8

"ACCESS TYPE",,"YEAR",,"AUTHOR NAME",,"SUBJECT AREA",,"DOCUMENT TYPE",,"PUBLICATION STAGE",,"SOURCE TITLE",,"KEYWORD",,"AFFILIATION",,"FUNDING SPONSOR",,"COUNTRY",,"SOURCE TYPE",,"LANGUAGE",
"Other","8","2016","1","Duchesne, L.","2","Agricultural and Biological Sciences","1","Article","8","final","8","Science Of The Total Environment","2","Boreal Forest","7","Université Laval","3","Canadian Foundation for Climate and Atmospheric Sciences","1","Canada","7","Journals","8","English","8"
,,"2015","1","Houle, D.","2","Chemistry","1",,,,,"Ecological Modelling","1","Canada","7","McGill University","2","Fonds QuÃ©bÃ©cois de la Recherche sur la Nature et les Technologies","1","United States","2",,,,
,,"2014","2","Asselin, H.","1","Environmental Science","7",,,,,"Environmental Monitoring And Assessment","1","Forestry","7","Direction de la Recherche Forestire","1","Health Canada","1","Sweden","1",,,,
,,"2012","1","Bordeleau, S.","1","Pharmacology, Toxicology and Pharmaceutics","1",,,,,"Environmental Pollution","1","Quebec [Canada]","5","Ministère des Forêts","1","Hydro-QuÃ©bec","1","United Kingdom","1",,,,
,,"2009","1","Bélanger, N.","1",,,,,,,"Environmental Science And Technology","1","Article","4","Environment Canada","1","MinistÃ¨re des ForÃªts, de la Faune et des Parcs","1",,,,,,
,,"2007","1","Côté, B.","1",,,,,,,"Geoderma","1","Environmental Monitoring","3","Le réseau de l'Université du Québec","1","Natural Sciences and Engineering Research Council of Canada","1",,,,,,
,,"2003","1","D’Orangeville, L.","1",,,,,,,"Hydrological Processes","1","North America","3","Universite du Quebec en Abitibi-Temiscamingue","1","Undefined","4",,,,,,
,,,,"Gagnon, C.","1",,,,,,,,,"Quebec","3","Yale University","1",,,,,,,,
,,,,"Hendershot, W.H.","1",,,,,,,,,"Soils","3","Canadian Forest Service","1",,,,,,,,
,,,,"Imbeau, L.","1",,,,,,,,,"Taiga","3","Harvard University","1",,,,,,,,
,,,,"Kim, Y.","1",,,,,,,,,"Trees","3","Oregon State University","1",,,,,,,,
,,,,"Lee, X.","1",,,,,,,,,"Air Pollutants","2","University of Saskatchewan","1",,,,,,,,
,,,,"Lévesque, D.","1",,,,,,,,,"Anthropogenic Effect","2","Natural Resources Canada","1",,,,,,,,
,,,,"MacKenzie, M.D.","1",,,,,,,,,"Atmospheric Deposition","2","Keele University","1",,,,,,,,
,,,,"Marty, C.","1",,,,,,,,,"Base Cations","2","University of Alberta","1",,,,,,,,
,,,,"Mazerolle, M.J.","1",,,,,,,,,"Boreal Forests","2","Umeå Universitet","1",,,,,,,,
,,,,"Moore, T.R.","1",,,,,,,,,"Carbon","2","Ministère de l‘Energie et des Ressources naturelles du Québec","1",,,,,,,,
,,,,"Munger, W.","1",,,,,,,,,"Chemistry","2","Institut National de la Recherche Scientifique","1",,,,,,,,
,,,,"Munson, A.","1",,,,,,,,,"Concentration","2","Consortium Ouranos, Canada","1",,,,,,,,
,,,,"Paré, D.","1",,,,,,,,,"Controlled Study","2",,,,,,,,,,
,,,,"Plamondon, A.P.","1",,,,,,,,,"Environmental Disturbance","2",,,,,,,,,,
,,,,"Prévost, M.","1",,,,,,,,,"Forests","2",,,,,,,,,,
,,,,"Quideau, S.A.","1",,,,,,,,,"Harvesting","2",,,,,,,,,,
,,,,"Roulet, N.T.","1",,,,,,,,,"Picea","2",,,,,,,,,,
,,,,"Rousseau, A.N.","1",,,,,,,,,"Podzol","2",,,,,,,,,,
,,,,"Sigler, J.M.","1",,,,,,,,,"Pollution","2",,,,,,,,,,
,,,,"Soucémarianadin, L.N.","1",,,,,,,,,"Seasonal Variation","2",,,,,,,,,,
,,,,"Thiffault, E.","1",,,,,,,,,"Soil","2",,,,,,,,,,
,,,,"Tremblay, Y.","1",,,,,,,,,"Soil Pollution","2",,,,,,,,,,
,,,,"Ullah, S.","1",,,,,,,,,"Temperature","2",,,,,,,,,,
,,,,,,,,,,,,,,"Throughfall","2",,,,,,,,,,
,,,,,,,,,,,,,,"Watershed","2",,,,,,,,,,
,,,,,,,,,,,,,,"Wildfire","2",,,,,,,,,,
,,,,,,,,,,,,,,"Winter","2",,,,,,,,,,
,,,,,,,,,,,,,,"Δ  O-SO  18 4","1",,,,,,,,,,
,,,,,,,,,,,,,,"Δ  S-SO  34 4","1",,,,,,,,,,
,,,,,,,,,,,,,,"Aboriginal People","1",,,,,,,,,,
,,,,,,,,,,,,,,"Aboriginal Peoples","1",,,,,,,,,,
,,,,,,,,,,,,,,"Acid Deposition","1",,,,,,,,,,
,,,,,,,,,,,,,,"Acidity","1",,,,,,,,,,
,,,,,,,,,,,,,,"Air Movements","1",,,,,,,,,,
,,,,,,,,,,,,,,"Aluminum","1",,,,,,,,,,
,,,,,,,,,,,,,,"Analysis","1",,,,,,,,,,
,,,,,,,,,,,,,,"Analytic Method","1",,,,,,,,,,
,,,,,,,,,,,,,,"Animal","1",,,,,,,,,,
,,,,,,,,,,,,,,"Animal Experiment","1",,,,,,,,,,
,,,,,,,,,,,,,,"Animals","1",,,,,,,,,,
,,,,,,,,,,,,,,"Aquatic Lives","1",,,,,,,,,,
,,,,,,,,,,,,,,"Arsenic","1",,,,,,,,,,
,,,,,,,,,,,,,,"Atmospheric Pollution","1",,,,,,,,,,
,,,,,,,,,,,,,,"Atmospheric Temperature","1",,,,,,,,,,
,,,,,,,,,,,,,,"Balsam Fir","1",,,,,,,,,,
,,,,,,,,,,,,,,"Best Management Practice","1",,,,,,,,,,
,,,,,,,,,,,,,,"Best Management Practices","1",,,,,,,,,,
,,,,,,,,,,,,,,"Bioaccumulation","1",,,,,,,,,,
,,,,,,,,,,,,,,"Biogenic Emission","1",,,,,,,,,,
,,,,,,,,,,,,,,"Biomass","1",,,,,,,,,,
,,,,,,,,,,,,,,"Black Spruce","1",,,,,,,,,,
,,,,,,,,,,,,,,"Black Spruce Forests","1",,,,,,,,,,
,,,,,,,,,,,,,,"Boreal","1",,,,,,,,,,
,,,,,,,,,,,,,,"Burn","1",,,,,,,,,,
,,,,,,,,,,,,,,"Calcium","1",,,,,,,,,,
,,,,,,,,,,,,,,"Canopy","1",,,,,,,,,,
,,,,,,,,,,,,,,"Canopy Exchange","1",,,,,,,,,,
,,,,,,,,,,,,,,"Carbon Dioxide","1",,,,,,,,,,
,,,,,,,,,,,,,,"Carbon Dioxide Production","1",,,,,,,,,,
,,,,,,,,,,,,,,"Carbon Mineralization","1",,,,,,,,,,
,,,,,,,,,,,,,,"Carbon Monoxide","1",,,,,,,,,,
,,,,,,,,,,,,,,"Carbon Sequestration","1",,,,,,,,,,
,,,,,,,,,,,,,,"Carbon Storage","1",,,,,,,,,,
,,,,,,,,,,,,,,"Catering Service","1",,,,,,,,,,
,,,,,,,,,,,,,,"Cations","1",,,,,,,,,,
,,,,,,,,,,,,,,"Chemical Contamination","1",,,,,,,,,,
,,,,,,,,,,,,,,"Chemical Interaction","1",,,,,,,,,,
,,,,,,,,,,,,,,"Choristoneura Fumiferana","1",,,,,,,,,,
,,,,,,,,,,,,,,"Chromium","1",,,,,,,,,,
,,,,,,,,,,,,,,"Clearcutting","1",,,,,,,,,,
,,,,,,,,,,,,,,"Climate Change","1",,,,,,,,,,
,,,,,,,,,,,,,,"Computer Simulation","1",,,,,,,,,,
,,,,,,,,,,,,,,"Concentration (composition)","1",,,,,,,,,,
,,,,,,,,,,,,,,"Concentration (parameters)","1",,,,,,,,,,
,,,,,,,,,,,,,,"Concentration (process)","1",,,,,,,,,,
,,,,,,,,,,,,,,"Coniferous Forest","1",,,,,,,,,,
,,,,,,,,,,,,,,"Coniferous Tree","1",,,,,,,,,,
,,,,,,,,,,,,,,"Copper","1",,,,,,,,,,
,,,,,,,,,,,,,,"Cultural Anthropology","1",,,,,,,,,,
,,,,,,,,,,,,,,"Culture","1",,,,,,,,,,
,,,,,,,,,,,,,,"Deforestation","1",,,,,,,,,,
,,,,,,,,,,,,,,"Deposition","1",,,,,,,,,,
,,,,,,,,,,,,,,"Devices","1",,,,,,,,,,
,,,,,,,,,,,,,,"Disease Severity","1",,,,,,,,,,
,,,,,,,,,,,,,,"Dissolved Organic Sulphur","1",,,,,,,,,,
,,,,,,,,,,,,,,"Disturbance","1",,,,,,,,,,
,,,,,,,,,,,,,,"Diurnal Variations","1",,,,,,,,,,
,,,,,,,,,,,,,,"Dry Deposition","1",,,,,,,,,,
,,,,,,,,,,,,,,"Dry Weight","1",,,,,,,,,,
,,,,,,,,,,,,,,"Dynamic Modelling","1",,,,,,,,,,
,,,,,,,,,,,,,,"Ecology","1",,,,,,,,,,
,,,,,,,,,,,,,,"Ecosystem","1",,,,,,,,,,
,,,,,,,,,,,,,,"Ecosystems","1",,,,,,,,,,
,,,,,,,,,,,,,,"Environmental Contamination","1",,,,,,,,,,
,,,,,,,,,,,,,,"Environmental Exposure","1",,,,,,,,,,
,,,,,,,,,,,,,,"Experimental Watersheds","1",,,,,,,,,,
,,,,,,,,,,,,,,"Extrapolation","1",,,,,,,,,,
,,,,,,,,,,,,,,"Fire","1",,,,,,,,,,
,,,,,,,,,,,,,,"Fire Emissions","1",,,,,,,,,,
,,,,,,,,,,,,,,"Fires","1",,,,,,,,,,
,,,,,,,,,,,,,,"Flooded Conditions","1",,,,,,,,,,
,,,,,,,,,,,,,,"Flooding","1",,,,,,,,,,
,,,,,,,,,,,,,,"Floods","1",,,,,,,,,,
,,,,,,,,,,,,,,"Floors","1",,,,,,,,,,
,,,,,,,,,,,,,,"Food","1",,,,,,,,,,
,,,,,,,,,,,,,,"Food Consumption","1",,,,,,,,,,
,,,,,,,,,,,,,,"Food Contamination","1",,,,,,,,,,
,,,,,,,,,,,,,,"Food Insecurity","1",,,,,,,,,,
,,,,,,,,,,,,,,"Food Intake","1",,,,,,,,,,
,,,,,,,,,,,,,,"Food Microbiology","1",,,,,,,,,,
,,,,,,,,,,,,,,"Food Safety","1",,,,,,,,,,
,,,,,,,,,,,,,,"Food Security","1",,,,,,,,,,
,,,,,,,,,,,,,,"Food Supply","1",,,,,,,,,,
,,,,,,,,,,,,,,"Forest","1",,,,,,,,,,
,,,,,,,,,,,,,,"Forest Buffers","1",,,,,,,,,,
,,,,,,,,,,,,,,"Forest Canopy","1",,,,,,,,,,
,,,,,,,,,,,,,,"Forest Fire","1",,,,,,,,,,
,,,,,,,,,,,,,,"Forest Floor","1",,,,,,,,,,
,,,,,,,,,,,,,,"Forest Soil","1",,,,,,,,,,
,,,,,,,,,,,,,,"Gas Emissions","1",,,,,,,,,,
,,,,,,,,,,,,,,"Hare","1",,,,,,,,,,
,,,,,,,,,,,,,,"Hares","1",,,,,,,,,,
,,,,,,,,,,,,,,"Hazard Analysis And Critical Control Points","1",,,,,,,,,,
,,,,,,,,,,,,,,"Hazard Assessment","1",,,,,,,,,,
,,,,,,,,,,,,,,"Health Risk","1",,,,,,,,,,
,,,,,,,,,,,,,,"Health Status","1",,,,,,,,,,
,,,,,,,,,,,,,,"Heating Treatments","1",,,,,,,,,,
,,,,,,,,,,,,,,"Heavy Metal","1",,,,,,,,,,
,,,,,,,,,,,,,,"Heavy Metals","1",,,,,,,,,,
,,,,,,,,,,,,,,"Hydroelectric Reservoirs","1",,,,,,,,,,
,,,,,,,,,,,,,,"Hydrogen Peroxide","1",,,,,,,,,,
,,,,,,,,,,,,,,"Hydrological Change","1",,,,,,,,,,
,,,,,,,,,,,,,,"In-stream Water Qualities","1",,,,,,,,,,
,,,,,,,,,,,,,,"Indigenous Population","1",,,,,,,,,,
,,,,,,,,,,,,,,"Ion Exchange","1",,,,,,,,,,
,,,,,,,,,,,,,,"Ion Exchange Membranes","1",,,,,,,,,,
,,,,,,,,,,,,,,"Ion Exchange Resin","1",,,,,,,,,,
,,,,,,,,,,,,,,"Ion Exchange Resins","1",,,,,,,,,,
,,,,,,,,,,,,,,"Ions","1",,,,,,,,,,
,,,,,,,,,,,,,,"Landforms","1",,,,,,,,,,
,,,,,,,,,,,,,,"Lead","1",,,,,,,,,,
,,,,,,,,,,,,,,"Lepus Americanus","1",,,,,,,,,,
,,,,,,,,,,,,,,"Limit Of Detection","1",,,,,,,,,,
,,,,,,,,,,,,,,"Liver","1",,,,,,,,,,
,,,,,,,,,,,,,,"Logging","1",,,,,,,,,,
,,,,,,,,,,,,,,"Logging (forestry)","1",,,,,,,,,,
,,,,,,,,,,,,,,"Logging (timber)","1",,,,,,,,,,
,,,,,,,,,,,,,,"Logging Datum","1",,,,,,,,,,
,,,,,,,,,,,,,,"Long Range Transport","1",,,,,,,,,,
,,,,,,,,,,,,,,"Magnesium","1",,,,,,,,,,
,,,,,,,,,,,,,,"Meat","1",,,,,,,,,,
,,,,,,,,,,,,,,"Meats","1",,,,,,,,,,
,,,,,,,,,,,,,,"Mercury","1",,,,,,,,,,
