﻿Scopus refine results values

"Your query : ((TITLE-ABS-KEY((Boreal OR {James Bay} OR James-Bay OR {Clay Belt} OR {canadian shield}) AND (Canada OR Quebec OR Ontario OR newfoundland OR Alberta OR British-Columbia) ) AND PUBYEAR > 1999 AND PUBYEAR < 2020) AND (TITLE-ABS-KEY(Mine OR Mining) AND PUBYEAR > 1999 AND PUBYEAR < 2020) AND (TITLE-ABS-KEY(Harvest* OR Logging OR Cut OR Clear-cut  OR Clearcut OR {Clear Cut}) AND PUBYEAR > 1999 AND PUBYEAR < 2020))"


Number of results : 17

"ACCESS TYPE",,"YEAR",,"AUTHOR NAME",,"SUBJECT AREA",,"DOCUMENT TYPE",,"PUBLICATION STAGE",,"SOURCE TITLE",,"KEYWORD",,"AFFILIATION",,"FUNDING SPONSOR",,"COUNTRY",,"SOURCE TYPE",,"LANGUAGE",
"Open Access","1","2019","1","Dubé, B.","2","Agricultural and Biological Sciences","6","Article","15","final","17","Economic Geology","2","Canada","11","University of Alberta","4","Natural Sciences and Engineering Research Council of Canada","3","Canada","14","Journals","14","English","17"
"Other","16","2018","3","Gosselin, G.","2","Arts and Humanities","1","Book Chapter","1",,,"Applied Geochemistry","1","Mining","5","Geological Survey of Canada","2","Canadian Forest Service","1","United Kingdom","1","Trade Publications","2",,
,,"2015","1","Hannington, M.D.","2","Chemical Engineering","1","Note","1",,,"Beyond The Global City Understanding And Planning For The Diversity Of Ontario","1","North America","5","University of Ottawa, Canada","2","Canadian Natural Resources Limited","1","Undefined","3","Books","1",,
,,"2014","3","Mercier-Langevin, P.","2","Earth and Planetary Sciences","6",,,,,"Biological Conservation","1","Boreal Forest","4","McMaster University","2","Environment Canada","1",,,,,,
,,"2012","1","Pinno, B.D.","2","Engineering","2",,,,,"Canadian Journal Of Forest Research","1","Canadian Shield","4","Institut National de la Recherche Scientifique","2","MinistÃ¨re des ForÃªts, de la Faune et des Parcs","1",,,,,,
,,"2011","1","Adriasola, A.","1","Environmental Science","9",,,,,"Canadian Mining Journal","1","Superior Province","4","Agnico-Eagle Mines Limited","2","Natural Resources Canada","1",,,,,,
,,"2009","1","Angus, S.","1","Materials Science","1",,,,,"Ecological Applications","1","Abitibi Belt","3","Cree Nation of Ouje-Bougoumou","1","Office of Energy Research and Development","1",,,,,,
,,"2007","3","Bois, C.H.","1","Social Sciences","1",,,,,"Environmental Monitoring And Assessment","1","Alberta","3","Direction de la faune terrestre et de l'avifaune","1","Undefined","11",,,,,,
,,"2005","2","Braden, B.","1",,,,,,,"Exploration And Mining Geology","1","Disturbance","3","Université du Québec à Rimouski","1",,,,,,,,
,,"2000","1","Börger, L.","1",,,,,,,"Frontiers In Environmental Science","1","Forest Floor","3","Canadian Forest Service","1",,,,,,,,
,,,,"Davis, D.W.","1",,,,,,,"Journal Of Insect Conservation","1","Land Reclamation","3","University of Northern British Columbia","1",,,,,,,,
,,,,"Dietrich, S.T.","1",,,,,,,"New Forests","1","Volcanogenic Deposit","3","University of Waterloo","1",,,,,,,,
,,,,"Dussault, C.","1",,,,,,,"Paper Making And Distribution","1","Article","2","University of Guelph","1",,,,,,,,
,,,,"Fair, J.M.","1",,,,,,,"Radical History Review","1","Boreal Forests","2","University of Toronto","1",,,,,,,,
,,,,"Fredeen, A.L.","1",,,,,,,"Restoration Ecology","1","Deformation","2","Natural Resources Canada","1",,,,,,,,
,,,,"Ghaleb, B.","1",,,,,,,"Zeitschrift Fur Angewandte Geologie","1","Ecology","2","Lakehead University","1",,,,,,,,
,,,,"Hammond, H.E.J.","1",,,,,,,,,"Felsic Rock","2","McMaster University, Faculty of Health Sciences","1",,,,,,,,
,,,,"Hartley, D.J.","1",,,,,,,,,"Geochemistry","2","Université du Québec à Montréal","1",,,,,,,,
,,,,"Hoffman, P.G.K.","1",,,,,,,,,"Geographic Information Systems","2","INRS- Centre Eau, Terre &amp; Environnement","1",,,,,,,,
,,,,"Janzen, D.T.","1",,,,,,,,,"Gold Mine","2","Northern Forestry Centre","1",,,,,,,,
,,,,"Jean, S.A.","1",,,,,,,,,"Habitat Conservation","2","York University","1",,,,,,,,
,,,,"Johnston, M.E.","1",,,,,,,,,"Humans","2","Ministère de l‘Energie et des Ressources naturelles du Québec","1",,,,,,,,
,,,,"Klimaszewski, J.","1",,,,,,,,,"Land Use","2","Fugro","1",,,,,,,,
,,,,"Lafrance, B.","1",,,,,,,,,"Lithology","2","Cogitore Resources Inc.","1",,,,,,,,
,,,,"Landhäusser, S.M.","1",,,,,,,,,"Massive Sulfide","2","McMaster University, Faculty of Science","1",,,,,,,,
,,,,"Leblond, M.","1",,,,,,,,,"Mineralization","2",,,,,,,,,,
,,,,"Lucotte, M.","1",,,,,,,,,"Mineralogy","2",,,,,,,,,,
,,,,"MacKenzie, M.D.","1",,,,,,,,,"Minerals","2",,,,,,,,,,
,,,,"Macdonald, S.E.","1",,,,,,,,,"Oil Sand","2",,,,,,,,,,
,,,,"Manson, H.","1",,,,,,,,,"Oil Sands","2",,,,,,,,,,
,,,,"Moingt, M.","1",,,,,,,,,"Quebec [Canada]","2",,,,,,,,,,
,,,,"Moonen, P.","1",,,,,,,,,"Species Richness","2",,,,,,,,,,
,,,,"Nielsen, S.E.","1",,,,,,,,,"Sulfide Minerals","2",,,,,,,,,,
,,,,"Nudds, T.D.","1",,,,,,,,,"Volcanic Rocks","2",,,,,,,,,,
,,,,"Paquet, S.","1",,,,,,,,,"Wildfire","2",,,,,,,,,,
,,,,"Payne, R.J.","1",,,,,,,,,"Aboveground Biomass","1",,,,,,,,,,
,,,,"Pinzon, J.","1",,,,,,,,,"Aleza Lake Research Forest","1",,,,,,,,,,
,,,,"Rabbitskin, T.","1",,,,,,,,,"Animal","1",,,,,,,,,,
,,,,"Richer-Laflèche, M.","1",,,,,,,,,"Animals","1",,,,,,,,,,
,,,,"Riller, U.","1",,,,,,,,,"Anthropogenic Activity","1",,,,,,,,,,
,,,,"Sanborn, P.T.","1",,,,,,,,,"Anthropogenic Disturbances","1",,,,,,,,,,
,,,,"Shecapio-Blacksmith, J.","1",,,,,,,,,"Anthropogenic Effect","1",,,,,,,,,,
,,,,"Snively, A.E.K.","1",,,,,,,,,"Archean","1",,,,,,,,,,
,,,,"St-Laurent, M.H.","1",,,,,,,,,"Arthropoda","1",,,,,,,,,,
,,,,"Taner, M.F.","1",,,,,,,,,"Aspen Forests","1",,,,,,,,,,
,,,,"Tsuji, L.J.S.","1",,,,,,,,,"Aves","1",,,,,,,,,,
,,,,"Vanspronsen, E.P.","1",,,,,,,,,"Backarc Basin","1",,,,,,,,,,
,,,,"Wainman, B.C.","1",,,,,,,,,"Beetle","1",,,,,,,,,,
,,,,,,,,,,,,,,"Biodiversity","1",,,,,,,,,,
,,,,,,,,,,,,,,"Biogeochemistry","1",,,,,,,,,,
,,,,,,,,,,,,,,"Biological Model","1",,,,,,,,,,
,,,,,,,,,,,,,,"Biomarker","1",,,,,,,,,,
,,,,,,,,,,,,,,"Bird","1",,,,,,,,,,
,,,,,,,,,,,,,,"Boreal","1",,,,,,,,,,
,,,,,,,,,,,,,,"Boreal Forest Fibers","1",,,,,,,,,,
,,,,,,,,,,,,,,"Boreal Forest Reclamation","1",,,,,,,,,,
,,,,,,,,,,,,,,"Boreal Lakes","1",,,,,,,,,,
,,,,,,,,,,,,,,"British Columbia","1",,,,,,,,,,
,,,,,,,,,,,,,,"C Sequestration","1",,,,,,,,,,
,,,,,,,,,,,,,,"Carabidae","1",,,,,,,,,,
,,,,,,,,,,,,,,"Carbon Sequestration","1",,,,,,,,,,
,,,,,,,,,,,,,,"Cash Costs","1",,,,,,,,,,
,,,,,,,,,,,,,,"Castor Canadensis","1",,,,,,,,,,
,,,,,,,,,,,,,,"Coal Mine","1",,,,,,,,,,
,,,,,,,,,,,,,,"Coleoptera","1",,,,,,,,,,
,,,,,,,,,,,,,,"Coniferous Forest","1",,,,,,,,,,
,,,,,,,,,,,,,,"Conservation","1",,,,,,,,,,
,,,,,,,,,,,,,,"Conservation Of Natural Resources","1",,,,,,,,,,
,,,,,,,,,,,,,,"Contamination","1",,,,,,,,,,
,,,,,,,,,,,,,,"Copper Ores","1",,,,,,,,,,
,,,,,,,,,,,,,,"Cores","1",,,,,,,,,,
,,,,,,,,,,,,,,"Cover Crop","1",,,,,,,,,,
,,,,,,,,,,,,,,"Deciduous Forest","1",,,,,,,,,,
,,,,,,,,,,,,,,"Deciduous Tree","1",,,,,,,,,,
,,,,,,,,,,,,,,"Deer","1",,,,,,,,,,
,,,,,,,,,,,,,,"Demography","1",,,,,,,,,,
,,,,,,,,,,,,,,"Diapirism","1",,,,,,,,,,
,,,,,,,,,,,,,,"Direct Soil Placement","1",,,,,,,,,,
,,,,,,,,,,,,,,"Duck","1",,,,,,,,,,
,,,,,,,,,,,,,,"Ducks","1",,,,,,,,,,
,,,,,,,,,,,,,,"Ecological Sites","1",,,,,,,,,,
,,,,,,,,,,,,,,"Ecosystem Modeling","1",,,,,,,,,,
,,,,,,,,,,,,,,"Ecosystem Response","1",,,,,,,,,,
,,,,,,,,,,,,,,"Ecosystems","1",,,,,,,,,,
,,,,,,,,,,,,,,"Endangered Forests","1",,,,,,,,,,
,,,,,,,,,,,,,,"Endangered Species","1",,,,,,,,,,
,,,,,,,,,,,,,,"Environmental Auditing","1",,,,,,,,,,
,,,,,,,,,,,,,,"Environmental Exposure","1",,,,,,,,,,
,,,,,,,,,,,,,,"Environmental Health","1",,,,,,,,,,
,,,,,,,,,,,,,,"Environmental Impact Assessments","1",,,,,,,,,,
,,,,,,,,,,,,,,"Environmental Protection","1",,,,,,,,,,
,,,,,,,,,,,,,,"Epigaeic Beetles","1",,,,,,,,,,
,,,,,,,,,,,,,,"Expert-based Knowledge","1",,,,,,,,,,
,,,,,,,,,,,,,,"Feldspar","1",,,,,,,,,,
,,,,,,,,,,,,,,"Fire","1",,,,,,,,,,
,,,,,,,,,,,,,,"Fires","1",,,,,,,,,,
,,,,,,,,,,,,,,"First Nations","1",,,,,,,,,,
,,,,,,,,,,,,,,"Fish","1",,,,,,,,,,
,,,,,,,,,,,,,,"Footwall","1",,,,,,,,,,
,,,,,,,,,,,,,,"Forest Dynamics","1",,,,,,,,,,
,,,,,,,,,,,,,,"Forest Ecosystem","1",,,,,,,,,,
,,,,,,,,,,,,,,"Forest Floor Salvage And Placement Depth","1",,,,,,,,,,
,,,,,,,,,,,,,,"Forest Floors","1",,,,,,,,,,
,,,,,,,,,,,,,,"Forest Harvesting Systems","1",,,,,,,,,,
,,,,,,,,,,,,,,"Forest Management","1",,,,,,,,,,
,,,,,,,,,,,,,,"Forest Regeneration","1",,,,,,,,,,
,,,,,,,,,,,,,,"Forestry","1",,,,,,,,,,
,,,,,,,,,,,,,,"GIS","1",,,,,,,,,,
,,,,,,,,,,,,,,"GPS","1",,,,,,,,,,
,,,,,,,,,,,,,,"Geochronology","1",,,,,,,,,,
,,,,,,,,,,,,,,"Geodynamics","1",,,,,,,,,,
,,,,,,,,,,,,,,"Geographic Information System","1",,,,,,,,,,
,,,,,,,,,,,,,,"Gold","1",,,,,,,,,,
,,,,,,,,,,,,,,"Greenstone Belts","1",,,,,,,,,,
,,,,,,,,,,,,,,"Habitat Quality","1",,,,,,,,,,
,,,,,,,,,,,,,,"Habitat Suitability","1",,,,,,,,,,
,,,,,,,,,,,,,,"Habitat Use","1",,,,,,,,,,
,,,,,,,,,,,,,,"Hanging Wall","1",,,,,,,,,,
,,,,,,,,,,,,,,"Harvesting","1",,,,,,,,,,
,,,,,,,,,,,,,,"Hexapoda","1",,,,,,,,,,
,,,,,,,,,,,,,,"Host Rocks","1",,,,,,,,,,
,,,,,,,,,,,,,,"Household","1",,,,,,,,,,
,,,,,,,,,,,,,,"Human","1",,,,,,,,,,
,,,,,,,,,,,,,,"Human Activity","1",,,,,,,,,,
,,,,,,,,,,,,,,"Hydrothermal Alteration","1",,,,,,,,,,
,,,,,,,,,,,,,,"Hydrothermal Deposit","1",,,,,,,,,,
,,,,,,,,,,,,,,"Hydrothermal Fluid","1",,,,,,,,,,
,,,,,,,,,,,,,,"Impurities","1",,,,,,,,,,
,,,,,,,,,,,,,,"Industrial Economics","1",,,,,,,,,,
,,,,,,,,,,,,,,"Interspecific Interaction","1",,,,,,,,,,
,,,,,,,,,,,,,,"Investment","1",,,,,,,,,,
,,,,,,,,,,,,,,"Investments","1",,,,,,,,,,
,,,,,,,,,,,,,,"Island Arc","1",,,,,,,,,,
,,,,,,,,,,,,,,"James Bay","1",,,,,,,,,,
,,,,,,,,,,,,,,"Labor","1",,,,,,,,,,
,,,,,,,,,,,,,,"Lake Ecosystem","1",,,,,,,,,,
,,,,,,,,,,,,,,"Lake Pollution","1",,,,,,,,,,
,,,,,,,,,,,,,,"Lakes","1",,,,,,,,,,
,,,,,,,,,,,,,,"Land Management","1",,,,,,,,,,
,,,,,,,,,,,,,,"Land Use Change","1",,,,,,,,,,
,,,,,,,,,,,,,,"Landscape","1",,,,,,,,,,
,,,,,,,,,,,,,,"Large Lakes","1",,,,,,,,,,
,,,,,,,,,,,,,,"Large-scale Watersheds","1",,,,,,,,,,
,,,,,,,,,,,,,,"Lignin","1",,,,,,,,,,
,,,,,,,,,,,,,,"Lithogeochemistry","1",,,,,,,,,,
,,,,,,,,,,,,,,"Lithostratigraphy","1",,,,,,,,,,
,,,,,,,,,,,,,,"Logging","1",,,,,,,,,,
,,,,,,,,,,,,,,"Logging (forestry)","1",,,,,,,,,,
,,,,,,,,,,,,,,"Lower Proterozoic","1",,,,,,,,,,
,,,,,,,,,,,,,,"Mafic Rock","1",,,,,,,,,,
,,,,,,,,,,,,,,"Mammal","1",,,,,,,,,,
,,,,,,,,,,,,,,"Mammalia","1",,,,,,,,,,
,,,,,,,,,,,,,,"Melilotus Officinalis","1",,,,,,,,,,
,,,,,,,,,,,,,,"Mercury (element)","1",,,,,,,,,,
,,,,,,,,,,,,,,"Mercury (metal)","1",,,,,,,,,,
,,,,,,,,,,,,,,"Metallogenetic Provinces","1",,,,,,,,,,
,,,,,,,,,,,,,,"Metamorphism","1",,,,,,,,,,
,,,,,,,,,,,,,,"Metasedimentary Rocks","1",,,,,,,,,,
,,,,,,,,,,,,,,"Mine Waste","1",,,,,,,,,,
,,,,,,,,,,,,,,"Mineral Soils","1",,,,,,,,,,
