﻿Scopus refine results values

"Your query : ((TITLE-ABS-KEY((Boreal OR {James Bay} OR James-Bay OR {Clay Belt} OR {canadian shield}) AND Quebec) AND PUBYEAR > 1999 AND PUBYEAR < 2020) AND (TITLE-ABS-KEY(Mine OR Mining) AND PUBYEAR > 1999 AND PUBYEAR < 2020) AND (TITLE-ABS-KEY(Harvest* OR Logging OR Cut OR Clear-cut  OR Clearcut OR {Clear Cut}) AND PUBYEAR > 1999 AND PUBYEAR < 2020))"


Number of results : 6

"ACCESS TYPE",,"YEAR",,"AUTHOR NAME",,"SUBJECT AREA",,"DOCUMENT TYPE",,"PUBLICATION STAGE",,"SOURCE TITLE",,"KEYWORD",,"AFFILIATION",,"FUNDING SPONSOR",,"COUNTRY",,"SOURCE TYPE",,"LANGUAGE",
"Other","6","2014","2","Dubé, B.","2","Agricultural and Biological Sciences","1","Article","6","final","6","Economic Geology","2","Canada","6","Geological Survey of Canada","2","Environment Canada","1","Canada","5","Journals","6","English","6"
,,"2007","3","Gosselin, G.","2","Earth and Planetary Sciences","4",,,,,"Applied Geochemistry","1","North America","4","University of Ottawa, Canada","2","MinistÃ¨re des ForÃªts, de la Faune et des Parcs","1","Undefined","1",,,,
,,"2000","1","Hannington, M.D.","2","Environmental Science","3",,,,,"Biological Conservation","1","Abitibi Belt","3","Institut National de la Recherche Scientifique","2","Natural Sciences and Engineering Research Council of Canada","1",,,,,,
,,,,"Mercier-Langevin, P.","2",,,,,,,"Environmental Monitoring And Assessment","1","Canadian Shield","3","Agnico-Eagle Mines Limited","2","Undefined","4",,,,,,
,,,,"Davis, D.W.","1",,,,,,,"Exploration And Mining Geology","1","Superior Province","3","Cree Nation of Ouje-Bougoumou","1",,,,,,,,
,,,,"Dussault, C.","1",,,,,,,,,"Volcanogenic Deposit","3","Direction de la faune terrestre et de l'avifaune","1",,,,,,,,
,,,,"Ghaleb, B.","1",,,,,,,,,"Felsic Rock","2","Université du Québec à Rimouski","1",,,,,,,,
,,,,"Lafrance, B.","1",,,,,,,,,"Geochemistry","2","University of Waterloo","1",,,,,,,,
,,,,"Leblond, M.","1",,,,,,,,,"Geographic Information Systems","2","University of Toronto","1",,,,,,,,
,,,,"Lucotte, M.","1",,,,,,,,,"Gold Mine","2","McMaster University, Faculty of Health Sciences","1",,,,,,,,
,,,,"Manson, H.","1",,,,,,,,,"Land Use","2","Université du Québec à Montréal","1",,,,,,,,
,,,,"Moingt, M.","1",,,,,,,,,"Lithology","2","INRS- Centre Eau, Terre &amp; Environnement","1",,,,,,,,
,,,,"Paquet, S.","1",,,,,,,,,"Massive Sulfide","2","McMaster University","1",,,,,,,,
,,,,"Rabbitskin, T.","1",,,,,,,,,"Mineralization","2","Ministère de l‘Energie et des Ressources naturelles du Québec","1",,,,,,,,
,,,,"Richer-Laflèche, M.","1",,,,,,,,,"Mineralogy","2","Cogitore Resources Inc.","1",,,,,,,,
,,,,"Shecapio-Blacksmith, J.","1",,,,,,,,,"Quebec [Canada]","2",,,,,,,,,,
,,,,"St-Laurent, M.H.","1",,,,,,,,,"Sulfide Minerals","2",,,,,,,,,,
,,,,"Taner, M.F.","1",,,,,,,,,"Volcanic Rocks","2",,,,,,,,,,
,,,,"Tsuji, L.J.S.","1",,,,,,,,,"Anthropogenic Activity","1",,,,,,,,,,
,,,,"Vanspronsen, E.P.","1",,,,,,,,,"Anthropogenic Disturbances","1",,,,,,,,,,
,,,,"Wainman, B.C.","1",,,,,,,,,"Article","1",,,,,,,,,,
,,,,,,,,,,,,,,"Aves","1",,,,,,,,,,
,,,,,,,,,,,,,,"Backarc Basin","1",,,,,,,,,,
,,,,,,,,,,,,,,"Biogeochemistry","1",,,,,,,,,,
,,,,,,,,,,,,,,"Biomarker","1",,,,,,,,,,
,,,,,,,,,,,,,,"Bird","1",,,,,,,,,,
,,,,,,,,,,,,,,"Boreal Forest","1",,,,,,,,,,
,,,,,,,,,,,,,,"Boreal Lakes","1",,,,,,,,,,
,,,,,,,,,,,,,,"Castor Canadensis","1",,,,,,,,,,
,,,,,,,,,,,,,,"Conservation","1",,,,,,,,,,
,,,,,,,,,,,,,,"Conservation Of Natural Resources","1",,,,,,,,,,
,,,,,,,,,,,,,,"Contamination","1",,,,,,,,,,
,,,,,,,,,,,,,,"Deer","1",,,,,,,,,,
,,,,,,,,,,,,,,"Deformation","1",,,,,,,,,,
,,,,,,,,,,,,,,"Diapirism","1",,,,,,,,,,
,,,,,,,,,,,,,,"Ecology","1",,,,,,,,,,
,,,,,,,,,,,,,,"Endangered Species","1",,,,,,,,,,
,,,,,,,,,,,,,,"Environmental Exposure","1",,,,,,,,,,
,,,,,,,,,,,,,,"Environmental Health","1",,,,,,,,,,
,,,,,,,,,,,,,,"Environmental Impact Assessments","1",,,,,,,,,,
,,,,,,,,,,,,,,"Expert-based Knowledge","1",,,,,,,,,,
,,,,,,,,,,,,,,"Feldspar","1",,,,,,,,,,
,,,,,,,,,,,,,,"First Nations","1",,,,,,,,,,
,,,,,,,,,,,,,,"Fish","1",,,,,,,,,,
,,,,,,,,,,,,,,"Footwall","1",,,,,,,,,,
,,,,,,,,,,,,,,"GIS","1",,,,,,,,,,
,,,,,,,,,,,,,,"GPS","1",,,,,,,,,,
,,,,,,,,,,,,,,"Geochronology","1",,,,,,,,,,
,,,,,,,,,,,,,,"Geodynamics","1",,,,,,,,,,
,,,,,,,,,,,,,,"Geographic Information System","1",,,,,,,,,,
,,,,,,,,,,,,,,"Habitat Conservation","1",,,,,,,,,,
,,,,,,,,,,,,,,"Habitat Quality","1",,,,,,,,,,
,,,,,,,,,,,,,,"Hanging Wall","1",,,,,,,,,,
,,,,,,,,,,,,,,"Household","1",,,,,,,,,,
,,,,,,,,,,,,,,"Human Activity","1",,,,,,,,,,
,,,,,,,,,,,,,,"Humans","1",,,,,,,,,,
,,,,,,,,,,,,,,"Hydrothermal Alteration","1",,,,,,,,,,
,,,,,,,,,,,,,,"Hydrothermal Deposit","1",,,,,,,,,,
,,,,,,,,,,,,,,"Hydrothermal Fluid","1",,,,,,,,,,
,,,,,,,,,,,,,,"Impurities","1",,,,,,,,,,
,,,,,,,,,,,,,,"Island Arc","1",,,,,,,,,,
,,,,,,,,,,,,,,"James Bay","1",,,,,,,,,,
,,,,,,,,,,,,,,"Lake Ecosystem","1",,,,,,,,,,
,,,,,,,,,,,,,,"Lake Pollution","1",,,,,,,,,,
,,,,,,,,,,,,,,"Lakes","1",,,,,,,,,,
,,,,,,,,,,,,,,"Land Management","1",,,,,,,,,,
,,,,,,,,,,,,,,"Land Use Change","1",,,,,,,,,,
,,,,,,,,,,,,,,"Large Lakes","1",,,,,,,,,,
,,,,,,,,,,,,,,"Large-scale Watersheds","1",,,,,,,,,,
,,,,,,,,,,,,,,"Lignin","1",,,,,,,,,,
,,,,,,,,,,,,,,"Lithogeochemistry","1",,,,,,,,,,
,,,,,,,,,,,,,,"Mafic Rock","1",,,,,,,,,,
,,,,,,,,,,,,,,"Mammal","1",,,,,,,,,,
,,,,,,,,,,,,,,"Mammalia","1",,,,,,,,,,
,,,,,,,,,,,,,,"Mercury (element)","1",,,,,,,,,,
,,,,,,,,,,,,,,"Mercury (metal)","1",,,,,,,,,,
,,,,,,,,,,,,,,"Metamorphism","1",,,,,,,,,,
,,,,,,,,,,,,,,"Mine Waste","1",,,,,,,,,,
,,,,,,,,,,,,,,"Mining","1",,,,,,,,,,
,,,,,,,,,,,,,,"Mining Activities","1",,,,,,,,,,
,,,,,,,,,,,,,,"Mining Activity","1",,,,,,,,,,
,,,,,,,,,,,,,,"Mining Areas","1",,,,,,,,,,
,,,,,,,,,,,,,,"Ore Deposit","1",,,,,,,,,,
,,,,,,,,,,,,,,"Organic Matter","1",,,,,,,,,,
,,,,,,,,,,,,,,"Paleotectonic","1",,,,,,,,,,
,,,,,,,,,,,,,,"Partial Melting","1",,,,,,,,,,
,,,,,,,,,,,,,,"Pollution Exposure","1",,,,,,,,,,
,,,,,,,,,,,,,,"Pollution Monitoring","1",,,,,,,,,,
,,,,,,,,,,,,,,"Population Groups","1",,,,,,,,,,
,,,,,,,,,,,,,,"Quebec","1",,,,,,,,,,
,,,,,,,,,,,,,,"Rangifer Tarandus Caribou","1",,,,,,,,,,
,,,,,,,,,,,,,,"Rare Earth Element","1",,,,,,,,,,
,,,,,,,,,,,,,,"Risk Assessment","1",,,,,,,,,,
,,,,,,,,,,,,,,"Sediment Core","1",,,,,,,,,,
,,,,,,,,,,,,,,"Sedimentation","1",,,,,,,,,,
,,,,,,,,,,,,,,"Tectonic Setting","1",,,,,,,,,,
,,,,,,,,,,,,,,"Tectonics","1",,,,,,,,,,
,,,,,,,,,,,,,,"Terrestrial Organic Matter","1",,,,,,,,,,
,,,,,,,,,,,,,,"Tholeiitic Basalt","1",,,,,,,,,,
,,,,,,,,,,,,,,"Total Mercuries","1",,,,,,,,,,
,,,,,,,,,,,,,,"Toxic Material","1",,,,,,,,,,
,,,,,,,,,,,,,,"Toxic Materials","1",,,,,,,,,,
,,,,,,,,,,,,,,"Toxic Metals","1",,,,,,,,,,
,,,,,,,,,,,,,,"Uranium-lead Dating","1",,,,,,,,,,
,,,,,,,,,,,,,,"Volcanic Massive Sulfide Deposit","1",,,,,,,,,,
,,,,,,,,,,,,,,"Volcanism","1",,,,,,,,,,
,,,,,,,,,,,,,,"Volcanogenic Massive Sulfide Deposit","1",,,,,,,,,,
,,,,,,,,,,,,,,"Water Chemistry","1",,,,,,,,,,
,,,,,,,,,,,,,,"Watershed","1",,,,,,,,,,
,,,,,,,,,,,,,,"Watersheds","1",,,,,,,,,,
,,,,,,,,,,,,,,"Wildlife-habitat Model","1",,,,,,,,,,
,,,,,,,,,,,,,,,,,,,,,,,,,
,,,,,,,,,,,,,,,,,,,,,,,,,
,,,,,,,,,,,,,,,,,,,,,,,,,
,,,,,,,,,,,,,,,,,,,,,,,,,
,,,,,,,,,,,,,,,,,,,,,,,,,
,,,,,,,,,,,,,,,,,,,,,,,,,
,,,,,,,,,,,,,,,,,,,,,,,,,
,,,,,,,,,,,,,,,,,,,,,,,,,
,,,,,,,,,,,,,,,,,,,,,,,,,
,,,,,,,,,,,,,,,,,,,,,,,,,
,,,,,,,,,,,,,,,,,,,,,,,,,
,,,,,,,,,,,,,,,,,,,,,,,,,
,,,,,,,,,,,,,,,,,,,,,,,,,
,,,,,,,,,,,,,,,,,,,,,,,,,
,,,,,,,,,,,,,,,,,,,,,,,,,
,,,,,,,,,,,,,,,,,,,,,,,,,
,,,,,,,,,,,,,,,,,,,,,,,,,
,,,,,,,,,,,,,,,,,,,,,,,,,
,,,,,,,,,,,,,,,,,,,,,,,,,
,,,,,,,,,,,,,,,,,,,,,,,,,
,,,,,,,,,,,,,,,,,,,,,,,,,
,,,,,,,,,,,,,,,,,,,,,,,,,
,,,,,,,,,,,,,,,,,,,,,,,,,
,,,,,,,,,,,,,,,,,,,,,,,,,
,,,,,,,,,,,,,,,,,,,,,,,,,
,,,,,,,,,,,,,,,,,,,,,,,,,
,,,,,,,,,,,,,,,,,,,,,,,,,
,,,,,,,,,,,,,,,,,,,,,,,,,
,,,,,,,,,,,,,,,,,,,,,,,,,
,,,,,,,,,,,,,,,,,,,,,,,,,
,,,,,,,,,,,,,,,,,,,,,,,,,
,,,,,,,,,,,,,,,,,,,,,,,,,
,,,,,,,,,,,,,,,,,,,,,,,,,
,,,,,,,,,,,,,,,,,,,,,,,,,
,,,,,,,,,,,,,,,,,,,,,,,,,
,,,,,,,,,,,,,,,,,,,,,,,,,
,,,,,,,,,,,,,,,,,,,,,,,,,
,,,,,,,,,,,,,,,,,,,,,,,,,
,,,,,,,,,,,,,,,,,,,,,,,,,
,,,,,,,,,,,,,,,,,,,,,,,,,
,,,,,,,,,,,,,,,,,,,,,,,,,
,,,,,,,,,,,,,,,,,,,,,,,,,
,,,,,,,,,,,,,,,,,,,,,,,,,
,,,,,,,,,,,,,,,,,,,,,,,,,
,,,,,,,,,,,,,,,,,,,,,,,,,
,,,,,,,,,,,,,,,,,,,,,,,,,
,,,,,,,,,,,,,,,,,,,,,,,,,
,,,,,,,,,,,,,,,,,,,,,,,,,
,,,,,,,,,,,,,,,,,,,,,,,,,
