﻿Scopus refine results values

"Your query : ((TITLE-ABS-KEY((Boreal OR {James Bay} OR James-Bay OR {Clay Belt} OR {canadian shield}) AND Quebec) AND PUBYEAR > 1999 AND PUBYEAR < 2020) AND (TITLE-ABS-KEY(Forestry OR {Forest management} OR {Forest practices}) AND PUBYEAR > 1999 AND PUBYEAR < 2020) AND (TITLE-ABS-KEY(Species AND (Distribution OR Extinct* OR Invasi*  OR Transition Or exotic)) AND PUBYEAR > 1999 AND PUBYEAR < 2020))"


Number of results : 54

"ACCESS TYPE",,"YEAR",,"AUTHOR NAME",,"SUBJECT AREA",,"DOCUMENT TYPE",,"PUBLICATION STAGE",,"SOURCE TITLE",,"KEYWORD",,"AFFILIATION",,"FUNDING SPONSOR",,"COUNTRY",,"SOURCE TYPE",,"LANGUAGE",
"Open Access","10","2019","3","Bergeron, Y.","8","Agricultural and Biological Sciences","44","Article","51","final","54","Forest Ecology And Management","17","Canada","46","Université Laval","22","Natural Sciences and Engineering Research Council of Canada","18","Canada","54","Journals","53","English","52"
"Other","44","2018","2","Thiffault, N.","6","Biochemistry, Genetics and Molecular Biology","3","Conference Paper","2",,,"Canadian Journal Of Forest Research","10","Forestry","39","Université du Québec à Montréal","17","Fonds QuÃ©bÃ©cois de la Recherche sur la Nature et les Technologies","5","United States","4","Conference Proceedings","1","French","3"
,,"2017","5","Drapeau, P.","5","Earth and Planetary Sciences","2","Review","1",,,"Forestry Chronicle","2","Boreal Forest","36","Universite du Quebec en Abitibi-Temiscamingue","11","Fonds de recherche du QuÃ©bec â Nature et technologies","5","Finland","2",,,,
,,"2016","4","Gauthier, S.","4","Engineering","1",,,,,"Plos One","2","Quebec [Canada]","35","Canadian Forest Service","10","Canadian Forest Service","3","France","1",,,,
,,"2015","3","Imbeau, L.","4","Environmental Science","42",,,,,"Silva Fennica","2","Forest Management","24","Ministère de l‘Energie et des Ressources naturelles du Québec","8","MinistÃ¨re des Ressources Naturelles et de la Faune","3","Spain","1",,,,
,,"2014","1","Brais, S.","3","Materials Science","1",,,,,"Applied Vegetation Science","1","Picea Mariana","19","Natural Resources Canada","7","Association pour la Recherche sur les Tumeurs de la Prostate","2","United Kingdom","1",,,,
,,"2013","3","Bélanger, L.","3","Multidisciplinary","2",,,,,"Avian Conservation And Ecology","1","Boreal Forests","13","Université du Québec à Rimouski","5","Academy of Finland","1",,,,,,
,,"2012","3","Mazerolle, M.J.","3","Neuroscience","1",,,,,"Biodiversity And Conservation","1","North America","13","Le réseau de l'Université du Québec","4","Academy of Natural Sciences of Drexel University","1",,,,,,
,,"2011","1","Sirois, L.","3","Social Sciences","1",,,,,"Dendrochronologia","1","Quebec","13","Ministère des Forêts de la Faune et des Parcs du Québec","3","Canada Foundation for Innovation","1",,,,,,
,,"2010","5","Bouchard, M.","2",,,,,,,"Diversity And Distributions","1","Ecology","12","Université du Québec à Chicoutimi","3","Canada Research Chairs","1",,,,,,
,,"2009","7","Cumming, S.G.","2",,,,,,,"Ecological Applications","1","Ecosystems","11","Environment Canada","2","Environment and Climate Change Canada","1",,,,,,
,,"2008","2","De Grandpré, L.","2",,,,,,,"Ecological Modelling","1","Biodiversity","10","McGill University","2","Fonds pour la Formation de Chercheurs et l'Aide Ã  la Recherche","1",,,,,,
,,"2007","2","Desrochers, A.","2",,,,,,,"Ecology And Evolution","1","Harvesting","9","Helsingin Yliopisto","2","MinistÃ¨re de l'Ãconomie, de lâInnovation et des Exportations du QuÃ©bec","1",,,,,,
,,"2005","4","Fortin, D.","2",,,,,,,"Forests","1","Coniferous Tree","8","Université de Sherbrooke","2","MinistÃ¨re de l'Ãducation, du Loisir et du Sport QuÃ©bec","1",,,,,,
,,"2004","3","Jobidon, R.","2",,,,,,,"Hydrobiologia","1","Forests","8","Concordia University","2","Networks of Centres of Excellence of Canada","1",,,,,,
,,"2003","1","Leduc, A.","2",,,,,,,"International Journal Of Applied Earth Observation And Geoinformation","1","Stand Structure","8","McGill University, Macdonald Campus","2","Schweizerischer Nationalfonds zur Förderung der Wissenschaftlichen Forschung","1",,,,,,
,,"2002","4","Messier, C.","2",,,,,,,"Journal Of Advances In Modeling Earth Systems","1","Abies Balsamea","7","Service canadien de la faune","1","UniversitÃ© du QuÃ©bec Ã  MontrÃ©al","1",,,,,,
,,"2000","1","Morin, H.","2",,,,,,,"Journal Of Environmental Quality","1","Climate Change","7","Centre d’étude de la forêt","1","UniversitÃ© du QuÃ©bec Ã  Rimouski","1",,,,,,
,,,,"Périé, C.","2",,,,,,,"Landscape Ecology","1","Coniferophyta","7","425 boul. du Collège","1","Undefined","33",,,,,,
,,,,"Rossi, S.","2",,,,,,,"New Forests","1","Fires","7","Bureau du Forestier en Chef","1",,,,,,,,
,,,,"St-Laurent, M.H.","2",,,,,,,"Northern Journal Of Applied Forestry","1","Forest Dynamics","7","B.C. Forest Service","1",,,,,,,,
,,,,"Tremblay, F.","2",,,,,,,"Oecologia","1","Population Distribution","7","445 Boul. de l'Université","1",,,,,,,,
,,,,"Tremblay, M.J.","2",,,,,,,"Peerj","1","Regeneration","7","Forest Sciences Centre of Catalonia CTFC-CEMFOR","1",,,,,,,,
,,,,"Aakala, T.","1",,,,,,,"Proceedings Of The 26th Canadian Symposium On Remote Sensing","1","Spatial Distribution","7","Ministère des Forêts de la Faune et des Parcs","1",,,,,,,,
,,,,"Alfaro, R.","1",,,,,,,"Revue Des Sciences De L Eau","1","Fire","6","Ministère des Forêts","1",,,,,,,,
,,,,"Aquilué, N.","1",,,,,,,"Wetlands","1","Growth","6","Ministère des Forêts","1",,,,,,,,
,,,,"Auger, I.","1",,,,,,,,,"Pinus Banksiana","6","Ministère des Forêts de la Faune et des Parcs","1",,,,,,,,
,,,,"Barrette, M.","1",,,,,,,,,"Silviculture","6","Institut des Sciences de la Forêt tempérée ISFORT","1",,,,,,,,
,,,,"Bauce, E.","1",,,,,,,,,"Abies","5","Cégep de l’Abitibi-Témiscamingue College of Abitibi-Témiscamingue","1",,,,,,,,
,,,,"Bayne, E.M.","1",,,,,,,,,"Abundance","5","Princeton University","1",,,,,,,,
,,,,"Beauchesne, D.","1",,,,,,,,,"Aves","5","USDA Forest Service","1",,,,,,,,
,,,,"Beaudet, M.","1",,,,,,,,,"Black Spruce","5","University of Arkansas - Fayetteville","1",,,,,,,,
,,,,"Beaulieu, J.","1",,,,,,,,,"Clearcutting","5","Purdue University","1",,,,,,,,
,,,,"Beauregard, R.","1",,,,,,,,,"Coniferous Forest","5","University of Montreal","1",,,,,,,,
,,,,"Bedford, L.","1",,,,,,,,,"Disturbance","5","National Research Council Canada","1",,,,,,,,
,,,,"Bernier-Cardou, M.","1",,,,,,,,,"Forest Fire","5","Oregon State University","1",,,,,,,,
,,,,"Bordage, D.","1",,,,,,,,,"Old-growth Forest","5","Georgia College &amp; State University","1",,,,,,,,
,,,,"Boulanger, Y.","1",,,,,,,,,"Picea","5","University of Toronto","1",,,,,,,,
,,,,"Boutin, R.","1",,,,,,,,,"Picea Glauca","5","University of Winnipeg","1",,,,,,,,
,,,,"Bradley, R.L.","1",,,,,,,,,"Reforestation","5","Polytechnique Montréal","1",,,,,,,,
,,,,"Buddle, C.M.","1",,,,,,,,,"Soils","5","Université du Québec à Trois-Rivières","1",,,,,,,,
,,,,"Bussière, B.","1",,,,,,,,,"Species Diversity","5","University of Oxford","1",,,,,,,,
,,,,"Bégin, J.","1",,,,,,,,,"Bird","4","Conseil de recherches en sciences naturelles et en génie du Canada","1",,,,,,,,
,,,,"Bérubé, J.A.","1",,,,,,,,,"Conservation","4","College of Science","1",,,,,,,,
,,,,"Cadieux, P.","1",,,,,,,,,"Deciduous Tree","4","University of Alberta","1",,,,,,,,
,,,,"Carignan, R.","1",,,,,,,,,"Ecological Impact","4","Northern Forestry Centre","1",,,,,,,,
,,,,"Charette, L.","1",,,,,,,,,"Fire History","4","Pacific Forestry Centre","1",,,,,,,,
,,,,"Charron, D.","1",,,,,,,,,"Habitat Use","4","Ministry of Forests and Range","1",,,,,,,,
,,,,"Chavel, E.E.","1",,,,,,,,,"Hexapoda","4","Ducks Unlimited Canada","1",,,,,,,,
,,,,"Coates, K.D.","1",,,,,,,,,"Kalmia Angustifolia","4","TÉLUQ University","1",,,,,,,,
,,,,"Cobello, M.","1",,,,,,,,,"Logging (timber)","4",,,,,,,,,,
,,,,"Correia, D.L.P.","1",,,,,,,,,"Plants (botany)","4",,,,,,,,,,
,,,,"Courbin, N.","1",,,,,,,,,"Probability","4",,,,,,,,,,
,,,,"Courtois, R.","1",,,,,,,,,"Seed","4",,,,,,,,,,
,,,,"Crosby, A.D.","1",,,,,,,,,"Shrub","4",,,,,,,,,,
,,,,"Cyr, G.","1",,,,,,,,,"Simulation","4",,,,,,,,,,
,,,,"Côté, S.","1",,,,,,,,,"Stand Dynamics","4",,,,,,,,,,
,,,,"Daoust, G.","1",,,,,,,,,"Taiga","4",,,,,,,,,,
,,,,"Darveau, M.","1",,,,,,,,,"Vegetation","4",,,,,,,,,,
,,,,"Defo, M.","1",,,,,,,,,"Animalia","3",,,,,,,,,,
,,,,"Denneler, B.","1",,,,,,,,,"Animals","3",,,,,,,,,,
,,,,"Desrochers, A.","1",,,,,,,,,"Article","3",,,,,,,,,,
,,,,"Dumais, D.","1",,,,,,,,,"Betula Papyrifera","3",,,,,,,,,,
,,,,"Dussault, C.","1",,,,,,,,,"Biomass","3",,,,,,,,,,
,,,,"Dussault, C.","1",,,,,,,,,"Birds","3",,,,,,,,,,
,,,,"Déchêne, A.D.","1",,,,,,,,,"Canadian Boreal Forest","3",,,,,,,,,,
,,,,"Dénes, F.V.","1",,,,,,,,,"Carbon","3",,,,,,,,,,
,,,,"Fauteux, D.","1",,,,,,,,,"Community Structure","3",,,,,,,,,,
,,,,"Fenton, N.J.","1",,,,,,,,,"Decision Making","3",,,,,,,,,,
,,,,"Filotas, É.","1",,,,,,,,,"Deer","3",,,,,,,,,,
,,,,"Fortin, M.J.","1",,,,,,,,,"Density Dependence","3",,,,,,,,,,
,,,,"Fournier, R.A.","1",,,,,,,,,"Environmental Factor","3",,,,,,,,,,
,,,,"Fuentealba, A.","1",,,,,,,,,"Ericaceous Shrubs","3",,,,,,,,,,
,,,,"Fyles, J.W.","1",,,,,,,,,"Evergreen Tree","3",,,,,,,,,,
,,,,"Gagnon, R.","1",,,,,,,,,"Foraging Behavior","3",,,,,,,,,,
,,,,"Gagné, C.","1",,,,,,,,,"Forest","3",,,,,,,,,,
,,,,"Gaussiran, S.","1",,,,,,,,,"Forest Fires","3",,,,,,,,,,
,,,,"Girardin, M.P.","1",,,,,,,,,"Forestry Production","3",,,,,,,,,,
,,,,"Giroud, G.","1",,,,,,,,,"Growth Rate","3",,,,,,,,,,
,,,,"Gravel, D.","1",,,,,,,,,"Habitat Fragmentation","3",,,,,,,,,,
,,,,"Grondin, P.","1",,,,,,,,,"Habitat Selection","3",,,,,,,,,,
,,,,"Haeussler, S.","1",,,,,,,,,"Hardwoods","3",,,,,,,,,,
,,,,"Harvey, B.D.","1",,,,,,,,,"Human Activity","3",,,,,,,,,,
,,,,"Hausmann, S.","1",,,,,,,,,"Landscape Ecology","3",,,,,,,,,,
,,,,"Hins, C.","1",,,,,,,,,"Larix","3",,,,,,,,,,
,,,,"Hodson, J.","1",,,,,,,,,"Mammals","3",,,,,,,,,,
,,,,"Hu, Y.","1",,,,,,,,,"Nonhuman","3",,,,,,,,,,
,,,,"Hébert Christian, C.","1",,,,,,,,,"Ontario [Canada]","3",,,,,,,,,,
,,,,"Jaeger, J.A.G.","1",,,,,,,,,"Plantation Forestry","3",,,,,,,,,,
,,,,"Kamorina, G.","1",,,,,,,,,"Population Dynamics","3",,,,,,,,,,
,,,,"Kneeshaw, D.","1",,,,,,,,,"Population Size","3",,,,,,,,,,
,,,,"Kneeshaw, D.D.","1",,,,,,,,,"Recruitment (population Dynamics)","3",,,,,,,,,,
,,,,"Kranabetter, J.M.","1",,,,,,,,,"Rodent","3",,,,,,,,,,
,,,,"Krause, C.","1",,,,,,,,,"Scarification","3",,,,,,,,,,
,,,,"Kuuluvainen, T.","1",,,,,,,,,"Seasonal Variation","3",,,,,,,,,,
,,,,"Lambert, M.C.","1",,,,,,,,,"Site Preparation","3",,,,,,,,,,
,,,,"Larchevêque, M.","1",,,,,,,,,"Species Composition","3",,,,,,,,,,
,,,,"Larocque, G.R.","1",,,,,,,,,"Species Distribution","3",,,,,,,,,,
,,,,"Le Goff, H.","1",,,,,,,,,"Species Occurrence","3",,,,,,,,,,
,,,,"LeBlanc, M.L.","1",,,,,,,,,"Species Richness","3",,,,,,,,,,
,,,,"Lecomte, N.","1",,,,,,,,,"Stem","3",,,,,,,,,,
,,,,"Lemelin, L.V.","1",,,,,,,,,"Succession","3",,,,,,,,,,
,,,,"Lesieur, D.","1",,,,,,,,,"Survival","3",,,,,,,,,,
,,,,"Levasseur, V.","1",,,,,,,,,"Timber Harvesting","3",,,,,,,,,,
,,,,"Magnan, P.","1",,,,,,,,,"Trees","3",,,,,,,,,,
,,,,"Major, M.","1",,,,,,,,,"Western Hemisphere","3",,,,,,,,,,
,,,,"Margni, M.","1",,,,,,,,,"Wood","3",,,,,,,,,,
,,,,"Medvigy, D.","1",,,,,,,,,"Woody Debris","3",,,,,,,,,,
,,,,"Miquelajauregui, Y.","1",,,,,,,,,"World","3",,,,,,,,,,
,,,,"Moilanen, A.","1",,,,,,,,,"Anthropogenic Effect","2",,,,,,,,,,
,,,,"Nenzén, H.K.","1",,,,,,,,,"Autocorrelation","2",,,,,,,,,,
,,,,"Noël, J.","1",,,,,,,,,"Bacillariophyta","2",,,,,,,,,,
,,,,"Oetter, D.R.","1",,,,,,,,,"Beetle","2",,,,,,,,,,
,,,,"Ouellet, J.P.","1",,,,,,,,,"Biological Invasion","2",,,,,,,,,,
,,,,"Paquette, A.","1",,,,,,,,,"Breeding Site","2",,,,,,,,,,
,,,,"Parisien, M.A.","1",,,,,,,,,"Broad-leaved Forest","2",,,,,,,,,,
,,,,"Park, A.","1",,,,,,,,,"Bryophyta","2",,,,,,,,,,
,,,,"Payette, S.","1",,,,,,,,,"Choristoneura Fumiferana","2",,,,,,,,,,
,,,,"Peres-Neto, P.","1",,,,,,,,,"Clethrionomys","2",,,,,,,,,,
,,,,"Perry, D.A.","1",,,,,,,,,"Climate Effect","2",,,,,,,,,,
,,,,"Picher, G.","1",,,,,,,,,"Coarse Woody Debris","2",,,,,,,,,,
,,,,"Piché, Y.","1",,,,,,,,,"Coleoptera","2",,,,,,,,,,
,,,,"Pienitz, R.","1",,,,,,,,,"Community Composition","2",,,,,,,,,,
,,,,"Pilon, V.","1",,,,,,,,,"Computer Simulation","2",,,,,,,,,,
,,,,"Pinel-Alloul, B.","1",,,,,,,,,"Dead Wood","2",,,,,,,,,,
,,,,"Planas, D.","1",,,,,,,,,"Decay (organic)","2",,,,,,,,,,
,,,,"Poirier, V.","1",,,,,,,,,"Degradation","2",,,,,,,,,,
,,,,"Poulin, J.","1",,,,,,,,,"Diameter","2",,,,,,,,,,
,,,,"Prégent, G.","1",,,,,,,,,"Dispersal","2",,,,,,,,,,
,,,,"Prévost, M.","1",,,,,,,,,"Dominance","2",,,,,,,,,,
,,,,"Purdon, M.","1",,,,,,,,,"Drainage","2",,,,,,,,,,
,,,,"Périnet, P.","1",,,,,,,,,"Dynamics","2",,,,,,,,,,
,,,,"Raulier, F.","1",,,,,,,,,"Eastern Canada","2",,,,,,,,,,
,,,,"Rayfield, B.","1",,,,,,,,,"Ecosystem","2",,,,,,,,,,
,,,,"Robert, M.","1",,,,,,,,,"Ecosystem Management","2",,,,,,,,,,
,,,,"Royo, A.A.","1",,,,,,,,,"Endangered Species","2",,,,,,,,,,
,,,,"Savard, G.","1",,,,,,,,,"Environmental Disturbance","2",,,,,,,,,,
,,,,"Schmiegelow, F.K.A.","1",,,,,,,,,"Environmental Protection","2",,,,,,,,,,
,,,,"Smirnova, E.","1",,,,,,,,,"Fire Cycle","2",,,,,,,,,,
,,,,"Sokolski, S.","1",,,,,,,,,"Fire Protection","2",,,,,,,,,,
,,,,"St-Onge, B.","1",,,,,,,,,"Forest Cover","2",,,,,,,,,,
,,,,"Tardif, J.","1",,,,,,,,,"Forest Ecosystem","2",,,,,,,,,,
,,,,"Thiffault, É.","1",,,,,,,,,"Forest Floor","2",,,,,,,,,,
,,,,"Tremblay, J.A.","1",,,,,,,,,"Forest Harvesting","2",,,,,,,,,,
,,,,"Trugman, A.T.","1",,,,,,,,,"Forest Soil","2",,,,,,,,,,
,,,,"Ung, C.H.","1",,,,,,,,,"Functional Group","2",,,,,,,,,,
,,,,"Vaillancourt, M.A.","1",,,,,,,,,"Generalized Linear Mixed Model","2",,,,,,,,,,
,,,,"Vepakomma, U.","1",,,,,,,,,"Global Positioning System","2",,,,,,,,,,
,,,,"Welp, L.R.","1",,,,,,,,,"Habitat Quality","2",,,,,,,,,,
,,,,"Whitbeck, K.L.","1",,,,,,,,,"Height","2",,,,,,,,,,
,,,,"Xu, X.","1",,,,,,,,,"Home Range","2",,,,,,,,,,
,,,,"de Blois, S.","1",,,,,,,,,"Image Segmentation","2",,,,,,,,,,
,,,,"van Lier, O.R.","1",,,,,,,,,"Insecta","2",,,,,,,,,,
,,,,,,,,,,,,,,"Insects","2",,,,,,,,,,
,,,,,,,,,,,,,,"Interspecific Competition","2",,,,,,,,,,
,,,,,,,,,,,,,,"Jack Pine","2",,,,,,,,,,
,,,,,,,,,,,,,,"Kalmia","2",,,,,,,,,,
,,,,,,,,,,,,,,"Lake Duparquet","2",,,,,,,,,,
,,,,,,,,,,,,,,"Lake Ecosystem","2",,,,,,,,,,
,,,,,,,,,,,,,,"Lakes","2",,,,,,,,,,
