﻿Scopus refine results values

"Your query : ((TITLE-ABS-KEY((Boreal OR {James Bay} OR James-Bay OR {Clay Belt} OR {canadian shield}) AND Quebec) AND PUBYEAR > 1999 AND PUBYEAR < 2020) AND (TITLE-ABS-KEY(Species AND (Distribution OR Extinct* OR Invasi*  OR Transition Or exotic)) AND PUBYEAR > 1999 AND PUBYEAR < 2020) AND (TITLE-ABS-KEY(Water AND  (quality OR lake OR river OR stream)) AND PUBYEAR > 1999 AND PUBYEAR < 2020))"


Number of results : 13

"ACCESS TYPE",,"YEAR",,"AUTHOR NAME",,"SUBJECT AREA",,"DOCUMENT TYPE",,"PUBLICATION STAGE",,"SOURCE TITLE",,"KEYWORD",,"AFFILIATION",,"FUNDING SPONSOR",,"COUNTRY",,"SOURCE TYPE",,"LANGUAGE",
"Open Access","2","2018","1","Cossa, D.","2","Agricultural and Biological Sciences","6","Article","12","final","13","Applied Geochemistry","1","Canada","11","University of Montreal","4","Natural Sciences and Engineering Research Council of Canada","3","Canada","13","Journals","13","English","12"
"Other","11","2016","2","Del Giorgio, P.A.","2","Arts and Humanities","1","Review","1",,,"Archives Of Environmental Contamination And Toxicology","1","Quebec","6","Université du Québec à Montréal","4","Fonds QuÃ©bÃ©cois de la Recherche sur la Nature et les Technologies","2","France","4",,,"French","1"
,,"2015","1","Beauchamp, G.","1","Biochemistry, Genetics and Molecular Biology","1",,,,,"Biological Invasions","1","Quebec [Canada]","5","IFREMER Institut Francais de Recherche pour l'Exploitation de la Mer","3","Academy of Natural Sciences of Drexel University","1","United States","2",,,,
,,"2012","1","Bergeron, Y.","1","Earth and Planetary Sciences","3",,,,,"Ecological Applications","1","Article","3","Environment Canada","2","Hydro-Québec","1","Colombia","1",,,,
,,"2011","1","Bernatchez, P.","1","Environmental Science","9",,,,,"Geochimica Et Cosmochimica Acta","1","Chlorophyll A","3","Université Laval","2","National Science Foundation","1","Spain","1",,,,
,,"2010","1","Bordage, D.","1","Immunology and Microbiology","1",,,,,"Holocene","1","Fresh Water","3","Le réseau de l'Université du Québec","1","Schweizerischer Nationalfonds zur Förderung der Wissenschaftlichen Forschung","1",,,,,,
,,"2009","1","Borrego, C.M.","1","Multidisciplinary","1",,,,,"Hydrobiologia","1","Freshwater Environment","3","McGill University","1","Undefined","8",,,,,,
,,"2005","1","Bourgeois-Roy, A.","1","Pharmacology, Toxicology and Pharmaceutics","1",,,,,"Isme Journal","1","Lake","3","Universite du Quebec en Abitibi-Temiscamingue","1",,,,,,,,
,,"2002","1","Brind'Amour, A.","1",,,,,,,"Journal Of Ecology","1","Lakes","3","Université du Québec à Rimouski","1",,,,,,,,
,,"2001","3","Bélanger, D.","1",,,,,,,"Journal Of Plankton Research","1","North America","3","University of Arkansas - Fayetteville","1",,,,,,,,
,,,,"Carcaillet, C.","1",,,,,,,"Plos One","1","Organic Carbon","3","Canadian Forest Service","1",,,,,,,,
,,,,"Carignan, R.","1",,,,,,,"Revue Des Sciences De L Eau","1","Water Chemistry","3","Museé canadien de la nature","1",,,,,,,,
,,,,"Castañeda, R.A.","1",,,,,,,"Wetlands","1","Animals","2","CNRS Centre National de la Recherche Scientifique","1",,,,,,,,
,,,,"Cottrell, M.T.","1",,,,,,,,,"Bacillariophyta","2","Universitat de Girona","1",,,,,,,,
,,,,"Crites, H.","1",,,,,,,,,"Biogeography","2","Fisheries and Oceans Canada","1",,,,,,,,
,,,,"Daniel, B.","1",,,,,,,,,"Boreal Forest","2","University of Toronto","1",,,,,,,,
,,,,"Dansereau, M.","1",,,,,,,,,"Boreal Kingdom","2","College of Earth, Ocean and Environment","1",,,,,,,,
,,,,"Darveau, M.","1",,,,,,,,,"Chlorophyll","2","Université du Québec à Trois-Rivières","1",,,,,,,,
,,,,"Dray, S.","1",,,,,,,,,"Climate","2","University of Delaware","1",,,,,,,,
,,,,"Fauteux, L.","1",,,,,,,,,"Community Composition","2","Université Claude Bernard Lyon 1","1",,,,,,,,
,,,,"Feyte, S.","1",,,,,,,,,"Community Structure","2","École Pratique des Hautes Etudes","1",,,,,,,,
,,,,"Fortin, C.","1",,,,,,,,,"Concentration (composition)","2","University of Ottawa, Canada","1",,,,,,,,
,,,,"Fréchette, B.","1",,,,,,,,,"Concentration (parameters)","2","INRS- Centre Eau, Terre &amp; Environnement","1",,,,,,,,
,,,,"Gagnon, P.","1",,,,,,,,,"Controlled Study","2","Maurice Lamontagne Institute, Fisheries and Oceans Canada","1",,,,,,,,
,,,,"Garcia-Chaves, M.C.","1",,,,,,,,,"Environmental Factor","2","Ministère de l‘Energie et des Ressources naturelles du Québec","1",,,,,,,,
,,,,"Gauthier, S.","1",,,,,,,,,"Holocene","2","Universidad de Antioquia","1",,,,,,,,
,,,,"Gobeil, C.","1",,,,,,,,,"Hydrodynamics","2","Ducks Unlimited Canada","1",,,,,,,,
,,,,"Hamelin, K.M.","1",,,,,,,,,"Hydrology","2","Université de Lyon","1",,,,,,,,
,,,,"Harvey, M.","1",,,,,,,,,"Invertebrata","2",,,,,,,,,,
,,,,"Hausmann, S.","1",,,,,,,,,"Lacustrine Deposit","2",,,,,,,,,,
,,,,"Imbeau, L.","1",,,,,,,,,"Lake Ecosystem","2",,,,,,,,,,
,,,,"Kirchman, D.L.","1",,,,,,,,,"Mercury (element)","2",,,,,,,,,,
,,,,"Lacelle, D.","1",,,,,,,,,"Nonhuman","2",,,,,,,,,,
,,,,"Larivière, N.","1",,,,,,,,,"Phosphorus","2",,,,,,,,,,
,,,,"Legendre, P.","1",,,,,,,,,"Plankton","2",,,,,,,,,,
,,,,"Lemelin, L.V.","1",,,,,,,,,"Population Distribution","2",,,,,,,,,,
,,,,"Magnan, P.","1",,,,,,,,,"River Water","2",,,,,,,,,,
,,,,"Martel, A.","1",,,,,,,,,"Rivers","2",,,,,,,,,,
,,,,"Niño-García, J.P.","1",,,,,,,,,"Saint Lawrence River","2",,,,,,,,,,
,,,,"Pham, T.T.","1",,,,,,,,,"Spatial Distribution","2",,,,,,,,,,
,,,,"Pienitz, R.","1",,,,,,,,,"Species Difference","2",,,,,,,,,,
,,,,"Pinel-Alloul, B.","1",,,,,,,,,"Species Richness","2",,,,,,,,,,
,,,,"Planas, D.","1",,,,,,,,,"Vertical Distribution","2",,,,,,,,,,
,,,,"Prairie, Y.T.","1",,,,,,,,,"Δ   O-δ   C  18 13","1",,,,,,,,,,
,,,,"Ricciardi, A.","1",,,,,,,,,"Abundance","1",,,,,,,,,,
,,,,"Richard, P.J.H.","1",,,,,,,,,"Accelerator Mass Spectrometry","1",,,,,,,,,,
,,,,"Rondeau, B.","1",,,,,,,,,"Acidity","1",,,,,,,,,,
,,,,"Ruiz-González, C.","1",,,,,,,,,"Aerobic Anoxygenic Phototrophic Bacteria","1",,,,,,,,,,
,,,,"Simard, N.","1",,,,,,,,,"Aerobic Bacterium","1",,,,,,,,,,
,,,,"Surette, C.","1",,,,,,,,,"Age","1",,,,,,,,,,
,,,,"Tessier, A.","1",,,,,,,,,"Airborne Survey","1",,,,,,,,,,
,,,,"Therriault, J.C.","1",,,,,,,,,"Aix","1",,,,,,,,,,
,,,,,,,,,,,,,,"Aix Sponsa","1",,,,,,,,,,
,,,,,,,,,,,,,,"Altitude","1",,,,,,,,,,
,,,,,,,,,,,,,,"Anas","1",,,,,,,,,,
,,,,,,,,,,,,,,"Anatidae","1",,,,,,,,,,
,,,,,,,,,,,,,,"Animal","1",,,,,,,,,,
,,,,,,,,,,,,,,"Animal Tissue","1",,,,,,,,,,
,,,,,,,,,,,,,,"Animalia","1",,,,,,,,,,
,,,,,,,,,,,,,,"Anoxic Conditions","1",,,,,,,,,,
,,,,,,,,,,,,,,"Anser","1",,,,,,,,,,
,,,,,,,,,,,,,,"Anthropogenic Source","1",,,,,,,,,,
,,,,,,,,,,,,,,"Assessment Method","1",,,,,,,,,,
,,,,,,,,,,,,,,"Aythya Collaris","1",,,,,,,,,,
,,,,,,,,,,,,,,"Bacteria","1",,,,,,,,,,
,,,,,,,,,,,,,,"Bacteria, Aerobic","1",,,,,,,,,,
,,,,,,,,,,,,,,"Bacterial Cell","1",,,,,,,,,,
,,,,,,,,,,,,,,"Bacteriochlorophyll A","1",,,,,,,,,,
,,,,,,,,,,,,,,"Bacterioplankton","1",,,,,,,,,,
,,,,,,,,,,,,,,"Bacterium","1",,,,,,,,,,
,,,,,,,,,,,,,,"Ballast Water","1",,,,,,,,,,
,,,,,,,,,,,,,,"Bay","1",,,,,,,,,,
,,,,,,,,,,,,,,"Becancour","1",,,,,,,,,,
,,,,,,,,,,,,,,"Benthos","1",,,,,,,,,,
,,,,,,,,,,,,,,"Bioavailability","1",,,,,,,,,,
,,,,,,,,,,,,,,"Biogeochemical Dynamics","1",,,,,,,,,,
,,,,,,,,,,,,,,"Biological Invasion","1",,,,,,,,,,
,,,,,,,,,,,,,,"Biological Model","1",,,,,,,,,,
,,,,,,,,,,,,,,"Biomass","1",,,,,,,,,,
,,,,,,,,,,,,,,"Biota","1",,,,,,,,,,
,,,,,,,,,,,,,,"Boreal","1",,,,,,,,,,
,,,,,,,,,,,,,,"Brain","1",,,,,,,,,,
,,,,,,,,,,,,,,"Branta Canadensis","1",,,,,,,,,,
,,,,,,,,,,,,,,"Breeding Population","1",,,,,,,,,,
,,,,,,,,,,,,,,"Breeding Site","1",,,,,,,,,,
,,,,,,,,,,,,,,"Bryozoa","1",,,,,,,,,,
,,,,,,,,,,,,,,"Bryozoan","1",,,,,,,,,,
,,,,,,,,,,,,,,"Bucephala Clangula","1",,,,,,,,,,
,,,,,,,,,,,,,,"Canadian Shield","1",,,,,,,,,,
,,,,,,,,,,,,,,"Carbon","1",,,,,,,,,,
,,,,,,,,,,,,,,"Carbon Isotope","1",,,,,,,,,,
,,,,,,,,,,,,,,"Carnivora","1",,,,,,,,,,
,,,,,,,,,,,,,,"Catchment","1",,,,,,,,,,
,,,,,,,,,,,,,,"Catchments","1",,,,,,,,,,
,,,,,,,,,,,,,,"Catostomus Commersoni","1",,,,,,,,,,
,,,,,,,,,,,,,,"Cell Size","1",,,,,,,,,,
,,,,,,,,,,,,,,"Cellular Organisms","1",,,,,,,,,,
,,,,,,,,,,,,,,"Charcoal","1",,,,,,,,,,
,,,,,,,,,,,,,,"Chemical Analysis","1",,,,,,,,,,
,,,,,,,,,,,,,,"Chemistry","1",,,,,,,,,,
,,,,,,,,,,,,,,"Chlorophyll Content","1",,,,,,,,,,
,,,,,,,,,,,,,,"Chlorophylls","1",,,,,,,,,,
,,,,,,,,,,,,,,"Classification","1",,,,,,,,,,
,,,,,,,,,,,,,,"Clearcutting","1",,,,,,,,,,
,,,,,,,,,,,,,,"Climate Change","1",,,,,,,,,,
,,,,,,,,,,,,,,"Climate Effect","1",,,,,,,,,,
,,,,,,,,,,,,,,"Climates","1",,,,,,,,,,
,,,,,,,,,,,,,,"Cluster Analysis","1",,,,,,,,,,
,,,,,,,,,,,,,,"Coastal Environment","1",,,,,,,,,,
,,,,,,,,,,,,,,"Crustacea","1",,,,,,,,,,
,,,,,,,,,,,,,,"Crustacean","1",,,,,,,,,,
,,,,,,,,,,,,,,"Crypsis","1",,,,,,,,,,
,,,,,,,,,,,,,,"Crystalline Rocks","1",,,,,,,,,,
,,,,,,,,,,,,,,"Data Interpretation","1",,,,,,,,,,
,,,,,,,,,,,,,,"Demography","1",,,,,,,,,,
,,,,,,,,,,,,,,"Deposition","1",,,,,,,,,,
,,,,,,,,,,,,,,"Diagenesis","1",,,,,,,,,,
,,,,,,,,,,,,,,"Diatom","1",,,,,,,,,,
,,,,,,,,,,,,,,"Diatoms","1",,,,,,,,,,
,,,,,,,,,,,,,,"Dispersal","1",,,,,,,,,,
,,,,,,,,,,,,,,"Dissolution","1",,,,,,,,,,
,,,,,,,,,,,,,,"Dissolved Organic Carbon","1",,,,,,,,,,
,,,,,,,,,,,,,,"Dissolved Organic Matter","1",,,,,,,,,,
,,,,,,,,,,,,,,"Dominance","1",,,,,,,,,,
,,,,,,,,,,,,,,"Drainage","1",,,,,,,,,,
,,,,,,,,,,,,,,"Eastern Canada","1",,,,,,,,,,
,,,,,,,,,,,,,,"Ecological Impact","1",,,,,,,,,,
,,,,,,,,,,,,,,"Ecological Niche","1",,,,,,,,,,
,,,,,,,,,,,,,,"Ecology","1",,,,,,,,,,
,,,,,,,,,,,,,,"Ecosystem","1",,,,,,,,,,
,,,,,,,,,,,,,,"Ectoprocta","1",,,,,,,,,,
,,,,,,,,,,,,,,"Entoprocta","1",,,,,,,,,,
,,,,,,,,,,,,,,"Environmental Conditions","1",,,,,,,,,,
,,,,,,,,,,,,,,"Environmental Monitoring","1",,,,,,,,,,
,,,,,,,,,,,,,,"Feeding Behavior","1",,,,,,,,,,
,,,,,,,,,,,,,,"Feeding Traits","1",,,,,,,,,,
,,,,,,,,,,,,,,"Fire","1",,,,,,,,,,
,,,,,,,,,,,,,,"Fire Frequency","1",,,,,,,,,,
,,,,,,,,,,,,,,"Fire Hazards","1",,,,,,,,,,
,,,,,,,,,,,,,,"Fish","1",,,,,,,,,,
,,,,,,,,,,,,,,"Fish Communities","1",,,,,,,,,,
,,,,,,,,,,,,,,"Fishes","1",,,,,,,,,,
,,,,,,,,,,,,,,"Fluvial Deposit","1",,,,,,,,,,
,,,,,,,,,,,,,,"Forest","1",,,,,,,,,,
,,,,,,,,,,,,,,"Forest Clear-cut","1",,,,,,,,,,
,,,,,,,,,,,,,,"Forest Fire","1",,,,,,,,,,
,,,,,,,,,,,,,,"Forest Fires","1",,,,,,,,,,
,,,,,,,,,,,,,,"Fourth-corner Method","1",,,,,,,,,,
,,,,,,,,,,,,,,"Functional Group","1",,,,,,,,,,
,,,,,,,,,,,,,,"Gavia Immer","1",,,,,,,,,,
,,,,,,,,,,,,,,"Genetic Analysis","1",,,,,,,,,,
,,,,,,,,,,,,,,"Genetics","1",,,,,,,,,,
,,,,,,,,,,,,,,"Geographic Distribution","1",,,,,,,,,,
,,,,,,,,,,,,,,"Geography","1",,,,,,,,,,
,,,,,,,,,,,,,,"Growth, Development And Aging","1",,,,,,,,,,
,,,,,,,,,,,,,,"Habitat","1",,,,,,,,,,
,,,,,,,,,,,,,,"Habitat Type","1",,,,,,,,,,
,,,,,,,,,,,,,,"Habitat Use","1",,,,,,,,,,
,,,,,,,,,,,,,,"Hair","1",,,,,,,,,,
,,,,,,,,,,,,,,"Harvesting","1",,,,,,,,,,
