﻿Scopus refine results values

"Your query : ((TITLE-ABS-KEY((Boreal OR {James Bay} OR James-Bay OR {Clay Belt} OR {canadian shield}) AND (Canada OR Quebec OR Ontario OR newfoundland OR Alberta OR British-Columbia) ) AND PUBYEAR > 1999 AND PUBYEAR < 2020) AND (TITLE-ABS-KEY(weather OR   Season* OR meteo*) AND PUBYEAR > 1999 AND PUBYEAR < 2020) AND (TITLE-ABS-KEY(traffic OR  crowd*  OR {Human presence} OR Cabin OR {land users} OR recreation*)))"


Number of results : 10

"ACCESS TYPE",,"YEAR",,"AUTHOR NAME",,"SUBJECT AREA",,"DOCUMENT TYPE",,"PUBLICATION STAGE",,"SOURCE TITLE",,"KEYWORD",,"AFFILIATION",,"FUNDING SPONSOR",,"COUNTRY",,"SOURCE TYPE",,"LANGUAGE",
"Open Access","1","2019","1","Anderson, M.","1","Agricultural and Biological Sciences","5","Article","8","final","10","Applied Geochemistry","1","Canada","9","University of Manitoba","3","Natural Sciences and Engineering Research Council of Canada","3","Canada","10","Journals","9","English","10"
"Other","9","2018","1","Andrews, J.","1","Earth and Planetary Sciences","2","Conference Paper","1",,,"Behavioral Ecology","1","Boreal Forest","5","University of Victoria","2","Environment and Climate Change Canada","1","Sweden","1","Conference Proceedings","1",,
,,"2017","1","Babb, D.","1","Energy","1","Review","1",,,"Canadian Journal Of Zoology","1","Anthropogenic Effect","3","University of Ottawa, Canada","2","Fisheries and Oceans Canada","1",,,,,,
,,"2016","2","Barber, D.G.","1","Environmental Science","7",,,,,"Elementa","1","Transportation","3","University of Alberta","2","Memorial University of Newfoundland","1",,,,,,
,,"2014","1","Blais, J.M.","1",,,,,,,"Environmental Management","1","Behavioral Response","2","Wildlife Conservation Society Canada","1","Weyerhaeuser Company","1",,,,,,
,,"2011","1","Blanchfield, P.J.","1",,,,,,,"Forest Ecology And Management","1","Climate Change","2","SENES Consultants Limited","1","Undefined","6",,,,,,
,,"2008","2","Boutin, S.","1",,,,,,,"Journal Of Wildlife Management","1","Deer","2","Ministère des Forêts","1",,,,,,,,
,,"2005","1","Cranston, J.","1",,,,,,,"Proceedings Of The Air And Waste Management Association S Annual Conference And Exhibition Awma","1","Disturbance","2","Ministere des Forets","1",,,,,,,,
,,,,"Côté, S.D.","1",,,,,,,"Science Of The Total Environment","1","Manitoba","2","fRI Research","1",,,,,,,,
,,,,"Dussault, C.","1",,,,,,,"Transactions Of The American Fisheries Society","1","North America","2","Uppsala Universitet","1",,,,,,,,
,,,,"Dussault, C.","1",,,,,,,,,"Northwest Territories","2","Fisheries and Oceans Canada","1",,,,,,,,
,,,,"Eickmeyer, D.C.","1",,,,,,,,,"Nunavut","2","Université de Sherbrooke","1",,,,,,,,
,,,,"Ethier, J.P.","1",,,,,,,,,"Population Decline","2","University of Saskatchewan","1",,,,,,,,
,,,,"Festa-Bianchet, M.","1",,,,,,,,,"Quebec [Canada]","2","Geological Survey of Canada","1",,,,,,,,
,,,,"Finnegan, L.","1",,,,,,,,,"Rangifer Tarandus","2","Memorial University of Newfoundland","1",,,,,,,,
,,,,"Flavelle, L.S.","1",,,,,,,,,"Regeneration","2","Université du Québec à Chicoutimi","1",,,,,,,,
,,,,"Gunn, A.","1",,,,,,,,,"Roads And Streets","2","Université Laval","1",,,,,,,,
,,,,"Hennigar, B.","1",,,,,,,,,"Season","2","Government of the Northwest Territories","1",,,,,,,,
,,,,"Hodge, T.F.","1",,,,,,,,,"Snow","2",,,,,,,,,,
,,,,"Ibarzabal, J.","1",,,,,,,,,"Tundra","2",,,,,,,,,,
,,,,"Keller, P.C.","1",,,,,,,,,"Accessibility","1",,,,,,,,,,
,,,,"Kimpe, L.E.","1",,,,,,,,,"Activity Pattern","1",,,,,,,,,,
,,,,"Klimenko, E.","1",,,,,,,,,"Adverse Environmental Impacts","1",,,,,,,,,,
,,,,"Korosi, J.B.","1",,,,,,,,,"Aerosols","1",,,,,,,,,,
,,,,"Landhäusser, S.M.","1",,,,,,,,,"Air Pollutant","1",,,,,,,,,,
,,,,"Lieffers, V.J.","1",,,,,,,,,"Air Pollutants","1",,,,,,,,,,
,,,,"MacNearney, D.","1",,,,,,,,,"Alberta","1",,,,,,,,,,
,,,,"Massé, S.","1",,,,,,,,,"All-terrain Vehicle","1",,,,,,,,,,
,,,,"McEwen, B.","1",,,,,,,,,"Analysis","1",,,,,,,,,,
,,,,"Mundell, T.L.","1",,,,,,,,,"Animal","1",,,,,,,,,,
,,,,"Orihel, D.M.","1",,,,,,,,,"Animalia","1",,,,,,,,,,
,,,,"Outridge, P.M.","1",,,,,,,,,"Animals","1",,,,,,,,,,
,,,,"Palmer, M.J.","1",,,,,,,,,"Anthropogenic Light","1",,,,,,,,,,
,,,,"Pigeon, K.E.","1",,,,,,,,,"Anthropogenic Noise","1",,,,,,,,,,
,,,,"Poplawski, K.","1",,,,,,,,,"Anthropogenic Source","1",,,,,,,,,,
,,,,"Ray, J.C.","1",,,,,,,,,"Anthropogenic Sources","1",,,,,,,,,,
,,,,"Setton, E.","1",,,,,,,,,"Aquatic Ecosystems","1",,,,,,,,,,
,,,,"Stenhouse, G.","1",,,,,,,,,"Aquatic Environment","1",,,,,,,,,,
,,,,"Thienpont, J.R.","1",,,,,,,,,"Arctic","1",,,,,,,,,,
,,,,"Wilson, D.R.","1",,,,,,,,,"Arctic Ocean","1",,,,,,,,,,
,,,,"Zdanowicz, C.","1",,,,,,,,,"Arctic Vehicles","1",,,,,,,,,,
,,,,"Zheng, J.","1",,,,,,,,,"Aromatic Compounds","1",,,,,,,,,,
,,,,,,,,,,,,,,"Article","1",,,,,,,,,,
,,,,,,,,,,,,,,"Artificial Diet","1",,,,,,,,,,
,,,,,,,,,,,,,,"Assessment Method","1",,,,,,,,,,
,,,,,,,,,,,,,,"Atmospheric Deposition","1",,,,,,,,,,
,,,,,,,,,,,,,,"Atmospheric Depositions","1",,,,,,,,,,
,,,,,,,,,,,,,,"Atmospheric Movements","1",,,,,,,,,,
,,,,,,,,,,,,,,"Aves","1",,,,,,,,,,
,,,,,,,,,,,,,,"Bear","1",,,,,,,,,,
,,,,,,,,,,,,,,"Beaufort Sea","1",,,,,,,,,,
,,,,,,,,,,,,,,"Bioenergetics","1",,,,,,,,,,
,,,,,,,,,,,,,,"Bird","1",,,,,,,,,,
,,,,,,,,,,,,,,"Birdsong","1",,,,,,,,,,
,,,,,,,,,,,,,,"Black Bear","1",,,,,,,,,,
,,,,,,,,,,,,,,"Boreal","1",,,,,,,,,,
,,,,,,,,,,,,,,"Boreal Forests","1",,,,,,,,,,
,,,,,,,,,,,,,,"Breeding Season","1",,,,,,,,,,
,,,,,,,,,,,,,,"Canadian Arctic","1",,,,,,,,,,
,,,,,,,,,,,,,,"Carbohydrate","1",,,,,,,,,,
,,,,,,,,,,,,,,"Carbohydrates","1",,,,,,,,,,
,,,,,,,,,,,,,,"Carrying Capacity","1",,,,,,,,,,
,,,,,,,,,,,,,,"Cervidae","1",,,,,,,,,,
,,,,,,,,,,,,,,"Chemical Composition","1",,,,,,,,,,
,,,,,,,,,,,,,,"Churchill","1",,,,,,,,,,
,,,,,,,,,,,,,,"Combustion","1",,,,,,,,,,
,,,,,,,,,,,,,,"Commercial Vehicles","1",,,,,,,,,,
,,,,,,,,,,,,,,"Conservation Of Natural Resources","1",,,,,,,,,,
,,,,,,,,,,,,,,"Controlled Study","1",,,,,,,,,,
,,,,,,,,,,,,,,"Deciduous Tree","1",,,,,,,,,,
,,,,,,,,,,,,,,"Deforestation","1",,,,,,,,,,
,,,,,,,,,,,,,,"Dendroica Coronata","1",,,,,,,,,,
,,,,,,,,,,,,,,"Diesel","1",,,,,,,,,,
,,,,,,,,,,,,,,"Diesel Emission","1",,,,,,,,,,
,,,,,,,,,,,,,,"Diesel Emissions","1",,,,,,,,,,
,,,,,,,,,,,,,,"Diesel Fuel","1",,,,,,,,,,
,,,,,,,,,,,,,,"Ecological Impact","1",,,,,,,,,,
,,,,,,,,,,,,,,"Economic Activities","1",,,,,,,,,,
,,,,,,,,,,,,,,"Economic Geology","1",,,,,,,,,,
,,,,,,,,,,,,,,"Economics","1",,,,,,,,,,
,,,,,,,,,,,,,,"Ecosystem","1",,,,,,,,,,
,,,,,,,,,,,,,,"Ecosystems","1",,,,,,,,,,
,,,,,,,,,,,,,,"Ecotone","1",,,,,,,,,,
,,,,,,,,,,,,,,"Emergency Health Service","1",,,,,,,,,,
,,,,,,,,,,,,,,"Emission","1",,,,,,,,,,
,,,,,,,,,,,,,,"Endangered Species","1",,,,,,,,,,
,,,,,,,,,,,,,,"Environmental Impact","1",,,,,,,,,,
,,,,,,,,,,,,,,"Environmental Monitoring","1",,,,,,,,,,
,,,,,,,,,,,,,,"Environmental Protection","1",,,,,,,,,,
,,,,,,,,,,,,,,"Exhaust Gas","1",,,,,,,,,,
,,,,,,,,,,,,,,"Experimental Study","1",,,,,,,,,,
,,,,,,,,,,,,,,"Extinction Risk","1",,,,,,,,,,
,,,,,,,,,,,,,,"Extraction And Processing Industry","1",,,,,,,,,,
,,,,,,,,,,,,,,"Feeding Site","1",,,,,,,,,,
,,,,,,,,,,,,,,"Field Method","1",,,,,,,,,,
,,,,,,,,,,,,,,"Fire","1",,,,,,,,,,
,,,,,,,,,,,,,,"Fires","1",,,,,,,,,,
,,,,,,,,,,,,,,"Forest","1",,,,,,,,,,
,,,,,,,,,,,,,,"Forest Fire","1",,,,,,,,,,
,,,,,,,,,,,,,,"Forest Management","1",,,,,,,,,,
,,,,,,,,,,,,,,"Forestry","1",,,,,,,,,,
,,,,,,,,,,,,,,"Forests","1",,,,,,,,,,
,,,,,,,,,,,,,,"Foxe Basin","1",,,,,,,,,,
,,,,,,,,,,,,,,"Geochemical Surveys","1",,,,,,,,,,
,,,,,,,,,,,,,,"Geographic And Geological Phenomena","1",,,,,,,,,,
,,,,,,,,,,,,,,"Geological Phenomena","1",,,,,,,,,,
,,,,,,,,,,,,,,"Growth, Development And Aging","1",,,,,,,,,,
,,,,,,,,,,,,,,"Guideline","1",,,,,,,,,,
,,,,,,,,,,,,,,"Habitat","1",,,,,,,,,,
,,,,,,,,,,,,,,"Habitat Conservation","1",,,,,,,,,,
,,,,,,,,,,,,,,"Habitat Fragmentation","1",,,,,,,,,,
,,,,,,,,,,,,,,"Habitat Loss","1",,,,,,,,,,
,,,,,,,,,,,,,,"Habitat Restoration","1",,,,,,,,,,
,,,,,,,,,,,,,,"Habitat Selection","1",,,,,,,,,,
,,,,,,,,,,,,,,"Harvesting","1",,,,,,,,,,
,,,,,,,,,,,,,,"High-impact Conventional Seismic Lines","1",,,,,,,,,,
,,,,,,,,,,,,,,"Highway","1",,,,,,,,,,
,,,,,,,,,,,,,,"Highway Engineering","1",,,,,,,,,,
,,,,,,,,,,,,,,"Home Range","1",,,,,,,,,,
,,,,,,,,,,,,,,"Hudson Bay","1",,,,,,,,,,
,,,,,,,,,,,,,,"Hudson Strait","1",,,,,,,,,,
,,,,,,,,,,,,,,"Human","1",,,,,,,,,,
,,,,,,,,,,,,,,"Human Impact (environment)","1",,,,,,,,,,
,,,,,,,,,,,,,,"Ice Breakup","1",,,,,,,,,,
,,,,,,,,,,,,,,"Ice Cover","1",,,,,,,,,,
,,,,,,,,,,,,,,"Industrial Development","1",,,,,,,,,,
,,,,,,,,,,,,,,"James Bay","1",,,,,,,,,,
,,,,,,,,,,,,,,"Junco Hyemalis","1",,,,,,,,,,
,,,,,,,,,,,,,,"Kuujjuarapik","1",,,,,,,,,,
,,,,,,,,,,,,,,"Labrador","1",,,,,,,,,,
,,,,,,,,,,,,,,"Lake Pollution","1",,,,,,,,,,
,,,,,,,,,,,,,,"Lake Water","1",,,,,,,,,,
,,,,,,,,,,,,,,"Lakes","1",,,,,,,,,,
,,,,,,,,,,,,,,"Landforms","1",,,,,,,,,,
,,,,,,,,,,,,,,"Landscape","1",,,,,,,,,,
,,,,,,,,,,,,,,"Lead","1",,,,,,,,,,
,,,,,,,,,,,,,,"Light Pollution","1",,,,,,,,,,
,,,,,,,,,,,,,,"Linear Feature","1",,,,,,,,,,
,,,,,,,,,,,,,,"Linear Features","1",,,,,,,,,,
,,,,,,,,,,,,,,"Logging","1",,,,,,,,,,
,,,,,,,,,,,,,,"Logging (forestry)","1",,,,,,,,,,
,,,,,,,,,,,,,,"Machinery","1",,,,,,,,,,
,,,,,,,,,,,,,,"Mackenzie River","1",,,,,,,,,,
,,,,,,,,,,,,,,"Mercury","1",,,,,,,,,,
,,,,,,,,,,,,,,"Mercury (element)","1",,,,,,,,,,
,,,,,,,,,,,,,,"Mercury (metal)","1",,,,,,,,,,
,,,,,,,,,,,,,,"Metal","1",,,,,,,,,,
,,,,,,,,,,,,,,"Metals","1",,,,,,,,,,
,,,,,,,,,,,,,,"Meteorological Problems","1",,,,,,,,,,
,,,,,,,,,,,,,,"Microphone Array","1",,,,,,,,,,
,,,,,,,,,,,,,,"Mining","1",,,,,,,,,,
,,,,,,,,,,,,,,"Mining Industry","1",,,,,,,,,,
,,,,,,,,,,,,,,"Mountain Region","1",,,,,,,,,,
,,,,,,,,,,,,,,"Nature-society Relations","1",,,,,,,,,,
,,,,,,,,,,,,,,"Newfoundland And Labrador","1",,,,,,,,,,
,,,,,,,,,,,,,,"Noise Pollution","1",,,,,,,,,,
,,,,,,,,,,,,,,"Nonhuman","1",,,,,,,,,,
,,,,,,,,,,,,,,"Off Road Vehicles","1",,,,,,,,,,
,,,,,,,,,,,,,,"Off-Road Motor Vehicles","1",,,,,,,,,,
,,,,,,,,,,,,,,"Off-highway Vehicle","1",,,,,,,,,,
