﻿Scopus refine results values

"Your query : ((TITLE-ABS-KEY((Boreal OR {James Bay} OR James-Bay OR {Clay Belt} OR {canadian shield}) AND (Canada OR Quebec OR Ontario OR newfoundland OR Alberta OR British-Columbia) ) AND PUBYEAR > 1999 AND PUBYEAR < 2020) AND (TITLE-ABS-KEY(Harvest* OR Logging OR Cut OR Clear-cut  OR Clearcut OR {Clear Cut}) AND PUBYEAR > 1999 AND PUBYEAR < 2020) AND (TITLE-ABS-KEY((wildlife OR fish OR moose OR beaver OR caribou OR goose OR geese) AND  (health OR disease OR contamination OR {heavy metal} OR  parasite OR stress OR {heavy metal} OR Mercury OR  {persistent organic pollutant} OR Toxic* OR Arsenic OR Lead OR cadmium)) AND PUBYEAR > 1999 AND PUBYEAR < 2020))"


Number of results : 28

"ACCESS TYPE",,"YEAR",,"AUTHOR NAME",,"SUBJECT AREA",,"DOCUMENT TYPE",,"PUBLICATION STAGE",,"SOURCE TITLE",,"KEYWORD",,"AFFILIATION",,"FUNDING SPONSOR",,"COUNTRY",,"SOURCE TYPE",,"LANGUAGE",
"Open Access","8","2019","1","Tsuji, L.J.S.","4","Agricultural and Biological Sciences","13","Article","23","final","28","Environmental Monitoring And Assessment","3","Canada","25","University of Montreal","4","Natural Sciences and Engineering Research Council of Canada","4","Canada","28","Journals","27","English","27"
"Other","20","2017","2","Carignan, R.","3","Biochemistry, Genetics and Molecular Biology","2","Conference Paper","3",,,"Journal Of Wildlife Management","2","Article","13","University of Waterloo","4","Canadian Institutes of Health Research","1","United States","3","Books","1","French","1"
,,"2016","1","Dewailly, E.","2","Environmental Science","12","Book Chapter","1",,,"Plos One","2","Animals","10","University of Alberta","4","Government of Canada","1",,,,,,
,,"2014","1","Garcia, E.","2","Health Professions","2","Review","1",,,"Rural And Remote Health","2","Female","8","Université Laval","4","Health Canada","1",,,,,,
,,"2013","5","Johnson-Down, L.","2","Immunology and Microbiology","2",,,,,"Canadian Field Naturalist","1","Humans","8","Environment Canada","2","Manitoba Hydro","1",,,,,,
,,"2012","1","Lucas, M.","2","Medicine","7",,,,,"Canadian Journal Of Fisheries And Aquatic Sciences","1","Boreal Forest","7","McGill University","2","Organization of American States","1",,,,,,
,,"2011","1","Abercrombie, B.","1","Multidisciplinary","2",,,,,"Canadian Journal Of Forest Research","1","Fish","7","University of Manitoba","2","University of Manitoba","1",,,,,,
,,"2010","1","Allen, E.W.","1","Nursing","1",,,,,"Canadian Journal Of Plant Science","1","Human","7","University of Toronto","2","Undefined","21",,,,,,
,,"2009","1","Anderson, W.G.","1","Social Sciences","3",,,,,"Canadian Journal Of Public Health","1","Male","7","Lakehead University","2",,,,,,,,
,,"2008","1","Avgar, T.","1",,,,,,,"Ecography","1","Ontario","7","University of Ottawa, Canada","2",,,,,,,,
,,"2007","2","Ball, M.","1",,,,,,,"Environmental Toxicology And Chemistry","1","Animal","6","Ministère de l‘Energie et des Ressources naturelles du Québec","2",,,,,,,,
,,"2005","3","Barnes, D.M.","1",,,,,,,"Folia Parasitologica","1","Harvesting","6","Health Surveillance Branch","1",,,,,,,,
,,"2003","1","Beauchesne, D.","1",,,,,,,"Food And Waterborne Parasitology","1","North America","6","Georgian College","1",,,,,,,,
,,"2002","2","Belanger, L.","1",,,,,,,"Forest Ecology And Management","1","Quebec","6","Cree Nation of Ouje-Bougoumou","1",,,,,,,,
,,"2001","2","Belinsky, D.L.","1",,,,,,,"Forestry Chronicle","1","Adult","5","Cree Board of Health and Social Services of James Bay","1",,,,,,,,
,,"2000","3","Berthiaume, L.","1",,,,,,,"International Journal Of Circumpolar Health","1","American Indian","5","St-François d'Assise Hospital Research Centre","1",,,,,,,,
,,,,"Blais, J.M.","1",,,,,,,"Journal Of Food Composition And Analysis","1","Conservation Of Natural Resources","5","Explor","1",,,,,,,,
,,,,"Blanchet, C.","1",,,,,,,"Journal Of Wildlife Diseases","1","Fishes","5","Animal Damage Control","1",,,,,,,,
,,,,"Bork, E.W.","1",,,,,,,"Public Health Nutrition","1","Forestry","5","Manitoba Sustainable Development","1",,,,,,,,
,,,,"Boyce, M.S.","1",,,,,,,"Revue Des Sciences De L Eau","1","Indians, North American","5","USDA ARS Beltsville Agricultural Research Center","1",,,,,,,,
,,,,"Branigan, M.","1",,,,,,,"Southeast Asian Journal Of Tropical Medicine And Public Health","1","Nonhuman","5","Universite du Quebec en Abitibi-Temiscamingue","1",,,,,,,,
,,,,"Brannen, D.C.","1",,,,,,,"Water Air And Soil Pollution","1","Blood","4","Université du Québec à Rimouski","1",,,,,,,,
,,,,"Cheveau, M.","1",,,,,,,"Woodlands Ecology Management And Conservation","1","Forest Management","4","Canadian Forest Service","1",,,,,,,,
,,,,"Choudhury, A.","1",,,,,,,,,"Fresh Water","4","Centre universitaire de santé McGill","1",,,,,,,,
,,,,"Cormier, D.","1",,,,,,,,,"Lakes","4","Harvard University","1",,,,,,,,
,,,,"Courbin, N.","1",,,,,,,,,"Statistics","4","Ontario Ministry of Natural Resources","1",,,,,,,,
,,,,"Couturier, S.","1",,,,,,,,,"Adolescent","3","Fisheries and Oceans Canada","1",,,,,,,,
,,,,"Côté, S.","1",,,,,,,,,"Alberta","3","United States Geological Survey","1",,,,,,,,
,,,,"Dewailly, É.","1",,,,,,,,,"Bioaccumulation","3","Centre Hospitalier de l'Université Laval CHUL","1",,,,,,,,
,,,,"Dick, T.A.","1",,,,,,,,,"Controlled Study","3","University of Saskatchewan","1",,,,,,,,
,,,,"Dodin, S.","1",,,,,,,,,"Cross-sectional Study","3","University of Guelph","1",,,,,,,,
,,,,"Donkor, N.T.","1",,,,,,,,,"Ecosystem","3","Simon Fraser University","1",,,,,,,,
,,,,"Drapeau, P.","1",,,,,,,,,"Environmental Exposure","3","USGS National Wildlife Health Center","1",,,,,,,,
,,,,"Dubey, J.P.","1",,,,,,,,,"First Nations","3","Université du Québec à Trois-Rivières","1",,,,,,,,
,,,,"Dumas, P.","1",,,,,,,,,"Forest Fire","3","Natural Resources Canada","1",,,,,,,,
,,,,"Dupont, D.L.J.","1",,,,,,,,,"Forests","3","McMaster University, Faculty of Health Sciences","1",,,,,,,,
,,,,"Dussault, C.","1",,,,,,,,,"Habitat Use","3","Agence de la santé publique du Canada","1",,,,,,,,
,,,,"Elkin, B.","1",,,,,,,,,"James Bay","3","Université du Québec à Montréal","1",,,,,,,,
,,,,"Ewacha, M.V.A.","1",,,,,,,,,"Lake Ecosystem","3","INRS- Centre Eau, Terre &amp; Environnement","1",,,,,,,,
,,,,"Fortin, D.","1",,,,,,,,,"Methylmercury","3","Ryerson University","1",,,,,,,,
,,,,"France, R.L.","1",,,,,,,,,"Parasitology","3","McMaster University","1",,,,,,,,
,,,,"Gabos, S.","1",,,,,,,,,"Picea Mariana","3","Concordia University","1",,,,,,,,
,,,,"Gingras, S.","1",,,,,,,,,"Risk Factor","3","Institut National de Sante Publique Du Québec","1",,,,,,,,
,,,,"Godson, D.L.","1",,,,,,,,,"Water Contamination","3","McGill University, Macdonald Campus","1",,,,,,,,
,,,,"Gough, W.A.","1",,,,,,,,,"Water Quality","3","Jacques Whitford Ltd.","1",,,,,,,,
,,,,"Greffard, K.","1",,,,,,,,,"Watersheds","3","CHU de Québec - Université Laval","1",,,,,,,,
,,,,"Haman, F.","1",,,,,,,,,"Young Adult","3","Government of the Northwest Territories","1",,,,,,,,
,,,,"Hannon, S.J.","1",,,,,,,,,"Agriculture","2","FPInnovations, Canada","1",,,,,,,,
,,,,"Herunter, H.E.","1",,,,,,,,,"Animalia","2","Alberta Conservation Association","1",,,,,,,,
,,,,"Ho-Foong, E.","1",,,,,,,,,"Aroclor 1260","2","AECOM Technology Corporation, Canada","1",,,,,,,,
,,,,"Hodson, J.","1",,,,,,,,,"Aves","2",,,,,,,,,,
,,,,"Holub, B.J.","1",,,,,,,,,"Beaver","2",,,,,,,,,,
,,,,"Hori, Y.","1",,,,,,,,,"Biodiversity","2",,,,,,,,,,
,,,,"Hudson, R.J.","1",,,,,,,,,"Bird","2",,,,,,,,,,
,,,,"Hébert, C.","1",,,,,,,,,"Birds","2",,,,,,,,,,
,,,,"Imbeau, L.","1",,,,,,,,,"Boreal","2",,,,,,,,,,
,,,,"Imbeault, P.","1",,,,,,,,,"Castor Canadensis","2",,,,,,,,,,
,,,,"Jaeger, J.A.G.","1",,,,,,,,,"Castoridae","2",,,,,,,,,,
,,,,"Jenkins, E.","1",,,,,,,,,"Catchment","2",,,,,,,,,,
,,,,"Julien, P.","1",,,,,,,,,"Catering Service","2",,,,,,,,,,
,,,,"Karagatzides, J.D.","1",,,,,,,,,"Cellular Organisms","2",,,,,,,,,,
,,,,"Kimpe, L.E.","1",,,,,,,,,"Chlorphenotane","2",,,,,,,,,,
,,,,"Krümmel, E.M.","1",,,,,,,,,"Climate Change","2",,,,,,,,,,
,,,,"Kuhnlein, H.V.","1",,,,,,,,,"Contamination","2",,,,,,,,,,
,,,,"Lankester, M.W.","1",,,,,,,,,"Cross-Sectional Studies","2",,,,,,,,,,
,,,,"Larter, N.C.","1",,,,,,,,,"Cultural Anthropology","2",,,,,,,,,,
,,,,"LeBlanc, A.","1",,,,,,,,,"Culture","2",,,,,,,,,,
,,,,"LeBlanc, M.L.","1",,,,,,,,,"Docosahexaenoic Acid","2",,,,,,,,,,
,,,,"Lean, D.R.S.","1",,,,,,,,,"Docosahexaenoic Acids","2",,,,,,,,,,
,,,,"Liberda, E.N.","1",,,,,,,,,"Ecology","2",,,,,,,,,,
,,,,"Légaré, J.P.","1",,,,,,,,,"Eicosapentaenoic Acid","2",,,,,,,,,,
,,,,"MacIsaac, E.A.","1",,,,,,,,,"Environmental Health","2",,,,,,,,,,
,,,,"Macdonald, J.S.","1",,,,,,,,,"Environmental Impact","2",,,,,,,,,,
,,,,"Magnan, P.","1",,,,,,,,,"Environmental Monitoring","2",,,,,,,,,,
,,,,"Manson, H.","1",,,,,,,,,"Ethnology","2",,,,,,,,,,
,,,,"Marcogliese, D.J.","1",,,,,,,,,"Europe","2",,,,,,,,,,
,,,,"Martin, E.S.","1",,,,,,,,,"Felidae","2",,,,,,,,,,
,,,,"Martin, I.D.","1",,,,,,,,,"Fire","2",,,,,,,,,,
,,,,"Morin, S.","1",,,,,,,,,"Fires","2",,,,,,,,,,
,,,,"Mulders, R.","1",,,,,,,,,"Food Contamination","2",,,,,,,,,,
,,,,"Nelson, P.A.","1",,,,,,,,,"Food Intake","2",,,,,,,,,,
,,,,"Norton, M.R.","1",,,,,,,,,"Food Security","2",,,,,,,,,,
,,,,"Ogden, N.H.","1",,,,,,,,,"Food Supply","2",,,,,,,,,,
,,,,"Pal, S.","1",,,,,,,,,"Foraging Behavior","2",,,,,,,,,,
,,,,"Parker, S.","1",,,,,,,,,"Forest","2",,,,,,,,,,
,,,,"Pinel-Alloul, B.","1",,,,,,,,,"Forest Fires","2",,,,,,,,,,
,,,,"Pinet, B.M.","1",,,,,,,,,"Forest Harvesting","2",,,,,,,,,,
,,,,"Planas, D.","1",,,,,,,,,"Goose","2",,,,,,,,,,
,,,,"Pongracz, J.","1",,,,,,,,,"Growth, Development And Aging","2",,,,,,,,,,
,,,,"Pothier, D.","1",,,,,,,,,"Gulo Gulo","2",,,,,,,,,,
,,,,"Poulin, M.B.","1",,,,,,,,,"Habitat Selection","2",,,,,,,,,,
,,,,"Prepas, E.E.","1",,,,,,,,,"Home Range","2",,,,,,,,,,
,,,,"Proust, F.","1",,,,,,,,,"Icosapentaenoic Acid","2",,,,,,,,,,
,,,,"Rabbitskin, T.","1",,,,,,,,,"Indigenous People","2",,,,,,,,,,
,,,,"Ralevic, P.","1",,,,,,,,,"Interview","2",,,,,,,,,,
,,,,"Riverin, B.","1",,,,,,,,,"Interviews As Topic","2",,,,,,,,,,
,,,,"Robidoux, M.A.","1",,,,,,,,,"Invertebrata","2",,,,,,,,,,
,,,,"Robinson, E.","1",,,,,,,,,"Lake","2",,,,,,,,,,
,,,,"Roth, J.D.","1",,,,,,,,,"Lake Water","2",,,,,,,,,,
,,,,"Rousseau, A.N.","1",,,,,,,,,"Logging","2",,,,,,,,,,
,,,,"Ruel, J.C.","1",,,,,,,,,"Logging (forestry)","2",,,,,,,,,,
,,,,"Ryans, M.","1",,,,,,,,,"Manitoba","2",,,,,,,,,,
,,,,"Schmiegelow, F.K.A.","1",,,,,,,,,"Methylmercury Compounds","2",,,,,,,,,,
,,,,"Scrafford, M.A.","1",,,,,,,,,"Middle Aged","2",,,,,,,,,,
,,,,"Seabert, T.A.","1",,,,,,,,,"Nutritional Value","2",,,,,,,,,,
,,,,"Sharma, R.","1",,,,,,,,,"Odds Ratio","2",,,,,,,,,,
,,,,"Shecapio-Blacksmith, J.","1",,,,,,,,,"Omega 3 Fatty Acid","2",,,,,,,,,,
,,,,"Simon, A.","1",,,,,,,,,"Ontario [Canada]","2",,,,,,,,,,
,,,,"Spiegelaar, N.F.","1",,,,,,,,,"Organic Carbon","2",,,,,,,,,,
,,,,"St-Laurent, M.H.","1",,,,,,,,,"Phospholipid","2",,,,,,,,,,
,,,,"Steedman, R.J.","1",,,,,,,,,"Phospholipids","2",,,,,,,,,,
,,,,"Strachan, W.M.J.","1",,,,,,,,,"Plankton","2",,,,,,,,,,
,,,,"Swiston, K.","1",,,,,,,,,"Pollution Monitoring","2",,,,,,,,,,
,,,,"Tam, B.","1",,,,,,,,,"Polychlorinated Biphenyl","2",,,,,,,,,,
,,,,"Tigner, J.","1",,,,,,,,,"Polychlorinated Biphenyls","2",,,,,,,,,,
,,,,"Vanspronsen, E.P.","1",,,,,,,,,"Population Groups","2",,,,,,,,,,
,,,,"Wainman, B.C.","1",,,,,,,,,"Predation Risk","2",,,,,,,,,,
,,,,"Zhang, W.","1",,,,,,,,,"Prevalence","2",,,,,,,,,,
,,,,,,,,,,,,,,"Priority Journal","2",,,,,,,,,,
,,,,,,,,,,,,,,"Psychological Aspect","2",,,,,,,,,,
,,,,,,,,,,,,,,"Resource Selection","2",,,,,,,,,,
,,,,,,,,,,,,,,"Riparia","2",,,,,,,,,,
,,,,,,,,,,,,,,"Risk","2",,,,,,,,,,
,,,,,,,,,,,,,,"Risk Assessment","2",,,,,,,,,,
,,,,,,,,,,,,,,"Risk Factors","2",,,,,,,,,,
,,,,,,,,,,,,,,"Rodent","2",,,,,,,,,,
,,,,,,,,,,,,,,"Soil","2",,,,,,,,,,
,,,,,,,,,,,,,,"Spring","2",,,,,,,,,,
,,,,,,,,,,,,,,"Summer","2",,,,,,,,,,
,,,,,,,,,,,,,,"Timber Harvesting","2",,,,,,,,,,
,,,,,,,,,,,,,,"Time","2",,,,,,,,,,
,,,,,,,,,,,,,,"Toxoplasma Gondii","2",,,,,,,,,,
,,,,,,,,,,,,,,"Water Sampling","2",,,,,,,,,,
,,,,,,,,,,,,,,"Water Sheds","2",,,,,,,,,,
,,,,,,,,,,,,,,"Watershed","2",,,,,,,,,,
,,,,,,,,,,,,,,"1,1 Dichloro 2,2 Bis(4 Chlorophenyl)ethylene","1",,,,,,,,,,
,,,,,,,,,,,,,,"25 Hydroxyvitamin D","1",,,,,,,,,,
,,,,,,,,,,,,,,"25-hydroxyvitamin D","1",,,,,,,,,,
,,,,,,,,,,,,,,"Abdominal Fat","1",,,,,,,,,,
,,,,,,,,,,,,,,"Aboriginal Issues","1",,,,,,,,,,
,,,,,,,,,,,,,,"Aboveground Biomass","1",,,,,,,,,,
,,,,,,,,,,,,,,"Aeolian Sediment","1",,,,,,,,,,
,,,,,,,,,,,,,,"Age","1",,,,,,,,,,
,,,,,,,,,,,,,,"Age Distribution","1",,,,,,,,,,
,,,,,,,,,,,,,,"Age Factors","1",,,,,,,,,,
,,,,,,,,,,,,,,"Aged","1",,,,,,,,,,
,,,,,,,,,,,,,,"Agroecosystems","1",,,,,,,,,,
,,,,,,,,,,,,,,"Aldrin","1",,,,,,,,,,
,,,,,,,,,,,,,,"Algae","1",,,,,,,,,,
,,,,,,,,,,,,,,"Allocreadium","1",,,,,,,,,,
,,,,,,,,,,,,,,"American Marten","1",,,,,,,,,,
,,,,,,,,,,,,,,"Amino Acid","1",,,,,,,,,,
,,,,,,,,,,,,,,"Amino Acids","1",,,,,,,,,,
,,,,,,,,,,,,,,"Analysis","1",,,,,,,,,,
,,,,,,,,,,,,,,"Analytic Method","1",,,,,,,,,,
,,,,,,,,,,,,,,"Anas","1",,,,,,,,,,
,,,,,,,,,,,,,,"Anas Acuta","1",,,,,,,,,,
,,,,,,,,,,,,,,"Anas Platyrhynchos","1",,,,,,,,,,
,,,,,,,,,,,,,,"Anatidae","1",,,,,,,,,,
,,,,,,,,,,,,,,"Animal Behavior","1",,,,,,,,,,
