﻿Scopus refine results values

"Your query : ((TITLE-ABS-KEY((Boreal OR {James Bay} OR James-Bay OR {Clay Belt} OR {canadian shield}) AND (Canada OR Quebec OR Ontario OR newfoundland OR Alberta OR British-Columbia) ) AND PUBYEAR > 1999 AND PUBYEAR < 2020) AND (TITLE-ABS-KEY(Species AND (Distribution OR Extinct* OR Invasi*  OR Transition Or exotic)) AND PUBYEAR > 1999 AND PUBYEAR < 2020) AND (TITLE-ABS-KEY(naturalness OR  wilderness OR Primeval OR Preindustrial OR Pre-industrial  OR {intact forest}) AND PUBYEAR > 1999 AND PUBYEAR < 2020))"


Number of results : 9

"ACCESS TYPE",,"YEAR",,"AUTHOR NAME",,"SUBJECT AREA",,"DOCUMENT TYPE",,"PUBLICATION STAGE",,"SOURCE TITLE",,"KEYWORD",,"AFFILIATION",,"FUNDING SPONSOR",,"COUNTRY",,"SOURCE TYPE",,"LANGUAGE",
"Open Access","4","2019","3","Bélanger, L.","2","Agricultural and Biological Sciences","3","Article","8","final","9","Biological Conservation","1","Canada","7","Canadian Forest Service","3","Natural Sciences and Engineering Research Council of Canada","3","Canada","9","Journals","9","English","9"
"Other","5","2017","1","Abercrombie, B.","1","Biochemistry, Genetics and Molecular Biology","1","Review","1",,,"Climate Of The Past","1","Boreal Forest","5","University of Alberta","3","Agence Nationale de la Recherche","1","United States","4",,,,
,,"2016","1","Anderson, R.B.","1","Chemistry","1",,,,,"Environmental Reviews","1","Alberta","4","USDA Forest Service","2","Alberta Biodiversity Monitoring Institute","1","Australia","1",,,,
,,"2014","1","Andrew, M.E.","1","Earth and Planetary Sciences","1",,,,,"Forest Ecology And Management","1","Biodiversity","3","Université Laval","2","Alberta Conservation Association","1","France","1",,,,
,,"2012","2","Arienzo, M.","1","Environmental Science","7",,,,,"Forests","1","Climate Change","3","Alberta Trappers’ Association","1","Alberta Ingenuity","1","Switzerland","1",,,,
,,"2007","1","Barber, Q.","1","Physics and Astronomy","1",,,,,"Journal Of Applied Ecology","1","Forestry","3","McGill University","1","Alfred Wegener Institute Helmholtz Centre for Polar and Marine Research","1","United Kingdom","1",,,,
,,,,"Barrette, M.","1",,,,,,,"Nature Communications","1","Anthropogenic Effect","2","Great Lakes Forestry Centre","1","Canada Research Chairs","1",,,,,,
,,,,"Bayne, E.M.","1",,,,,,,"Water Air And Soil Pollution","1","Article","2","The Research Triangle Park","1","Commissariat Ã  l'Ãnergie Atomique et aux Ãnergies Alternatives","1",,,,,,
,,,,"Beauregard, R.","1",,,,,,,"Wildlife Society Bulletin","1","Conservation","2","CNRS Centre National de la Recherche Scientifique","1","Fonds Wetenschappelijk Onderzoek","1",,,,,,
,,,,"Bildson, B.","1",,,,,,,,,"Ecosystems","2","Ontario Ministry of the Environment","1","National Eye Research Centre","1",,,,,,
,,,,"Boutin, S.","1",,,,,,,,,"Environmental Protection","2","The University of British Columbia","1","National Institute of Polar Research","1",,,,,,
,,,,"Boutin, S.","1",,,,,,,,,"Forest Management","2","Queen's University, Kingston","1","National Science Foundation","1",,,,,,
,,,,"Burton, A.C.","1",,,,,,,,,"Nonhuman","2","Maine Department of Inland Fisheries and Wildlife","1","Office of Energy Research and Development","1",,,,,,
,,,,"Cahill, J.F.","1",,,,,,,,,"Prioritization","2","Memorial University of Newfoundland","1","Office of Polar Programs","1",,,,,,
,,,,"Cardille, J.A.","1",,,,,,,,,"Quebec [Canada]","2","Polytechnique Montréal","1","Schweizerischer Nationalfonds zur FÃ¶rderung der Wissenschaftlichen Forschung","1",,,,,,
,,,,"Chellman, N.","1",,,,,,,,,"Reforestation","2","Murdoch University","1","U.S. Forest Service","1",,,,,,
,,,,"Choudhury, S.","1",,,,,,,,,"Regeneration Process","2","University of Bern","1","University of Oxford","1",,,,,,
,,,,"Côté, S.","1",,,,,,,,,"Abies Balsamea","1","Natural Resources Canada","1","UniversitÃ¤t Bern","1",,,,,,
,,,,"De Grandpré, L.","1",,,,,,,,,"Abundance","1","Desert Research Institute","1","VetenskapsrÃ¥det","1",,,,,,
,,,,"Fischer, H.","1",,,,,,,,,"Acidification","1","Lakehead University","1","Undefined","3",,,,,,
,,,,"Flannigan, M.","1",,,,,,,,,"Age Structure","1","University of Rochester","1",,,,,,,,
,,,,"Habib, L.","1",,,,,,,,,"Agriculture","1","University of Cambridge","1",,,,,,,,
,,,,"Haight, R.G.","1",,,,,,,,,"Alternative Successional Pathways","1","Northern Forestry Centre","1",,,,,,,,
,,,,"He, F.","1",,,,,,,,,"Anthropogenic Source","1","LGGE Laboratoire de Glaciologie et Géophysique de l'Environnement","1",,,,,,,,
,,,,"Jeziorski, A.","1",,,,,,,,,"Anticosti Island","1","Alberta Conservation Association","1",,,,,,,,
,,,,"Jokinen, M.E.","1",,,,,,,,,"Arctic","1","Universite Grenoble Alpes","1",,,,,,,,
,,,,"Koch, F.H.","1",,,,,,,,,"Assessment Method","1",,,,,,,,,,
,,,,"Legrand, M.","1",,,,,,,,,"Atmospheric Deposition","1",,,,,,,,,,
,,,,"Leuenberger, D.","1",,,,,,,,,"Atmospheric Transport","1",,,,,,,,,,
,,,,"Liu, N.","1",,,,,,,,,"Aves","1",,,,,,,,,,
,,,,"Manzer, D.L.","1",,,,,,,,,"Balsam Fir","1",,,,,,,,,,
,,,,"Margni, M.","1",,,,,,,,,"Boreal","1",,,,,,,,,,
,,,,"Maselli, O.","1",,,,,,,,,"Boreal Forests","1",,,,,,,,,,
,,,,"Mayor, S.J.","1",,,,,,,,,"Calcium","1",,,,,,,,,,
,,,,"McConnell, J.","1",,,,,,,,,"Canadian Shield","1",,,,,,,,,,
,,,,"Parisien, M.A.","1",,,,,,,,,"Canadian Shields","1",,,,,,,,,,
,,,,"Paterson, A.M.","1",,,,,,,,,"Canopy Gap","1",,,,,,,,,,
,,,,"Place, P.","1",,,,,,,,,"Canopy Openness","1",,,,,,,,,,
,,,,"Preunkert, S.","1",,,,,,,,,"Carbon Sequestration","1",,,,,,,,,,
,,,,"Royo, A.A.","1",,,,,,,,,"Cervidae","1",,,,,,,,,,
,,,,"Schüpbach, S.","1",,,,,,,,,"Chemical Analysis","1",,,,,,,,,,
,,,,"Shapiera, M.","1",,,,,,,,,"Chemical Compound","1",,,,,,,,,,
,,,,"Sigl, M.","1",,,,,,,,,"Cladocera","1",,,,,,,,,,
,,,,"Smol, J.P.","1",,,,,,,,,"Climate","1",,,,,,,,,,
,,,,"Swystun, T.","1",,,,,,,,,"Climate Conditions","1",,,,,,,,,,
,,,,"Sólymos, P.","1",,,,,,,,,"Climates","1",,,,,,,,,,
,,,,"Thiffault, É.","1",,,,,,,,,"Cold Lake","1",,,,,,,,,,
,,,,"Webb, S.M.","1",,,,,,,,,"Community Structure","1",,,,,,,,,,
,,,,"Wolff, E.W.","1",,,,,,,,,"Compressor Stations","1",,,,,,,,,,
,,,,"Wulder, M.A.","1",,,,,,,,,"Conceptual Framework","1",,,,,,,,,,
,,,,"Yemshanov, D.","1",,,,,,,,,"Connectivity","1",,,,,,,,,,
,,,,,,,,,,,,,,"Covariance Analysis","1",,,,,,,,,,
,,,,,,,,,,,,,,"Daphnia","1",,,,,,,,,,
,,,,,,,,,,,,,,"Daphnia Longispina","1",,,,,,,,,,
,,,,,,,,,,,,,,"Daphnia Pulex","1",,,,,,,,,,
,,,,,,,,,,,,,,"Daphniidae","1",,,,,,,,,,
,,,,,,,,,,,,,,"Decision Making","1",,,,,,,,,,
,,,,,,,,,,,,,,"Decision Making Support","1",,,,,,,,,,
,,,,,,,,,,,,,,"Deer","1",,,,,,,,,,
,,,,,,,,,,,,,,"Dickie Lake","1",,,,,,,,,,
,,,,,,,,,,,,,,"Disturbance","1",,,,,,,,,,
,,,,,,,,,,,,,,"Dust","1",,,,,,,,,,
,,,,,,,,,,,,,,"Dynamics","1",,,,,,,,,,
,,,,,,,,,,,,,,"Ecology","1",,,,,,,,,,
,,,,,,,,,,,,,,"Environmental Factor","1",,,,,,,,,,
,,,,,,,,,,,,,,"Environmental Impact Assessment","1",,,,,,,,,,
,,,,,,,,,,,,,,"Environmental Quality","1",,,,,,,,,,
,,,,,,,,,,,,,,"Environmental Restoration","1",,,,,,,,,,
,,,,,,,,,,,,,,"Evergreen Tree","1",,,,,,,,,,
,,,,,,,,,,,,,,"Failure","1",,,,,,,,,,
,,,,,,,,,,,,,,"Fire History","1",,,,,,,,,,
,,,,,,,,,,,,,,"Forest Canopy","1",,,,,,,,,,
,,,,,,,,,,,,,,"Forest Cover","1",,,,,,,,,,
,,,,,,,,,,,,,,"Forest Dynamics","1",,,,,,,,,,
,,,,,,,,,,,,,,"Forest Fire","1",,,,,,,,,,
,,,,,,,,,,,,,,"Forest Inventory","1",,,,,,,,,,
,,,,,,,,,,,,,,"Forest Inventory Maps","1",,,,,,,,,,
,,,,,,,,,,,,,,"Forest Management Intensity","1",,,,,,,,,,
,,,,,,,,,,,,,,"Fragmentation","1",,,,,,,,,,
,,,,,,,,,,,,,,"Furbearers","1",,,,,,,,,,
,,,,,,,,,,,,,,"Gap Analysis","1",,,,,,,,,,
,,,,,,,,,,,,,,"Gap Dynamics","1",,,,,,,,,,
,,,,,,,,,,,,,,"Geography","1",,,,,,,,,,
,,,,,,,,,,,,,,"Grass","1",,,,,,,,,,
,,,,,,,,,,,,,,"Greenland","1",,,,,,,,,,
,,,,,,,,,,,,,,"Greenland Ice Sheet","1",,,,,,,,,,
,,,,,,,,,,,,,,"Gulo Gulo","1",,,,,,,,,,
,,,,,,,,,,,,,,"Habitat Relationships","1",,,,,,,,,,
,,,,,,,,,,,,,,"Human Activities","1",,,,,,,,,,
,,,,,,,,,,,,,,"Human Disturbance","1",,,,,,,,,,
,,,,,,,,,,,,,,"Humans","1",,,,,,,,,,
,,,,,,,,,,,,,,"Ice Core","1",,,,,,,,,,
,,,,,,,,,,,,,,"Industrial Impacts","1",,,,,,,,,,
,,,,,,,,,,,,,,"Industrialization","1",,,,,,,,,,
,,,,,,,,,,,,,,"Lake","1",,,,,,,,,,
,,,,,,,,,,,,,,"Lake Sediment","1",,,,,,,,,,
,,,,,,,,,,,,,,"Lake Water","1",,,,,,,,,,
,,,,,,,,,,,,,,"Lakes","1",,,,,,,,,,
,,,,,,,,,,,,,,"Land Use","1",,,,,,,,,,
,,,,,,,,,,,,,,"Land Use Change","1",,,,,,,,,,
,,,,,,,,,,,,,,"Land Use Intensity","1",,,,,,,,,,
,,,,,,,,,,,,,,"Landscape Connectivity","1",,,,,,,,,,
,,,,,,,,,,,,,,"Landscape Dynamics","1",,,,,,,,,,
,,,,,,,,,,,,,,"Landscape Ecology","1",,,,,,,,,,
,,,,,,,,,,,,,,"Landscape Restoration","1",,,,,,,,,,
,,,,,,,,,,,,,,"Late-successional Species","1",,,,,,,,,,
,,,,,,,,,,,,,,"Life Cycle","1",,,,,,,,,,
,,,,,,,,,,,,,,"Liming","1",,,,,,,,,,
,,,,,,,,,,,,,,"Local Knowledge","1",,,,,,,,,,
,,,,,,,,,,,,,,"Logging (forestry)","1",,,,,,,,,,
,,,,,,,,,,,,,,"Mammal","1",,,,,,,,,,
,,,,,,,,,,,,,,"Mammals","1",,,,,,,,,,
,,,,,,,,,,,,,,"Management Strategies","1",,,,,,,,,,
,,,,,,,,,,,,,,"Managers","1",,,,,,,,,,
,,,,,,,,,,,,,,"Mating Success","1",,,,,,,,,,
,,,,,,,,,,,,,,"Mixed Integer Programming","1",,,,,,,,,,
,,,,,,,,,,,,,,"Mortality","1",,,,,,,,,,
,,,,,,,,,,,,,,"Mustelid","1",,,,,,,,,,
,,,,,,,,,,,,,,"Native Species","1",,,,,,,,,,
,,,,,,,,,,,,,,"Naturalness","1",,,,,,,,,,
,,,,,,,,,,,,,,"Nature Conservation","1",,,,,,,,,,
,,,,,,,,,,,,,,"Network Flow Model","1",,,,,,,,,,
,,,,,,,,,,,,,,"Noise","1",,,,,,,,,,
,,,,,,,,,,,,,,"Nonlinearity","1",,,,,,,,,,
,,,,,,,,,,,,,,"North America","1",,,,,,,,,,
,,,,,,,,,,,,,,"Northern Hemisphere","1",,,,,,,,,,
,,,,,,,,,,,,,,"Novel Ecosystems","1",,,,,,,,,,
,,,,,,,,,,,,,,"Numerical Method","1",,,,,,,,,,
,,,,,,,,,,,,,,"Old-growth Forest","1",,,,,,,,,,
,,,,,,,,,,,,,,"Ontario [Canada]","1",,,,,,,,,,
,,,,,,,,,,,,,,"Ovenbird","1",,,,,,,,,,
,,,,,,,,,,,,,,"Pair Bond","1",,,,,,,,,,
,,,,,,,,,,,,,,"Pairing Success","1",,,,,,,,,,
,,,,,,,,,,,,,,"Paleolimnology","1",,,,,,,,,,
,,,,,,,,,,,,,,"Parameter Validation","1",,,,,,,,,,
,,,,,,,,,,,,,,"Passerine","1",,,,,,,,,,
,,,,,,,,,,,,,,"Picea Glauca","1",,,,,,,,,,
,,,,,,,,,,,,,,"Picea Mariana","1",,,,,,,,,,
,,,,,,,,,,,,,,"Plant Community","1",,,,,,,,,,
,,,,,,,,,,,,,,"Poaceae","1",,,,,,,,,,
,,,,,,,,,,,,,,"Population Abundance","1",,,,,,,,,,
,,,,,,,,,,,,,,"Population Statistics","1",,,,,,,,,,
,,,,,,,,,,,,,,"Quality Of Ecosystems","1",,,,,,,,,,
,,,,,,,,,,,,,,"Questionnaire Survey","1",,,,,,,,,,
,,,,,,,,,,,,,,"Rangifer Tarandus","1",,,,,,,,,,
,,,,,,,,,,,,,,"Rangifer Tarandus Caribou","1",,,,,,,,,,
,,,,,,,,,,,,,,"Reconstruction","1",,,,,,,,,,
,,,,,,,,,,,,,,"Regeneration","1",,,,,,,,,,
,,,,,,,,,,,,,,"Regional Pattern","1",,,,,,,,,,
,,,,,,,,,,,,,,"Remote Sensing","1",,,,,,,,,,
,,,,,,,,,,,,,,"Representation","1",,,,,,,,,,
,,,,,,,,,,,,,,"Rocky Mountains","1",,,,,,,,,,
,,,,,,,,,,,,,,"Seasonal Variation","1",,,,,,,,,,
,,,,,,,,,,,,,,"Seismic Lines","1",,,,,,,,,,
,,,,,,,,,,,,,,"Seiurus","1",,,,,,,,,,
,,,,,,,,,,,,,,"Seiurus Aurocapillus","1",,,,,,,,,,
,,,,,,,,,,,,,,"Shrub","1",,,,,,,,,,
,,,,,,,,,,,,,,"Social Sciences","1",,,,,,,,,,
,,,,,,,,,,,,,,"Soil Liming","1",,,,,,,,,,
,,,,,,,,,,,,,,"Song","1",,,,,,,,,,
