﻿Scopus refine results values

"Your query : ((TITLE-ABS-KEY((Boreal OR {James Bay} OR James-Bay OR {Clay Belt} OR {canadian shield}) AND (Canada OR Quebec OR Ontario OR newfoundland OR Alberta OR British-Columbia) ) AND PUBYEAR > 1999 AND PUBYEAR < 2020) AND (TITLE-ABS-KEY(Contamination OR Contaminant OR Pollut* OR  {acid rain} OR {nitrogen deposition} ) AND PUBYEAR > 1999 AND PUBYEAR < 2020) AND (TITLE-ABS-KEY({tree composition} OR {tree species composition} OR {Stand composition} OR {tree assemblage} OR {tree species assemblage}  ) AND PUBYEAR > 1999 AND PUBYEAR < 2020))"


Number of results : 3

"ACCESS TYPE",,"YEAR",,"AUTHOR NAME",,"SUBJECT AREA",,"DOCUMENT TYPE",,"PUBLICATION STAGE",,"SOURCE TITLE",,"KEYWORD",,"AFFILIATION",,"FUNDING SPONSOR",,"COUNTRY",,"SOURCE TYPE",,"LANGUAGE",
"Other","3","2018","1","Bouman, O.T.","1","Agricultural and Biological Sciences","3","Article","3","final","3","Canadian Journal Of Forest Research","1","Canada","3","WWF-Canada","1","Cape Breton University","1","Canada","3","Journals","3","English","3"
,,"2015","1","Drever, C.R.","1","Decision Sciences","1",,,,,"Ecological Indicators","1","Boreal Forest","2","University of Montreal","1","Undefined","2",,,,,,
,,"2010","1","Drever, M.C.","1","Environmental Science","2",,,,,"Oecologia","1","Coniferophyta","2","The University of British Columbia","1",,,,,,,,
,,,,"Duchesne, L.","1",,,,,,,,,"Coniferous Tree","2","Nature Conservancy","1",,,,,,,,
,,,,"Houle, D.","1",,,,,,,,,"Forestry","2","Cape Breton University","1",,,,,,,,
,,,,"Marty, C.","1",,,,,,,,,"Tree","2","Ministère de l‘Energie et des Ressources naturelles du Québec","1",,,,,,,,
,,,,"Snider, J.","1",,,,,,,,,"Acid Rain","1",,,,,,,,,,
,,,,,,,,,,,,,,"Acidification","1",,,,,,,,,,
,,,,,,,,,,,,,,"Air Pollutant","1",,,,,,,,,,
,,,,,,,,,,,,,,"Air Pollutants","1",,,,,,,,,,
,,,,,,,,,,,,,,"Air Pollution","1",,,,,,,,,,
,,,,,,,,,,,,,,"Ammonium Compounds","1",,,,,,,,,,
,,,,,,,,,,,,,,"Ammonium Derivative","1",,,,,,,,,,
,,,,,,,,,,,,,,"Analysis","1",,,,,,,,,,
,,,,,,,,,,,,,,"Angiosperm","1",,,,,,,,,,
,,,,,,,,,,,,,,"Betula Alleghaniensis","1",,,,,,,,,,
,,,,,,,,,,,,,,"Biological Populations","1",,,,,,,,,,
,,,,,,,,,,,,,,"Boreal Forests","1",,,,,,,,,,
,,,,,,,,,,,,,,"Ca","1",,,,,,,,,,
,,,,,,,,,,,,,,"Calcium","1",,,,,,,,,,
,,,,,,,,,,,,,,"Canopy Uptake","1",,,,,,,,,,
,,,,,,,,,,,,,,"Cape Breton Island","1",,,,,,,,,,
,,,,,,,,,,,,,,"Climate","1",,,,,,,,,,
,,,,,,,,,,,,,,"Community Composition","1",,,,,,,,,,
,,,,,,,,,,,,,,"Conifer Species","1",,,,,,,,,,
,,,,,,,,,,,,,,"Coniferous Forest","1",,,,,,,,,,
,,,,,,,,,,,,,,"Conium","1",,,,,,,,,,
,,,,,,,,,,,,,,"Deciduous Tree","1",,,,,,,,,,
,,,,,,,,,,,,,,"Disturbance History","1",,,,,,,,,,
,,,,,,,,,,,,,,"Dust","1",,,,,,,,,,
,,,,,,,,,,,,,,"Ecoregions","1",,,,,,,,,,
,,,,,,,,,,,,,,"Ecosystems","1",,,,,,,,,,
,,,,,,,,,,,,,,"Environmental Disturbance","1",,,,,,,,,,
,,,,,,,,,,,,,,"Environmental Monitoring","1",,,,,,,,,,
,,,,,,,,,,,,,,"Environmental Protection","1",,,,,,,,,,
,,,,,,,,,,,,,,"Evergreen Forest","1",,,,,,,,,,
,,,,,,,,,,,,,,"Exchangeable Base Cations","1",,,,,,,,,,
,,,,,,,,,,,,,,"Forest Canopy","1",,,,,,,,,,
,,,,,,,,,,,,,,"Forest Ecosystem","1",,,,,,,,,,
,,,,,,,,,,,,,,"Forest Management","1",,,,,,,,,,
,,,,,,,,,,,,,,"Forest Managers","1",,,,,,,,,,
,,,,,,,,,,,,,,"Forest Type","1",,,,,,,,,,
,,,,,,,,,,,,,,"Forestry Practice","1",,,,,,,,,,
,,,,,,,,,,,,,,"Geographic Ranges","1",,,,,,,,,,
,,,,,,,,,,,,,,"Great Lakes","1",,,,,,,,,,
,,,,,,,,,,,,,,"Hardwood Stands","1",,,,,,,,,,
,,,,,,,,,,,,,,"Homeostasis","1",,,,,,,,,,
,,,,,,,,,,,,,,"Homoeostasis","1",,,,,,,,,,
,,,,,,,,,,,,,,"Landscape","1",,,,,,,,,,
,,,,,,,,,,,,,,"Local Populations","1",,,,,,,,,,
,,,,,,,,,,,,,,"Magnoliophyta","1",,,,,,,,,,
,,,,,,,,,,,,,,"Metabolism","1",,,,,,,,,,
,,,,,,,,,,,,,,"Mixed Forest","1",,,,,,,,,,
,,,,,,,,,,,,,,"Narrow Distribution","1",,,,,,,,,,
,,,,,,,,,,,,,,"Nitrogen","1",,,,,,,,,,
,,,,,,,,,,,,,,"Nitrogen Deposition","1",,,,,,,,,,
,,,,,,,,,,,,,,"Nitrogen Oxide","1",,,,,,,,,,
,,,,,,,,,,,,,,"Nitrogen Oxides","1",,,,,,,,,,
,,,,,,,,,,,,,,"Nova Scotia","1",,,,,,,,,,
,,,,,,,,,,,,,,"Ontario","1",,,,,,,,,,
,,,,,,,,,,,,,,"Ontario [Canada]","1",,,,,,,,,,
,,,,,,,,,,,,,,"PH","1",,,,,,,,,,
,,,,,,,,,,,,,,"Persistence","1",,,,,,,,,,
,,,,,,,,,,,,,,"Physiology","1",,,,,,,,,,
,,,,,,,,,,,,,,"Pinus Resinosa","1",,,,,,,,,,
,,,,,,,,,,,,,,"Pinus Strobus","1",,,,,,,,,,
,,,,,,,,,,,,,,"Plant Leaf","1",,,,,,,,,,
,,,,,,,,,,,,,,"Plant Leaves","1",,,,,,,,,,
,,,,,,,,,,,,,,"Plants (botany)","1",,,,,,,,,,
,,,,,,,,,,,,,,"Pollution Control","1",,,,,,,,,,
,,,,,,,,,,,,,,"Population Size","1",,,,,,,,,,
,,,,,,,,,,,,,,"Population Statistics","1",,,,,,,,,,
,,,,,,,,,,,,,,"Protected Area","1",,,,,,,,,,
,,,,,,,,,,,,,,"Protected Areas","1",,,,,,,,,,
,,,,,,,,,,,,,,"Quebec","1",,,,,,,,,,
,,,,,,,,,,,,,,"Quercus Rubra","1",,,,,,,,,,
,,,,,,,,,,,,,,"Rare Species","1",,,,,,,,,,
,,,,,,,,,,,,,,"Rarity","1",,,,,,,,,,
,,,,,,,,,,,,,,"Red Oak","1",,,,,,,,,,
,,,,,,,,,,,,,,"Rural Area","1",,,,,,,,,,
,,,,,,,,,,,,,,"Sea Salt","1",,,,,,,,,,
,,,,,,,,,,,,,,"Sea Salts","1",,,,,,,,,,
,,,,,,,,,,,,,,"Shade Tolerance","1",,,,,,,,,,
,,,,,,,,,,,,,,"Shelterwood","1",,,,,,,,,,
,,,,,,,,,,,,,,"Silvicultural Practices","1",,,,,,,,,,
,,,,,,,,,,,,,,"Silvicultural System","1",,,,,,,,,,
,,,,,,,,,,,,,,"Silviculture","1",,,,,,,,,,
,,,,,,,,,,,,,,"Soil Acidifications","1",,,,,,,,,,
,,,,,,,,,,,,,,"Soil Mineral Weatherings","1",,,,,,,,,,
,,,,,,,,,,,,,,"Soil Pollution","1",,,,,,,,,,
,,,,,,,,,,,,,,"Soils","1",,,,,,,,,,
,,,,,,,,,,,,,,"Stream Water","1",,,,,,,,,,
,,,,,,,,,,,,,,"Taiga","1",,,,,,,,,,
,,,,,,,,,,,,,,"Temperate Environment","1",,,,,,,,,,
,,,,,,,,,,,,,,"Throughfall","1",,,,,,,,,,
,,,,,,,,,,,,,,"Thuja Occidentalis","1",,,,,,,,,,
,,,,,,,,,,,,,,"Tolerant Species","1",,,,,,,,,,
,,,,,,,,,,,,,,"Tree Species Composition","1",,,,,,,,,,
,,,,,,,,,,,,,,"Trees","1",,,,,,,,,,
,,,,,,,,,,,,,,"Tsuga","1",,,,,,,,,,
,,,,,,,,,,,,,,"Tsuga Canadensis","1",,,,,,,,,,
,,,,,,,,,,,,,,"Water Uptake","1",,,,,,,,,,
,,,,,,,,,,,,,,"Weathering Profile","1",,,,,,,,,,
,,,,,,,,,,,,,,"White Pine","1",,,,,,,,,,
,,,,,,,,,,,,,,"Yellow Birch","1",,,,,,,,,,
,,,,,,,,,,,,,,,,,,,,,,,,,
,,,,,,,,,,,,,,,,,,,,,,,,,
,,,,,,,,,,,,,,,,,,,,,,,,,
,,,,,,,,,,,,,,,,,,,,,,,,,
,,,,,,,,,,,,,,,,,,,,,,,,,
,,,,,,,,,,,,,,,,,,,,,,,,,
,,,,,,,,,,,,,,,,,,,,,,,,,
,,,,,,,,,,,,,,,,,,,,,,,,,
,,,,,,,,,,,,,,,,,,,,,,,,,
,,,,,,,,,,,,,,,,,,,,,,,,,
,,,,,,,,,,,,,,,,,,,,,,,,,
,,,,,,,,,,,,,,,,,,,,,,,,,
,,,,,,,,,,,,,,,,,,,,,,,,,
,,,,,,,,,,,,,,,,,,,,,,,,,
,,,,,,,,,,,,,,,,,,,,,,,,,
,,,,,,,,,,,,,,,,,,,,,,,,,
,,,,,,,,,,,,,,,,,,,,,,,,,
,,,,,,,,,,,,,,,,,,,,,,,,,
,,,,,,,,,,,,,,,,,,,,,,,,,
,,,,,,,,,,,,,,,,,,,,,,,,,
,,,,,,,,,,,,,,,,,,,,,,,,,
,,,,,,,,,,,,,,,,,,,,,,,,,
,,,,,,,,,,,,,,,,,,,,,,,,,
,,,,,,,,,,,,,,,,,,,,,,,,,
,,,,,,,,,,,,,,,,,,,,,,,,,
,,,,,,,,,,,,,,,,,,,,,,,,,
,,,,,,,,,,,,,,,,,,,,,,,,,
,,,,,,,,,,,,,,,,,,,,,,,,,
,,,,,,,,,,,,,,,,,,,,,,,,,
,,,,,,,,,,,,,,,,,,,,,,,,,
,,,,,,,,,,,,,,,,,,,,,,,,,
,,,,,,,,,,,,,,,,,,,,,,,,,
,,,,,,,,,,,,,,,,,,,,,,,,,
,,,,,,,,,,,,,,,,,,,,,,,,,
,,,,,,,,,,,,,,,,,,,,,,,,,
,,,,,,,,,,,,,,,,,,,,,,,,,
,,,,,,,,,,,,,,,,,,,,,,,,,
,,,,,,,,,,,,,,,,,,,,,,,,,
,,,,,,,,,,,,,,,,,,,,,,,,,
,,,,,,,,,,,,,,,,,,,,,,,,,
,,,,,,,,,,,,,,,,,,,,,,,,,
,,,,,,,,,,,,,,,,,,,,,,,,,
,,,,,,,,,,,,,,,,,,,,,,,,,
,,,,,,,,,,,,,,,,,,,,,,,,,
,,,,,,,,,,,,,,,,,,,,,,,,,
,,,,,,,,,,,,,,,,,,,,,,,,,
,,,,,,,,,,,,,,,,,,,,,,,,,
,,,,,,,,,,,,,,,,,,,,,,,,,
,,,,,,,,,,,,,,,,,,,,,,,,,
,,,,,,,,,,,,,,,,,,,,,,,,,
,,,,,,,,,,,,,,,,,,,,,,,,,
,,,,,,,,,,,,,,,,,,,,,,,,,
,,,,,,,,,,,,,,,,,,,,,,,,,
,,,,,,,,,,,,,,,,,,,,,,,,,
,,,,,,,,,,,,,,,,,,,,,,,,,
