﻿Scopus refine results values

"Your query : ((TITLE-ABS-KEY((Boreal OR {James Bay} OR James-Bay OR {Clay Belt} OR {canadian shield}) AND (Canada OR Quebec OR Ontario OR newfoundland OR Alberta OR British-Columbia) ) AND PUBYEAR > 1999 AND PUBYEAR < 2020) AND (TITLE-ABS-KEY(Contamination OR Contaminant OR Pollut* OR  {acid rain} OR {nitrogen deposition} ) AND PUBYEAR > 1999 AND PUBYEAR < 2020) AND (TITLE-ABS-KEY(Road  AND (Density OR Network)) AND PUBYEAR > 1999 AND PUBYEAR < 2020))"


Number of results : 1

"ACCESS TYPE",,"YEAR",,"AUTHOR NAME(filtered by По количеству результатов)",,"SUBJECT AREA(filtered by Alphabet)",,"DOCUMENT TYPE",,"PUBLICATION STAGE",,"SOURCE TITLE(filtered by По количеству результатов)",,"KEYWORD(filtered by По количеству результатов)",,"AFFILIATION",,"FUNDING SPONSOR",,"COUNTRY(filtered by По количеству результатов)",,"SOURCE TYPE",,"LANGUAGE(filtered by По количеству результатов)",
"Other","1","2008","1","Hvenegaard, P.J.","1","Environmental Science","1","Article","1","final","1","Environmental Management","1","Agriculture","1","Alberta Sustainable Resource Development","1","Undefined","1","Canada","1","Journals","1","English","1"
,,,,"Scrimgeour, G.J.","1",,,,,,,,,"Alberta","1","Parks Canada","1",,,,,,,,
,,,,"Tchir, J.","1",,,,,,,,,"Alberta , Canada","1","Alberta Conservation Association","1",,,,,,,,
,,,,,,,,,,,,,,"Animals","1",,,,,,,,,,
,,,,,,,,,,,,,,"Article","1",,,,,,,,,,
,,,,,,,,,,,,,,"Boreal Forest","1",,,,,,,,,,
,,,,,,,,,,,,,,"Boreal Forest Watersheds","1",,,,,,,,,,
,,,,,,,,,,,,,,"Canada","1",,,,,,,,,,
,,,,,,,,,,,,,,"Catostomus Commersoni","1",,,,,,,,,,
,,,,,,,,,,,,,,"Conservation Of Natural Resources","1",,,,,,,,,,
,,,,,,,,,,,,,,"Controlled Study","1",,,,,,,,,,
,,,,,,,,,,,,,,"Cottus Cognatus","1",,,,,,,,,,
,,,,,,,,,,,,,,"Couesius","1",,,,,,,,,,
,,,,,,,,,,,,,,"Cumulative Effects","1",,,,,,,,,,
,,,,,,,,,,,,,,"Current Levels","1",,,,,,,,,,
,,,,,,,,,,,,,,"Disturbance","1",,,,,,,,,,
,,,,,,,,,,,,,,"Dominance","1",,,,,,,,,,
,,,,,,,,,,,,,,"Dominant Species","1",,,,,,,,,,
,,,,,,,,,,,,,,"Ecological Impact","1",,,,,,,,,,
,,,,,,,,,,,,,,"Ecosystem","1",,,,,,,,,,
,,,,,,,,,,,,,,"Energy Resources","1",,,,,,,,,,
,,,,,,,,,,,,,,"Environment","1",,,,,,,,,,
,,,,,,,,,,,,,,"Environmental Disturbance","1",,,,,,,,,,
,,,,,,,,,,,,,,"Environmental Monitoring","1",,,,,,,,,,
,,,,,,,,,,,,,,"Fish","1",,,,,,,,,,
,,,,,,,,,,,,,,"Fish Assemblages","1",,,,,,,,,,
,,,,,,,,,,,,,,"Fishes","1",,,,,,,,,,
,,,,,,,,,,,,,,"Forest Fragmentation","1",,,,,,,,,,
,,,,,,,,,,,,,,"Forest Harvesting","1",,,,,,,,,,
,,,,,,,,,,,,,,"Human Activity","1",,,,,,,,,,
,,,,,,,,,,,,,,"Industrial Activities","1",,,,,,,,,,
,,,,,,,,,,,,,,"Industrial Practice","1",,,,,,,,,,
,,,,,,,,,,,,,,"Industrialization","1",,,,,,,,,,
,,,,,,,,,,,,,,"Land Use","1",,,,,,,,,,
,,,,,,,,,,,,,,"Landforms","1",,,,,,,,,,
,,,,,,,,,,,,,,"Logistic Models","1",,,,,,,,,,
,,,,,,,,,,,,,,"Logistic Regression Models","1",,,,,,,,,,
,,,,,,,,,,,,,,"Lotic Environment","1",,,,,,,,,,
,,,,,,,,,,,,,,"Lower Densities","1",,,,,,,,,,
,,,,,,,,,,,,,,"Meats","1",,,,,,,,,,
,,,,,,,,,,,,,,"Nonhuman","1",,,,,,,,,,
,,,,,,,,,,,,,,"North America","1",,,,,,,,,,
,,,,,,,,,,,,,,"Oil And Gasses","1",,,,,,,,,,
,,,,,,,,,,,,,,"Oncorhynchus Mykiss","1",,,,,,,,,,
,,,,,,,,,,,,,,"Petroleum Deposits","1",,,,,,,,,,
,,,,,,,,,,,,,,"Petroleum Engineering","1",,,,,,,,,,
,,,,,,,,,,,,,,"Petroleum Prospecting","1",,,,,,,,,,
,,,,,,,,,,,,,,"Population Density","1",,,,,,,,,,
,,,,,,,,,,,,,,"Population Dynamics","1",,,,,,,,,,
,,,,,,,,,,,,,,"Prosopium Williamsoni","1",,,,,,,,,,
,,,,,,,,,,,,,,"Rainbow Trout","1",,,,,,,,,,
,,,,,,,,,,,,,,"Rainbow Trouts","1",,,,,,,,,,
,,,,,,,,,,,,,,"Reference Sites","1",,,,,,,,,,
,,,,,,,,,,,,,,"Regression Analysis","1",,,,,,,,,,
,,,,,,,,,,,,,,"Rivers","1",,,,,,,,,,
,,,,,,,,,,,,,,"Road Densities","1",,,,,,,,,,
,,,,,,,,,,,,,,"Roads And Streets","1",,,,,,,,,,
,,,,,,,,,,,,,,"Salmonid","1",,,,,,,,,,
,,,,,,,,,,,,,,"Salvelinus Confluentus","1",,,,,,,,,,
,,,,,,,,,,,,,,"Slimy Sculpins","1",,,,,,,,,,
,,,,,,,,,,,,,,"Species Occurrence","1",,,,,,,,,,
,,,,,,,,,,,,,,"Stream (river)","1",,,,,,,,,,
,,,,,,,,,,,,,,"Stream Fish","1",,,,,,,,,,
,,,,,,,,,,,,,,"Stream Fishes","1",,,,,,,,,,
,,,,,,,,,,,,,,"Taiga","1",,,,,,,,,,
,,,,,,,,,,,,,,"Test Sites","1",,,,,,,,,,
,,,,,,,,,,,,,,"Thymallus Arcticus","1",,,,,,,,,,
,,,,,,,,,,,,,,"Trees","1",,,,,,,,,,
,,,,,,,,,,,,,,"Trout","1",,,,,,,,,,
,,,,,,,,,,,,,,"Water Pollution","1",,,,,,,,,,
,,,,,,,,,,,,,,"Watershed","1",,,,,,,,,,
,,,,,,,,,,,,,,"Watershed Management","1",,,,,,,,,,
,,,,,,,,,,,,,,"Watersheds","1",,,,,,,,,,
,,,,,,,,,,,,,,"White Suckers","1",,,,,,,,,,
,,,,,,,,,,,,,,,,,,,,,,,,,
,,,,,,,,,,,,,,,,,,,,,,,,,
,,,,,,,,,,,,,,,,,,,,,,,,,
,,,,,,,,,,,,,,,,,,,,,,,,,
,,,,,,,,,,,,,,,,,,,,,,,,,
,,,,,,,,,,,,,,,,,,,,,,,,,
,,,,,,,,,,,,,,,,,,,,,,,,,
,,,,,,,,,,,,,,,,,,,,,,,,,
,,,,,,,,,,,,,,,,,,,,,,,,,
,,,,,,,,,,,,,,,,,,,,,,,,,
,,,,,,,,,,,,,,,,,,,,,,,,,
,,,,,,,,,,,,,,,,,,,,,,,,,
,,,,,,,,,,,,,,,,,,,,,,,,,
,,,,,,,,,,,,,,,,,,,,,,,,,
,,,,,,,,,,,,,,,,,,,,,,,,,
,,,,,,,,,,,,,,,,,,,,,,,,,
,,,,,,,,,,,,,,,,,,,,,,,,,
,,,,,,,,,,,,,,,,,,,,,,,,,
,,,,,,,,,,,,,,,,,,,,,,,,,
,,,,,,,,,,,,,,,,,,,,,,,,,
,,,,,,,,,,,,,,,,,,,,,,,,,
,,,,,,,,,,,,,,,,,,,,,,,,,
,,,,,,,,,,,,,,,,,,,,,,,,,
,,,,,,,,,,,,,,,,,,,,,,,,,
,,,,,,,,,,,,,,,,,,,,,,,,,
,,,,,,,,,,,,,,,,,,,,,,,,,
,,,,,,,,,,,,,,,,,,,,,,,,,
,,,,,,,,,,,,,,,,,,,,,,,,,
,,,,,,,,,,,,,,,,,,,,,,,,,
,,,,,,,,,,,,,,,,,,,,,,,,,
,,,,,,,,,,,,,,,,,,,,,,,,,
,,,,,,,,,,,,,,,,,,,,,,,,,
,,,,,,,,,,,,,,,,,,,,,,,,,
,,,,,,,,,,,,,,,,,,,,,,,,,
,,,,,,,,,,,,,,,,,,,,,,,,,
,,,,,,,,,,,,,,,,,,,,,,,,,
,,,,,,,,,,,,,,,,,,,,,,,,,
,,,,,,,,,,,,,,,,,,,,,,,,,
,,,,,,,,,,,,,,,,,,,,,,,,,
,,,,,,,,,,,,,,,,,,,,,,,,,
,,,,,,,,,,,,,,,,,,,,,,,,,
,,,,,,,,,,,,,,,,,,,,,,,,,
,,,,,,,,,,,,,,,,,,,,,,,,,
,,,,,,,,,,,,,,,,,,,,,,,,,
,,,,,,,,,,,,,,,,,,,,,,,,,
,,,,,,,,,,,,,,,,,,,,,,,,,
,,,,,,,,,,,,,,,,,,,,,,,,,
,,,,,,,,,,,,,,,,,,,,,,,,,
,,,,,,,,,,,,,,,,,,,,,,,,,
,,,,,,,,,,,,,,,,,,,,,,,,,
,,,,,,,,,,,,,,,,,,,,,,,,,
,,,,,,,,,,,,,,,,,,,,,,,,,
,,,,,,,,,,,,,,,,,,,,,,,,,
,,,,,,,,,,,,,,,,,,,,,,,,,
,,,,,,,,,,,,,,,,,,,,,,,,,
,,,,,,,,,,,,,,,,,,,,,,,,,
,,,,,,,,,,,,,,,,,,,,,,,,,
,,,,,,,,,,,,,,,,,,,,,,,,,
,,,,,,,,,,,,,,,,,,,,,,,,,
,,,,,,,,,,,,,,,,,,,,,,,,,
,,,,,,,,,,,,,,,,,,,,,,,,,
,,,,,,,,,,,,,,,,,,,,,,,,,
,,,,,,,,,,,,,,,,,,,,,,,,,
,,,,,,,,,,,,,,,,,,,,,,,,,
,,,,,,,,,,,,,,,,,,,,,,,,,
,,,,,,,,,,,,,,,,,,,,,,,,,
,,,,,,,,,,,,,,,,,,,,,,,,,
,,,,,,,,,,,,,,,,,,,,,,,,,
,,,,,,,,,,,,,,,,,,,,,,,,,
,,,,,,,,,,,,,,,,,,,,,,,,,
,,,,,,,,,,,,,,,,,,,,,,,,,
,,,,,,,,,,,,,,,,,,,,,,,,,
,,,,,,,,,,,,,,,,,,,,,,,,,
,,,,,,,,,,,,,,,,,,,,,,,,,
,,,,,,,,,,,,,,,,,,,,,,,,,
,,,,,,,,,,,,,,,,,,,,,,,,,
,,,,,,,,,,,,,,,,,,,,,,,,,
,,,,,,,,,,,,,,,,,,,,,,,,,
,,,,,,,,,,,,,,,,,,,,,,,,,
,,,,,,,,,,,,,,,,,,,,,,,,,
,,,,,,,,,,,,,,,,,,,,,,,,,
,,,,,,,,,,,,,,,,,,,,,,,,,
,,,,,,,,,,,,,,,,,,,,,,,,,
,,,,,,,,,,,,,,,,,,,,,,,,,
,,,,,,,,,,,,,,,,,,,,,,,,,
,,,,,,,,,,,,,,,,,,,,,,,,,
