﻿Scopus refine results values

"Your query : ((TITLE-ABS-KEY((Boreal OR {James Bay} OR James-Bay OR {Clay Belt} OR {canadian shield}) AND (Canada OR Quebec OR Ontario OR newfoundland OR Alberta OR British-Columbia) ) AND PUBYEAR > 1999 AND PUBYEAR < 2020) AND (TITLE-ABS-KEY((Forest AND Fire) OR ""Wildfire"" OR ""crown fire"" OR ""Wildland fire"" ) AND PUBYEAR > 1999 AND PUBYEAR < 2020) AND (TITLE-ABS-KEY(Ice OR Thaw* NOT {little ice age}) AND PUBYEAR > 1999 AND PUBYEAR < 2020))"


Number of results : 5

"ACCESS TYPE",,"YEAR",,"AUTHOR NAME",,"SUBJECT AREA",,"DOCUMENT TYPE",,"PUBLICATION STAGE",,"SOURCE TITLE",,"KEYWORD",,"AFFILIATION",,"FUNDING SPONSOR",,"COUNTRY",,"SOURCE TYPE",,"LANGUAGE",
"Other","5","2008","2","Bergeron, Y.","4","Agricultural and Biological Sciences","5","Article","4","final","5","Canadian Journal Of Forest Research","2","Boreal Forest","5","Université du Québec à Montréal","3","Fonds QuÃ©bÃ©cois de la Recherche sur la Nature et les Technologies","1","Canada","5","Journals","5","English","5"
,,"2007","1","Gauthier, S.","2","Biochemistry, Genetics and Molecular Biology","1","Review","1",,,"Ecology","1","Canada","5","Universite du Quebec en Abitibi-Temiscamingue","2","Natural Sciences and Engineering Research Council of Canada","1","Finland","1",,,,
,,"2004","1","Asselin, H.","1","Environmental Science","3",,,,,"Forest Ecology And Management","1","North America","4","Canadian Forest Service","2","Tembec","1","Spain","1",,,,
,,"2002","1","Bégin, Y.","1",,,,,,,"Philosophical Transactions Of The Royal Society B Biological Sciences","1","Climate Change","3","Natural Resources Canada","2","Undefined","4",,,,,,
,,,,"Denneler, B.","1",,,,,,,,,"Fire History","3","Universitat de Barcelona","1",,,,,,,,
,,,,"Flannigan, M.","1",,,,,,,,,"Forest Dynamics","3","University of Calgary","1",,,,,,,,
,,,,"Johnson, E.A.","1",,,,,,,,,"Forestry","3","Great Lakes Forestry Centre","1",,,,,,,,
,,,,"Kafka, V.","1",,,,,,,,,"Little Ice Age","3","Helsingin Yliopisto","1",,,,,,,,
,,,,"Kneeshaw, D.","1",,,,,,,,,"Climate Effect","2","Canadian Heritage","1",,,,,,,,
,,,,"Lauzon, E.","1",,,,,,,,,"Disturbance","2","Université Laval","1",,,,,,,,
,,,,"Lesieur, D.","1",,,,,,,,,"Fire","2","Institut National de la Recherche Scientifique","1",,,,,,,,
,,,,"Macias Fauria, M.","1",,,,,,,,,"Fire Cycle","2","Parks Canada","1",,,,,,,,
,,,,,,,,,,,,,,"Fires","2",,,,,,,,,,
,,,,,,,,,,,,,,"Forest Management","2",,,,,,,,,,
,,,,,,,,,,,,,,"Mixed Forest","2",,,,,,,,,,
,,,,,,,,,,,,,,"Quebec [Canada]","2",,,,,,,,,,
,,,,,,,,,,,,,,"Reconstruction","2",,,,,,,,,,
,,,,,,,,,,,,,,"Abies","1",,,,,,,,,,
,,,,,,,,,,,,,,"Abies Balsamea","1",,,,,,,,,,
,,,,,,,,,,,,,,"Aerial Photography","1",,,,,,,,,,
,,,,,,,,,,,,,,"Alaska","1",,,,,,,,,,
,,,,,,,,,,,,,,"Arctic Oscillation","1",,,,,,,,,,
,,,,,,,,,,,,,,"Area Burned By Wildfire","1",,,,,,,,,,
,,,,,,,,,,,,,,"Biodiversity","1",,,,,,,,,,
,,,,,,,,,,,,,,"Biological Invasion","1",,,,,,,,,,
,,,,,,,,,,,,,,"Climate","1",,,,,,,,,,
,,,,,,,,,,,,,,"Climatology","1",,,,,,,,,,
,,,,,,,,,,,,,,"Community Composition","1",,,,,,,,,,
,,,,,,,,,,,,,,"Community Dynamics","1",,,,,,,,,,
,,,,,,,,,,,,,,"Community Response","1",,,,,,,,,,
,,,,,,,,,,,,,,"Coniferous Forest","1",,,,,,,,,,
,,,,,,,,,,,,,,"Dendroecology","1",,,,,,,,,,
,,,,,,,,,,,,,,"Dicotyledon","1",,,,,,,,,,
,,,,,,,,,,,,,,"Disturbance Regime","1",,,,,,,,,,
,,,,,,,,,,,,,,"Drought","1",,,,,,,,,,
,,,,,,,,,,,,,,"Ecosystems","1",,,,,,,,,,
,,,,,,,,,,,,,,"El Nino-Southern Oscillation","1",,,,,,,,,,
,,,,,,,,,,,,,,"Fire Frequency","1",,,,,,,,,,
,,,,,,,,,,,,,,"Fire Protection","1",,,,,,,,,,
,,,,,,,,,,,,,,"Flooding","1",,,,,,,,,,
,,,,,,,,,,,,,,"Floods","1",,,,,,,,,,
,,,,,,,,,,,,,,"Forest Fires","1",,,,,,,,,,
,,,,,,,,,,,,,,"Forests","1",,,,,,,,,,
,,,,,,,,,,,,,,"Fraxinus","1",,,,,,,,,,
,,,,,,,,,,,,,,"Fraxinus Nigra","1",,,,,,,,,,
,,,,,,,,,,,,,,"Gaspe Peninsula","1",,,,,,,,,,
,,,,,,,,,,,,,,"Global Warming","1",,,,,,,,,,
,,,,,,,,,,,,,,"High Temperature","1",,,,,,,,,,
,,,,,,,,,,,,,,"Historical Ecology","1",,,,,,,,,,
,,,,,,,,,,,,,,"Ice","1",,,,,,,,,,
,,,,,,,,,,,,,,"Insecta","1",,,,,,,,,,
,,,,,,,,,,,,,,"Lake Duparquet","1",,,,,,,,,,
,,,,,,,,,,,,,,"Land Use","1",,,,,,,,,,
,,,,,,,,,,,,,,"Meteorology","1",,,,,,,,,,
,,,,,,,,,,,,,,"Mixedwood Boreal Forest","1",,,,,,,,,,
,,,,,,,,,,,,,,"Mixedwood Forest","1",,,,,,,,,,
,,,,,,,,,,,,,,"Natural Disturbance","1",,,,,,,,,,
,,,,,,,,,,,,,,"Old-growth Forest","1",,,,,,,,,,
,,,,,,,,,,,,,,"Pacific Decadal Oscillation","1",,,,,,,,,,
,,,,,,,,,,,,,,"Paragnetina","1",,,,,,,,,,
,,,,,,,,,,,,,,"Picea Mariana","1",,,,,,,,,,
,,,,,,,,,,,,,,"Pinus Banksiana","1",,,,,,,,,,
,,,,,,,,,,,,,,"Population Dynamics","1",,,,,,,,,,
,,,,,,,,,,,,,,"Quebec","1",,,,,,,,,,
,,,,,,,,,,,,,,"Riparian Forest","1",,,,,,,,,,
,,,,,,,,,,,,,,"Riparian Forest Dynamics","1",,,,,,,,,,
,,,,,,,,,,,,,,"Sampling","1",,,,,,,,,,
,,,,,,,,,,,,,,"Soil Type","1",,,,,,,,,,
,,,,,,,,,,,,,,"Substrates","1",,,,,,,,,,
,,,,,,,,,,,,,,"Teleconnection","1",,,,,,,,,,
,,,,,,,,,,,,,,"Thuja Occidentalis","1",,,,,,,,,,
,,,,,,,,,,,,,,"Topography","1",,,,,,,,,,
,,,,,,,,,,,,,,"Twenty First Century","1",,,,,,,,,,
,,,,,,,,,,,,,,"United States","1",,,,,,,,,,
,,,,,,,,,,,,,,"Vegetation Type","1",,,,,,,,,,
,,,,,,,,,,,,,,"Vegetation Zone","1",,,,,,,,,,
,,,,,,,,,,,,,,"Water Level","1",,,,,,,,,,
,,,,,,,,,,,,,,"Water Levels","1",,,,,,,,,,
,,,,,,,,,,,,,,"Wildfire","1",,,,,,,,,,
,,,,,,,,,,,,,,,,,,,,,,,,,
,,,,,,,,,,,,,,,,,,,,,,,,,
,,,,,,,,,,,,,,,,,,,,,,,,,
,,,,,,,,,,,,,,,,,,,,,,,,,
,,,,,,,,,,,,,,,,,,,,,,,,,
,,,,,,,,,,,,,,,,,,,,,,,,,
,,,,,,,,,,,,,,,,,,,,,,,,,
,,,,,,,,,,,,,,,,,,,,,,,,,
,,,,,,,,,,,,,,,,,,,,,,,,,
,,,,,,,,,,,,,,,,,,,,,,,,,
,,,,,,,,,,,,,,,,,,,,,,,,,
,,,,,,,,,,,,,,,,,,,,,,,,,
,,,,,,,,,,,,,,,,,,,,,,,,,
,,,,,,,,,,,,,,,,,,,,,,,,,
,,,,,,,,,,,,,,,,,,,,,,,,,
,,,,,,,,,,,,,,,,,,,,,,,,,
,,,,,,,,,,,,,,,,,,,,,,,,,
,,,,,,,,,,,,,,,,,,,,,,,,,
,,,,,,,,,,,,,,,,,,,,,,,,,
,,,,,,,,,,,,,,,,,,,,,,,,,
,,,,,,,,,,,,,,,,,,,,,,,,,
,,,,,,,,,,,,,,,,,,,,,,,,,
,,,,,,,,,,,,,,,,,,,,,,,,,
,,,,,,,,,,,,,,,,,,,,,,,,,
,,,,,,,,,,,,,,,,,,,,,,,,,
,,,,,,,,,,,,,,,,,,,,,,,,,
,,,,,,,,,,,,,,,,,,,,,,,,,
,,,,,,,,,,,,,,,,,,,,,,,,,
,,,,,,,,,,,,,,,,,,,,,,,,,
,,,,,,,,,,,,,,,,,,,,,,,,,
,,,,,,,,,,,,,,,,,,,,,,,,,
,,,,,,,,,,,,,,,,,,,,,,,,,
,,,,,,,,,,,,,,,,,,,,,,,,,
,,,,,,,,,,,,,,,,,,,,,,,,,
,,,,,,,,,,,,,,,,,,,,,,,,,
,,,,,,,,,,,,,,,,,,,,,,,,,
,,,,,,,,,,,,,,,,,,,,,,,,,
,,,,,,,,,,,,,,,,,,,,,,,,,
,,,,,,,,,,,,,,,,,,,,,,,,,
,,,,,,,,,,,,,,,,,,,,,,,,,
,,,,,,,,,,,,,,,,,,,,,,,,,
,,,,,,,,,,,,,,,,,,,,,,,,,
,,,,,,,,,,,,,,,,,,,,,,,,,
,,,,,,,,,,,,,,,,,,,,,,,,,
,,,,,,,,,,,,,,,,,,,,,,,,,
,,,,,,,,,,,,,,,,,,,,,,,,,
,,,,,,,,,,,,,,,,,,,,,,,,,
,,,,,,,,,,,,,,,,,,,,,,,,,
,,,,,,,,,,,,,,,,,,,,,,,,,
,,,,,,,,,,,,,,,,,,,,,,,,,
,,,,,,,,,,,,,,,,,,,,,,,,,
,,,,,,,,,,,,,,,,,,,,,,,,,
,,,,,,,,,,,,,,,,,,,,,,,,,
,,,,,,,,,,,,,,,,,,,,,,,,,
,,,,,,,,,,,,,,,,,,,,,,,,,
,,,,,,,,,,,,,,,,,,,,,,,,,
,,,,,,,,,,,,,,,,,,,,,,,,,
,,,,,,,,,,,,,,,,,,,,,,,,,
,,,,,,,,,,,,,,,,,,,,,,,,,
,,,,,,,,,,,,,,,,,,,,,,,,,
,,,,,,,,,,,,,,,,,,,,,,,,,
,,,,,,,,,,,,,,,,,,,,,,,,,
,,,,,,,,,,,,,,,,,,,,,,,,,
,,,,,,,,,,,,,,,,,,,,,,,,,
,,,,,,,,,,,,,,,,,,,,,,,,,
,,,,,,,,,,,,,,,,,,,,,,,,,
,,,,,,,,,,,,,,,,,,,,,,,,,
,,,,,,,,,,,,,,,,,,,,,,,,,
,,,,,,,,,,,,,,,,,,,,,,,,,
,,,,,,,,,,,,,,,,,,,,,,,,,
,,,,,,,,,,,,,,,,,,,,,,,,,
,,,,,,,,,,,,,,,,,,,,,,,,,
,,,,,,,,,,,,,,,,,,,,,,,,,
,,,,,,,,,,,,,,,,,,,,,,,,,
,,,,,,,,,,,,,,,,,,,,,,,,,
,,,,,,,,,,,,,,,,,,,,,,,,,
,,,,,,,,,,,,,,,,,,,,,,,,,
,,,,,,,,,,,,,,,,,,,,,,,,,
,,,,,,,,,,,,,,,,,,,,,,,,,
,,,,,,,,,,,,,,,,,,,,,,,,,
,,,,,,,,,,,,,,,,,,,,,,,,,
