﻿Scopus refine results values

"Your query : ((TITLE-ABS-KEY((Boreal OR {James Bay} OR James-Bay OR {Clay Belt} OR {canadian shield}) AND Quebec) AND PUBYEAR > 1999 AND PUBYEAR < 2020) AND (TITLE-ABS-KEY(Species AND (Distribution OR Extinct* OR Invasi*  OR Transition Or exotic)) AND PUBYEAR > 1999 AND PUBYEAR < 2020) AND (TITLE-ABS-KEY( soil  OR  ground  OR  {woody debris}  OR  microtopography  OR  micro-topography  AND NOT  {sediment core}  OR  {breeding ground}  OR  {spawning ground} ) AND PUBYEAR > 1999 AND PUBYEAR < 2020))"


Number of results : 33

"ACCESS TYPE",,"YEAR",,"AUTHOR NAME",,"SUBJECT AREA",,"DOCUMENT TYPE",,"PUBLICATION STAGE",,"SOURCE TITLE",,"KEYWORD",,"AFFILIATION",,"FUNDING SPONSOR",,"COUNTRY",,"SOURCE TYPE",,"LANGUAGE",
"Open Access","4","2017","1","Bergeron, Y.","7","Agricultural and Biological Sciences","26","Article","30","final","33","Forest Ecology And Management","8","Canada","27","Université Laval","13","Natural Sciences and Engineering Research Council of Canada","11","Canada","32","Journals","33","English","32"
"Other","29","2016","2","Payette, S.","5","Arts and Humanities","1","Review","2",,,"Canadian Journal Of Forest Research","3","Boreal Forest","19","Université du Québec à Montréal","9","Fonds QuÃ©bÃ©cois de la Recherche sur la Nature et les Technologies","3","United States","3",,,"French","1"
,,"2015","4","Thiffault, N.","4","Biochemistry, Genetics and Molecular Biology","1","Conference Paper","1",,,"Ecology","2","Forestry","15","Universite du Quebec en Abitibi-Temiscamingue","6","Association pour la Recherche sur les Tumeurs de la Prostate","2","Finland","2",,,,
,,"2014","2","Sirois, L.","3","Earth and Planetary Sciences","3",,,,,"Ecoscience","2","Picea Mariana","13","Canadian Forest Service","6","Hydro-QuÃ©bec","1","France","2",,,,
,,"2013","2","Bradley, R.L.","2","Environmental Science","24",,,,,"Journal Of Biogeography","2","Quebec [Canada]","13","Université du Québec à Rimouski","4","Networks of Centres of Excellence of Canada","1","Switzerland","1",,,,
,,"2012","3","Drapeau, P.","2","Materials Science","1",,,,,"Applied Vegetation Science","1","Quebec","9","Natural Resources Canada","4","Undefined","21","United Kingdom","1",,,,
,,"2010","3","Fenton, N.J.","2","Multidisciplinary","1",,,,,"Archives Of Environmental Contamination And Toxicology","1","Boreal Forests","7","Ministère de l‘Energie et des Ressources naturelles du Québec","4",,,,,,,,
,,"2009","1","Imbeau, L.","2","Pharmacology, Toxicology and Pharmaceutics","1",,,,,"Biodiversity And Conservation","1","Fire","7","Le réseau de l'Université du Québec","3",,,,,,,,
,,"2008","1","Jobidon, R.","2",,,,,,,"Boreas","1","Spatial Distribution","7","University of Montreal","3",,,,,,,,
,,"2007","1","Aakala, T.","1",,,,,,,"Canadian Field Naturalist","1","Disturbance","6","McGill University","2",,,,,,,,
,,"2005","1","Asselin, H.","1",,,,,,,"Environmental Reviews","1","North America","6","Helsingin Yliopisto","2",,,,,,,,
,,"2004","3","Aubin, I.","1",,,,,,,"Forestry Chronicle","1","Soils","6","Université de Sherbrooke","2",,,,,,,,
,,"2003","2","Auger, I.","1",,,,,,,"Human And Ecological Risk Assessment","1","Biodiversity","5","Northern Forestry Centre","2",,,,,,,,
,,"2002","2","Babo, S.","1",,,,,,,"International Journal Of Applied Earth Observation And Geoinformation","1","Coniferophyta","5","Soc. la Faune et des Parcs du Que.","1",,,,,,,,
,,"2001","3","Bachand, M.","1",,,,,,,"Journal Of Advances In Modeling Earth Systems","1","Coniferous Forest","5","Ministère des Forêts de la Faune et des Parcs du Québec","1",,,,,,,,
,,"2000","2","Baconnet, M.","1",,,,,,,"Journal Of Environmental Quality","1","Ecosystems","5","QSAR Risk Assessment Service","1",,,,,,,,
,,,,"Bailey, S.W.","1",,,,,,,"New Forests","1","Forest Fire","5","Soc. la Faune et des Parcs du Quebec","1",,,,,,,,
,,,,"Beauchamp, G.","1",,,,,,,"Northern Journal Of Applied Forestry","1","Picea","5","Soc. la Faune et des Parcs du Quebec","1",,,,,,,,
,,,,"Bedford, L.","1",,,,,,,"Plos One","1","Picea Glauca","5","Bureau 200","1",,,,,,,,
,,,,"Boulanger, Y.","1",,,,,,,"Rhodora","1","Pinus Banksiana","5","Castonguay and Dandenault Inc.","1",,,,,,,,
,,,,"Brais, S.","1",,,,,,,"Silva Fennica","1","Regeneration","5","425 boul. du Collège","1",,,,,,,,
,,,,"Breton, L.","1",,,,,,,,,"Abies","4","445 Boul. de l'Université","1",,,,,,,,
,,,,"Buddle, C.M.","1",,,,,,,,,"Abies Balsamea","4","Institut de Recherche en Biologie Végé Tale","1",,,,,,,,
,,,,"Bussière, B.","1",,,,,,,,,"Animals","4","Great Lakes Forestry Centre","1",,,,,,,,
,,,,"Bélanger, D.","1",,,,,,,,,"Black Spruce","4","Princeton University","1",,,,,,,,
,,,,"Cameron, E.K.","1",,,,,,,,,"Community Composition","4","USDA Forest Service","1",,,,,,,,
,,,,"Carcaillet, C.","1",,,,,,,,,"Ecology","4","Eidgenössische Forschungsanstalt fur Wald, Schnee Und Landschaft Eth-Bereichs","1",,,,,,,,
,,,,"Carrier, G.","1",,,,,,,,,"Ericaceous Shrubs","4","Purdue University","1",,,,,,,,
,,,,"Charette, L.","1",,,,,,,,,"Fire History","4","Ontario Ministry of Natural Resources","1",,,,,,,,
,,,,"Cogbill, C.V.","1",,,,,,,,,"Forest Soil","4","Oregon State University","1",,,,,,,,
,,,,"Courtois, R.","1",,,,,,,,,"Forests","4","Georgia College &amp; State University","1",,,,,,,,
,,,,"Cyr, G.","1",,,,,,,,,"Kalmia Angustifolia","4","Agriculture et Agroalimentaire Canada","1",,,,,,,,
,,,,"Côté, S.D.","1",,,,,,,,,"Plant Community","4","Université du Québec à Chicoutimi","1",,,,,,,,
,,,,"Dansereau, M.","1",,,,,,,,,"Plants (botany)","4","Hydro-Quebec","1",,,,,,,,
,,,,"De Grandpré, L.","1",,,,,,,,,"Shrub","4","Université Claude Bernard Lyon 1","1",,,,,,,,
,,,,"DeMerchant, I.","1",,,,,,,,,"Abundance","3","University of Oxford","1",,,,,,,,
,,,,"Dussault, C.","1",,,,,,,,,"Article","3","Conseil de recherches en sciences naturelles et en génie du Canada","1",,,,,,,,
,,,,"Déchêne, A.D.","1",,,,,,,,,"Bryophyta","3","École Pratique des Hautes Etudes","1",,,,,,,,
,,,,"Fauteux, D.","1",,,,,,,,,"Climate Change","3","College of Science","1",,,,,,,,
,,,,"Foottit, R.","1",,,,,,,,,"Coniferous Tree","3","University of Alberta","1",,,,,,,,
,,,,"Fortin, C.","1",,,,,,,,,"Environmental Factor","3","Pacific Forestry Centre","1",,,,,,,,
,,,,"Fortin, M.J.","1",,,,,,,,,"Fires","3","Universite de Nantes","1",,,,,,,,
,,,,"Fournier, R.A.","1",,,,,,,,,"Forest Floor","3","McGill University, Macdonald Campus","1",,,,,,,,
,,,,"Fyles, J.W.","1",,,,,,,,,"Forest Management","3","Alberta Sustainable Resource Development","1",,,,,,,,
,,,,"Gagnon, R.","1",,,,,,,,,"Growth Rate","3","Ministry of Forests and Range","1",,,,,,,,
,,,,"Gagné, C.","1",,,,,,,,,"Harvesting","3",,,,,,,,,,
,,,,"Garneau, M.","1",,,,,,,,,"Kalmia","3",,,,,,,,,,
,,,,"Gauthier, S.","1",,,,,,,,,"Logging (timber)","3",,,,,,,,,,
,,,,"Gingras, A.","1",,,,,,,,,"Nonhuman","3",,,,,,,,,,
,,,,"Girardin, M.P.","1",,,,,,,,,"Population Distribution","3",,,,,,,,,,
,,,,"Haeussler, S.","1",,,,,,,,,"Scarification","3",,,,,,,,,,
,,,,"Housset, J.M.","1",,,,,,,,,"Seed","3",,,,,,,,,,
,,,,"Hoy, J.","1",,,,,,,,,"Silviculture","3",,,,,,,,,,
,,,,"Hébert Christian, C.","1",,,,,,,,,"Soil Organic Matter","3",,,,,,,,,,
,,,,"Kamorina, G.","1",,,,,,,,,"Species Diversity","3",,,,,,,,,,
,,,,"Kranabetter, J.M.","1",,,,,,,,,"Stand Dynamics","3",,,,,,,,,,
,,,,"Krause, C.","1",,,,,,,,,"Vegetation","3",,,,,,,,,,
,,,,"Kuuluvainen, T.","1",,,,,,,,,"Woody Debris","3",,,,,,,,,,
,,,,"Laberge, M.J.","1",,,,,,,,,"Aspen","2",,,,,,,,,,
,,,,"Langor, D.W.","1",,,,,,,,,"Beetle","2",,,,,,,,,,
,,,,"Larivière, N.","1",,,,,,,,,"Biological Invasion","2",,,,,,,,,,
,,,,"Le Goff, H.","1",,,,,,,,,"Biomass","2",,,,,,,,,,
,,,,"Leduc, A.","1",,,,,,,,,"Coarse Woody Debris","2",,,,,,,,,,
,,,,"Loranger, S.","1",,,,,,,,,"Controlled Study","2",,,,,,,,,,
,,,,"Lorente, M.","1",,,,,,,,,"Decay (organic)","2",,,,,,,,,,
,,,,"MacQuarrie, C.J.K.","1",,,,,,,,,"Dendroecology","2",,,,,,,,,,
,,,,"Maltais, J.","1",,,,,,,,,"Ecosystem","2",,,,,,,,,,
,,,,"Mazerolle, M.J.","1",,,,,,,,,"Ecosystem Management","2",,,,,,,,,,
,,,,"McBeath, A.","1",,,,,,,,,"Forest Ecosystem","2",,,,,,,,,,
,,,,"McClay, A.","1",,,,,,,,,"Forest Fires","2",,,,,,,,,,
,,,,"Medvigy, D.","1",,,,,,,,,"Growth","2",,,,,,,,,,
,,,,"Moretti, M.","1",,,,,,,,,"Habitat Fragmentation","2",,,,,,,,,,
,,,,"Munson, A.D.","1",,,,,,,,,"Holocene","2",,,,,,,,,,
,,,,"Oetter, D.R.","1",,,,,,,,,"Interspecific Competition","2",,,,,,,,,,
,,,,"Ouellet, J.P.","1",,,,,,,,,"Landsat Thematic Mapper","2",,,,,,,,,,
,,,,"Parisien, M.A.","1",,,,,,,,,"Microhabitat","2",,,,,,,,,,
,,,,"Parsons, W.F.J.","1",,,,,,,,,"Old-growth Forest","2",,,,,,,,,,
,,,,"Pellerin, S.","1",,,,,,,,,"Plantation Forestry","2",,,,,,,,,,
,,,,"Perry, D.A.","1",,,,,,,,,"Population Density","2",,,,,,,,,,
,,,,"Peter, B.","1",,,,,,,,,"Population Dynamics","2",,,,,,,,,,
,,,,"Picher, G.","1",,,,,,,,,"Recruitment (population Dynamics)","2",,,,,,,,,,
,,,,"Piché, L.","1",,,,,,,,,"Reforestation","2",,,,,,,,,,
,,,,"Pilon, V.","1",,,,,,,,,"Seeds","2",,,,,,,,,,
,,,,"Pitre, N.","1",,,,,,,,,"Site Preparation","2",,,,,,,,,,
,,,,"Plante, M.","1",,,,,,,,,"Soil Organic Layer","2",,,,,,,,,,
,,,,"Pohl, G.R.","1",,,,,,,,,"Species Composition","2",,,,,,,,,,
,,,,"Pollock, S.L.","1",,,,,,,,,"Sphagnum","2",,,,,,,,,,
,,,,"Poulin, M.","1",,,,,,,,,"Stand Structure","2",,,,,,,,,,
,,,,"Prégent, G.","1",,,,,,,,,"Stem","2",,,,,,,,,,
,,,,"Purdon, M.","1",,,,,,,,,"Thuja Occidentalis","2",,,,,,,,,,
,,,,"Pybus, M.","1",,,,,,,,,"Tree Ring","2",,,,,,,,,,
,,,,"Ramsfield, T.","1",,,,,,,,,"Trees","2",,,,,,,,,,
,,,,"Robert, É.C.","1",,,,,,,,,"Tundra","2",,,,,,,,,,
,,,,"Ryall, K.","1",,,,,,,,,"Vaccinium","2",,,,,,,,,,
,,,,"Sauvé, S.","1",,,,,,,,,"Wood","2",,,,,,,,,,
,,,,"Savard, J.","1",,,,,,,,,"14C Dating","1",,,,,,,,,,
,,,,"Scarr, T.","1",,,,,,,,,"Abitibi","1",,,,,,,,,,
,,,,"Schaffhauser, A.","1",,,,,,,,,"Aboveground Biomass","1",,,,,,,,,,
,,,,"Schetagne, R.","1",,,,,,,,,"Acari","1",,,,,,,,,,
,,,,"Smirnova, E.","1",,,,,,,,,"Acer Saccharum","1",,,,,,,,,,
,,,,"Tremblay, F.","1",,,,,,,,,"Acid Mine Drainage","1",,,,,,,,,,
,,,,"Tremblay, J.P.","1",,,,,,,,,"Aerial Photography","1",,,,,,,,,,
,,,,"Trugman, A.T.","1",,,,,,,,,"Aerial Survey","1",,,,,,,,,,
,,,,"Welp, L.R.","1",,,,,,,,,"Age","1",,,,,,,,,,
,,,,"Whitbeck, K.L.","1",,,,,,,,,"Agricultural Landscapes","1",,,,,,,,,,
,,,,"Xu, X.","1",,,,,,,,,"Alaska","1",,,,,,,,,,
,,,,"Yemshanov, D.","1",,,,,,,,,"Alces Alces","1",,,,,,,,,,
,,,,"van Lier, O.R.","1",,,,,,,,,"Algorithm","1",,,,,,,,,,
,,,,"Émard, B.","1",,,,,,,,,"Alpine Tundra","1",,,,,,,,,,
,,,,,,,,,,,,,,"Alternative Silvicultural Systems","1",,,,,,,,,,
,,,,,,,,,,,,,,"American Three-toed Woodpecker","1",,,,,,,,,,
,,,,,,,,,,,,,,"Analysis Of Variance","1",,,,,,,,,,
,,,,,,,,,,,,,,"Animal","1",,,,,,,,,,
,,,,,,,,,,,,,,"Animal Distribution","1",,,,,,,,,,
,,,,,,,,,,,,,,"Animal Experiment","1",,,,,,,,,,
,,,,,,,,,,,,,,"Animal Tissue","1",,,,,,,,,,
,,,,,,,,,,,,,,"Animalia","1",,,,,,,,,,
,,,,,,,,,,,,,,"Annual Growth","1",,,,,,,,,,
,,,,,,,,,,,,,,"Anthropogenic Activity","1",,,,,,,,,,
,,,,,,,,,,,,,,"Anthropogenic Disturbance","1",,,,,,,,,,
,,,,,,,,,,,,,,"Anthropogenic Disturbances","1",,,,,,,,,,
,,,,,,,,,,,,,,"Anthropogenic Effect","1",,,,,,,,,,
,,,,,,,,,,,,,,"Arctic-alpine Species","1",,,,,,,,,,
,,,,,,,,,,,,,,"Artificial Regeneration","1",,,,,,,,,,
,,,,,,,,,,,,,,"Assembly Rule","1",,,,,,,,,,
,,,,,,,,,,,,,,"Asymptotic Values","1",,,,,,,,,,
,,,,,,,,,,,,,,"Atmospheric Temperature","1",,,,,,,,,,
,,,,,,,,,,,,,,"Aves","1",,,,,,,,,,
,,,,,,,,,,,,,,"Bacteria (microorganisms)","1",,,,,,,,,,
,,,,,,,,,,,,,,"Balsam Fir","1",,,,,,,,,,
,,,,,,,,,,,,,,"Beetles","1",,,,,,,,,,
,,,,,,,,,,,,,,"Betula Papyrifera","1",,,,,,,,,,
,,,,,,,,,,,,,,"Biodiversity Indicators","1",,,,,,,,,,
,,,,,,,,,,,,,,"Biological Controls","1",,,,,,,,,,
,,,,,,,,,,,,,,"Biological Legacies","1",,,,,,,,,,
,,,,,,,,,,,,,,"Biomarker","1",,,,,,,,,,
,,,,,,,,,,,,,,"Bird","1",,,,,,,,,,
,,,,,,,,,,,,,,"Birds","1",,,,,,,,,,
,,,,,,,,,,,,,,"Black Spruce Forest","1",,,,,,,,,,
,,,,,,,,,,,,,,"Bog","1",,,,,,,,,,
,,,,,,,,,,,,,,"Boreal","1",,,,,,,,,,
,,,,,,,,,,,,,,"Boreal Forest Disturbance Regimes","1",,,,,,,,,,
,,,,,,,,,,,,,,"Boreal Forest Ecology","1",,,,,,,,,,
,,,,,,,,,,,,,,"Boundary","1",,,,,,,,,,
,,,,,,,,,,,,,,"Brain","1",,,,,,,,,,
,,,,,,,,,,,,,,"Breeding Site","1",,,,,,,,,,
,,,,,,,,,,,,,,"Broad-leaved Forest","1",,,,,,,,,,
,,,,,,,,,,,,,,"Bryophyte","1",,,,,,,,,,
,,,,,,,,,,,,,,"Burned Habitat","1",,,,,,,,,,
,,,,,,,,,,,,,,"Burned Patches","1",,,,,,,,,,
,,,,,,,,,,,,,,"CCA","1",,,,,,,,,,
,,,,,,,,,,,,,,"Calamagrostis Canadensis","1",,,,,,,,,,
,,,,,,,,,,,,,,"Calcicole","1",,,,,,,,,,
,,,,,,,,,,,,,,"Canadian Boreal Forest","1",,,,,,,,,,
,,,,,,,,,,,,,,"Canopy Gaps","1",,,,,,,,,,
,,,,,,,,,,,,,,"Carbon","1",,,,,,,,,,
,,,,,,,,,,,,,,"Carbon Cycle","1",,,,,,,,,,
,,,,,,,,,,,,,,"Carbon Cycles","1",,,,,,,,,,
,,,,,,,,,,,,,,"Carbon Dioxide","1",,,,,,,,,,
,,,,,,,,,,,,,,"Carbon Isotope","1",,,,,,,,,,
