﻿Scopus refine results values

"Your query : ((TITLE-ABS-KEY((Boreal OR {James Bay} OR James-Bay OR {Clay Belt} OR {canadian shield}) AND (Canada OR Quebec OR Ontario OR newfoundland OR Alberta OR British-Columbia) ) AND PUBYEAR > 1999 AND PUBYEAR < 2020) AND (TITLE-ABS-KEY(Harvest* OR Logging OR Cut OR Clear-cut  OR Clearcut OR {Clear Cut}) AND PUBYEAR > 1999 AND PUBYEAR < 2020) AND (TITLE-ABS-KEY(traffic OR  crowd*  OR {Human presence} OR Cabin OR {land users} OR recreation*)))"


Number of results : 14

"ACCESS TYPE",,"YEAR",,"AUTHOR NAME",,"SUBJECT AREA",,"DOCUMENT TYPE",,"PUBLICATION STAGE",,"SOURCE TITLE",,"KEYWORD",,"AFFILIATION",,"FUNDING SPONSOR",,"COUNTRY",,"SOURCE TYPE",,"LANGUAGE",
"Open Access","1","2016","1","McNabb, D.H.","3","Agricultural and Biological Sciences","9","Article","11","final","14","Canadian Journal Of Forest Research","3","Canada","11","University of Alberta","5","Natural Sciences and Engineering Research Council of Canada","2","Canada","14","Journals","13","English","14"
"Other","13","2013","1","Startsev, A.D.","3","Biochemistry, Genetics and Molecular Biology","1","Book Chapter","1",,,"Soil Science Society Of America Journal","2","Forest Management","6","Alberta Research Council","3","Mitacs","1",,,"Books","1",,
,,"2012","1","Boutin, S.","2","Chemical Engineering","1","Conference Paper","1",,,"Applied Biochemistry And Biotechnology","1","Harvesting","6","Université Laval","2","Tembec","1",,,,,,
,,"2011","1","Boutin, S.","1","Engineering","1","Review","1",,,"Canadian Journal Of Soil Science","1","Boreal Forest","5","Wildlife Conservation Society Canada","1","Weyerhaeuser Company","1",,,,,,
,,"2008","2","Brais, S.","1","Environmental Science","8",,,,,"Canadian Journal Of Zoology","1","Forestry","5","Universite du Quebec en Abitibi-Temiscamingue","1","Undefined","12",,,,,,
,,"2006","3","Caspersen, J.P.","1","Immunology and Microbiology","1",,,,,"Ecological Applications","1","Biodiversity","3","University of Montreal","1",,,,,,,,
,,"2002","2","Chion, C.","1",,,,,,,"Ecology And Society","1","Compaction","3","Université de Sherbrooke","1",,,,,,,,
,,"2001","2","Courtois, R.","1",,,,,,,"Forest Ecology And Management","1","Forest Soil","3","University of Toronto","1",,,,,,,,
,,"2000","1","Côté, S.D.","1",,,,,,,"Journal Of Environmental Management","1","Picea","3","Simon Fraser University","1",,,,,,,,
,,,,"DeGroot, J.","1",,,,,,,"Northeastern Naturalist","1","Alberta","2","Lakehead University","1",,,,,,,,
,,,,"Eaton, B.R.","1",,,,,,,"Place Based Conservation Perspectives From The Social Sciences","1","Anthropogenic Effect","2","Ministère de l‘Energie et des Ressources naturelles du Québec","1",,,,,,,,
,,,,"Festa-Bianchet, M.","1",,,,,,,,,"Article","2","Parks Canada","1",,,,,,,,
,,,,"Flynn, P.C.","1",,,,,,,,,"Black Spruce","2",,,,,,,,,,
,,,,"Gonzalès, R.","1",,,,,,,,,"Boreal","2",,,,,,,,,,
,,,,"Gunn, A.","1",,,,,,,,,"Cervidae","2",,,,,,,,,,
,,,,"Hannon, S.J.","1",,,,,,,,,"Conservation Of Natural Resources","2",,,,,,,,,,
,,,,"Harvey, B.D.","1",,,,,,,,,"Deciduous Tree","2",,,,,,,,,,
,,,,"Koubaa, A.","1",,,,,,,,,"Deer","2",,,,,,,,,,
,,,,"Landhäusser, S.M.","1",,,,,,,,,"Mammalia","2",,,,,,,,,,
,,,,"Latombe, G.","1",,,,,,,,,"North America","2",,,,,,,,,,
,,,,"Lee, P.","1",,,,,,,,,"Picea Glauca","2",,,,,,,,,,
,,,,"Lesueur, P.","1",,,,,,,,,"Picea Mariana","2",,,,,,,,,,
,,,,"Lieffers, V.J.","1",,,,,,,,,"Populus Tremuloides","2",,,,,,,,,,
,,,,"Macdonald, S.E.","1",,,,,,,,,"Silviculture","2",,,,,,,,,,
,,,,"Mahmudi, H.","1",,,,,,,,,"Soils","2",,,,,,,,,,
,,,,"Mazerolle, M.J.","1",,,,,,,,,"Trees","2",,,,,,,,,,
,,,,"McIntyre, N.","1",,,,,,,,,"Water","2",,,,,,,,,,
,,,,"Moore, J.","1",,,,,,,,,"White Spruce","2",,,,,,,,,,
,,,,"Mundell, T.L.","1",,,,,,,,,"Agent-based Modeling","1",,,,,,,,,,
,,,,"Nguyen, H.","1",,,,,,,,,"Alternative Silviculture","1",,,,,,,,,,
,,,,"Parrott, L.","1",,,,,,,,,"Amphibia","1",,,,,,,,,,
,,,,"Paszkowski, C.A.","1",,,,,,,,,"Amphibian","1",,,,,,,,,,
,,,,"Potvin, F.","1",,,,,,,,,"Animalia","1",,,,,,,,,,
,,,,"Ray, J.C.","1",,,,,,,,,"Aquaculture","1",,,,,,,,,,
,,,,"Rothley, K.D.","1",,,,,,,,,"Arctic","1",,,,,,,,,,
,,,,"Smith, J.","1",,,,,,,,,"Arctic Regions","1",,,,,,,,,,
,,,,"Thomas, S.C.","1",,,,,,,,,"Aspen","1",,,,,,,,,,
,,,,"Thorpe, H.C.","1",,,,,,,,,"Assessment Method","1",,,,,,,,,,
,,,,"Wheatley, M.","1",,,,,,,,,"Australia","1",,,,,,,,,,
,,,,,,,,,,,,,,"Aves","1",,,,,,,,,,
,,,,,,,,,,,,,,"Avifauna","1",,,,,,,,,,
,,,,,,,,,,,,,,"Behavioral Response","1",,,,,,,,,,
,,,,,,,,,,,,,,"Biomass","1",,,,,,,,,,
,,,,,,,,,,,,,,"Biomass Transportation","1",,,,,,,,,,
,,,,,,,,,,,,,,"Biophysics","1",,,,,,,,,,
,,,,,,,,,,,,,,"Biotechnology","1",,,,,,,,,,
,,,,,,,,,,,,,,"Bottom-up Approach","1",,,,,,,,,,
,,,,,,,,,,,,,,"Buffer Zone","1",,,,,,,,,,
,,,,,,,,,,,,,,"Building Industry","1",,,,,,,,,,
,,,,,,,,,,,,,,"Bulk Density","1",,,,,,,,,,
,,,,,,,,,,,,,,"Canadian Arctic","1",,,,,,,,,,
,,,,,,,,,,,,,,"Capital","1",,,,,,,,,,
,,,,,,,,,,,,,,"Carbohydrate","1",,,,,,,,,,
,,,,,,,,,,,,,,"Carbohydrates","1",,,,,,,,,,
,,,,,,,,,,,,,,"Cetacea","1",,,,,,,,,,
,,,,,,,,,,,,,,"Climate Change","1",,,,,,,,,,
,,,,,,,,,,,,,,"Complex Systems","1",,,,,,,,,,
,,,,,,,,,,,,,,"Conference Paper","1",,,,,,,,,,
,,,,,,,,,,,,,,"Coniferophyta","1",,,,,,,,,,
,,,,,,,,,,,,,,"Coniferous Tree","1",,,,,,,,,,
,,,,,,,,,,,,,,"Conservation Management","1",,,,,,,,,,
,,,,,,,,,,,,,,"Cost-Benefit Analysis","1",,,,,,,,,,
,,,,,,,,,,,,,,"Costs","1",,,,,,,,,,
,,,,,,,,,,,,,,"Crops, Agricultural","1",,,,,,,,,,
,,,,,,,,,,,,,,"Crown Land","1",,,,,,,,,,
,,,,,,,,,,,,,,"Cutting (process)","1",,,,,,,,,,
,,,,,,,,,,,,,,"Decision Making","1",,,,,,,,,,
,,,,,,,,,,,,,,"Dendragapus Canadensis","1",,,,,,,,,,
,,,,,,,,,,,,,,"Dendrochronology","1",,,,,,,,,,
,,,,,,,,,,,,,,"Disturbance","1",,,,,,,,,,
,,,,,,,,,,,,,,"Ecological Impact","1",,,,,,,,,,
,,,,,,,,,,,,,,"Ecological Modeling","1",,,,,,,,,,
,,,,,,,,,,,,,,"Ecology","1",,,,,,,,,,
,,,,,,,,,,,,,,"Economic Aspect","1",,,,,,,,,,
,,,,,,,,,,,,,,"Electric Power Plant","1",,,,,,,,,,
,,,,,,,,,,,,,,"Endangered Species","1",,,,,,,,,,
,,,,,,,,,,,,,,"Energy-Generating Resources","1",,,,,,,,,,
,,,,,,,,,,,,,,"Experimental Study","1",,,,,,,,,,
,,,,,,,,,,,,,,"Exploration","1",,,,,,,,,,
,,,,,,,,,,,,,,"Extinction Risk","1",,,,,,,,,,
,,,,,,,,,,,,,,"Extraction And Processing Industry","1",,,,,,,,,,
,,,,,,,,,,,,,,"Eyre Peninsula","1",,,,,,,,,,
,,,,,,,,,,,,,,"Falcipennis Canadensis","1",,,,,,,,,,
,,,,,,,,,,,,,,"Farming System","1",,,,,,,,,,
,,,,,,,,,,,,,,"Field Method","1",,,,,,,,,,
,,,,,,,,,,,,,,"Forest Structure","1",,,,,,,,,,
,,,,,,,,,,,,,,"Fuel","1",,,,,,,,,,
,,,,,,,,,,,,,,"GIS Public Participation","1",,,,,,,,,,
,,,,,,,,,,,,,,"Geography","1",,,,,,,,,,
,,,,,,,,,,,,,,"Geology","1",,,,,,,,,,
,,,,,,,,,,,,,,"Growth Rate","1",,,,,,,,,,
,,,,,,,,,,,,,,"Growth Response","1",,,,,,,,,,
,,,,,,,,,,,,,,"Habitat Conservation","1",,,,,,,,,,
,,,,,,,,,,,,,,"Habitat Fragmentation","1",,,,,,,,,,
,,,,,,,,,,,,,,"Habitat Loss","1",,,,,,,,,,
,,,,,,,,,,,,,,"Habitat Use","1",,,,,,,,,,
,,,,,,,,,,,,,,"Hexapoda","1",,,,,,,,,,
,,,,,,,,,,,,,,"Hunting","1",,,,,,,,,,
,,,,,,,,,,,,,,"Hunting Traffic","1",,,,,,,,,,
,,,,,,,,,,,,,,"Hydraulic Conductivity","1",,,,,,,,,,
,,,,,,,,,,,,,,"Individual-based Modeling","1",,,,,,,,,,
,,,,,,,,,,,,,,"Industrial Development","1",,,,,,,,,,
,,,,,,,,,,,,,,"Industrial Waste","1",,,,,,,,,,
,,,,,,,,,,,,,,"Infiltration","1",,,,,,,,,,
,,,,,,,,,,,,,,"Integrated Natural Resource Management","1",,,,,,,,,,
,,,,,,,,,,,,,,"Land Use","1",,,,,,,,,,
,,,,,,,,,,,,,,"Landscape Ecology","1",,,,,,,,,,
,,,,,,,,,,,,,,"Landscape Modeling","1",,,,,,,,,,
,,,,,,,,,,,,,,"Landscape Planning","1",,,,,,,,,,
,,,,,,,,,,,,,,"Logging","1",,,,,,,,,,
,,,,,,,,,,,,,,"Logging (forestry)","1",,,,,,,,,,
,,,,,,,,,,,,,,"Machinery","1",,,,,,,,,,
,,,,,,,,,,,,,,"Macropore","1",,,,,,,,,,
,,,,,,,,,,,,,,"Manitoba","1",,,,,,,,,,
,,,,,,,,,,,,,,"Methodology","1",,,,,,,,,,
,,,,,,,,,,,,,,"Mixed Forest","1",,,,,,,,,,
,,,,,,,,,,,,,,"Mixedwood","1",,,,,,,,,,
,,,,,,,,,,,,,,"Modeling","1",,,,,,,,,,
,,,,,,,,,,,,,,"Models, Economic","1",,,,,,,,,,
,,,,,,,,,,,,,,"Motor Vehicle","1",,,,,,,,,,
,,,,,,,,,,,,,,"Motor Vehicles","1",,,,,,,,,,
,,,,,,,,,,,,,,"Natural Resource","1",,,,,,,,,,
,,,,,,,,,,,,,,"Neighborhood","1",,,,,,,,,,
,,,,,,,,,,,,,,"Neighborhood Analyses","1",,,,,,,,,,
,,,,,,,,,,,,,,"Network Analysis","1",,,,,,,,,,
,,,,,,,,,,,,,,"Nonhuman","1",,,,,,,,,,
,,,,,,,,,,,,,,"Odocoileus Virginianus","1",,,,,,,,,,
,,,,,,,,,,,,,,"Oil Exploration","1",,,,,,,,,,
,,,,,,,,,,,,,,"Overstory","1",,,,,,,,,,
,,,,,,,,,,,,,,"Partial Cutting","1",,,,,,,,,,
,,,,,,,,,,,,,,"Partial Harvest","1",,,,,,,,,,
,,,,,,,,,,,,,,"Passeri","1",,,,,,,,,,
,,,,,,,,,,,,,,"Passeriformes","1",,,,,,,,,,
,,,,,,,,,,,,,,"Persistence","1",,,,,,,,,,
,,,,,,,,,,,,,,"Petroleum","1",,,,,,,,,,
,,,,,,,,,,,,,,"Physiology","1",,,,,,,,,,
,,,,,,,,,,,,,,"Pipeline","1",,,,,,,,,,
,,,,,,,,,,,,,,"Place Representation","1",,,,,,,,,,
,,,,,,,,,,,,,,"Population Decline","1",,,,,,,,,,
,,,,,,,,,,,,,,"Population Dynamics","1",,,,,,,,,,
,,,,,,,,,,,,,,"Populus","1",,,,,,,,,,
,,,,,,,,,,,,,,"Pore Space","1",,,,,,,,,,
,,,,,,,,,,,,,,"Porosity","1",,,,,,,,,,
,,,,,,,,,,,,,,"Quebec [Canada]","1",,,,,,,,,,
,,,,,,,,,,,,,,"Rail Transport","1",,,,,,,,,,
,,,,,,,,,,,,,,"Railroad Transportation","1",,,,,,,,,,
,,,,,,,,,,,,,,"Railroads","1",,,,,,,,,,
,,,,,,,,,,,,,,"Railway","1",,,,,,,,,,
,,,,,,,,,,,,,,"Rangifer Tarandus","1",,,,,,,,,,
,,,,,,,,,,,,,,"Rangifer Tarandus Pearyi","1",,,,,,,,,,
,,,,,,,,,,,,,,"Recovery","1",,,,,,,,,,
,,,,,,,,,,,,,,"Regeneration","1",,,,,,,,,,
,,,,,,,,,,,,,,"Regional Landscapes","1",,,,,,,,,,
,,,,,,,,,,,,,,"Regional Planning","1",,,,,,,,,,
,,,,,,,,,,,,,,"Research","1",,,,,,,,,,
,,,,,,,,,,,,,,"Retrospective Study","1",,,,,,,,,,
,,,,,,,,,,,,,,"Riparia","1",,,,,,,,,,
,,,,,,,,,,,,,,"Riparian Forest","1",,,,,,,,,,
,,,,,,,,,,,,,,"Road Development","1",,,,,,,,,,
,,,,,,,,,,,,,,"Root","1",,,,,,,,,,
