﻿Scopus refine results values

"Your query : ((TITLE-ABS-KEY((Boreal OR {James Bay} OR James-Bay OR {Clay Belt} OR {canadian shield}) AND (Canada OR Quebec OR Ontario OR newfoundland OR Alberta OR British-Columbia) ) AND PUBYEAR > 1999 AND PUBYEAR < 2020) AND (TITLE-ABS-KEY(Silvicultur* OR Intensive OR {Site preparation}   OR Plantation OR   {Tree planting}) AND PUBYEAR > 1999 AND PUBYEAR < 2020) AND (TITLE-ABS-KEY(Water AND  (quality OR lake OR river OR stream)) AND PUBYEAR > 1999 AND PUBYEAR < 2020))"


Number of results : 19

"ACCESS TYPE",,"YEAR",,"AUTHOR NAME",,"SUBJECT AREA",,"DOCUMENT TYPE",,"PUBLICATION STAGE",,"SOURCE TITLE",,"KEYWORD",,"AFFILIATION",,"FUNDING SPONSOR",,"COUNTRY",,"SOURCE TYPE",,"LANGUAGE",
"Open Access","2","2019","2","Mallik, A.U.","2","Agricultural and Biological Sciences","7","Article","15","final","19","Forestry Chronicle","2","Canada","11","Environment Canada","3","Natural Sciences and Engineering Research Council of Canada","2","Canada","18","Journals","15","English","19"
"Other","17","2015","1","Abbott, K.N.","1","Computer Science","2","Conference Paper","3",,,"Hydrological Processes","2","Forestry","9","Ontario Ministry of Natural Resources","2","Alberta Biodiversity Monitoring Institute","1","China","1","Trade Publications","2","French","1"
,,"2012","1","Allard, M.","1","Decision Sciences","1","Review","1",,,"NCASI Technical Bulletin","2","Harvesting","6","Lakehead University","2","Alberta Environment and Parks","1","Finland","1","Conference Proceedings","2",,
,,"2011","2","Armstrong, L.","1","Earth and Planetary Sciences","3",,,,,"Science Of The Total Environment","2","Boreal Forest","5","Nansen International Environmental and Remote Sensing Center","1","Canadian Forest Service","1","France","1",,,,
,,"2009","2","Bell, F.W.","1","Engineering","2",,,,,"American Society For Photogrammetry And Remote Sensing Annual Conference 2009 Asprs 2009","1","Ecosystems","5","Pacific Environmental Science Centre","1","Canadian Foundation for Climate and Atmospheric Sciences","1","Russian Federation","1",,,,
,,"2007","2","Bergeron, Y.","1","Environmental Science","11",,,,,"Canadian Journal Of Earth Sciences","1","Forest Management","5","FORREX Forum for Research and Extension in Natural Resources","1","Environment and Climate Change Canada","1","United States","1",,,,
,,"2006","1","Bilyj, B.","1","Immunology and Microbiology","1",,,,,"Canadian Journal Of Forest Research","1","Lakes","5","Water Resources Management Division","1","Hydro-QuÃ©bec","1","Undefined","1",,,,
,,"2003","2","Boutin, S.","1",,,,,,,"Critical Reviews In Plant Sciences","1","Coniferophyta","4","Ministère des Forêts","1","Indigenous and Northern Affairs Canada","1",,,,,,
,,"2002","2","Bukata, R.P.","1",,,,,,,"Environmental Management","1","Hydrology","4","Lapin Yliopisto","1","University of Waterloo","1",,,,,,
,,"2001","3","Butterworth, E.","1",,,,,,,"Journal Of Applied Ecology","1","Peatland","4","Le réseau de l'Université du Québec","1","Undefined","15",,,,,,
,,"2000","1","Chen, B.","1",,,,,,,"Journal Of Environmental Informatics","1","Water Quality","4","Universite du Quebec en Abitibi-Temiscamingue","1",,,,,,,,
,,,,"Clergeau, P.","1",,,,,,,"Journal Of The North American Benthological Society","1","Wetlands","4","Freshwater Institute, Fisheries and Oceans Canada","1",,,,,,,,
,,,,"Cobbaert, D.","1",,,,,,,"Proceedings Of The 35th AMOP Technical Seminar On Environmental Contamination And Response","1","Article","3","University of Waterloo","1",,,,,,,,
,,,,"DeGroot, J.","1",,,,,,,"Remote Sensing Of Environment","1","Biodiversity","3","ERIM International","1",,,,,,,,
,,,,"Eaton, B.R.","1",,,,,,,"Soil Biology And Biochemistry","1","Climate Change","3","University of Saskatchewan","1",,,,,,,,
,,,,"Falk, D.","1",,,,,,,,,"Environmental Monitoring","3","University of Guelph","1",,,,,,,,
,,,,"Fenton, N.J.","1",,,,,,,,,"North America","3","Ontario Forest Research Institute","1",,,,,,,,
,,,,"Ficken, C.D.","1",,,,,,,,,"Runoff","3","Simon Fraser University","1",,,,,,,,
,,,,"Forest, S.","1",,,,,,,,,"Silviculture","3","Memorial University of Newfoundland","1",,,,,,,,
,,,,"Goodbrand, A.","1",,,,,,,,,"Vegetation","3","North China Electric Power University","1",,,,,,,,
,,,,"Gordon, A.M.","1",,,,,,,,,"Alberta","2","Centre INRAE Bretagne-Normandie","1",,,,,,,,
,,,,"Haider, W.","1",,,,,,,,,"Animals","2","Hydro-Quebec","1",,,,,,,,
,,,,"Hannon, S.J.","1",,,,,,,,,"Avifauna","2","Conseil de recherches en sciences naturelles et en génie du Canada","1",,,,,,,,
,,,,"Hazlett, P.W.","1",,,,,,,,,"Biomass","2","Université du Québec à Montréal","1",,,,,,,,
,,,,"Henneb, M.","1",,,,,,,,,"Boreal Forest Management","2","University of Alberta","1",,,,,,,,
,,,,"Hunt, L.","1",,,,,,,,,"Boreal Plain","2","McMaster University","1",,,,,,,,
,,,,"Jerome, J.H.","1",,,,,,,,,"Concentration (process)","2","Université Laval","1",,,,,,,,
,,,,"Jing, L.","1",,,,,,,,,"Disturbance","2","Government of Alberta","1",,,,,,,,
,,,,"Jokimäki, J.","1",,,,,,,,,"Ecosystem","2","Ducks Unlimited Canada","1",,,,,,,,
,,,,"Khan, A.A.","1",,,,,,,,,"Forest","2","Ministry of Transport of the People's Republic of China","1",,,,,,,,
,,,,"Lajeunesse, P.","1",,,,,,,,,"Forests","2","Arktinen keskus, Rovaniemi","1",,,,,,,,
,,,,"Legzdins, A.","1",,,,,,,,,"Growth Rate","2","Écosystèmes, Biodiversité, Évolution","1",,,,,,,,
,,,,"Liu, S.","1",,,,,,,,,"Human","2",,,,,,,,,,
,,,,"Lucotte, M.","1",,,,,,,,,"Humans","2",,,,,,,,,,
,,,,"Macdonald, S.E.","1",,,,,,,,,"Hydrological Cycle","2",,,,,,,,,,
,,,,"Morissette, J.","1",,,,,,,,,"Hydrological Modeling","2",,,,,,,,,,
,,,,"Parton, J.","1",,,,,,,,,"Lake","2",,,,,,,,,,
,,,,"Paszkowski, C.A.","1",,,,,,,,,"Lake Ecosystem","2",,,,,,,,,,
,,,,"Pozdnyakov, D.V.","1",,,,,,,,,"Land Use","2",,,,,,,,,,
,,,,"Rooney, R.C.","1",,,,,,,,,"Logging","2",,,,,,,,,,
,,,,"Rosenberg, D.M.","1",,,,,,,,,"Logging (timber)","2",,,,,,,,,,
,,,,"Rouse, W.R.","1",,,,,,,,,"Oil Sands","2",,,,,,,,,,
,,,,"Savard, J.P.L.","1",,,,,,,,,"Ontario","2",,,,,,,,,,
,,,,"Shang, D.","1",,,,,,,,,"Permafrost","2",,,,,,,,,,
,,,,"Sibley, P.K.","1",,,,,,,,,"Plants","2",,,,,,,,,,
,,,,"Smith, C.","1",,,,,,,,,"Quality Control","2",,,,,,,,,,
,,,,"Surette, C.","1",,,,,,,,,"Radiometry","2",,,,,,,,,,
,,,,"Swift, K.I.","1",,,,,,,,,"Regeneration","2",,,,,,,,,,
,,,,"Tanis, F.J.","1",,,,,,,,,"Remote Sensing","2",,,,,,,,,,
,,,,"Teichert, S.","1",,,,,,,,,"Snow","2",,,,,,,,,,
,,,,"Thiffault, N.","1",,,,,,,,,"Snow Melt","2",,,,,,,,,,
,,,,"Tremblay, A.","1",,,,,,,,,"Snowmelt","2",,,,,,,,,,
,,,,"Valeria, O.","1",,,,,,,,,"Streamflow","2",,,,,,,,,,
,,,,"Voroney, R.P.","1",,,,,,,,,"Water Pollutants, Chemical","2",,,,,,,,,,
,,,,"Westbrook, C.J.","1",,,,,,,,,"Water Resources","2",,,,,,,,,,
,,,,"Wheatley, M.","1",,,,,,,,,"Wetland","2",,,,,,,,,,
,,,,"Wiens, A.P.","1",,,,,,,,,"Absorption","1",,,,,,,,,,
,,,,"Zhang, B.Y.","1",,,,,,,,,"Air Quality","1",,,,,,,,,,
,,,,"van der Kamp, G.","1",,,,,,,,,"Air Temperature","1",,,,,,,,,,
,,,,,,,,,,,,,,"Allelopathy","1",,,,,,,,,,
,,,,,,,,,,,,,,"Alternate Stable States","1",,,,,,,,,,
,,,,,,,,,,,,,,"Amphibia","1",,,,,,,,,,
,,,,,,,,,,,,,,"Amphibian","1",,,,,,,,,,
,,,,,,,,,,,,,,"Aquaculture","1",,,,,,,,,,
,,,,,,,,,,,,,,"Aquatic Community","1",,,,,,,,,,
,,,,,,,,,,,,,,"Aquatic Ecosystem","1",,,,,,,,,,
,,,,,,,,,,,,,,"Athabasca Oil Sands","1",,,,,,,,,,
,,,,,,,,,,,,,,"Atmospheric Spectra","1",,,,,,,,,,
,,,,,,,,,,,,,,"Aves","1",,,,,,,,,,
,,,,,,,,,,,,,,"Best Management Practice","1",,,,,,,,,,
,,,,,,,,,,,,,,"Best Management Practices","1",,,,,,,,,,
,,,,,,,,,,,,,,"Bioaccumulation","1",,,,,,,,,,
,,,,,,,,,,,,,,"Biogeochemistry","1",,,,,,,,,,
,,,,,,,,,,,,,,"Biogeography","1",,,,,,,,,,
,,,,,,,,,,,,,,"Biological Materials","1",,,,,,,,,,
,,,,,,,,,,,,,,"Biomass Partitioning","1",,,,,,,,,,
,,,,,,,,,,,,,,"Biota","1",,,,,,,,,,
,,,,,,,,,,,,,,"Bird Species Richness","1",,,,,,,,,,
,,,,,,,,,,,,,,"Boreal","1",,,,,,,,,,
,,,,,,,,,,,,,,"Boreal And Temperate Forest","1",,,,,,,,,,
,,,,,,,,,,,,,,"Boreal Forest Watershed","1",,,,,,,,,,
,,,,,,,,,,,,,,"Boreal Forests","1",,,,,,,,,,
,,,,,,,,,,,,,,"Boreal Plains","1",,,,,,,,,,
,,,,,,,,,,,,,,"Bryophyta","1",,,,,,,,,,
,,,,,,,,,,,,,,"Buffer Zone","1",,,,,,,,,,
,,,,,,,,,,,,,,"Calibration","1",,,,,,,,,,
,,,,,,,,,,,,,,"Calluna","1",,,,,,,,,,
,,,,,,,,,,,,,,"Carduus","1",,,,,,,,,,
,,,,,,,,,,,,,,"Carduus Nutans","1",,,,,,,,,,
,,,,,,,,,,,,,,"Catchment","1",,,,,,,,,,
,,,,,,,,,,,,,,"Catchments","1",,,,,,,,,,
,,,,,,,,,,,,,,"Cause-and-effect Relationships","1",,,,,,,,,,
,,,,,,,,,,,,,,"Cellular Organisms","1",,,,,,,,,,
,,,,,,,,,,,,,,"Chemical Analysis","1",,,,,,,,,,
,,,,,,,,,,,,,,"Chironomidae","1",,,,,,,,,,
,,,,,,,,,,,,,,"Chromatographic Analysis","1",,,,,,,,,,
,,,,,,,,,,,,,,"Churchill","1",,,,,,,,,,
,,,,,,,,,,,,,,"Cirsium","1",,,,,,,,,,
,,,,,,,,,,,,,,"Classification","1",,,,,,,,,,
,,,,,,,,,,,,,,"Climate Effect","1",,,,,,,,,,
,,,,,,,,,,,,,,"Climate Variation","1",,,,,,,,,,
,,,,,,,,,,,,,,"Cloud Masks","1",,,,,,,,,,
,,,,,,,,,,,,,,"Coefficient Of Conservatism","1",,,,,,,,,,
,,,,,,,,,,,,,,"Cold Lake","1",,,,,,,,,,
,,,,,,,,,,,,,,"Cold Stress","1",,,,,,,,,,
,,,,,,,,,,,,,,"Color","1",,,,,,,,,,
,,,,,,,,,,,,,,"Color Producing Agents (CPA)","1",,,,,,,,,,
,,,,,,,,,,,,,,"Community Composition","1",,,,,,,,,,
,,,,,,,,,,,,,,"Complex Mixture","1",,,,,,,,,,
,,,,,,,,,,,,,,"Composite Images","1",,,,,,,,,,
,,,,,,,,,,,,,,"Concentration","1",,,,,,,,,,
,,,,,,,,,,,,,,"Concentration (composition)","1",,,,,,,,,,
,,,,,,,,,,,,,,"Concentration (parameters)","1",,,,,,,,,,
,,,,,,,,,,,,,,"Coniferous Tree","1",,,,,,,,,,
,,,,,,,,,,,,,,"Conservation Of Natural Resources","1",,,,,,,,,,
,,,,,,,,,,,,,,"Contamination","1",,,,,,,,,,
,,,,,,,,,,,,,,"Data Centers","1",,,,,,,,,,
,,,,,,,,,,,,,,"Data Reduction","1",,,,,,,,,,
,,,,,,,,,,,,,,"Decanoic Acid","1",,,,,,,,,,
,,,,,,,,,,,,,,"Deer Basin","1",,,,,,,,,,
,,,,,,,,,,,,,,"Deglaciation","1",,,,,,,,,,
,,,,,,,,,,,,,,"Diptera","1",,,,,,,,,,
,,,,,,,,,,,,,,"Dynamics","1",,,,,,,,,,
,,,,,,,,,,,,,,"Ecological Functions","1",,,,,,,,,,
,,,,,,,,,,,,,,"Ecology","1",,,,,,,,,,
,,,,,,,,,,,,,,"Ecosystem Engineer","1",,,,,,,,,,
,,,,,,,,,,,,,,"Ecosystem Response","1",,,,,,,,,,
,,,,,,,,,,,,,,"Ecotone","1",,,,,,,,,,
,,,,,,,,,,,,,,"Ecozone","1",,,,,,,,,,
,,,,,,,,,,,,,,"Ecozones","1",,,,,,,,,,
,,,,,,,,,,,,,,"Emergence","1",,,,,,,,,,
,,,,,,,,,,,,,,"Empetrum","1",,,,,,,,,,
,,,,,,,,,,,,,,"Empetrum Hermaphroditum","1",,,,,,,,,,
,,,,,,,,,,,,,,"Energy Budget","1",,,,,,,,,,
,,,,,,,,,,,,,,"Environmental Consequences","1",,,,,,,,,,
,,,,,,,,,,,,,,"Environmental Degradation","1",,,,,,,,,,
,,,,,,,,,,,,,,"Environmental Disturbance","1",,,,,,,,,,
,,,,,,,,,,,,,,"Environmental Indicator","1",,,,,,,,,,
,,,,,,,,,,,,,,"Environmental Indicators","1",,,,,,,,,,
,,,,,,,,,,,,,,"Environmental Issue","1",,,,,,,,,,
,,,,,,,,,,,,,,"Environmental Management","1",,,,,,,,,,
,,,,,,,,,,,,,,"Environmental Protection","1",,,,,,,,,,
,,,,,,,,,,,,,,"Environmental Regulations","1",,,,,,,,,,
,,,,,,,,,,,,,,"Environmental Risk","1",,,,,,,,,,
,,,,,,,,,,,,,,"Environmental Water","1",,,,,,,,,,
,,,,,,,,,,,,,,"Ericaceous Plants","1",,,,,,,,,,
,,,,,,,,,,,,,,"Ericales","1",,,,,,,,,,
,,,,,,,,,,,,,,"Esthetics","1",,,,,,,,,,
,,,,,,,,,,,,,,"Europe","1",,,,,,,,,,
,,,,,,,,,,,,,,"Evaluation","1",,,,,,,,,,
,,,,,,,,,,,,,,"Evapotranspiration","1",,,,,,,,,,
,,,,,,,,,,,,,,"Evergreen Forest","1",,,,,,,,,,
,,,,,,,,,,,,,,"Experimental Lakes Area","1",,,,,,,,,,
,,,,,,,,,,,,,,"Extraction","1",,,,,,,,,,
,,,,,,,,,,,,,,"FTIR","1",,,,,,,,,,
,,,,,,,,,,,,,,"Fast Screening","1",,,,,,,,,,
,,,,,,,,,,,,,,"Fatty Acids","1",,,,,,,,,,
,,,,,,,,,,,,,,"Field Data","1",,,,,,,,,,
,,,,,,,,,,,,,,"Field Investigation","1",,,,,,,,,,
,,,,,,,,,,,,,,"Fieldwork","1",,,,,,,,,,
