﻿Scopus refine results values

"Your query : ((TITLE-ABS-KEY((Boreal OR {James Bay} OR James-Bay OR {Clay Belt} OR {canadian shield}) AND (Canada OR Quebec OR Ontario OR newfoundland OR Alberta OR British-Columbia) ) AND PUBYEAR > 1999 AND PUBYEAR < 2020) AND (TITLE-ABS-KEY(Contamination OR Contaminant OR Pollut* OR  {acid rain} OR {nitrogen deposition} ) AND PUBYEAR > 1999 AND PUBYEAR < 2020) AND (TITLE-ABS-KEY( soil  OR  ground  OR  {woody debris}  OR  microtopography  OR  micro-topography  AND NOT  {sediment core}  OR  {breeding ground}  OR  {spawning ground} ) AND PUBYEAR > 1999 AND PUBYEAR < 2020))"


Number of results : 95

"ACCESS TYPE",,"YEAR",,"AUTHOR NAME(filtered by По количеству результатов)",,"SUBJECT AREA(filtered by Alphabet)",,"DOCUMENT TYPE",,"PUBLICATION STAGE",,"SOURCE TITLE(filtered by По количеству результатов)",,"KEYWORD(filtered by По количеству результатов)",,"AFFILIATION",,"FUNDING SPONSOR",,"COUNTRY(filtered by По количеству результатов)",,"SOURCE TYPE",,"LANGUAGE(filtered by По количеству результатов)",
"Open Access","16","2019","5","Siciliano, S.D.","4","Agricultural and Biological Sciences","22","Article","86","final","95","Science Of The Total Environment","14","Canada","79","Environment Canada","12","Natural Sciences and Engineering Research Council of Canada","15","Canada","83","Journals","92","English","94"
"Other","79","2018","4","Watmough, S.A.","4","Biochemistry, Genetics and Molecular Biology","5","Conference Paper","4",,,"Environmental Toxicology And Chemistry","5","Article","44","University of Alberta","12","National Science Foundation","4","United States","23","Book Series","2","French","1"
,,"2017","11","Chang, S.X.","3","Chemical Engineering","2","Review","3",,,"Atmospheric Chemistry And Physics","4","Boreal Forest","36","Canadian Forest Service","9","Canada Research Chairs","2","Sweden","6","Conference Proceedings","1",,
,,"2016","8","Hall, B.D.","3","Chemistry","5","Book Chapter","1",,,"Environmental Pollution","4","Forestry","29","University of Toronto","9","Environment Canada","2","United Kingdom","6",,,,
,,"2015","5","Prescott, C.E.","3","Decision Sciences","2","Short Survey","1",,,"Canadian Journal Of Soil Science","3","Soil","27","University of Saskatchewan","8","Hydro-QuÃ©bec","2","China","4",,,,
,,"2014","5","Princz, J.I.","3","Earth and Planetary Sciences","17",,,,,"Environmental Reviews","3","Soils","27","Trent University","8","National Aeronautics and Space Administration","2","Germany","4",,,,
,,"2013","7","Rudd, J.W.M.","3","Energy","2",,,,,"Environmental Science And Technology","3","Soil Pollution","26","University of Waterloo","6","Academy of Finland","1","France","3",,,,
,,"2012","9","Scroggins, R.P.","3","Environmental Science","74",,,,,"Journal Of Environmental Quality","3","Priority Journal","25","The University of British Columbia","5","Alberta Conservation Association","1","Finland","2",,,,
,,"2011","4","Bernath, P.F.","2","Immunology and Microbiology","4",,,,,"Water Air And Soil Pollution","3","Environmental Monitoring","21","Freshwater Institute, Fisheries and Oceans Canada","4","Alberta Innovates","1","Norway","2",,,,
,,"2010","2","Bodaly, R.A.","2","Medicine","3",,,,,"Applied And Environmental Microbiology","2","Controlled Study","19","University of Montreal","4","Association of Canadian Universities for Northern Studies","1","Belgium","1",,,,
,,"2009","5","Branfireun, B.A.","2","Multidisciplinary","1",,,,,"Biogeochemistry","2","Nonhuman","19","University of Manitoba","4","Canadian Forest Service","1","Burkina Faso","1",,,,
,,"2008","3","Chen, N.","2","Pharmacology, Toxicology and Pharmaceutics","5",,,,,"Ecological Indicators","2","North America","18","University of Ottawa, Canada","4","Canadian Foundation for Climate and Atmospheric Sciences","1","Czech Republic","1",,,,
,,"2007","3","Cho, S.","2","Social Sciences","2",,,,,"Environmental Monitoring And Assessment","2","Alberta","17","University of Wisconsin-Madison","4","Canadian Space Agency","1","Italy","1",,,,
,,"2006","7","Dillon, P.J.","2",,,,,,,"Hydrological Processes","2","Taiga","16","Université Laval","4","Canadian Wildlife Federation","1","Japan","1",,,,
,,"2005","6","Farrell, R.E.","2",,,,,,,"Water Resources Research","2","Forest Soil","15","NASA Goddard Space Flight Center","3","Cape Breton University","1","Netherlands","1",,,,
,,"2004","2","Feng, R.","2",,,,,,,"Applied Geochemistry","1","Nitrogen","15","Harvard University","3","Deutscher Akademischer Austauschdienst","1","New Zealand","1",,,,
,,"2003","2","Graney, J.R.","2",,,,,,,"Arboriculture And Urban Forestry","1","Chemistry","14","University of York","3","European Commission","1","Nigeria","1",,,,
,,"2002","1","Grayston, S.J.","2",,,,,,,"Archives Of Environmental Contamination And Toxicology","1","Concentration (composition)","14","Agriculture et Agroalimentaire Canada","3","Fonds QuÃ©bÃ©cois de la Recherche sur la Nature et les Technologies","1","South Africa","1",,,,
,,"2001","5","Hamilton, J.G.","2",,,,,,,"Atmospheric Environment","1","Mercury","13","Natural Resources Canada","3","Fonds de Recherche du Québec - Nature et Technologies","1","South Korea","1",,,,
,,"2000","1","Hintelmann, H.","2",,,,,,,"Biomass And Bioenergy","1","Mercury (metal)","13","National Oceanic and Atmospheric Administration","3","Graduate School, Purdue University","1","Spain","1",,,,
,,,,"Houle, D.","2",,,,,,,"Bioresource Technology","1","Soil Pollutants","13","Université du Québec à Montréal","3","Health Canada","1","Switzerland","1",,,,
,,,,"Kelly, C.A.","2",,,,,,,"Botany","1","Forest","12","Government of Alberta","3","Helsingin Yliopisto","1","Undefined","1",,,,
,,,,"Krabbenhoft, D.P.","2",,,,,,,"Canadian Journal Of Forest Research","1","Mercury (element)","12","Biosphere Solutions","2","Indigenous and Northern Affairs Canada","1",,,,,,
,,,,"Landis, M.S.","2",,,,,,,"Canadian Journal Of Microbiology","1","Oil Sand","12","NASA Langley Research Center","2","Institute for Biodiversity, Ecosystem Science, and Sustainability","1",,,,,,
,,,,"Lean, D.R.S.","2",,,,,,,"Chemical Geology","1","Oil Sands","12","McGill University","2","Luonnontieteiden ja Tekniikan Tutkimuksen Toimikunta","1",,,,,,
,,,,"Lindberg, S.E.","2",,,,,,,"Chemosphere","1","Animals","11","Helsingin Yliopisto","2","Major Science and Technology Project of Hainan Province","1",,,,,,
,,,,"Lucotte, M.","2",,,,,,,"Developments In Environmental Science","1","Carbon","11","University of Victoria","2","Ministry of Natural Resources","1",,,,,,
,,,,"MacKenzie, M.D.","2",,,,,,,"Ecological Engineering","1","Concentration (parameters)","11","Ontario Ministry of Natural Resources","2","MinistÃ¨re des ForÃªts, de la Faune et des Parcs","1",,,,,,
,,,,"Peak, D.","2",,,,,,,"Ecological Modelling","1","Coniferous Tree","11","Fisheries and Oceans Canada","2","Ministère des Forêts, de la Faune et des Parcs","1",,,,,,
,,,,"Percy, K.E.","2",,,,,,,"Ecosystems","1","Ecosystem","11","United States Geological Survey","2","National Oceanic and Atmospheric Administration","1",,,,,,
,,,,"Quideau, S.A.","2",,,,,,,"Environmental Science And Pollution Research","1","Trees","11","University of Northern British Columbia","2","National Root Crops Research Institute","1",,,,,,
,,,,"Reid, J.","2",,,,,,,"Forest Ecology And Management","1","Analysis","10","Dalhousie University","2","Natural Resources Canada","1",,,,,,
,,,,"Rolfhus, K.R.","2",,,,,,,"Forests","1","Atmospheric Deposition","10","Health Canada","2","NaturvÃ¥rdsverket","1",,,,,,
,,,,"Rousseau, A.N.","2",,,,,,,"Frontiers In Plant Science","1","Boreal Forests","10","Binghamton University State University of New York","2","Newfoundland and Labrador Arts Council","1",,,,,,
,,,,"Scroggins, R.","2",,,,,,,"Geoderma","1","Ecosystems","10","Stockholms universitet","2","Organization of American States","1",,,,,,
,,,,"St. Louis, V.L.","2",,,,,,,"Geoscience Canada","1","Forest Fire","10","Ryerson University","2","Research and Development Corporation of Newfoundland and Labrador","1",,,,,,
,,,,"Tsuji, L.J.S.","2",,,,,,,"Global Biogeochemical Cycles","1","Forests","10","Umeå Universitet","2","Stockholms Universitet","1",,,,,,
,,,,"Aaltonen, H.","1",,,,,,,"Handbook Of Environmental Chemistry","1","Soil Analysis","10","California Institute of Technology","2","University of Toronto","1",,,,,,
,,,,"Abe, T.A.","1",,,,,,,"Hydrology And Management Of Forested Wetlands Proceeding Of The International Conference","1","Soil Moisture","10","Stantec Inc., Canada","2","Undefined","59",,,,,,
,,,,"Aherne, J.","1",,,,,,,"International Journal Of Circumpolar Health","1","Wetlands","10","Consortium Ouranos, Canada","2",,,,,,,,
,,,,"Alexander, D.","1",,,,,,,"International Journal Of Environmental Research And Public Health","1","Atmospheric Chemistry","9","International Center for Bamboo and Rattan","1",,,,,,,,
,,,,"Alvarado-Quiroz, N.G.","1",,,,,,,"Journal Of Contaminant Hydrology","1","Carbon Dioxide","9","Atmospheric Research and Analysis, Inc.","1",,,,,,,,
,,,,"Anderson, J.","1",,,,,,,"Journal Of Environmental Chemical Engineering","1","Groundwater","9","Yukon College","1",,,,,,,,
,,,,"Andrews, A.E.","1",,,,,,,"Journal Of Environmental Management","1","Lakes","9","R and K Research Inc.","1",,,,,,,,
,,,,"Arocena, J.M.","1",,,,,,,"Journal Of Geophysical Research Atmospheres","1","Nitrogen Deposition","9","Peetabeck Health Services","1",,,,,,,,
,,,,"Arp, P.A.","1",,,,,,,"Journal Of Geophysical Research Biogeosciences","1","Organic Carbon","9","Ian Martin Consultants","1",,,,,,,,
,,,,"Bahreini, R.","1",,,,,,,"Journal Of Microbiological Methods","1","Peat","9","Institut de l'Environnement et de Recherches Agricoles","1",,,,,,,,
,,,,"Bajwa, K.","1",,,,,,,"Landscape Ecology","1","Pollution","9","Rudd and Kelly Research, Inc.","1",,,,,,,,
,,,,"Balland, V.","1",,,,,,,"New Forests","1","Vegetation","9","Bulkley Valley Centre for Natural Resources Research and Management","1",,,,,,,,
,,,,"Balliston, N.E.","1",,,,,,,"Planet Earth","1","Air Pollutant","8","Met European Research Observatory","1",,,,,,,,
,,,,"Barr, A.","1",,,,,,,"Plant And Soil","1","Athabasca Oil Sands","8","Cumulative Environmental Management Association","1",,,,,,,,
,,,,"Bayley, S.E.","1",,,,,,,"Plos One","1","Biogeochemistry","8","Wood Buffalo Environmental Association","1",,,,,,,,
,,,,"Beaty, K.G.","1",,,,,,,"Polish Polar Research","1","Contamination","8","Cultivation Base of State Key Laboratory of Humid Subtropical Mountain Ecology","1",,,,,,,,
,,,,"Beauchamp, G.","1",,,,,,,"Radiochimica Acta","1","Invertebrata","8","Enmosys","1",,,,,,,,
,,,,"Beauchamp, S.","1",,,,,,,"Tellus Series B Chemical And Physical Meteorology","1","Methylmercury","8","Ontario Ministry of Environment and Climate Change","1",,,,,,,,
,,,,"Beaudette, L.A.","1",,,,,,,"Water Research","1","Runoff","8","Allion Science and Technology","1",,,,,,,,
,,,,"Behan-Pelletier, V.M.","1",,,,,,,,,"Soil Pollutant","8","Ministère des Forêts de la Faune et des Parcs","1",,,,,,,,
,,,,"Bellocchi, G.","1",,,,,,,,,"Water Contamination","8","Ministère des Forêts","1",,,,,,,,
,,,,"Benzaazoua, M.","1",,,,,,,,,"Water Pollutants, Chemical","8","Integrated Atmospheric Solutions, LLC","1",,,,,,,,
,,,,"Berninger, F.","1",,,,,,,,,"Atmospheric Pollution","7","K.E. Percy Air Quality Effects Consulting Ltd.","1",,,,,,,,
,,,,"Bhatti, J.","1",,,,,,,,,"Biomass","7","ECOFIN","1",,,,,,,,
,,,,"Bhatti, J.S.","1",,,,,,,,,"Boreal","7","InnoTech Alberta","1",,,,,,,,
,,,,"Bicalho, B.","1",,,,,,,,,"Climate Change","7","InnoTech Alberta","1",,,,,,,,
,,,,"Birks, S.J.","1",,,,,,,,,"Comparative Study","7","Wood Buffalo Environmental Association","1",,,,,,,,
,,,,"Black, A.","1",,,,,,,,,"Deposition","7","Villanova University","1",,,,,,,,
,,,,"Blake, T.W.","1",,,,,,,,,"Geochemistry","7","Université libre de Bruxelles ULB","1",,,,,,,,
,,,,"Bondu, R.","1",,,,,,,,,"Methane","7","University of Colorado Boulder","1",,,,,,,,
,,,,"Boone, C.D.","1",,,,,,,,,"Ontario","7","United States Air Force","1",,,,,,,,
,,,,"Bottomley, D.","1",,,,,,,,,"Pinus Banksiana","7","Centre Clermont-Auvergne-Rhône-Alpes","1",,,,,,,,
,,,,"Bouman, O.T.","1",,,,,,,,,"Populus Tremuloides","7","Sorbonne Universite","1",,,,,,,,
,,,,"Bouwman, H.","1",,,,,,,,,"Sulfur","7","USDA Forest Service Pacific Southwest Research Station","1",,,,,,,,
,,,,"Butterfield, D.","1",,,,,,,,,"United States","7","Universities Space Research Association","1",,,,,,,,
,,,,"Bytnerowicz, A.","1",,,,,,,,,"Water Quality","7","Great Lakes Forestry Centre","1",,,,,,,,
,,,,"Bélanger, D.","1",,,,,,,,,"Zinc","7","ORNL Environmental Sciences Division","1",,,,,,,,
,,,,"Bélanger, N.","1",,,,,,,,,"Air Pollutants","6","Universite du Quebec en Abitibi-Temiscamingue","1",,,,,,,,
,,,,"Bérubé, J.A.","1",,,,,,,,,"Biomass Burning","6","Princeton University","1",,,,,,,,
,,,,"Carignan, R.","1",,,,,,,,,"Canadian Shield","6","USDA Forest Service","1",,,,,,,,
,,,,"Carouge, C.C.","1",,,,,,,,,"Catchment","6","Uppsala Universitet","1",,,,,,,,
,,,,"Cash, K.","1",,,,,,,,,"Catchments","6","Wageningen University and Research Centre","1",,,,,,,,
,,,,"Castonguay, M.","1",,,,,,,,,"Environmental Pollutants","6","Università degli Studi del Sannio","1",,,,,,,,
,,,,"Chanway, C.P.","1",,,,,,,,,"Environmental Pollution","6","ESRI","1",,,,,,,,
,,,,"Chen, H.","1",,,,,,,,,"Fire","6","Max Planck Institute for Chemistry","1",,,,,,,,
,,,,"Chen, J.M.","1",,,,,,,,,"Fires","6","Raytheon","1",,,,,,,,
,,,,"Chen, W.","1",,,,,,,,,"Hydrology","6","Canada Centre for Remote Sensing","1",,,,,,,,
,,,,"Chen, X.","1",,,,,,,,,"Lake","6","South China Normal University","1",,,,,,,,
,,,,"Chen, Y.","1",,,,,,,,,"Lead","6","Chonnam National University","1",,,,,,,,
,,,,"Cherewyk, K.A.P.","1",,,,,,,,,"Long Range Transport","6","University of California, Irvine","1",,,,,,,,
,,,,"Chisholm, L.","1",,,,,,,,,"Methylmercury Compounds","6","Old Dominion University","1",,,,,,,,
,,,,"Choi, W.J.","1",,,,,,,,,"Mining","6","CSIC - Instituto de Ciencias del Mar ICM","1",,,,,,,,
,,,,"Cihlar, J.","1",,,,,,,,,"Organic Matter","6","Cooperative Institute for Research in Environmental Sciences","1",,,,,,,,
,,,,"Clark, I.D.","1",,,,,,,,,"Quebec [Canada]","6","Jet Propulsion Laboratory","1",,,,,,,,
,,,,"Clerbaux, C.","1",,,,,,,,,"Risk Assessment","6","Colorado State University","1",,,,,,,,
,,,,"Cloutier, V.","1",,,,,,,,,"Seasons","6","Linköpings universitet","1",,,,,,,,
,,,,"Cloutier, V.B.","1",,,,,,,,,"Tree","6","National Research Council Canada","1",,,,,,,,
,,,,"Coheur, P.F.","1",,,,,,,,,"Wildfire","6","Dartmouth College","1",,,,,,,,
,,,,"Cubison, M.J.","1",,,,,,,,,"Aerosol","5","Western University","1",,,,,,,,
,,,,"Cárcamo, H.A.","1",,,,,,,,,"Bioaccumulation","5","Obafemi Awolowo University","1",,,,,,,,
,,,,"Côté, B.","1",,,,,,,,,"Biogeochemical Cycle","5","Auburn University","1",,,,,,,,
,,,,"Dansereau, M.","1",,,,,,,,,"Bryophyta","5","Laurentian University","1",,,,,,,,
,,,,"Dao, M.C.E.","1",,,,,,,,,"Cadmium","5","Norges Teknisk-Naturvitenskapelige Universitet","1",,,,,,,,
,,,,"Dastoor, A.P.","1",,,,,,,,,"Concentration (process)","5","Oregon State University","1",,,,,,,,
,,,,"Davies, M.","1",,,,,,,,,"Decomposition","5","Lethbridge Research Centre","1",,,,,,,,
,,,,"Desilets, M.","1",,,,,,,,,"Dissolution","5","University of Guelph","1",,,,,,,,
,,,,"Desrochers, A.","1",,,,,,,,,"Dissolved Organic Carbon","5","Queen's University, Kingston","1",,,,,,,,
,,,,"Dibb, J.E.","1",,,,,,,,,"Environment","5","University of New Brunswick","1",,,,,,,,
,,,,"Diehl, T.","1",,,,,,,,,"Environmental Impact","5","Saskatchewan Research Council","1",,,,,,,,
,,,,"Diner, D.J.","1",,,,,,,,,"Flooding","5","Università degli Studi di Napoli Federico II","1",,,,,,,,
,,,,"Diodato, N.","1",,,,,,,,,"Fresh Water","5","Carleton University","1",,,,,,,,
,,,,"Dlugokencky, E.J.","1",,,,,,,,,"Geographic Distribution","5","Geological Survey of Canada","1",,,,,,,,
,,,,"Donald, D.B.","1",,,,,,,,,"Landscape","5","Ontario Forest Research Institute","1",,,,,,,,
,,,,"Dong, W.","1",,,,,,,,,"Metals","5","Yokohama National University","1",,,,,,,,
,,,,"Dubovik, O.","1",,,,,,,,,"Mineralization","5","Athabasca University","1",,,,,,,,
,,,,"Duchesne, L.","1",,,,,,,,,"Oil And Gas Fields","5","Fujian Normal University","1",,,,,,,,
,,,,"Duck, T.J.","1",,,,,,,,,"Organic Compounds","5","Memorial University of Newfoundland","1",,,,,,,,
,,,,"D’Orangeville, L.","1",,,,,,,,,"PH","5","Chinese Academy of Sciences","1",,,,,,,,
,,,,"Edgerton, E.S.","1",,,,,,,,,"Physiology","5","Technical University of Munich","1",,,,,,,,
,,,,"Engel, K.","1",,,,,,,,,"Picea","5","Texas A&amp;M University","1",,,,,,,,
,,,,"Enright, A.M.L.","1",,,,,,,,,"Picea Glauca","5","Harvard-Smithsonian Center for Astrophysics","1",,,,,,,,
,,,,"Errington, R.","1",,,,,,,,,"Plant Leaves","5","University of Wisconsin-La Crosse","1",,,,,,,,
,,,,"Feisthauer, N.C.","1",,,,,,,,,"Plants (botany)","5","National Center for Atmospheric Research","1",,,,,,,,
,,,,"Fenn, M.E.","1",,,,,,,,,"Poaceae","5","UiT The Arctic University of Norway","1",,,,,,,,
,,,,"Ferris, F.G.","1",,,,,,,,,"Pollutant Transport","5","United States Environmental Protection Agency","1",,,,,,,,
,,,,"Fiorillo, F.","1",,,,,,,,,"Populus","5","Université du Québec à Trois-Rivières","1",,,,,,,,
,,,,"Fisher, J.A.","1",,,,,,,,,"Procedures","5","Universität Potsdam","1",,,,,,,,
,,,,"Forster, C.","1",,,,,,,,,"Regression Analysis","5","Université du Québec à Chicoutimi","1",,,,,,,,
,,,,"Fortin, C.","1",,,,,,,,,"Revegetation","5","Hydro-Quebec","1",,,,,,,,
,,,,"Fortin, J.A.","1",,,,,,,,,"Seasonal Variation","5","Ocean University of China","1",,,,,,,,
,,,,"France, R.L.","1",,,,,,,,,"Sediment","5","Northern Arizona University","1",,,,,,,,
,,,,"Franich, R.","1",,,,,,,,,"Sediments","5","Nanjing Agricultural University","1",,,,,,,,
,,,,"Franklin, J.E.","1",,,,,,,,,"Soil Horizon","5","Oak Ridge National Laboratory","1",,,,,,,,
,,,,"Fraser, C.","1",,,,,,,,,"Soil Microbiology","5","Carnegie Institution of Washington","1",,,,,,,,
,,,,"Friedland, A.J.","1",,,,,,,,,"Soil Temperature","5","University of Michigan, Ann Arbor","1",,,,,,,,
,,,,"Friedli, H.R.","1",,,,,,,,,"Spatial Distribution","5","McMaster University, Faculty of Health Sciences","1",,,,,,,,
,,,,"Frączek, W.","1",,,,,,,,,"Temperature","5","University of Oxford","1",,,,,,,,
,,,,"Fulthorpe, R.R.","1",,,,,,,,,"Water Pollutant","5","Sveriges lantbruksuniversitet","1",,,,,,,,
,,,,"Fung, M.","1",,,,,,,,,"Water Pollution","5","University of Edinburgh","1",,,,,,,,
,,,,"Futter, M.N.","1",,,,,,,,,"Water Supply","5","SCION","1",,,,,,,,
,,,,"Gagnon, G.A.","1",,,,,,,,,"Watersheds","5","Agence de la santé publique du Canada","1",,,,,,,,
,,,,"Garcia, E.","1",,,,,,,,,"Acid Deposition","4","University of California, Los Angeles","1",,,,,,,,
,,,,"Gardner, H.D.","1",,,,,,,,,"Acidification","4","University of New Hampshire Durham","1",,,,,,,,
,,,,"Gibson, J.J.","1",,,,,,,,,"Acidity","4","Ecole Polytechnique Fédérale de Lausanne","1",,,,,,,,
,,,,"Gibson, M.D.","1",,,,,,,,,"Adsorption","4","Chengdu Institute of Biology Chinese Academy of Sciences","1",,,,,,,,
,,,,"Ginoux, P.","1",,,,,,,,,"Air Pollution","4","NOAA Pacific Marine Environmental Laboratory","1",,,,,,,,
,,,,"Glémet, H.","1",,,,,,,,,"Air Quality","4","Argonne National Laboratory","1",,,,,,,,
,,,,"González Abad, G.","1",,,,,,,,,"Alaska","4","Syncrude Canada Ltd.","1",,,,,,,,
,,,,"Grant-Weaver, I.","1",,,,,,,,,"Aluminum","4","University of Minnesota","1",,,,,,,,
,,,,"Graydon, J.A.","1",,,,,,,,,"Ammonia","4","Tyndall Air Force Base","1",,,,,,,,
,,,,"Greer, C.W.","1",,,,,,,,,"Anthropogenic Sources","4","Masaryk University","1",,,,,,,,
,,,,"Guadagno, F.M.","1",,,,,,,,,"Aquifer","4","Acadia University","1",,,,,,,,
,,,,"Gunn, J.M.","1",,,,,,,,,"Arsenic","4","North-West University","1",,,,,,,,
,,,,"Gurprasad, N.P.","1",,,,,,,,,"Atmosphere","4","Cape Breton University","1",,,,,,,,
,,,,"Gustafsson, B.","1",,,,,,,,,"Atmospheric Aerosols","4","Universite de Versailles Saint-Quentin-en-Yvelines","1",,,,,,,,
,,,,"Hadji-Lazaro, J.","1",,,,,,,,,"Atmospheric Plume","4","INRS- Centre Eau, Terre &amp; Environnement","1",,,,,,,,
,,,,"Haglund, P.","1",,,,,,,,,"Bacterium","4","University of Regina","1",,,,,,,,
,,,,"Havice, T.C.","1",,,,,,,,,"Base Cations","4","Keele University","1",,,,,,,,
,,,,"Hazlett, P.W.","1",,,,,,,,,"Biological Materials","4","Northern Forestry Centre","1",,,,,,,,
,,,,"Hemsley, T.L.","1",,,,,,,,,"Black Spruce","4","Michigan State University","1",,,,,,,,
,,,,"Hendershot, W.H.","1",,,,,,,,,"Calcium","4","McMaster University","1",,,,,,,,
,,,,"Higgins, S.","1",,,,,,,,,"Chemical Analysis","4","Institut National de Sante Publique Du Québec","1",,,,,,,,
,,,,"Hopper, J.T.","1",,,,,,,,,"Deciduous Tree","4","York University","1",,,,,,,,
