﻿Scopus refine results values

"Your query : ((TITLE-ABS-KEY((Boreal OR {James Bay} OR James-Bay OR {Clay Belt} OR {canadian shield}) AND Quebec) AND PUBYEAR > 1999 AND PUBYEAR < 2020) AND (TITLE-ABS-KEY(Silvicultur* OR Intensive OR {Site preparation}   OR Plantation OR   {Tree planting}) AND PUBYEAR > 1999 AND PUBYEAR < 2020) AND (TITLE-ABS-KEY(Predat* ) AND PUBYEAR > 1999 AND PUBYEAR < 2020))"


Number of results : 6

"ACCESS TYPE",,"YEAR",,"AUTHOR NAME",,"SUBJECT AREA",,"DOCUMENT TYPE",,"PUBLICATION STAGE",,"SOURCE TITLE",,"KEYWORD",,"AFFILIATION",,"FUNDING SPONSOR",,"COUNTRY",,"SOURCE TYPE",,"LANGUAGE",
"Open Access","1","2012","2","Courtois, R.","2","Agricultural and Biological Sciences","4","Article","4","final","6","Canadian Journal Of Zoology","1","Canada","5","Ministère de l‘Energie et des Ressources naturelles du Québec","5","Natural Sciences and Engineering Research Council of Canada","2","Canada","6","Journals","5","English","6"
"Other","5","2011","1","Dussault, C.","2","Environmental Science","4","Book Chapter","1",,,"Forest Ecology And Management","1","Boreal Forest","4","Université du Québec à Rimouski","4","Fonds de recherche du QuÃ©bec â Nature et technologies","1",,,"Books","1",,
,,"2008","1","Fortin, D.","2",,,"Review","1",,,"Forestry Chronicle","1","Quebec [Canada]","4","Université Laval","4","Hydro-QuÃ©bec","1",,,,,,
,,"2006","1","Leclerc, M.","2",,,,,,,"Journal Of Wildlife Management","1","Ecosystems","3","Canadian Forest Service","1","Indigenous and Northern Affairs Canada","1",,,,,,
,,"2004","1","St-Laurent, M.H.","2",,,,,,,"Science Of The Total Environment","1","North America","3","Hydro-Quebec","1","Undefined","4",,,,,,
,,,,"Brodeur, V.","1",,,,,,,"Woodlands Ecology Management And Conservation","1","Quebec","3","Natural Resources Canada","1",,,,,,,,
,,,,"Courbin, N.","1",,,,,,,,,"Rangifer Tarandus","3","Université du Québec à Montréal","1",,,,,,,,
,,,,"Couturier, S.","1",,,,,,,,,"Rangifer Tarandus Caribou","3",,,,,,,,,,
,,,,"Dussault, C.","1",,,,,,,,,"Deer","2",,,,,,,,,,
,,,,"Gingras, A.","1",,,,,,,,,"Food Availability","2",,,,,,,,,,
,,,,"Hodson, J.","1",,,,,,,,,"Forest Management","2",,,,,,,,,,
,,,,"Hébert, C.","1",,,,,,,,,"Forestry","2",,,,,,,,,,
,,,,"Lamoureux, J.","1",,,,,,,,,"Habitat Selection","2",,,,,,,,,,
,,,,"LeBlanc, M.L.","1",,,,,,,,,"Home Range","2",,,,,,,,,,
,,,,"Lucotte, M.","1",,,,,,,,,"Limiting Factor","2",,,,,,,,,,
,,,,"Légaré, J.P.","1",,,,,,,,,"Logging (timber)","2",,,,,,,,,,
,,,,"Ouellet, J.P.","1",,,,,,,,,"Ursus Americanus","2",,,,,,,,,,
,,,,"Pothier, D.","1",,,,,,,,,"Woodland Caribou","2",,,,,,,,,,
,,,,"Quellet, J.P.","1",,,,,,,,,"Abies","1",,,,,,,,,,
,,,,"Ruel, J.C.","1",,,,,,,,,"Abies Balsamea","1",,,,,,,,,,
,,,,"Surette, C.","1",,,,,,,,,"Abundance","1",,,,,,,,,,
,,,,"Swiston, K.","1",,,,,,,,,"Adaptive Management","1",,,,,,,,,,
,,,,"Tremblay, A.","1",,,,,,,,,"Aerial Survey","1",,,,,,,,,,
,,,,,,,,,,,,,,"Aerial Surveys","1",,,,,,,,,,
,,,,,,,,,,,,,,"Alces Alces","1",,,,,,,,,,
,,,,,,,,,,,,,,"Animals","1",,,,,,,,,,
,,,,,,,,,,,,,,"Anthropogenic Disturbance","1",,,,,,,,,,
,,,,,,,,,,,,,,"Aquatic Community","1",,,,,,,,,,
,,,,,,,,,,,,,,"Article","1",,,,,,,,,,
,,,,,,,,,,,,,,"Balsam Fir","1",,,,,,,,,,
,,,,,,,,,,,,,,"Bas Saint Laurent","1",,,,,,,,,,
,,,,,,,,,,,,,,"Basal Area","1",,,,,,,,,,
,,,,,,,,,,,,,,"Bear","1",,,,,,,,,,
,,,,,,,,,,,,,,"Bioaccumulation","1",,,,,,,,,,
,,,,,,,,,,,,,,"Biomass","1",,,,,,,,,,
,,,,,,,,,,,,,,"Biomass Partitioning","1",,,,,,,,,,
,,,,,,,,,,,,,,"Biota","1",,,,,,,,,,
,,,,,,,,,,,,,,"Biotelemetry","1",,,,,,,,,,
,,,,,,,,,,,,,,"Black Spruce","1",,,,,,,,,,
,,,,,,,,,,,,,,"Black Spruce Plantations","1",,,,,,,,,,
,,,,,,,,,,,,,,"Boreal Forests","1",,,,,,,,,,
,,,,,,,,,,,,,,"Bryophyta","1",,,,,,,,,,
,,,,,,,,,,,,,,"Calving","1",,,,,,,,,,
,,,,,,,,,,,,,,"Canidae","1",,,,,,,,,,
,,,,,,,,,,,,,,"Canis","1",,,,,,,,,,
,,,,,,,,,,,,,,"Caribou Habitats","1",,,,,,,,,,
,,,,,,,,,,,,,,"Chemical Analysis","1",,,,,,,,,,
,,,,,,,,,,,,,,"Coarse To Fine","1",,,,,,,,,,
,,,,,,,,,,,,,,"Concentration (composition)","1",,,,,,,,,,
,,,,,,,,,,,,,,"Concentration (parameters)","1",,,,,,,,,,
,,,,,,,,,,,,,,"Concentration (process)","1",,,,,,,,,,
,,,,,,,,,,,,,,"Coniferophyta","1",,,,,,,,,,
,,,,,,,,,,,,,,"Coniferous Forest","1",,,,,,,,,,
,,,,,,,,,,,,,,"Coniferous Tree","1",,,,,,,,,,
,,,,,,,,,,,,,,"Connectivity","1",,,,,,,,,,
,,,,,,,,,,,,,,"Conservation Management","1",,,,,,,,,,
,,,,,,,,,,,,,,"Cutovers","1",,,,,,,,,,
,,,,,,,,,,,,,,"Dynamics","1",,,,,,,,,,
,,,,,,,,,,,,,,"Ecology","1",,,,,,,,,,
,,,,,,,,,,,,,,"Ecosystem Approach","1",,,,,,,,,,
,,,,,,,,,,,,,,"Ecosystem Management","1",,,,,,,,,,
,,,,,,,,,,,,,,"Environmental Monitoring","1",,,,,,,,,,
,,,,,,,,,,,,,,"Fish","1",,,,,,,,,,
,,,,,,,,,,,,,,"Fishes","1",,,,,,,,,,
,,,,,,,,,,,,,,"Fishing","1",,,,,,,,,,
,,,,,,,,,,,,,,"Food Resources","1",,,,,,,,,,
,,,,,,,,,,,,,,"Foraging Behavior","1",,,,,,,,,,
,,,,,,,,,,,,,,"Forest Harvesting","1",,,,,,,,,,
,,,,,,,,,,,,,,"Forest Stand","1",,,,,,,,,,
,,,,,,,,,,,,,,"Forest-dwelling Ecotype","1",,,,,,,,,,
,,,,,,,,,,,,,,"Forestry Practice","1",,,,,,,,,,
,,,,,,,,,,,,,,"Forests","1",,,,,,,,,,
,,,,,,,,,,,,,,"Fresh Water","1",,,,,,,,,,
,,,,,,,,,,,,,,"GPS","1",,,,,,,,,,
,,,,,,,,,,,,,,"GPS Telemetry","1",,,,,,,,,,
,,,,,,,,,,,,,,"Geologic Sediments","1",,,,,,,,,,
,,,,,,,,,,,,,,"Growth Kinetics","1",,,,,,,,,,
,,,,,,,,,,,,,,"Growth Rate","1",,,,,,,,,,
,,,,,,,,,,,,,,"Guidelines","1",,,,,,,,,,
,,,,,,,,,,,,,,"Habitat Type","1",,,,,,,,,,
,,,,,,,,,,,,,,"Habitat Use","1",,,,,,,,,,
,,,,,,,,,,,,,,"Harvesting","1",,,,,,,,,,
,,,,,,,,,,,,,,"Heterogeneity","1",,,,,,,,,,
,,,,,,,,,,,,,,"Hierarchical Habitat Selection","1",,,,,,,,,,
,,,,,,,,,,,,,,"High Elevation","1",,,,,,,,,,
,,,,,,,,,,,,,,"Human Activity","1",,,,,,,,,,
,,,,,,,,,,,,,,"Hypothesis","1",,,,,,,,,,
,,,,,,,,,,,,,,"Hypothesis Testing","1",,,,,,,,,,
,,,,,,,,,,,,,,"Industrial Engineering","1",,,,,,,,,,
,,,,,,,,,,,,,,"Industrial Management","1",,,,,,,,,,
,,,,,,,,,,,,,,"Integrated Approach","1",,,,,,,,,,
,,,,,,,,,,,,,,"Intensive Agriculture","1",,,,,,,,,,
,,,,,,,,,,,,,,"Intensive Culture","1",,,,,,,,,,
,,,,,,,,,,,,,,"Intensive Fishing","1",,,,,,,,,,
,,,,,,,,,,,,,,"Intensive Management","1",,,,,,,,,,
,,,,,,,,,,,,,,"Invertebrata","1",,,,,,,,,,
,,,,,,,,,,,,,,"Invertebrate","1",,,,,,,,,,
,,,,,,,,,,,,,,"Invertebrates","1",,,,,,,,,,
,,,,,,,,,,,,,,"James Bay","1",,,,,,,,,,
,,,,,,,,,,,,,,"Lake","1",,,,,,,,,,
,,,,,,,,,,,,,,"Lake Ecosystem","1",,,,,,,,,,
,,,,,,,,,,,,,,"Lakes","1",,,,,,,,,,
,,,,,,,,,,,,,,"Laurentian Mountains","1",,,,,,,,,,
,,,,,,,,,,,,,,"Laurentides Wildlife Reserve","1",,,,,,,,,,
,,,,,,,,,,,,,,"Limiting Factors","1",,,,,,,,,,
,,,,,,,,,,,,,,"Maps","1",,,,,,,,,,
,,,,,,,,,,,,,,"Mass Burden","1",,,,,,,,,,
,,,,,,,,,,,,,,"Mercury","1",,,,,,,,,,
,,,,,,,,,,,,,,"Mercury (element)","1",,,,,,,,,,
,,,,,,,,,,,,,,"Mercury (metal)","1",,,,,,,,,,
,,,,,,,,,,,,,,"Methylmercury","1",,,,,,,,,,
,,,,,,,,,,,,,,"Methylmercury (MeHg)","1",,,,,,,,,,
,,,,,,,,,,,,,,"Methylmercury Compounds","1",,,,,,,,,,
,,,,,,,,,,,,,,"Moose Distribution","1",,,,,,,,,,
,,,,,,,,,,,,,,"Multiscales","1",,,,,,,,,,
,,,,,,,,,,,,,,"Nest Site","1",,,,,,,,,,
,,,,,,,,,,,,,,"Nonhuman","1",,,,,,,,,,
,,,,,,,,,,,,,,"Northern Quebec","1",,,,,,,,,,
,,,,,,,,,,,,,,"Old-growth Forest","1",,,,,,,,,,
,,,,,,,,,,,,,,"Picea","1",,,,,,,,,,
,,,,,,,,,,,,,,"Picea Mariana","1",,,,,,,,,,
,,,,,,,,,,,,,,"Plankton","1",,,,,,,,,,
,,,,,,,,,,,,,,"Plantation Forestry","1",,,,,,,,,,
,,,,,,,,,,,,,,"Population Decline","1",,,,,,,,,,
,,,,,,,,,,,,,,"Population Density","1",,,,,,,,,,
,,,,,,,,,,,,,,"Population Distribution","1",,,,,,,,,,
,,,,,,,,,,,,,,"Predation Risk","1",,,,,,,,,,
,,,,,,,,,,,,,,"Predator","1",,,,,,,,,,
,,,,,,,,,,,,,,"Priority Journal","1",,,,,,,,,,
,,,,,,,,,,,,,,"Range Size","1",,,,,,,,,,
,,,,,,,,,,,,,,"Resource Selection Function","1",,,,,,,,,,
,,,,,,,,,,,,,,"Road Density","1",,,,,,,,,,
,,,,,,,,,,,,,,"Road Transport","1",,,,,,,,,,
,,,,,,,,,,,,,,"Sediment","1",,,,,,,,,,
,,,,,,,,,,,,,,"Sediments","1",,,,,,,,,,
,,,,,,,,,,,,,,"Silviculture","1",,,,,,,,,,
,,,,,,,,,,,,,,"Site Selection","1",,,,,,,,,,
,,,,,,,,,,,,,,"Softwoods","1",,,,,,,,,,
,,,,,,,,,,,,,,"Soil Pollution","1",,,,,,,,,,
,,,,,,,,,,,,,,"Space Use","1",,,,,,,,,,
,,,,,,,,,,,,,,"Spatial Scale","1",,,,,,,,,,
,,,,,,,,,,,,,,"Spruce Forest","1",,,,,,,,,,
,,,,,,,,,,,,,,"Statistical Analysis","1",,,,,,,,,,
,,,,,,,,,,,,,,"Suspended Particulate Matter","1",,,,,,,,,,
,,,,,,,,,,,,,,"Timber","1",,,,,,,,,,
,,,,,,,,,,,,,,"Topographic Map","1",,,,,,,,,,
,,,,,,,,,,,,,,"Topographic Mapping","1",,,,,,,,,,
,,,,,,,,,,,,,,"Trees","1",,,,,,,,,,
,,,,,,,,,,,,,,"Ungulata","1",,,,,,,,,,
,,,,,,,,,,,,,,"Ungulate","1",,,,,,,,,,
,,,,,,,,,,,,,,"Vegetation Cover","1",,,,,,,,,,
,,,,,,,,,,,,,,"Water Column","1",,,,,,,,,,
,,,,,,,,,,,,,,"Water Contamination","1",,,,,,,,,,
,,,,,,,,,,,,,,"Water Pollutants, Chemical","1",,,,,,,,,,
,,,,,,,,,,,,,,"Western Hemisphere","1",,,,,,,,,,
,,,,,,,,,,,,,,"Wildlifes","1",,,,,,,,,,
,,,,,,,,,,,,,,"Winter","1",,,,,,,,,,
,,,,,,,,,,,,,,"Wood Preservation","1",,,,,,,,,,
,,,,,,,,,,,,,,"Woodland","1",,,,,,,,,,
,,,,,,,,,,,,,,"World","1",,,,,,,,,,
