﻿Scopus refine results values

"Your query : ((TITLE-ABS-KEY((Boreal OR {James Bay} OR James-Bay OR {Clay Belt} OR {canadian shield}) AND (Canada OR Quebec OR Ontario OR newfoundland OR Alberta OR British-Columbia) ) AND PUBYEAR > 1999 AND PUBYEAR < 2020) AND (TITLE-ABS-KEY(Species AND (Distribution OR Extinct* OR Invasi*  OR Transition Or exotic)) AND PUBYEAR > 1999 AND PUBYEAR < 2020) AND (TITLE-ABS-KEY(traffic OR  crowd*  OR {Human presence} OR Cabin OR {land users} OR recreation*)))"


Number of results : 8

"ACCESS TYPE",,"YEAR",,"AUTHOR NAME",,"SUBJECT AREA",,"DOCUMENT TYPE",,"PUBLICATION STAGE",,"SOURCE TITLE",,"KEYWORD",,"AFFILIATION",,"FUNDING SPONSOR",,"COUNTRY",,"SOURCE TYPE",,"LANGUAGE",
"Open Access","2","2014","2","Bayne, E.M.","2","Agricultural and Biological Sciences","5","Article","7","final","8","Canadian Journal Of Zoology","2","Canada","6","University of Alberta","5","Hydro-QuÃ©bec","1","Canada","7","Journals","8","English","8"
"Other","6","2011","1","Boyce, M.S.","2","Biochemistry, Genetics and Molecular Biology","2","Review","1",,,"Plos One","2","Alberta","3","QSAR Risk Assessment Service","1","Undefined","7","United States","2",,,,
,,"2010","1","Cameron, E.K.","2","Environmental Science","4",,,,,"Ecoscience","1","Animals","3","Wildlife Conservation Society Canada","1",,,"Australia","1",,,,
,,"2009","1","Ashe, E.","1","Multidisciplinary","2",,,,,"Human And Ecological Risk Assessment","1","Article","3","Castonguay and Dandenault Inc.","1",,,"United Kingdom","1",,,,
,,"2008","1","Babo, S.","1",,,,,,,"Journal Of Applied Ecology","1","Nonhuman","3","Provincetown Center for Coastal Studies","1",,,,,,,,
,,"2007","1","Boutin, S.","1",,,,,,,"Journal Of Environmental Radioactivity","1","North America","3","Operation Grassland Community","1",,,,,,,,
,,"2002","1","Carrier, G.","1",,,,,,,,,"Animal","2","University of Montreal","1",,,,,,,,
,,,,"Clapperton, M.J.","1",,,,,,,,,"Anthropogenic Effect","2","Université de Sherbrooke","1",,,,,,,,
,,,,"Côté, S.D.","1",,,,,,,,,"Biological Invasion","2","Lethbridge Research Centre","1",,,,,,,,
,,,,"Erbe, C.","1",,,,,,,,,"Boreal Forest","2","Agriculture et Agroalimentaire Canada","1",,,,,,,,
,,,,"Erickson, M.E.","1",,,,,,,,,"Cervidae","2","Hydro-Quebec","1",,,,,,,,
,,,,"Festa-Bianchet, M.","1",,,,,,,,,"Deer","2","University of St Andrews","1",,,,,,,,
,,,,"Found, C.","1",,,,,,,,,"Earthworm","2","Curtin University","1",,,,,,,,
,,,,"Found-Jackson, C.","1",,,,,,,,,"Introduction Mechanisms","2","Université Laval","1",,,,,,,,
,,,,"Gunn, A.","1",,,,,,,,,"Invasive Species","2","Government of Alberta","1",,,,,,,,
,,,,"Long, J.M.","1",,,,,,,,,"Physiology","2","Alberta Sustainable Resource Development","1",,,,,,,,
,,,,"Loranger, S.","1",,,,,,,,,"Population Distribution","2","Alberta Conservation Association","1",,,,,,,,
,,,,"Piché, L.","1",,,,,,,,,"Rangifer Tarandus","2","ECOMatters Inc","1",,,,,,,,
,,,,"Plante, M.","1",,,,,,,,,"Species Habitat","2",,,,,,,,,,
,,,,"Ray, J.C.","1",,,,,,,,,"129 I","1",,,,,,,,,,
,,,,"Sandilands, D.","1",,,,,,,,,"36 Cl","1",,,,,,,,,,
,,,,"Sanipelli, B.","1",,,,,,,,,"Aechmophorus Occidentalis","1",,,,,,,,,,
,,,,"Sauvé, S.","1",,,,,,,,,"Aerial Survey","1",,,,,,,,,,
,,,,"Schetagne, R.","1",,,,,,,,,"Alces","1",,,,,,,,,,
,,,,"Sheppard, S.C.","1",,,,,,,,,"Animal Dispersal","1",,,,,,,,,,
,,,,"Webb, S.M.","1",,,,,,,,,"Animal Distribution","1",,,,,,,,,,
,,,,"Williams, R.","1",,,,,,,,,"Animalia","1",,,,,,,,,,
,,,,"Émard, B.","1",,,,,,,,,"Ardea Herodias","1",,,,,,,,,,
,,,,,,,,,,,,,,"Assessment","1",,,,,,,,,,
,,,,,,,,,,,,,,"Audiography","1",,,,,,,,,,
,,,,,,,,,,,,,,"Aves","1",,,,,,,,,,
,,,,,,,,,,,,,,"Biological Model","1",,,,,,,,,,
,,,,,,,,,,,,,,"Biomarker","1",,,,,,,,,,
,,,,,,,,,,,,,,"Bird","1",,,,,,,,,,
,,,,,,,,,,,,,,"Birds","1",,,,,,,,,,
,,,,,,,,,,,,,,"Blueberry","1",,,,,,,,,,
,,,,,,,,,,,,,,"Blueberry Plant","1",,,,,,,,,,
,,,,,,,,,,,,,,"Branta Canadensis","1",,,,,,,,,,
,,,,,,,,,,,,,,"British Columbia","1",,,,,,,,,,
,,,,,,,,,,,,,,"Buffer Zone","1",,,,,,,,,,
,,,,,,,,,,,,,,"Canadian Arctic","1",,,,,,,,,,
,,,,,,,,,,,,,,"Cervus Elaphus","1",,,,,,,,,,
,,,,,,,,,,,,,,"Chemical Contamination","1",,,,,,,,,,
,,,,,,,,,,,,,,"Chlorine","1",,,,,,,,,,
,,,,,,,,,,,,,,"Chlorine 36","1",,,,,,,,,,
,,,,,,,,,,,,,,"Climate Change","1",,,,,,,,,,
,,,,,,,,,,,,,,"Computer Simulation","1",,,,,,,,,,
,,,,,,,,,,,,,,"Conservation Biology","1",,,,,,,,,,
,,,,,,,,,,,,,,"Conservation Of Natural Resources","1",,,,,,,,,,
,,,,,,,,,,,,,,"Controlled Study","1",,,,,,,,,,
,,,,,,,,,,,,,,"Cyperaceae","1",,,,,,,,,,
,,,,,,,,,,,,,,"Deciduous Tree","1",,,,,,,,,,
,,,,,,,,,,,,,,"Deep Water","1",,,,,,,,,,
,,,,,,,,,,,,,,"Diet","1",,,,,,,,,,
,,,,,,,,,,,,,,"Dispersal","1",,,,,,,,,,
,,,,,,,,,,,,,,"Earthworm Invasion","1",,,,,,,,,,
,,,,,,,,,,,,,,"Ecological Impact","1",,,,,,,,,,
,,,,,,,,,,,,,,"Ecosystem","1",,,,,,,,,,
,,,,,,,,,,,,,,"Ecosystem Modeling","1",,,,,,,,,,
,,,,,,,,,,,,,,"Endangered Species","1",,,,,,,,,,
,,,,,,,,,,,,,,"Environmental Assessment","1",,,,,,,,,,
,,,,,,,,,,,,,,"Environmental Disturbance","1",,,,,,,,,,
,,,,,,,,,,,,,,"Environmental Exposure","1",,,,,,,,,,
,,,,,,,,,,,,,,"Environmental Factor","1",,,,,,,,,,
,,,,,,,,,,,,,,"Environmental Monitoring","1",,,,,,,,,,
,,,,,,,,,,,,,,"Environmental Protection","1",,,,,,,,,,
,,,,,,,,,,,,,,"Exposure","1",,,,,,,,,,
,,,,,,,,,,,,,,"Extinction Risk","1",,,,,,,,,,
,,,,,,,,,,,,,,"Female","1",,,,,,,,,,
,,,,,,,,,,,,,,"Fish","1",,,,,,,,,,
,,,,,,,,,,,,,,"Fish Ingestion","1",,,,,,,,,,
,,,,,,,,,,,,,,"Fishes","1",,,,,,,,,,
,,,,,,,,,,,,,,"Food Chain","1",,,,,,,,,,
,,,,,,,,,,,,,,"Food Contamination, Radioactive","1",,,,,,,,,,
,,,,,,,,,,,,,,"Freshwater Sediment","1",,,,,,,,,,
,,,,,,,,,,,,,,"Game Animal","1",,,,,,,,,,
,,,,,,,,,,,,,,"Gavia Immer","1",,,,,,,,,,
,,,,,,,,,,,,,,"Gaviidae","1",,,,,,,,,,
,,,,,,,,,,,,,,"Geese","1",,,,,,,,,,
,,,,,,,,,,,,,,"Geologic Sediments","1",,,,,,,,,,
,,,,,,,,,,,,,,"Goose","1",,,,,,,,,,
,,,,,,,,,,,,,,"Growth, Development And Aging","1",,,,,,,,,,
,,,,,,,,,,,,,,"Habitat Conservation","1",,,,,,,,,,
,,,,,,,,,,,,,,"Habitat Fragmentation","1",,,,,,,,,,
,,,,,,,,,,,,,,"Habitat Loss","1",,,,,,,,,,
,,,,,,,,,,,,,,"Habitat Selection","1",,,,,,,,,,
,,,,,,,,,,,,,,"Habitat Structure","1",,,,,,,,,,
,,,,,,,,,,,,,,"Hair Concentration","1",,,,,,,,,,
,,,,,,,,,,,,,,"Hearing","1",,,,,,,,,,
,,,,,,,,,,,,,,"Hearing Acuity","1",,,,,,,,,,
,,,,,,,,,,,,,,"Human","1",,,,,,,,,,
,,,,,,,,,,,,,,"Human Activity","1",,,,,,,,,,
,,,,,,,,,,,,,,"Humans","1",,,,,,,,,,
,,,,,,,,,,,,,,"Industrial Development","1",,,,,,,,,,
,,,,,,,,,,,,,,"Invasive Earthworms","1",,,,,,,,,,
,,,,,,,,,,,,,,"Invasive Spread","1",,,,,,,,,,
,,,,,,,,,,,,,,"Iodine","1",,,,,,,,,,
,,,,,,,,,,,,,,"Iodine 129","1",,,,,,,,,,
,,,,,,,,,,,,,,"Iodine Radioisotopes","1",,,,,,,,,,
,,,,,,,,,,,,,,"Killer Whale","1",,,,,,,,,,
,,,,,,,,,,,,,,"Lacustrine Environment","1",,,,,,,,,,
,,,,,,,,,,,,,,"Lake","1",,,,,,,,,,
,,,,,,,,,,,,,,"Lakes","1",,,,,,,,,,
,,,,,,,,,,,,,,"Land Use","1",,,,,,,,,,
,,,,,,,,,,,,,,"Linear Features","1",,,,,,,,,,
,,,,,,,,,,,,,,"Macrophyte","1",,,,,,,,,,
,,,,,,,,,,,,,,"Male","1",,,,,,,,,,
,,,,,,,,,,,,,,"Marine Mammal","1",,,,,,,,,,
,,,,,,,,,,,,,,"Meat","1",,,,,,,,,,
,,,,,,,,,,,,,,"Meats","1",,,,,,,,,,
,,,,,,,,,,,,,,"Methylmercury Exposure","1",,,,,,,,,,
,,,,,,,,,,,,,,"Minke Whale","1",,,,,,,,,,
,,,,,,,,,,,,,,"Models, Biological","1",,,,,,,,,,
,,,,,,,,,,,,,,"Moose","1",,,,,,,,,,
,,,,,,,,,,,,,,"Nesting","1",,,,,,,,,,
,,,,,,,,,,,,,,"Nesting Behavior","1",,,,,,,,,,
,,,,,,,,,,,,,,"Noise Pollution","1",,,,,,,,,,
,,,,,,,,,,,,,,"Noise, Transportation","1",,,,,,,,,,
,,,,,,,,,,,,,,"Non-native Species","1",,,,,,,,,,
,,,,,,,,,,,,,,"Nonparametric Test","1",,,,,,,,,,
,,,,,,,,,,,,,,"Nuclear Waste","1",,,,,,,,,,
,,,,,,,,,,,,,,"Odocoileus Virginianus","1",,,,,,,,,,
,,,,,,,,,,,,,,"Pacific Ocean","1",,,,,,,,,,
,,,,,,,,,,,,,,"Pelecanidae","1",,,,,,,,,,
,,,,,,,,,,,,,,"Phoca","1",,,,,,,,,,
,,,,,,,,,,,,,,"Piscivore","1",,,,,,,,,,
,,,,,,,,,,,,,,"Plant","1",,,,,,,,,,
,,,,,,,,,,,,,,"Podicipedidae","1",,,,,,,,,,
,,,,,,,,,,,,,,"Population Abundance","1",,,,,,,,,,
,,,,,,,,,,,,,,"Population Decline","1",,,,,,,,,,
,,,,,,,,,,,,,,"Population Dynamics","1",,,,,,,,,,
,,,,,,,,,,,,,,"Porpoise","1",,,,,,,,,,
,,,,,,,,,,,,,,"Porpoises","1",,,,,,,,,,
,,,,,,,,,,,,,,"Propagule","1",,,,,,,,,,
,,,,,,,,,,,,,,"Radioactive Waste","1",,,,,,,,,,
,,,,,,,,,,,,,,"Radioactive Wastes","1",,,,,,,,,,
,,,,,,,,,,,,,,"Radioisotopes","1",,,,,,,,,,
,,,,,,,,,,,,,,"Radionuclide","1",,,,,,,,,,
,,,,,,,,,,,,,,"Rallidae","1",,,,,,,,,,
,,,,,,,,,,,,,,"Rangifer Tarandus Pearyi","1",,,,,,,,,,
,,,,,,,,,,,,,,"Recreational Activity","1",,,,,,,,,,
,,,,,,,,,,,,,,"Recreational Fishing","1",,,,,,,,,,
,,,,,,,,,,,,,,"Reindeer","1",,,,,,,,,,
,,,,,,,,,,,,,,"Reintroduction","1",,,,,,,,,,
,,,,,,,,,,,,,,"Reproduction","1",,,,,,,,,,
,,,,,,,,,,,,,,"Restoration Ecology","1",,,,,,,,,,
,,,,,,,,,,,,,,"Riparian Zone","1",,,,,,,,,,
,,,,,,,,,,,,,,"Risk Assessment","1",,,,,,,,,,
,,,,,,,,,,,,,,"Road","1",,,,,,,,,,
,,,,,,,,,,,,,,"Road Age","1",,,,,,,,,,
,,,,,,,,,,,,,,"Roads","1",,,,,,,,,,
,,,,,,,,,,,,,,"Scirpus Lacustris","1",,,,,,,,,,
,,,,,,,,,,,,,,"Sea Lions","1",,,,,,,,,,
,,,,,,,,,,,,,,"Seal","1",,,,,,,,,,
,,,,,,,,,,,,,,"Sediment","1",,,,,,,,,,
,,,,,,,,,,,,,,"Sedimentology","1",,,,,,,,,,
,,,,,,,,,,,,,,"Ship","1",,,,,,,,,,
,,,,,,,,,,,,,,"Ship Noise","1",,,,,,,,,,
,,,,,,,,,,,,,,"Ships","1",,,,,,,,,,
,,,,,,,,,,,,,,"Small Mammal","1",,,,,,,,,,
