﻿Scopus refine results values

"Your query : ((TITLE-ABS-KEY((Boreal OR {James Bay} OR James-Bay OR {Clay Belt} OR {canadian shield}) AND Quebec) AND PUBYEAR > 1999 AND PUBYEAR < 2020) AND (TITLE-ABS-KEY(Harvest* OR Logging OR Cut OR Clear-cut  OR Clearcut OR {Clear Cut}) AND PUBYEAR > 1999 AND PUBYEAR < 2020) AND (TITLE-ABS-KEY(naturalness OR  wilderness OR Primeval OR Preindustrial OR Pre-industrial  OR {intact forest}) AND PUBYEAR > 1999 AND PUBYEAR < 2020))"


Number of results : 5

"ACCESS TYPE",,"YEAR",,"AUTHOR NAME",,"SUBJECT AREA",,"DOCUMENT TYPE",,"PUBLICATION STAGE",,"SOURCE TITLE",,"KEYWORD",,"AFFILIATION",,"FUNDING SPONSOR",,"COUNTRY",,"SOURCE TYPE",,"LANGUAGE",
"Other","5","2017","1","Arseneault, D.","2","Agricultural and Biological Sciences","4","Article","4","final","5","Forest Ecology And Management","3","Canada","5","Université du Québec à Montréal","2","Fonds QuÃ©bÃ©cois de la Recherche sur la Nature et les Technologies","1","Canada","4","Journals","5","English","5"
,,"2016","1","Boucher, Y.","2","Earth and Planetary Sciences","1","Review","1",,,"Canadian Geographer","1","Quebec [Canada]","5","Ministère des Forêts de la Faune et des Parcs du Québec","1","Luonnontieteiden ja Tekniikan Tutkimuksen Toimikunta","1","United States","1",,,,
,,"2015","1","Auger, I.","1","Environmental Science","4",,,,,"Journal Of Vegetation Science","1","Boreal Forest","4","Centre d'études nordiques","1","Natural Sciences and Engineering Research Council of Canada","1",,,,,,
,,"2011","1","Bergeron, Y.","1","Social Sciences","1",,,,,,,"Forest Management","4","Le réseau de l'Université du Québec","1","UniversitÃ© Laval","1",,,,,,
,,"2009","1","Bouchard, M.","1",,,,,,,,,"Picea Mariana","4","Universite du Quebec en Abitibi-Temiscamingue","1","UniversitÃ© du QuÃ©bec Ã  Rimouski","1",,,,,,
,,,,"Fenton, N.J.","1",,,,,,,,,"Abies Balsamea","3","Arizona State University","1","Undefined","3",,,,,,
,,,,"Grondin, P.","1",,,,,,,,,"Forestry","3","Université du Québec à Rimouski","1",,,,,,,,
,,,,"Leduc, A.","1",,,,,,,,,"Harvesting","3","Université Laval","1",,,,,,,,
,,,,"Moussaoui, L.","1",,,,,,,,,"Abundance","2",,,,,,,,,,
,,,,"Noël, J.","1",,,,,,,,,"Biodiversity","2",,,,,,,,,,
,,,,"Pothier, D.","1",,,,,,,,,"Coniferous Forest","2",,,,,,,,,,
,,,,"Sayles, J.S.","1",,,,,,,,,"Coniferous Tree","2",,,,,,,,,,
,,,,"Sirois, L.","1",,,,,,,,,"Disturbance","2",,,,,,,,,,
,,,,,,,,,,,,,,"Ecosystem Management","2",,,,,,,,,,
,,,,,,,,,,,,,,"Ecosystem-based Management","2",,,,,,,,,,
,,,,,,,,,,,,,,"Ecosystems","2",,,,,,,,,,
,,,,,,,,,,,,,,"Environmental Disturbance","2",,,,,,,,,,
,,,,,,,,,,,,,,"Fires","2",,,,,,,,,,
,,,,,,,,,,,,,,"Forest Fire","2",,,,,,,,,,
,,,,,,,,,,,,,,"Logging (timber)","2",,,,,,,,,,
,,,,,,,,,,,,,,"Picea","2",,,,,,,,,,
,,,,,,,,,,,,,,"Populus Tremuloides","2",,,,,,,,,,
,,,,,,,,,,,,,,"Twentieth Century","2",,,,,,,,,,
,,,,,,,,,,,,,,"Abies","1",,,,,,,,,,
,,,,,,,,,,,,,,"Age Structure","1",,,,,,,,,,
,,,,,,,,,,,,,,"Agriculture","1",,,,,,,,,,
,,,,,,,,,,,,,,"Animalia","1",,,,,,,,,,
,,,,,,,,,,,,,,"Anser","1",,,,,,,,,,
,,,,,,,,,,,,,,"Anthropogenic Effect","1",,,,,,,,,,
,,,,,,,,,,,,,,"Astatine","1",,,,,,,,,,
,,,,,,,,,,,,,,"Betula","1",,,,,,,,,,
,,,,,,,,,,,,,,"Betula Papyrifera","1",,,,,,,,,,
,,,,,,,,,,,,,,"Black Spruce","1",,,,,,,,,,
,,,,,,,,,,,,,,"Black Spruce Boreal Forests","1",,,,,,,,,,
,,,,,,,,,,,,,,"Black Spruce Forests","1",,,,,,,,,,
,,,,,,,,,,,,,,"Black Spruce-feathermoss Forest","1",,,,,,,,,,
,,,,,,,,,,,,,,"Boreal Forests","1",,,,,,,,,,
,,,,,,,,,,,,,,"Choristoneura Fumiferana","1",,,,,,,,,,
,,,,,,,,,,,,,,"Clearcutting","1",,,,,,,,,,
,,,,,,,,,,,,,,"Climatology","1",,,,,,,,,,
,,,,,,,,,,,,,,"Community Composition","1",,,,,,,,,,
,,,,,,,,,,,,,,"Coniferophyta","1",,,,,,,,,,
,,,,,,,,,,,,,,"Conservation","1",,,,,,,,,,
,,,,,,,,,,,,,,"Cree","1",,,,,,,,,,
,,,,,,,,,,,,,,"Dead Wood","1",,,,,,,,,,
,,,,,,,,,,,,,,"Deciduous Tree","1",,,,,,,,,,
,,,,,,,,,,,,,,"Dendrochronology","1",,,,,,,,,,
,,,,,,,,,,,,,,"Dynamics","1",,,,,,,,,,
,,,,,,,,,,,,,,"Ecosystem Based Management","1",,,,,,,,,,
,,,,,,,,,,,,,,"Evergreen Forest","1",,,,,,,,,,
,,,,,,,,,,,,,,"Field Survey","1",,,,,,,,,,
,,,,,,,,,,,,,,"Forest Composition","1",,,,,,,,,,
,,,,,,,,,,,,,,"Forest Compositions","1",,,,,,,,,,
,,,,,,,,,,,,,,"Forest Ecosystem","1",,,,,,,,,,
,,,,,,,,,,,,,,"Forest Regeneration","1",,,,,,,,,,
,,,,,,,,,,,,,,"Forest Retention Harvest","1",,,,,,,,,,
,,,,,,,,,,,,,,"Geomorphology","1",,,,,,,,,,
,,,,,,,,,,,,,,"Global Change","1",,,,,,,,,,
,,,,,,,,,,,,,,"Habitat Quality","1",,,,,,,,,,
,,,,,,,,,,,,,,"Historical Ecology","1",,,,,,,,,,
,,,,,,,,,,,,,,"Human Settlement","1",,,,,,,,,,
,,,,,,,,,,,,,,"Hunting","1",,,,,,,,,,
,,,,,,,,,,,,,,"James Bay","1",,,,,,,,,,
,,,,,,,,,,,,,,"K-means Analysis","1",,,,,,,,,,
,,,,,,,,,,,,,,"Land Rights","1",,,,,,,,,,
,,,,,,,,,,,,,,"Land Surveys","1",,,,,,,,,,
,,,,,,,,,,,,,,"Land Use","1",,,,,,,,,,
,,,,,,,,,,,,,,"Land Use Change","1",,,,,,,,,,
,,,,,,,,,,,,,,"Land-change","1",,,,,,,,,,
,,,,,,,,,,,,,,"Land-rights","1",,,,,,,,,,
,,,,,,,,,,,,,,"Land-use Change","1",,,,,,,,,,
,,,,,,,,,,,,,,"Landscape Change","1",,,,,,,,,,
,,,,,,,,,,,,,,"Landscape History","1",,,,,,,,,,
,,,,,,,,,,,,,,"Logging","1",,,,,,,,,,
,,,,,,,,,,,,,,"Logging (forestry)","1",,,,,,,,,,
,,,,,,,,,,,,,,"Mortality Dynamics","1",,,,,,,,,,
,,,,,,,,,,,,,,"Moss","1",,,,,,,,,,
,,,,,,,,,,,,,,"Moth","1",,,,,,,,,,
,,,,,,,,,,,,,,"Movement","1",,,,,,,,,,
,,,,,,,,,,,,,,"Multivariate Analysis","1",,,,,,,,,,
,,,,,,,,,,,,,,"Natural Disturbance","1",,,,,,,,,,
,,,,,,,,,,,,,,"Natural Disturbances","1",,,,,,,,,,
,,,,,,,,,,,,,,"Natural Range Of Variability","1",,,,,,,,,,
,,,,,,,,,,,,,,"North America","1",,,,,,,,,,
,,,,,,,,,,,,,,"Patch Dynamics","1",,,,,,,,,,
,,,,,,,,,,,,,,"Plantation","1",,,,,,,,,,
,,,,,,,,,,,,,,"Plantations","1",,,,,,,,,,
,,,,,,,,,,,,,,"Populus","1",,,,,,,,,,
,,,,,,,,,,,,,,"Prescribed Burning","1",,,,,,,,,,
,,,,,,,,,,,,,,"Quebec","1",,,,,,,,,,
,,,,,,,,,,,,,,"RDA","1",,,,,,,,,,
,,,,,,,,,,,,,,"Recruitment (population Dynamics)","1",,,,,,,,,,
,,,,,,,,,,,,,,"Reforestation","1",,,,,,,,,,
,,,,,,,,,,,,,,"Regeneration","1",,,,,,,,,,
,,,,,,,,,,,,,,"Regrowth","1",,,,,,,,,,
,,,,,,,,,,,,,,"Resource Management","1",,,,,,,,,,
,,,,,,,,,,,,,,"Separators","1",,,,,,,,,,
,,,,,,,,,,,,,,"Spatiotemporal Analysis","1",,,,,,,,,,
,,,,,,,,,,,,,,"Species Diversity","1",,,,,,,,,,
,,,,,,,,,,,,,,"Standing Deadwoods","1",,,,,,,,,,
,,,,,,,,,,,,,,"Structure (composition)","1",,,,,,,,,,
,,,,,,,,,,,,,,"Structures","1",,,,,,,,,,
,,,,,,,,,,,,,,"Succession","1",,,,,,,,,,
,,,,,,,,,,,,,,"Temporal Period","1",,,,,,,,,,
,,,,,,,,,,,,,,"Timber","1",,,,,,,,,,
,,,,,,,,,,,,,,"Timber Floating","1",,,,,,,,,,
,,,,,,,,,,,,,,"Variable Retentions","1",,,,,,,,,,
,,,,,,,,,,,,,,"Waterfowl","1",,,,,,,,,,
,,,,,,,,,,,,,,"Wemindji","1",,,,,,,,,,
,,,,,,,,,,,,,,"Wilderness","1",,,,,,,,,,
,,,,,,,,,,,,,,"Wilderness Area","1",,,,,,,,,,
,,,,,,,,,,,,,,"Wildfire","1",,,,,,,,,,
,,,,,,,,,,,,,,"Windthrow","1",,,,,,,,,,
,,,,,,,,,,,,,,,,,,,,,,,,,
,,,,,,,,,,,,,,,,,,,,,,,,,
,,,,,,,,,,,,,,,,,,,,,,,,,
,,,,,,,,,,,,,,,,,,,,,,,,,
,,,,,,,,,,,,,,,,,,,,,,,,,
,,,,,,,,,,,,,,,,,,,,,,,,,
,,,,,,,,,,,,,,,,,,,,,,,,,
,,,,,,,,,,,,,,,,,,,,,,,,,
,,,,,,,,,,,,,,,,,,,,,,,,,
,,,,,,,,,,,,,,,,,,,,,,,,,
,,,,,,,,,,,,,,,,,,,,,,,,,
,,,,,,,,,,,,,,,,,,,,,,,,,
,,,,,,,,,,,,,,,,,,,,,,,,,
,,,,,,,,,,,,,,,,,,,,,,,,,
,,,,,,,,,,,,,,,,,,,,,,,,,
,,,,,,,,,,,,,,,,,,,,,,,,,
,,,,,,,,,,,,,,,,,,,,,,,,,
,,,,,,,,,,,,,,,,,,,,,,,,,
,,,,,,,,,,,,,,,,,,,,,,,,,
,,,,,,,,,,,,,,,,,,,,,,,,,
,,,,,,,,,,,,,,,,,,,,,,,,,
,,,,,,,,,,,,,,,,,,,,,,,,,
,,,,,,,,,,,,,,,,,,,,,,,,,
,,,,,,,,,,,,,,,,,,,,,,,,,
,,,,,,,,,,,,,,,,,,,,,,,,,
,,,,,,,,,,,,,,,,,,,,,,,,,
,,,,,,,,,,,,,,,,,,,,,,,,,
,,,,,,,,,,,,,,,,,,,,,,,,,
,,,,,,,,,,,,,,,,,,,,,,,,,
,,,,,,,,,,,,,,,,,,,,,,,,,
,,,,,,,,,,,,,,,,,,,,,,,,,
,,,,,,,,,,,,,,,,,,,,,,,,,
,,,,,,,,,,,,,,,,,,,,,,,,,
,,,,,,,,,,,,,,,,,,,,,,,,,
,,,,,,,,,,,,,,,,,,,,,,,,,
,,,,,,,,,,,,,,,,,,,,,,,,,
,,,,,,,,,,,,,,,,,,,,,,,,,
,,,,,,,,,,,,,,,,,,,,,,,,,
,,,,,,,,,,,,,,,,,,,,,,,,,
,,,,,,,,,,,,,,,,,,,,,,,,,
,,,,,,,,,,,,,,,,,,,,,,,,,
,,,,,,,,,,,,,,,,,,,,,,,,,
,,,,,,,,,,,,,,,,,,,,,,,,,
,,,,,,,,,,,,,,,,,,,,,,,,,
,,,,,,,,,,,,,,,,,,,,,,,,,
,,,,,,,,,,,,,,,,,,,,,,,,,
,,,,,,,,,,,,,,,,,,,,,,,,,
