﻿Scopus refine results values

"Your query : ((TITLE-ABS-KEY((Boreal OR {James Bay} OR James-Bay OR {Clay Belt} OR {canadian shield}) AND (Canada OR Quebec OR Ontario OR newfoundland OR Alberta OR British-Columbia) ) AND PUBYEAR > 1999 AND PUBYEAR < 2020) AND (TITLE-ABS-KEY(Harvest* OR Logging OR Cut OR Clear-cut  OR Clearcut OR {Clear Cut}) AND PUBYEAR > 1999 AND PUBYEAR < 2020) AND (TITLE-ABS-KEY(naturalness OR  wilderness OR Primeval OR Preindustrial OR Pre-industrial  OR {intact forest}) AND PUBYEAR > 1999 AND PUBYEAR < 2020))"


Number of results : 20

"ACCESS TYPE",,"YEAR",,"AUTHOR NAME",,"SUBJECT AREA",,"DOCUMENT TYPE",,"PUBLICATION STAGE",,"SOURCE TITLE",,"KEYWORD",,"AFFILIATION",,"FUNDING SPONSOR",,"COUNTRY",,"SOURCE TYPE",,"LANGUAGE",
"Open Access","1","2018","1","Arseneault, D.","3","Agricultural and Biological Sciences","13","Article","18","final","20","Forest Ecology And Management","10","Canada","15","USDA Forest Service","3","Natural Sciences and Engineering Research Council of Canada","5","Canada","15","Journals","20","English","20"
"Other","19","2017","1","Boucher, Y.","3","Arts and Humanities","1","Review","2",,,"Biological Conservation","1","Boreal Forest","14","Université du Québec à Montréal","3","Fonds QuÃ©bÃ©cois de la Recherche sur la Nature et les Technologies","3","United States","6",,,,
,,"2016","1","Bergeron, Y.","2","Biochemistry, Genetics and Molecular Biology","1",,,,,"Canadian Geographer","1","Forestry","10","Université Laval","3","UniversitÃ© du QuÃ©bec Ã  Rimouski","2","Australia","1",,,,
,,"2015","1","Cornett, M.W.","2","Chemistry","1",,,,,"Environments","1","Forest Management","9","Universite du Quebec en Abitibi-Temiscamingue","2","Alberta Biodiversity Monitoring Institute","1","France","1",,,,
,,"2014","3","Jeziorski, A.","2","Earth and Planetary Sciences","1",,,,,"Hydrobiologia","1","Harvesting","9","Université du Québec à Rimouski","2","Alberta Conservation Association","1",,,,,,
,,"2013","1","Palik, B.J.","2","Environmental Science","16",,,,,"Journal Of Applied Ecology","1","Ecosystems","6","Ontario Ministry of the Environment","2","Alberta Ingenuity","1",,,,,,
,,"2012","5","Paterson, A.M.","2","Physics and Astronomy","1",,,,,"Journal Of Vegetation Science","1","Fires","6","Queen's University, Kingston","2","Canadian Forest Service","1",,,,,,
,,"2011","2","Shinneman, D.J.","2","Social Sciences","3",,,,,"Landscape Ecology","1","Abundance","5","Nature Conservancy","2","Centre National de la Recherche Scientifique","1",,,,,,
,,"2010","1","Sirois, L.","2",,,,,,,"Nature Communications","1","Biodiversity","5","Memorial University of Newfoundland","2","Cooperative State Research, Education, and Extension Service","1",,,,,,
,,"2009","2","Smol, J.P.","2",,,,,,,"Radical History Review","1","Boreal Forests","5","University of Alberta","2","Fonds de recherche du QuÃ©bec â Nature et technologies","1",,,,,,
,,"2008","1","Ali, A.A.","1",,,,,,,"Water Air And Soil Pollution","1","Ecosystem Management","5","York University","2","Institute for Wetland and Waterfowl Research, Ducks Unlimited Canada","1",,,,,,
,,"2003","1","Angus, S.","1",,,,,,,,,"Quebec [Canada]","5","Ministère de l‘Energie et des Ressources naturelles du Québec","2","Joint Fire Science Program","1",,,,,,
,,,,"Auger, I.","1",,,,,,,,,"Reforestation","5","Ministère des Forêts de la Faune et des Parcs du Québec","1","Luonnontieteiden ja Tekniikan Tutkimuksen Toimikunta","1",,,,,,
,,,,"Barclay, R.M.R.","1",,,,,,,,,"United States","5","Seney National Wildlife Refuge","1","Nature Conservancy","1",,,,,,
,,,,"Blais, L.","1",,,,,,,,,"Abies Balsamea","4","Centre d'études nordiques","1","Ohio State University","1",,,,,,
,,,,"Bouchard, M.","1",,,,,,,,,"Coniferous Forest","4","Le réseau de l'Université du Québec","1","University of Alberta","1",,,,,,
,,,,"Boutin, S.","1",,,,,,,,,"Conservation","4","University of Calgary","1","UniversitÃ© Laval","1",,,,,,
,,,,"Bradshaw, C.J.A.","1",,,,,,,,,"Disturbance","4","The Ohio State University","1","Undefined","9",,,,,,
,,,,"Cahill, J.F.","1",,,,,,,,,"Environmental Disturbance","4","Arizona State University","1",,,,,,,,
,,,,"Carcaillet, C.","1",,,,,,,,,"Forest Fires","4","Iowa State University","1",,,,,,,,
,,,,"Cooke, H.A.","1",,,,,,,,,"Landscape","4","Canadian Forest Service","1",,,,,,,,
,,,,"Corace, R.G.","1",,,,,,,,,"Logging","4","University of Montreal","1",,,,,,,,
,,,,"Cumming, B.F.","1",,,,,,,,,"Natural Disturbance","4","The University of Adelaide","1",,,,,,,,
,,,,"Drobyshev, I.","1",,,,,,,,,"Ontario [Canada]","4","University of Minnesota Duluth","1",,,,,,,,
,,,,"Fenton, N.J.","1",,,,,,,,,"Picea Mariana","4","South Australian Research and Development Institute","1",,,,,,,,
,,,,"Fortin, M.J.","1",,,,,,,,,"Regeneration","4","Ohio Agricultural Research and Development Center","1",,,,,,,,
,,,,"Gauthier, S.","1",,,,,,,,,"Anthropogenic Effect","3","University of Toronto","1",,,,,,,,
,,,,"Girardin, M.P.","1",,,,,,,,,"Clearcutting","3","Natural Resources Canada","1",,,,,,,,
,,,,"Goebel, P.C.","1",,,,,,,,,"Climate Change","3","École Pratique des Hautes Etudes","1",,,,,,,,
,,,,"Grondin, P.","1",,,,,,,,,"Deciduous Tree","3","University of Wisconsin-Madison","1",,,,,,,,
,,,,"Hannon, S.J.","1",,,,,,,,,"Dominance","3","Université de Montpellier","1",,,,,,,,
,,,,"He, F.","1",,,,,,,,,"Ecosystem-based Management","3",,,,,,,,,,
,,,,"Hix, D.M.","1",,,,,,,,,"Forest Ecosystem","3",,,,,,,,,,
,,,,"Hély, C.","1",,,,,,,,,"Forests","3",,,,,,,,,,
,,,,"James, P.M.A.","1",,,,,,,,,"Lakes","3",,,,,,,,,,
,,,,"Kramkowski, V.","1",,,,,,,,,"Logging (forestry)","3",,,,,,,,,,
,,,,"Le Goff, H.","1",,,,,,,,,"Logging (timber)","3",,,,,,,,,,
,,,,"Leduc, A.","1",,,,,,,,,"Minnesota","3",,,,,,,,,,
,,,,"Mayor, S.J.","1",,,,,,,,,"North America","3",,,,,,,,,,
,,,,"Miranda, B.R.","1",,,,,,,,,"Populus Tremuloides","3",,,,,,,,,,
,,,,"Moussaoui, L.","1",,,,,,,,,"Restoration Ecology","3",,,,,,,,,,
,,,,"Niemi, G.J.","1",,,,,,,,,"Stand Structure","3",,,,,,,,,,
,,,,"Noël, J.","1",,,,,,,,,"Timber","3",,,,,,,,,,
,,,,"Patriquin, K.J.","1",,,,,,,,,"Timber Harvesting","3",,,,,,,,,,
,,,,"Pothier, D.","1",,,,,,,,,"Twentieth Century","3",,,,,,,,,,
,,,,"Sayles, J.S.","1",,,,,,,,,"Wilderness","3",,,,,,,,,,
,,,,"Semko-Duncan, M.E.","1",,,,,,,,,"Acidification","2",,,,,,,,,,
,,,,"Shapiera, M.","1",,,,,,,,,"Agriculture","2",,,,,,,,,,
,,,,"Sturtevant, B.R.","1",,,,,,,,,"Alberta","2",,,,,,,,,,
,,,,"Sólymos, P.","1",,,,,,,,,"Article","2",,,,,,,,,,
,,,,"Terrier, A.","1",,,,,,,,,"Bird","2",,,,,,,,,,
,,,,"Townsend, P.A.","1",,,,,,,,,"Birds","2",,,,,,,,,,
,,,,"Warkentin, I.G.","1",,,,,,,,,"Calcium","2",,,,,,,,,,
,,,,"Watson, I.","1",,,,,,,,,"Canadian Shield","2",,,,,,,,,,
,,,,"Wolter, P.T.","1",,,,,,,,,"Cladocera","2",,,,,,,,,,
,,,,"Zlonis, E.J.","1",,,,,,,,,"Climatology","2",,,,,,,,,,
,,,,,,,,,,,,,,"Community Structure","2",,,,,,,,,,
,,,,,,,,,,,,,,"Computer Simulation","2",,,,,,,,,,
,,,,,,,,,,,,,,"Coniferophyta","2",,,,,,,,,,
,,,,,,,,,,,,,,"Coniferous Tree","2",,,,,,,,,,
,,,,,,,,,,,,,,"Dendrochronology","2",,,,,,,,,,
,,,,,,,,,,,,,,"Fire Behavior","2",,,,,,,,,,
,,,,,,,,,,,,,,"Fire Hazards","2",,,,,,,,,,
,,,,,,,,,,,,,,"Forest Canopy","2",,,,,,,,,,
,,,,,,,,,,,,,,"Forest Fire","2",,,,,,,,,,
,,,,,,,,,,,,,,"Forest Landscape","2",,,,,,,,,,
,,,,,,,,,,,,,,"Forest Landscape Simulation Model","2",,,,,,,,,,
,,,,,,,,,,,,,,"Habitat Quality","2",,,,,,,,,,
,,,,,,,,,,,,,,"LANDIS-II","2",,,,,,,,,,
,,,,,,,,,,,,,,"Lake Water","2",,,,,,,,,,
,,,,,,,,,,,,,,"Land Use","2",,,,,,,,,,
,,,,,,,,,,,,,,"Landscape Change","2",,,,,,,,,,
,,,,,,,,,,,,,,"Management","2",,,,,,,,,,
,,,,,,,,,,,,,,"Nonhuman","2",,,,,,,,,,
,,,,,,,,,,,,,,"Picea","2",,,,,,,,,,
,,,,,,,,,,,,,,"Pinus Resinosa","2",,,,,,,,,,
,,,,,,,,,,,,,,"Policy Making","2",,,,,,,,,,
,,,,,,,,,,,,,,"Restoration","2",,,,,,,,,,
,,,,,,,,,,,,,,"Risk Assessment","2",,,,,,,,,,
,,,,,,,,,,,,,,"Risk Factor","2",,,,,,,,,,
,,,,,,,,,,,,,,"Risk Perception","2",,,,,,,,,,
,,,,,,,,,,,,,,"Silviculture","2",,,,,,,,,,
,,,,,,,,,,,,,,"Spatial Analysis","2",,,,,,,,,,
,,,,,,,,,,,,,,"Species Diversity","2",,,,,,,,,,
,,,,,,,,,,,,,,"Species Richness","2",,,,,,,,,,
,,,,,,,,,,,,,,"Structure (composition)","2",,,,,,,,,,
,,,,,,,,,,,,,,"Succession","2",,,,,,,,,,
,,,,,,,,,,,,,,"Sustainability","2",,,,,,,,,,
,,,,,,,,,,,,,,"Sustainable Development","2",,,,,,,,,,
,,,,,,,,,,,,,,"Timber Floating","2",,,,,,,,,,
,,,,,,,,,,,,,,"Timber Harvest","2",,,,,,,,,,
,,,,,,,,,,,,,,"Wilderness Area","2",,,,,,,,,,
,,,,,,,,,,,,,,"Zooplankton","2",,,,,,,,,,
,,,,,,,,,,,,,,"ABS Resins","1",,,,,,,,,,
,,,,,,,,,,,,,,"Abies","1",,,,,,,,,,
,,,,,,,,,,,,,,"Acid Deposition","1",,,,,,,,,,
,,,,,,,,,,,,,,"Age Structure","1",,,,,,,,,,
,,,,,,,,,,,,,,"Aggregated Harvest","1",,,,,,,,,,
,,,,,,,,,,,,,,"Animalia","1",,,,,,,,,,
,,,,,,,,,,,,,,"Anser","1",,,,,,,,,,
,,,,,,,,,,,,,,"Assessment Method","1",,,,,,,,,,
,,,,,,,,,,,,,,"Astatine","1",,,,,,,,,,
,,,,,,,,,,,,,,"Aves","1",,,,,,,,,,
,,,,,,,,,,,,,,"Avian Communities","1",,,,,,,,,,
,,,,,,,,,,,,,,"Avian Community","1",,,,,,,,,,
,,,,,,,,,,,,,,"Avian Conservation","1",,,,,,,,,,
,,,,,,,,,,,,,,"Balsam Fir","1",,,,,,,,,,
,,,,,,,,,,,,,,"Bat","1",,,,,,,,,,
,,,,,,,,,,,,,,"Betula","1",,,,,,,,,,
,,,,,,,,,,,,,,"Betula Papyrifera","1",,,,,,,,,,
,,,,,,,,,,,,,,"Bifurcation (mathematics)","1",,,,,,,,,,
,,,,,,,,,,,,,,"Biography","1",,,,,,,,,,
,,,,,,,,,,,,,,"Bird Communities","1",,,,,,,,,,
,,,,,,,,,,,,,,"Black Spruce","1",,,,,,,,,,
,,,,,,,,,,,,,,"Black Spruce Boreal Forests","1",,,,,,,,,,
,,,,,,,,,,,,,,"Black Spruce Forests","1",,,,,,,,,,
,,,,,,,,,,,,,,"Black Spruce-feathermoss Forest","1",,,,,,,,,,
,,,,,,,,,,,,,,"Boreal","1",,,,,,,,,,
,,,,,,,,,,,,,,"Breeding Population","1",,,,,,,,,,
,,,,,,,,,,,,,,"Calcium (Ca)","1",,,,,,,,,,
,,,,,,,,,,,,,,"Canadian Shields","1",,,,,,,,,,
,,,,,,,,,,,,,,"Canopy Dynamics","1",,,,,,,,,,
,,,,,,,,,,,,,,"Carbon Sequestration","1",,,,,,,,,,
,,,,,,,,,,,,,,"Cavity Web","1",,,,,,,,,,
,,,,,,,,,,,,,,"Charcoal","1",,,,,,,,,,
,,,,,,,,,,,,,,"Chiroptera","1",,,,,,,,,,
,,,,,,,,,,,,,,"Choristoneura Fumiferana","1",,,,,,,,,,
,,,,,,,,,,,,,,"Class Distributions","1",,,,,,,,,,
,,,,,,,,,,,,,,"Clear-cut","1",,,,,,,,,,
,,,,,,,,,,,,,,"Climate Conditions","1",,,,,,,,,,
,,,,,,,,,,,,,,"Climate Effect","1",,,,,,,,,,
,,,,,,,,,,,,,,"Climate Models","1",,,,,,,,,,
,,,,,,,,,,,,,,"Climatic Change","1",,,,,,,,,,
,,,,,,,,,,,,,,"Climatic Changes","1",,,,,,,,,,
,,,,,,,,,,,,,,"Colaptes","1",,,,,,,,,,
,,,,,,,,,,,,,,"Colaptes Auratus","1",,,,,,,,,,
,,,,,,,,,,,,,,"Community Composition","1",,,,,,,,,,
,,,,,,,,,,,,,,"Comparative Study","1",,,,,,,,,,
,,,,,,,,,,,,,,"Concentration (composition)","1",,,,,,,,,,
,,,,,,,,,,,,,,"Conservation Management","1",,,,,,,,,,
,,,,,,,,,,,,,,"Construction Equipment","1",,,,,,,,,,
,,,,,,,,,,,,,,"Covariance Analysis","1",,,,,,,,,,
,,,,,,,,,,,,,,"Cree","1",,,,,,,,,,
,,,,,,,,,,,,,,"Crustacean","1",,,,,,,,,,
,,,,,,,,,,,,,,"Daphnia","1",,,,,,,,,,
,,,,,,,,,,,,,,"Daphnia Longispina","1",,,,,,,,,,
,,,,,,,,,,,,,,"Daphnia Pulex","1",,,,,,,,,,
,,,,,,,,,,,,,,"Daphniidae","1",,,,,,,,,,
,,,,,,,,,,,,,,"Data Set","1",,,,,,,,,,
,,,,,,,,,,,,,,"Dead Wood","1",,,,,,,,,,
,,,,,,,,,,,,,,"Debris","1",,,,,,,,,,
,,,,,,,,,,,,,,"Deciduous Forest","1",,,,,,,,,,
,,,,,,,,,,,,,,"Deforestation","1",,,,,,,,,,
,,,,,,,,,,,,,,"Dickie Lake","1",,,,,,,,,,
,,,,,,,,,,,,,,"Disasters","1",,,,,,,,,,
,,,,,,,,,,,,,,"Disturbance Interactions","1",,,,,,,,,,
,,,,,,,,,,,,,,"Disturbance Regime","1",,,,,,,,,,
,,,,,,,,,,,,,,"Diversity Index","1",,,,,,,,,,
,,,,,,,,,,,,,,"Dryocopus Pileatus","1",,,,,,,,,,
,,,,,,,,,,,,,,"Dust","1",,,,,,,,,,
