﻿Scopus refine results values

"Your query : ((TITLE-ABS-KEY((Boreal OR {James Bay} OR James-Bay OR {Clay Belt} OR {canadian shield}) AND (Canada OR Quebec OR Ontario OR newfoundland OR Alberta OR British-Columbia) ) AND PUBYEAR > 1999 AND PUBYEAR < 2020) AND (TITLE-ABS-KEY(Road AND (construction OR Closure)  ) AND PUBYEAR > 1999 AND PUBYEAR < 2020) AND (TITLE-ABS-KEY(Road  AND (Density OR Network)) AND PUBYEAR > 1999 AND PUBYEAR < 2020))"


Number of results : 8

"ACCESS TYPE",,"YEAR",,"AUTHOR NAME",,"SUBJECT AREA",,"DOCUMENT TYPE",,"PUBLICATION STAGE",,"SOURCE TITLE",,"KEYWORD",,"AFFILIATION",,"FUNDING SPONSOR",,"COUNTRY",,"SOURCE TYPE",,"LANGUAGE",
"Open Access","1","2018","1","Acuña, M.A.","1","Agricultural and Biological Sciences","6","Article","8","final","8","Canadian Journal Of Fisheries And Aquatic Sciences","1","Canada","6","University of Toronto","2","Natural Sciences and Engineering Research Council of Canada","2","Canada","8","Journals","8","English","8"
"Other","7","2017","1","Arshad, M.A.","1","Environmental Science","5",,,,,"Canadian Journal Of Soil Science","1","Road Construction","4","Conseil De La Nation Anishnabe Du Lac Simon","1","Environment and Climate Change Canada","1","United States","2",,,,
,,"2015","1","Benscoter, B.W.","1","Social Sciences","1",,,,,"Forests","1","Boreal Forest","3","Environment Canada","1","Ministry of Natural Resources","1","Chile","1",,,,
,,"2010","1","Boyce, M.S.","1",,,,,,,"Landscape Ecology","1","Roads","3","Universite du Quebec en Abitibi-Temiscamingue","1","MinistÃ¨re des Ressources Naturelles et de la Faune","1",,,,,,
,,"2009","1","Courtois, R.","1",,,,,,,"North American Journal Of Fisheries Management","1","Alberta","2","Université du Québec à Rimouski","1","Undefined","4",,,,,,
,,"2005","2","Cui, W.","1",,,,,,,"Regional Environmental Change","1","Climate Change","2","Ontario Ministry of Natural Resources","1",,,,,,,,
,,"2000","1","Dussault, C.","1",,,,,,,"USDA Forest Service General Technical Report PNW","1","Forest Management","2","Universidad de Chile","1",,,,,,,,
,,,,"Fortin, D.","1",,,,,,,"Wetlands Ecology And Management","1","Forestry","2","Oregon State University","1",,,,,,,,
,,,,"Gough, W.A.","1",,,,,,,,,"Probability","2","University of Guelph","1",,,,,,,,
,,,,"Hori, Y.","1",,,,,,,,,"Quebec [Canada]","2","Florida Atlantic University","1",,,,,,,,
,,,,"Houle, M.","1",,,,,,,,,"Salmonidae","2","Agriculture et Agroalimentaire Canada","1",,,,,,,,
,,,,"Hunt, L.M.","1",,,,,,,,,"Abundance","1","Pontificia Universidad Católica de Chile","1",,,,,,,,
,,,,"Imbeau, L.","1",,,,,,,,,"Animalia","1","University of Alberta","1",,,,,,,,
,,,,"Lester, N.","1",,,,,,,,,"Anthropogenic Effect","1","Université Laval","1",,,,,,,,
,,,,"Martell, D.L.","1",,,,,,,,,"Beavers","1","Ministère de l‘Energie et des Ressources naturelles du Québec","1",,,,,,,,
,,,,"Miller, C.A.","1",,,,,,,,,"Black Spruce","1","Alberta Sustainable Resource Development","1",,,,,,,,
,,,,"Mills, P.","1",,,,,,,,,"Boreal","1","Alberta Conservation Association","1",,,,,,,,
,,,,"Ouellet, J.P.","1",,,,,,,,,"Boreal Forests","1",,,,,,,,,,
,,,,"Palma, C.D.","1",,,,,,,,,"Boreal Shield","1",,,,,,,,,,
,,,,"Rice, W.A.","1",,,,,,,,,"Bryophyta","1",,,,,,,,,,
,,,,"Ripley, T.","1",,,,,,,,,"Canid","1",,,,,,,,,,
,,,,"Scrimgeour, G.","1",,,,,,,,,"Canidae","1",,,,,,,,,,
,,,,"Soon, Y.K.","1",,,,,,,,,"Canis Familiaris","1",,,,,,,,,,
,,,,"Tam, B.","1",,,,,,,,,"Canis Lupus","1",,,,,,,,,,
,,,,"Tremblay, G.","1",,,,,,,,,"Carbon Sequestration","1",,,,,,,,,,
,,,,"Tsuji, L.J.S.","1",,,,,,,,,"Castoridae","1",,,,,,,,,,
,,,,"Turetsky, M.R.","1",,,,,,,,,"Catchments","1",,,,,,,,,,
,,,,"Valeria, O.","1",,,,,,,,,"Chemical Properties","1",,,,,,,,,,
,,,,"Weintraub, A.","1",,,,,,,,,"Community Composition","1",,,,,,,,,,
,,,,,,,,,,,,,,"Coniferous Tree","1",,,,,,,,,,
,,,,,,,,,,,,,,"Conservation Planning","1",,,,,,,,,,
,,,,,,,,,,,,,,"Construction","1",,,,,,,,,,
,,,,,,,,,,,,,,"Culvert","1",,,,,,,,,,
,,,,,,,,,,,,,,"Culverts","1",,,,,,,,,,
,,,,,,,,,,,,,,"Cumulative Effects","1",,,,,,,,,,
,,,,,,,,,,,,,,"Cutblocks","1",,,,,,,,,,
,,,,,,,,,,,,,,"Dam","1",,,,,,,,,,
,,,,,,,,,,,,,,"Dam Construction","1",,,,,,,,,,
,,,,,,,,,,,,,,"Damage","1",,,,,,,,,,
,,,,,,,,,,,,,,"Dams","1",,,,,,,,,,
,,,,,,,,,,,,,,"Decadal Variation","1",,,,,,,,,,
,,,,,,,,,,,,,,"Drainage","1",,,,,,,,,,
,,,,,,,,,,,,,,"Dry Season","1",,,,,,,,,,
,,,,,,,,,,,,,,"Drying","1",,,,,,,,,,
,,,,,,,,,,,,,,"Ecological Impact","1",,,,,,,,,,
,,,,,,,,,,,,,,"Ecosystems","1",,,,,,,,,,
,,,,,,,,,,,,,,"Exchangeable Cations","1",,,,,,,,,,
,,,,,,,,,,,,,,"Experimental Study","1",,,,,,,,,,
,,,,,,,,,,,,,,"Fen","1",,,,,,,,,,
,,,,,,,,,,,,,,"Fire Management","1",,,,,,,,,,
,,,,,,,,,,,,,,"First Nations","1",,,,,,,,,,
,,,,,,,,,,,,,,"Fish","1",,,,,,,,,,
,,,,,,,,,,,,,,"Fishery Management","1",,,,,,,,,,
,,,,,,,,,,,,,,"Forest Planning","1",,,,,,,,,,
,,,,,,,,,,,,,,"Forest Road Networks","1",,,,,,,,,,
,,,,,,,,,,,,,,"Forests","1",,,,,,,,,,
,,,,,,,,,,,,,,"Habitat Parameters","1",,,,,,,,,,
,,,,,,,,,,,,,,"Habitat Selection","1",,,,,,,,,,
,,,,,,,,,,,,,,"Habitat Use","1",,,,,,,,,,
,,,,,,,,,,,,,,"Harvesting","1",,,,,,,,,,
,,,,,,,,,,,,,,"Heuristics","1",,,,,,,,,,
,,,,,,,,,,,,,,"Highway Planning","1",,,,,,,,,,
,,,,,,,,,,,,,,"Home Range","1",,,,,,,,,,
,,,,,,,,,,,,,,"Hordeum Vulgare Subsp. Vulgare","1",,,,,,,,,,
,,,,,,,,,,,,,,"Hydraulic Structures","1",,,,,,,,,,
,,,,,,,,,,,,,,"Hypothesis Testing","1",,,,,,,,,,
,,,,,,,,,,,,,,"James Bay","1",,,,,,,,,,
,,,,,,,,,,,,,,"Kakwa River","1",,,,,,,,,,
,,,,,,,,,,,,,,"Land Use Change","1",,,,,,,,,,
,,,,,,,,,,,,,,"Lichen","1",,,,,,,,,,
,,,,,,,,,,,,,,"Logging (timber)","1",,,,,,,,,,
,,,,,,,,,,,,,,"Long-term Change","1",,,,,,,,,,
,,,,,,,,,,,,,,"Mitigation Measures","1",,,,,,,,,,
,,,,,,,,,,,,,,"Mixed Effects Logistic Regression","1",,,,,,,,,,
,,,,,,,,,,,,,,"Mixed Integer Programming","1",,,,,,,,,,
,,,,,,,,,,,,,,"Moss","1",,,,,,,,,,
,,,,,,,,,,,,,,"Net Primary Production","1",,,,,,,,,,
,,,,,,,,,,,,,,"North America","1",,,,,,,,,,
,,,,,,,,,,,,,,"Ontario [Canada]","1",,,,,,,,,,
,,,,,,,,,,,,,,"Overstory","1",,,,,,,,,,
,,,,,,,,,,,,,,"Parameterization","1",,,,,,,,,,
,,,,,,,,,,,,,,"Peatland","1",,,,,,,,,,
,,,,,,,,,,,,,,"Physical Properties","1",,,,,,,,,,
,,,,,,,,,,,,,,"Phytomass","1",,,,,,,,,,
,,,,,,,,,,,,,,"Picea Mariana","1",,,,,,,,,,
,,,,,,,,,,,,,,"Pipeline","1",,,,,,,,,,
,,,,,,,,,,,,,,"Pipelines","1",,,,,,,,,,
,,,,,,,,,,,,,,"Planning Practice","1",,,,,,,,,,
,,,,,,,,,,,,,,"Predator-prey Interaction","1",,,,,,,,,,
,,,,,,,,,,,,,,"Predators","1",,,,,,,,,,
,,,,,,,,,,,,,,"Regression Analysis","1",,,,,,,,,,
,,,,,,,,,,,,,,"Resource Selection","1",,,,,,,,,,
,,,,,,,,,,,,,,"Resource Selection Functions","1",,,,,,,,,,
,,,,,,,,,,,,,,"River Ice","1",,,,,,,,,,
,,,,,,,,,,,,,,"Road","1",,,,,,,,,,
,,,,,,,,,,,,,,"Road Embankments","1",,,,,,,,,,
,,,,,,,,,,,,,,"Roads And Streets","1",,,,,,,,,,
,,,,,,,,,,,,,,"Rodent","1",,,,,,,,,,
,,,,,,,,,,,,,,"Salvelinus","1",,,,,,,,,,
,,,,,,,,,,,,,,"Salvelinus Confluentus","1",,,,,,,,,,
,,,,,,,,,,,,,,"Sander Vitreus","1",,,,,,,,,,
,,,,,,,,,,,,,,"Shoreline","1",,,,,,,,,,
,,,,,,,,,,,,,,"Shrubs","1",,,,,,,,,,
,,,,,,,,,,,,,,"Soil Chemistry","1",,,,,,,,,,
,,,,,,,,,,,,,,"Soil Property","1",,,,,,,,,,
,,,,,,,,,,,,,,"Soil Surface","1",,,,,,,,,,
,,,,,,,,,,,,,,"Soil-water","1",,,,,,,,,,
,,,,,,,,,,,,,,"Species Conservation","1",,,,,,,,,,
,,,,,,,,,,,,,,"Species Occurrence","1",,,,,,,,,,
,,,,,,,,,,,,,,"Sulphate","1",,,,,,,,,,
,,,,,,,,,,,,,,"Teleost","1",,,,,,,,,,
,,,,,,,,,,,,,,"Timber Harvesting","1",,,,,,,,,,
,,,,,,,,,,,,,,"Tracheophyta","1",,,,,,,,,,
,,,,,,,,,,,,,,"Transportation","1",,,,,,,,,,
,,,,,,,,,,,,,,"Understory","1",,,,,,,,,,
,,,,,,,,,,,,,,"Vegetation Cover","1",,,,,,,,,,
,,,,,,,,,,,,,,"Vulnerability","1",,,,,,,,,,
,,,,,,,,,,,,,,"Water Table","1",,,,,,,,,,
,,,,,,,,,,,,,,"Wildlife Management","1",,,,,,,,,,
,,,,,,,,,,,,,,"Winter Roads","1",,,,,,,,,,
,,,,,,,,,,,,,,"Wolves","1",,,,,,,,,,
,,,,,,,,,,,,,,,,,,,,,,,,,
,,,,,,,,,,,,,,,,,,,,,,,,,
,,,,,,,,,,,,,,,,,,,,,,,,,
,,,,,,,,,,,,,,,,,,,,,,,,,
,,,,,,,,,,,,,,,,,,,,,,,,,
,,,,,,,,,,,,,,,,,,,,,,,,,
,,,,,,,,,,,,,,,,,,,,,,,,,
,,,,,,,,,,,,,,,,,,,,,,,,,
,,,,,,,,,,,,,,,,,,,,,,,,,
,,,,,,,,,,,,,,,,,,,,,,,,,
,,,,,,,,,,,,,,,,,,,,,,,,,
,,,,,,,,,,,,,,,,,,,,,,,,,
,,,,,,,,,,,,,,,,,,,,,,,,,
,,,,,,,,,,,,,,,,,,,,,,,,,
,,,,,,,,,,,,,,,,,,,,,,,,,
,,,,,,,,,,,,,,,,,,,,,,,,,
,,,,,,,,,,,,,,,,,,,,,,,,,
,,,,,,,,,,,,,,,,,,,,,,,,,
,,,,,,,,,,,,,,,,,,,,,,,,,
,,,,,,,,,,,,,,,,,,,,,,,,,
,,,,,,,,,,,,,,,,,,,,,,,,,
,,,,,,,,,,,,,,,,,,,,,,,,,
,,,,,,,,,,,,,,,,,,,,,,,,,
,,,,,,,,,,,,,,,,,,,,,,,,,
,,,,,,,,,,,,,,,,,,,,,,,,,
,,,,,,,,,,,,,,,,,,,,,,,,,
,,,,,,,,,,,,,,,,,,,,,,,,,
,,,,,,,,,,,,,,,,,,,,,,,,,
,,,,,,,,,,,,,,,,,,,,,,,,,
,,,,,,,,,,,,,,,,,,,,,,,,,
,,,,,,,,,,,,,,,,,,,,,,,,,
,,,,,,,,,,,,,,,,,,,,,,,,,
,,,,,,,,,,,,,,,,,,,,,,,,,
,,,,,,,,,,,,,,,,,,,,,,,,,
,,,,,,,,,,,,,,,,,,,,,,,,,
,,,,,,,,,,,,,,,,,,,,,,,,,
,,,,,,,,,,,,,,,,,,,,,,,,,
,,,,,,,,,,,,,,,,,,,,,,,,,
,,,,,,,,,,,,,,,,,,,,,,,,,
