﻿Scopus refine results values

"Your query : ((TITLE-ABS-KEY((Boreal OR {James Bay} OR James-Bay OR {Clay Belt} OR {canadian shield}) AND (Canada OR Quebec OR Ontario OR newfoundland OR Alberta OR British-Columbia) ) AND PUBYEAR > 1999 AND PUBYEAR < 2020) AND (TITLE-ABS-KEY(Silvicultur* OR Intensive OR {Site preparation}   OR Plantation OR   {Tree planting}) AND PUBYEAR > 1999 AND PUBYEAR < 2020) AND (TITLE-ABS-KEY(Predat* ) AND PUBYEAR > 1999 AND PUBYEAR < 2020))"


Number of results : 18

"ACCESS TYPE",,"YEAR",,"AUTHOR NAME",,"SUBJECT AREA",,"DOCUMENT TYPE",,"PUBLICATION STAGE",,"SOURCE TITLE",,"KEYWORD",,"AFFILIATION",,"FUNDING SPONSOR",,"COUNTRY",,"SOURCE TYPE",,"LANGUAGE",
"Open Access","6","2018","3","St-Laurent, M.H.","3","Agricultural and Biological Sciences","13","Article","14","final","18","Forest Ecology And Management","3","Canada","14","Ministère de l‘Energie et des Ressources naturelles du Québec","6","Natural Sciences and Engineering Research Council of Canada","4","Canada","18","Journals","16","English","18"
"Other","12","2017","3","Courtois, R.","2","Biochemistry, Genetics and Molecular Biology","1","Book Chapter","2",,,"Ecological Applications","2","Boreal Forest","7","Université du Québec à Rimouski","5","Government of Canada","2","Argentina","1","Books","2",,
,,"2015","1","Dussault, C.","2","Environmental Science","13","Review","2",,,"Animals","1","North America","6","Université Laval","4","Alberta Environment and Parks","1","South Africa","1",,,,
,,"2013","1","Dussault, C.","2","Multidisciplinary","1",,,,,"BMC Ecology","1","Rangifer Tarandus","6","Canadian Forest Service","2","BC Oil and Gas Research and Innovation Society","1","United States","1",,,,
,,"2012","2","Finnegan, L.","2","Veterinary","1",,,,,"Biological Conservation","1","Rangifer Tarandus Caribou","6","University of Manitoba","2","Canadian Forest Service","1",,,,,,
,,"2011","1","Fortin, D.","2",,,,,,,"Biology Of Rove Beetles Staphylinidae Life History Evolution Ecology And Distribution","1","Silviculture","6","Natural Resources Canada","2","Canadian Natural Resources Limited","1",,,,,,
,,"2009","1","Leclerc, M.","2",,,,,,,"Canadian Field Naturalist","1","Ecosystems","5","Université du Québec à Montréal","2","Environment and Climate Change Canada","1",,,,,,
,,"2008","1","Ouellet, J.P.","2",,,,,,,"Canadian Journal Of Zoology","1","Animals","4","University of Alberta","2","Fonds de recherche du QuÃ©bec â Nature et technologies","1",,,,,,
,,"2006","2","Pigeon, K.E.","2",,,,,,,"Ecoscience","1","Deer","4","Alpha Wildlife Research and Management Ltd.","1","Hydro-QuÃ©bec","1",,,,,,
,,"2005","1","Adamowicz, S.J.","1",,,,,,,"Forestry Chronicle","1","Forest Management","4","WildFor Consultants","1","Indigenous and Northern Affairs Canada","1",,,,,,
,,"2004","2","Bellocq, M.I.","1",,,,,,,"Journal Of Applied Ecology","1","Forestry","4","Wildlife Infometrics Inc.","1","Sveriges Regering","1",,,,,,
,,,,"Bouchard, A.","1",,,,,,,"Journal Of Wildlife Management","1","Quebec [Canada]","4","Canadian National Collection of Insects","1","University of Montana","1",,,,,,
,,,,"Boutin, S.","1",,,,,,,"Plos One","1","Alberta","3","fRI Research","1","fRI Research","1",,,,,,
,,,,"Boyle, E.E.","1",,,,,,,"Science Of The Total Environment","1","Article","3","fRI Research","1","Undefined","11",,,,,,
,,,,"Briand, Y.","1",,,,,,,"Woodlands Ecology Management And Conservation","1","Bear","3","Arctos Ecological Consultants","1",,,,,,,,
,,,,"Brodeur, V.","1",,,,,,,,,"GPS","3","Environment Canada","1",,,,,,,,
,,,,"Brook, R.K.","1",,,,,,,,,"Habitat Selection","3","Universidad de Buenos Aires","1",,,,,,,,
,,,,"Brunke, A.J.","1",,,,,,,,,"Harvesting","3","University of Calgary","1",,,,,,,,
,,,,"Cogliastro, A.","1",,,,,,,,,"Human Activity","3","Great Lakes Forestry Centre","1",,,,,,,,
,,,,"Courbin, N.","1",,,,,,,,,"Picea","3","University of Fort Hare","1",,,,,,,,
,,,,"Couturier, S.","1",,,,,,,,,"Predation","3","Museé canadien de la nature","1",,,,,,,,
,,,,"Cranston, J.","1",,,,,,,,,"Predator","3","Freshwater Institute, Fisheries and Oceans Canada","1",,,,,,,,
,,,,"Deans, A.M.","1",,,,,,,,,"Quebec","3","University of Montreal","1",,,,,,,,
,,,,"Dickie, M.","1",,,,,,,,,"Abundance","2","The University of British Columbia","1",,,,,,,,
,,,,"Duval, J.","1",,,,,,,,,"Animal","2","Fisheries and Oceans Canada","1",,,,,,,,
,,,,"Eccles, K.M.","1",,,,,,,,,"Anthropogenic Disturbance","2","University of Saskatchewan","1",,,,,,,,
,,,,"Gingras, A.","1",,,,,,,,,"Biotelemetry","2","University of Guelph","1",,,,,,,,
,,,,"Goulet, H.","1",,,,,,,,,"Black Spruce","2","Queen's University, Kingston","1",,,,,,,,
,,,,"Hebblewhite, M.","1",,,,,,,,,"Boreal Forests","2","University of Toronto","1",,,,,,,,
,,,,"Hodson, J.","1",,,,,,,,,"Canidae","2","Agriculture et Agroalimentaire Canada","1",,,,,,,,
,,,,"Hébert, C.","1",,,,,,,,,"Canis Lupus","2","University of Montana College of Forestry and Conservation","1",,,,,,,,
,,,,"Kevan, P.G.","1",,,,,,,,,"Caribou","2","Hydro-Quebec","1",,,,,,,,
,,,,"Klimaszewski, J.","1",,,,,,,,,"Conservation","2","University of Montana","1",,,,,,,,
,,,,"Labbee, R.N.","1",,,,,,,,,"Conservation Management","2","Lakehead University","1",,,,,,,,
,,,,"Lamoureux, J.","1",,,,,,,,,"Environmental Disturbance","2","University of Ottawa, Canada","1",,,,,,,,
,,,,"LeBlanc, M.L.","1",,,,,,,,,"Food Availability","2","Applied Mammal Research Institute","1",,,,,,,,
,,,,"Leung, M.C.","1",,,,,,,,,"Foraging Behavior","2","Parks Canada","1",,,,,,,,
,,,,"Lucotte, M.","1",,,,,,,,,"Forest Ecosystem","2","Institut international du développement durable","1",,,,,,,,
,,,,"Légaré, J.P.","1",,,,,,,,,"Forest Harvesting","2","British Columbia Ministry of Sustainable Resource Management","1",,,,,,,,
,,,,"MacNearney, D.","1",,,,,,,,,"Forests","2",,,,,,,,,,
,,,,"Malcolm, J.R.","1",,,,,,,,,"GPS Telemetry","2",,,,,,,,,,
,,,,"McNay, R.S.","1",,,,,,,,,"Growth Rate","2",,,,,,,,,,
,,,,"Mills, K.H.","1",,,,,,,,,"Habitat Fragmentation","2",,,,,,,,,,
,,,,"Mundy, L.J.","1",,,,,,,,,"Hexapoda","2",,,,,,,,,,
,,,,"Musiani, M.","1",,,,,,,,,"Home Range","2",,,,,,,,,,
,,,,"Neufeld, L.","1",,,,,,,,,"Limiting Factor","2",,,,,,,,,,
,,,,"Nicholson, M.E.","1",,,,,,,,,"Logging (timber)","2",,,,,,,,,,
,,,,"Paquette, A.","1",,,,,,,,,"Movement","2",,,,,,,,,,
,,,,"Pothier, D.","1",,,,,,,,,"Mustelid","2",,,,,,,,,,
,,,,"Proulx, G.","1",,,,,,,,,"Nonhuman","2",,,,,,,,,,
,,,,"Quellet, J.P.","1",,,,,,,,,"Picea Mariana","2",,,,,,,,,,
,,,,"Reid, D.G.","1",,,,,,,,,"Plantation Forestry","2",,,,,,,,,,
,,,,"Rennie, M.D.","1",,,,,,,,,"Population Decline","2",,,,,,,,,,
,,,,"Roughley, R.E.","1",,,,,,,,,"Population Dynamics","2",,,,,,,,,,
,,,,"Ruel, J.C.","1",,,,,,,,,"Regeneration","2",,,,,,,,,,
,,,,"Schmiegelow, F.","1",,,,,,,,,"Rodentia","2",,,,,,,,,,
,,,,"Serrouya, R.","1",,,,,,,,,"Trees","2",,,,,,,,,,
,,,,"Smith, A.B.T.","1",,,,,,,,,"Ungulate","2",,,,,,,,,,
,,,,"Smith, S.M.","1",,,,,,,,,"Ursus Americanus","2",,,,,,,,,,
,,,,"Steinke, D.","1",,,,,,,,,"Western Hemisphere","2",,,,,,,,,,
,,,,"Stenhouse, G.B.","1",,,,,,,,,"Wildlife Management","2",,,,,,,,,,
,,,,"Sullivan, D.S.","1",,,,,,,,,"Winter","2",,,,,,,,,,
,,,,"Sullivan, T.P.","1",,,,,,,,,"Wolf","2",,,,,,,,,,
,,,,"Surette, C.","1",,,,,,,,,"Woodland Caribou","2",,,,,,,,,,
,,,,"Swiston, K.","1",,,,,,,,,"World","2",,,,,,,,,,
,,,,"Thomas, P.J.","1",,,,,,,,,"ANOVA-like Multiple Regressions","1",,,,,,,,,,
,,,,"Tremblay, A.","1",,,,,,,,,"Abies","1",,,,,,,,,,
,,,,"Venier, L.","1",,,,,,,,,"Abies Balsamea","1",,,,,,,,,,
,,,,"Woodcock, T.S.","1",,,,,,,,,"Adaptive Management","1",,,,,,,,,,
,,,,"Work, T.T.","1",,,,,,,,,"Aerial Insect Assemblages","1",,,,,,,,,,
,,,,,,,,,,,,,,"Aerial Survey","1",,,,,,,,,,
,,,,,,,,,,,,,,"Aerial Surveys","1",,,,,,,,,,
,,,,,,,,,,,,,,"Alces Alces","1",,,,,,,,,,
,,,,,,,,,,,,,,"Alnus","1",,,,,,,,,,
,,,,,,,,,,,,,,"Alternative Silvicultural Systems","1",,,,,,,,,,
,,,,,,,,,,,,,,"American Marten","1",,,,,,,,,,
,,,,,,,,,,,,,,"Animalia","1",,,,,,,,,,
,,,,,,,,,,,,,,"Anthropogenic Effect","1",,,,,,,,,,
,,,,,,,,,,,,,,"Anticoagulant","1",,,,,,,,,,
,,,,,,,,,,,,,,"Anticoagulant Rodenticide","1",,,,,,,,,,
,,,,,,,,,,,,,,"Antipredator Defense","1",,,,,,,,,,
,,,,,,,,,,,,,,"Antipredator Strategies","1",,,,,,,,,,
,,,,,,,,,,,,,,"Aquatic Community","1",,,,,,,,,,
,,,,,,,,,,,,,,"Arctic","1",,,,,,,,,,
,,,,,,,,,,,,,,"Arctic Regions","1",,,,,,,,,,
,,,,,,,,,,,,,,"Balsam Fir","1",,,,,,,,,,
,,,,,,,,,,,,,,"Barcode Library","1",,,,,,,,,,
,,,,,,,,,,,,,,"Barcoding Biotas","1",,,,,,,,,,
,,,,,,,,,,,,,,"Bas Saint Laurent","1",,,,,,,,,,
,,,,,,,,,,,,,,"Basal Area","1",,,,,,,,,,
,,,,,,,,,,,,,,"Beetle","1",,,,,,,,,,
,,,,,,,,,,,,,,"Beetles","1",,,,,,,,,,
,,,,,,,,,,,,,,"Behavior","1",,,,,,,,,,
,,,,,,,,,,,,,,"Betula","1",,,,,,,,,,
,,,,,,,,,,,,,,"Bioaccumulation","1",,,,,,,,,,
,,,,,,,,,,,,,,"Biodiversity","1",,,,,,,,,,
,,,,,,,,,,,,,,"Biogeography","1",,,,,,,,,,
,,,,,,,,,,,,,,"Biomanipulation","1",,,,,,,,,,
,,,,,,,,,,,,,,"Biomass","1",,,,,,,,,,
,,,,,,,,,,,,,,"Biomass Allocation","1",,,,,,,,,,
,,,,,,,,,,,,,,"Biomass Partitioning","1",,,,,,,,,,
,,,,,,,,,,,,,,"Biome","1",,,,,,,,,,
,,,,,,,,,,,,,,"Biometry","1",,,,,,,,,,
,,,,,,,,,,,,,,"Biota","1",,,,,,,,,,
,,,,,,,,,,,,,,"Black Spruce Plantations","1",,,,,,,,,,
,,,,,,,,,,,,,,"Body Condition","1",,,,,,,,,,
,,,,,,,,,,,,,,"Boreal Kingdom","1",,,,,,,,,,
,,,,,,,,,,,,,,"Boreal Shield","1",,,,,,,,,,
,,,,,,,,,,,,,,"Boreal-arctic Transition","1",,,,,,,,,,
,,,,,,,,,,,,,,"British Columbia","1",,,,,,,,,,
,,,,,,,,,,,,,,"Brown Bear","1",,,,,,,,,,
,,,,,,,,,,,,,,"Bryophyta","1",,,,,,,,,,
,,,,,,,,,,,,,,"COI","1",,,,,,,,,,
,,,,,,,,,,,,,,"Calving","1",,,,,,,,,,
,,,,,,,,,,,,,,"Canid","1",,,,,,,,,,
,,,,,,,,,,,,,,"Canis","1",,,,,,,,,,
,,,,,,,,,,,,,,"Carabidae","1",,,,,,,,,,
,,,,,,,,,,,,,,"Caribou Habitats","1",,,,,,,,,,
,,,,,,,,,,,,,,"Chamerion","1",,,,,,,,,,
,,,,,,,,,,,,,,"Chemical Analysis","1",,,,,,,,,,
,,,,,,,,,,,,,,"Churchill","1",,,,,,,,,,
,,,,,,,,,,,,,,"Classification","1",,,,,,,,,,
,,,,,,,,,,,,,,"Clear-cutting","1",,,,,,,,,,
,,,,,,,,,,,,,,"Clearcutting","1",,,,,,,,,,
,,,,,,,,,,,,,,"Coarse To Fine","1",,,,,,,,,,
,,,,,,,,,,,,,,"Coleoptera","1",,,,,,,,,,
,,,,,,,,,,,,,,"Community Response","1",,,,,,,,,,
,,,,,,,,,,,,,,"Community Structure","1",,,,,,,,,,
,,,,,,,,,,,,,,"Concentration (composition)","1",,,,,,,,,,
,,,,,,,,,,,,,,"Concentration (parameters)","1",,,,,,,,,,
,,,,,,,,,,,,,,"Concentration (process)","1",,,,,,,,,,
,,,,,,,,,,,,,,"Coniferophyta","1",,,,,,,,,,
,,,,,,,,,,,,,,"Coniferous Forest","1",,,,,,,,,,
,,,,,,,,,,,,,,"Coniferous Tree","1",,,,,,,,,,
,,,,,,,,,,,,,,"Connectivity","1",,,,,,,,,,
,,,,,,,,,,,,,,"Control","1",,,,,,,,,,
,,,,,,,,,,,,,,"Cutovers","1",,,,,,,,,,
,,,,,,,,,,,,,,"Cyprinidae","1",,,,,,,,,,
,,,,,,,,,,,,,,"Cytochrome C Oxidase Subunit I","1",,,,,,,,,,
,,,,,,,,,,,,,,"DNA","1",,,,,,,,,,
,,,,,,,,,,,,,,"DNA Barcoding","1",,,,,,,,,,
,,,,,,,,,,,,,,"DNA Barcoding, Taxonomic","1",,,,,,,,,,
,,,,,,,,,,,,,,"Data Processing","1",,,,,,,,,,
,,,,,,,,,,,,,,"Diapriidae","1",,,,,,,,,,
,,,,,,,,,,,,,,"Divergence","1",,,,,,,,,,
,,,,,,,,,,,,,,"Dynamics","1",,,,,,,,,,
,,,,,,,,,,,,,,"Dytiscidae","1",,,,,,,,,,
,,,,,,,,,,,,,,"Ecology","1",,,,,,,,,,
,,,,,,,,,,,,,,"Ecosystem","1",,,,,,,,,,
,,,,,,,,,,,,,,"Ecosystem Approach","1",,,,,,,,,,
,,,,,,,,,,,,,,"Ecosystem Management","1",,,,,,,,,,
,,,,,,,,,,,,,,"Edge Effect","1",,,,,,,,,,
,,,,,,,,,,,,,,"Endangered Species","1",,,,,,,,,,
,,,,,,,,,,,,,,"Enrichment Planting","1",,,,,,,,,,
,,,,,,,,,,,,,,"Environmental Monitoring","1",,,,,,,,,,
,,,,,,,,,,,,,,"Esocidae","1",,,,,,,,,,
,,,,,,,,,,,,,,"Esox Lucius","1",,,,,,,,,,
,,,,,,,,,,,,,,"Experimental Lakes Area","1",,,,,,,,,,
,,,,,,,,,,,,,,"Exploration","1",,,,,,,,,,
,,,,,,,,,,,,,,"Feeding Damage","1",,,,,,,,,,
