﻿Scopus refine results values

"Your query : ((TITLE-ABS-KEY((Boreal OR {James Bay} OR James-Bay OR {Clay Belt} OR {canadian shield}) AND Quebec) AND PUBYEAR > 1999 AND PUBYEAR < 2020) AND (TITLE-ABS-KEY(Species AND (Distribution OR Extinct* OR Invasi*  OR Transition Or exotic)) AND PUBYEAR > 1999 AND PUBYEAR < 2020) AND (TITLE-ABS-KEY((species AND diversity) OR biodiversity)))"


Number of results : 39

"ACCESS TYPE",,"YEAR",,"AUTHOR NAME",,"SUBJECT AREA",,"DOCUMENT TYPE",,"PUBLICATION STAGE",,"SOURCE TITLE",,"KEYWORD",,"AFFILIATION",,"FUNDING SPONSOR",,"COUNTRY",,"SOURCE TYPE",,"LANGUAGE",
"Open Access","9","2019","2","Bergeron, Y.","6","Agricultural and Biological Sciences","31","Article","37","final","39","Forest Ecology And Management","6","Canada","30","Université du Québec à Montréal","12","Natural Sciences and Engineering Research Council of Canada","9","Canada","37","Journals","39","English","37"
"Other","30","2018","5","Drapeau, P.","4","Arts and Humanities","1","Conference Paper","1",,,"Canadian Journal Of Forest Research","4","Boreal Forest","23","Université Laval","10","Fonds QuÃ©bÃ©cois de la Recherche sur la Nature et les Technologies","4","United States","5",,,"French","3"
,,"2017","4","De Grandpré, L.","3","Biochemistry, Genetics and Molecular Biology","3","Review","1",,,"Ecological Applications","3","Quebec [Canada]","20","Canadian Forest Service","7","Fonds de recherche du QuÃ©bec â Nature et technologies","4","Finland","3",,,,
,,"2015","2","Gauthier, S.","3","Earth and Planetary Sciences","1",,,,,"Ecoscience","3","Biodiversity","15","Natural Resources Canada","7","Academy of Finland","1","France","3",,,,
,,"2014","2","Fortin, M.J.","2","Environmental Science","31",,,,,"Biodiversity And Conservation","2","Forestry","15","Universite du Quebec en Abitibi-Temiscamingue","5","Association pour la Recherche sur les Tumeurs de la Prostate","1","Spain","2",,,,
,,"2013","1","Imbeau, L.","2","Materials Science","1",,,,,"Plos One","2","North America","12","University of Montreal","4","Canada Foundation for Innovation","1","Australia","1",,,,
,,"2012","2","Jobidon, R.","2","Multidisciplinary","2",,,,,"Silva Fennica","2","Picea Mariana","11","McGill University","3","Environment and Climate Change Canada","1","Germany","1",,,,
,,"2011","1","Leduc, A.","2",,,,,,,"Applied Vegetation Science","1","Quebec","11","Helsingin Yliopisto","3","Marie Curie","1","Poland","1",,,,
,,"2010","2","Legendre, P.","2",,,,,,,"Avian Conservation And Ecology","1","Species Diversity","11","University of Alberta","3","MinistÃ¨re de l'Ãconomie, de lâInnovation et des Exportations du QuÃ©bec","1","Portugal","1",,,,
,,"2009","1","Payette, S.","2",,,,,,,"Diversity And Distributions","1","Abies Balsamea","9","Environment Canada","2","National Science Foundation","1","United Kingdom","1",,,,
,,"2008","1","Aakala, T.","1",,,,,,,"Ecological Modelling","1","Abies","7","Le réseau de l'Université du Québec","2","Networks of Centres of Excellence of Canada","1",,,,,,
,,"2007","2","Aggarwal, A.","1",,,,,,,"Ecology And Evolution","1","Forest Management","7","USDA Forest Service","2","Xunta de Galicia","1",,,,,,
,,"2006","2","Alvarez, A.","1",,,,,,,"Ecosphere","1","Aves","6","University of Toronto","2","Undefined","25",,,,,,
,,"2005","5","Bailey, S.W.","1",,,,,,,"Environmental Reviews","1","Ecosystems","6","Ministère de l‘Energie et des Ressources naturelles du Québec","2",,,,,,,,
,,"2004","2","Barrette, M.","1",,,,,,,"Florida Entomologist","1","Community Structure","5","Ministère des Forêts de la Faune et des Parcs du Québec","1",,,,,,,,
,,"2002","3","Bayne, E.M.","1",,,,,,,"Forestry Chronicle","1","Coniferous Tree","5","NSERC Northern Research Chair","1",,,,,,,,
,,"2001","1","Beaulieu, J.","1",,,,,,,"Global Ecology And Biogeography","1","Ecology","5","445 Boul. de l'Université","1",,,,,,,,
,,"2000","1","Bedford, L.","1",,,,,,,"Holocene","1","Spatial Distribution","5","Centre Tecnológic Forestal de Catalunya","1",,,,,,,,
,,,,"Bernatchez, P.","1",,,,,,,"Journal Of Biogeography","1","Species Richness","5","Great Lakes Forestry Centre","1",,,,,,,,
,,,,"Bernier-Cardou, M.","1",,,,,,,"Microbial Ecology","1","Stand Structure","5","Université du Québec à Rimouski","1",,,,,,,,
,,,,"Borrego, C.M.","1",,,,,,,"Molecular Ecology","1","Tree","5","Museé canadien de la nature","1",,,,,,,,
,,,,"Bouchard, M.","1",,,,,,,"Northern Journal Of Applied Forestry","1","Article","4","CNRS Centre National de la Recherche Scientifique","1",,,,,,,,
,,,,"Boucher, D.","1",,,,,,,"Revue Des Sciences De L Eau","1","Climate Change","4","Universitat de Girona","1",,,,,,,,
,,,,"Bourgeois-Roy, A.","1",,,,,,,"Rhodora","1","Forest","4","Ontario Ministry of Natural Resources","1",,,,,,,,
,,,,"Bousquet, J.","1",,,,,,,,,"Forests","4","Université de Sherbrooke","1",,,,,,,,
,,,,"Bradley, R.","1",,,,,,,,,"Picea Glauca","4","The University of Texas at Austin","1",,,,,,,,
,,,,"Brais, S.","1",,,,,,,,,"Trees","4","University of Waterloo","1",,,,,,,,
,,,,"Brice, M.H.","1",,,,,,,,,"Vegetation","4","University of Guelph","1",,,,,,,,
,,,,"Brind'Amour, A.","1",,,,,,,,,"Animals","3","Université de Picardie Jules Verne","1",,,,,,,,
,,,,"Buddle, C.M.","1",,,,,,,,,"Biological Invasion","3","University of Wroclaw","1",,,,,,,,
,,,,"Bélanger, L.","1",,,,,,,,,"Bird","3","University of Winnipeg","1",,,,,,,,
,,,,"Bérubé, J.A.","1",,,,,,,,,"Birds","3","Washington State University Pullman","1",,,,,,,,
,,,,"Cadieux, P.","1",,,,,,,,,"Black Spruce","3","Helmholtz Zentrum für Umweltforschung","1",,,,,,,,
,,,,"Cameron, E.K.","1",,,,,,,,,"Climate","3","College of Earth, Ocean and Environment","1",,,,,,,,
,,,,"Carignan, R.","1",,,,,,,,,"Coniferophyta","3","IFREMER Institut Francais de Recherche pour l'Exploitation de la Mer","1",,,,,,,,
,,,,"Cazelles, K.","1",,,,,,,,,"Conservation","3","Agriculture et Agroalimentaire Canada","1",,,,,,,,
,,,,"Charette, L.","1",,,,,,,,,"Disturbances","3","Université du Québec en Outaouais","1",,,,,,,,
,,,,"Chavel, E.E.","1",,,,,,,,,"Ecosystem","3","Université du Québec à Trois-Rivières","1",,,,,,,,
,,,,"Cogbill, C.V.","1",,,,,,,,,"Environmental Factor","3","Université du Québec à Chicoutimi","1",,,,,,,,
,,,,"Correia, D.L.P.","1",,,,,,,,,"Fires","3","CREAF - Centre de Recerca Ecològica i Aplicacions Forestals","1",,,,,,,,
,,,,"Cottrell, M.T.","1",,,,,,,,,"Forest Dynamics","3","University of Delaware","1",,,,,,,,
,,,,"Crites, H.","1",,,,,,,,,"Forest Fire","3","Universitat Autònoma de Barcelona","1",,,,,,,,
,,,,"Crosby, A.D.","1",,,,,,,,,"Habitat Fragmentation","3","Université Claude Bernard Lyon 1","1",,,,,,,,
,,,,"Cumming, S.G.","1",,,,,,,,,"Harvesting","3","University of Oxford","1",,,,,,,,
,,,,"Cyr, G.","1",,,,,,,,,"Mixed Forest","3","Conseil de recherches en sciences naturelles et en génie du Canada","1",,,,,,,,
,,,,"Daniel, B.","1",,,,,,,,,"Old-growth Forest","3","Universidade do Porto, Centro de Investigação em Biodiversidade e Recursos Genéticos","1",,,,,,,,
,,,,"DeBellis, T.","1",,,,,,,,,"Pinus Banksiana","3","Universidad de Santiago de Compostela","1",,,,,,,,
,,,,"DeMerchant, I.","1",,,,,,,,,"Plants (botany)","3","University of Ottawa, Canada","1",,,,,,,,
,,,,"Del Giorgio, P.A.","1",,,,,,,,,"Seasonal Variation","3","Trent University","1",,,,,,,,
,,,,"Desgranges, J.L.","1",,,,,,,,,"Seed","3","Northern Forestry Centre","1",,,,,,,,
,,,,"Desrochers, A.","1",,,,,,,,,"Soils","3","Pacific Forestry Centre","1",,,,,,,,
,,,,"Dragotescu, I.","1",,,,,,,,,"Species Occurrence","3","CSIRO Sustainable Ecosystems","1",,,,,,,,
,,,,"Dray, S.","1",,,,,,,,,"Stand Dynamics","3","Concordia University","1",,,,,,,,
,,,,"Déchêne, A.D.","1",,,,,,,,,"Animal","2","Alberta Sustainable Resource Development","1",,,,,,,,
,,,,"Dénes, F.V.","1",,,,,,,,,"Betula Papyrifera","2","Ministry of Forests and Range","1",,,,,,,,
,,,,"Fauteux, L.","1",,,,,,,,,"Betula Pendula","2","Centre d'étude de la forêt, Montreal","1",,,,,,,,
,,,,"Ferreira, C.","1",,,,,,,,,"Biological Model","2","Université de Lyon","1",,,,,,,,
,,,,"Filotas, É.","1",,,,,,,,,"Boreal","2","TÉLUQ University","1",,,,,,,,
,,,,"Foottit, R.","1",,,,,,,,,"Bryophyta","2","Panthera USA","1",,,,,,,,
,,,,"Gagnon, R.","1",,,,,,,,,"Chronosequence","2",,,,,,,,,,
,,,,"Gagné, C.","1",,,,,,,,,"Clearcutting","2",,,,,,,,,,
,,,,"Garcia-Chaves, M.C.","1",,,,,,,,,"Comparative Study","2",,,,,,,,,,
,,,,"Godbout, J.","1",,,,,,,,,"Coniferales","2",,,,,,,,,,
,,,,"Graignic, N.","1",,,,,,,,,"Coniferous Forest","2",,,,,,,,,,
,,,,"Haeussler, S.","1",,,,,,,,,"Conservation Status","2",,,,,,,,,,
,,,,"Hoy, J.","1",,,,,,,,,"DNA","2",,,,,,,,,,
,,,,"James, P.M.A.","1",,,,,,,,,"Deciduous Tree","2",,,,,,,,,,
,,,,"Jaramillo-Correa, J.P.","1",,,,,,,,,"Deforestation","2",,,,,,,,,,
,,,,"Kadej, M.","1",,,,,,,,,"Degradation","2",,,,,,,,,,
,,,,"Kernaghan, G.","1",,,,,,,,,"Demography","2",,,,,,,,,,
,,,,"Kirchman, D.L.","1",,,,,,,,,"Density Dependence","2",,,,,,,,,,
,,,,"Kneeshaw, D.","1",,,,,,,,,"Disturbance","2",,,,,,,,,,
,,,,"Kneeshaw, D.D.","1",,,,,,,,,"Dominance","2",,,,,,,,,,
,,,,"Kranabetter, J.M.","1",,,,,,,,,"Ecological Impact","2",,,,,,,,,,
,,,,"Krause, C.","1",,,,,,,,,"Ecosystem Function","2",,,,,,,,,,
,,,,"Kuuluvainen, T.","1",,,,,,,,,"Ecosystem Management","2",,,,,,,,,,
,,,,"Lacelle, D.","1",,,,,,,,,"Environmental Disturbance","2",,,,,,,,,,
,,,,"Lachance, D.","1",,,,,,,,,"Environmental Protection","2",,,,,,,,,,
,,,,"Langor, D.W.","1",,,,,,,,,"Fire","2",,,,,,,,,,
,,,,"Lavoie, C.","1",,,,,,,,,"Foraging Behavior","2",,,,,,,,,,
,,,,"Leblanc, M.L.","1",,,,,,,,,"Forest Cover","2",,,,,,,,,,
,,,,"Lecina-Diaz, J.","1",,,,,,,,,"Forest Ecosystem","2",,,,,,,,,,
,,,,"Lecomte, N.","1",,,,,,,,,"Forest Fires","2",,,,,,,,,,
,,,,"Legault, S.","1",,,,,,,,,"Forestry Production","2",,,,,,,,,,
,,,,"Lesieur, D.","1",,,,,,,,,"Functional Group","2",,,,,,,,,,
,,,,"MacQuarrie, C.J.K.","1",,,,,,,,,"Fungi","2",,,,,,,,,,
,,,,"Magnan, P.","1",,,,,,,,,"Genetics","2",,,,,,,,,,
,,,,"Majchrzak, Y.N.","1",,,,,,,,,"Geography","2",,,,,,,,,,
,,,,"Margules, C.R.","1",,,,,,,,,"Growth","2",,,,,,,,,,
,,,,"Marrec, R.","1",,,,,,,,,"Holocene","2",,,,,,,,,,
,,,,"Martel, A.","1",,,,,,,,,"Invertebrata","2",,,,,,,,,,
,,,,"Mazerolle, M.J.","1",,,,,,,,,"Jack Pine","2",,,,,,,,,,
,,,,"McBeath, A.","1",,,,,,,,,"Lake","2",,,,,,,,,,
,,,,"McClay, A.","1",,,,,,,,,"Larix Laricina","2",,,,,,,,,,
,,,,"Messier, C.","1",,,,,,,,,"Logging (timber)","2",,,,,,,,,,
,,,,"Moilanen, A.","1",,,,,,,,,"Mammalia","2",,,,,,,,,,
,,,,"Murray, D.L.","1",,,,,,,,,"Mammals","2",,,,,,,,,,
,,,,"Nicholls, A.O.","1",,,,,,,,,"Molecular Genetics","2",,,,,,,,,,
,,,,"Paquette, A.","1",,,,,,,,,"Molecular Sequence Data","2",,,,,,,,,,
,,,,"Park, A.","1",,,,,,,,,"Morphotype","2",,,,,,,,,,
,,,,"Peers, M.J.L.","1",,,,,,,,,"Mortality","2",,,,,,,,,,
,,,,"Peter, B.","1",,,,,,,,,"Nonhuman","2",,,,,,,,,,
,,,,"Piché, Y.","1",,,,,,,,,"Ontario [Canada]","2",,,,,,,,,,
,,,,"Pickles, R.S.A.","1",,,,,,,,,"Paludification","2",,,,,,,,,,
,,,,"Pinel-Alloul, B.","1",,,,,,,,,"Phylogeny","2",,,,,,,,,,
,,,,"Planas, D.","1",,,,,,,,,"Phylogeography","2",,,,,,,,,,
,,,,"Pohl, G.R.","1",,,,,,,,,"Physiology","2",,,,,,,,,,
,,,,"Pontbriand-Pare, O.","1",,,,,,,,,"Picea","2",,,,,,,,,,
,,,,"Prégent, G.","1",,,,,,,,,"Picidae","2",,,,,,,,,,
,,,,"Purdon, M.","1",,,,,,,,,"Population Distribution","2",,,,,,,,,,
,,,,"Pybus, M.","1",,,,,,,,,"Population Dynamics","2",,,,,,,,,,
,,,,"Ramsfield, T.","1",,,,,,,,,"Population Size","2",,,,,,,,,,
,,,,"Raulier, F.","1",,,,,,,,,"Population Statistics","2",,,,,,,,,,
,,,,"Rayfield, B.","1",,,,,,,,,"Postglacial","2",,,,,,,,,,
,,,,"Regos, A.","1",,,,,,,,,"Regeneration","2",,,,,,,,,,
,,,,"Retana, J.","1",,,,,,,,,"Reserve Design","2",,,,,,,,,,
,,,,"Row, J.R.","1",,,,,,,,,"Root","2",,,,,,,,,,
,,,,"Royo, A.A.","1",,,,,,,,,"Sampling","2",,,,,,,,,,
,,,,"Ryall, K.","1",,,,,,,,,"Silviculture","2",,,,,,,,,,
,,,,"Sarakinos, H.","1",,,,,,,,,"Site Productivity","2",,,,,,,,,,
,,,,"Sarkar, S.","1",,,,,,,,,"Species Composition","2",,,,,,,,,,
,,,,"Savard, J.","1",,,,,,,,,"Species Distribution","2",,,,,,,,,,
,,,,"Scarr, T.","1",,,,,,,,,"Sphagnum","2",,,,,,,,,,
,,,,"Schmiegelow, F.K.A.","1",,,,,,,,,"Substrate","2",,,,,,,,,,
,,,,"Smolis, A.","1",,,,,,,,,"Sustainable Development","2",,,,,,,,,,
,,,,"Sokolski, S.","1",,,,,,,,,"Taiga","2",,,,,,,,,,
,,,,"Thiffault, N.","1",,,,,,,,,"Taxonomy","2",,,,,,,,,,
,,,,"Thornton, D.H.","1",,,,,,,,,"Temperate Forest","2",,,,,,,,,,
,,,,"Tremblay, F.","1",,,,,,,,,"Western Hemisphere","2",,,,,,,,,,
,,,,"Tremblay, J.A.","1",,,,,,,,,"World","2",,,,,,,,,,
,,,,"Tubert, A.","1",,,,,,,,,"Β-diversity","1",,,,,,,,,,
,,,,"Turgeon, J.","1",,,,,,,,,"Δ   O-δ   C  18 13","1",,,,,,,,,,
,,,,"Wehtje, M.","1",,,,,,,,,"Abitibi","1",,,,,,,,,,
,,,,"Widden, P.","1",,,,,,,,,"Abundance","1",,,,,,,,,,
,,,,"Yemshanov, D.","1",,,,,,,,,"Acari","1",,,,,,,,,,
,,,,"de Lafontaine, G.","1",,,,,,,,,"Accelerator Mass Spectrometry","1",,,,,,,,,,
,,,,,,,,,,,,,,"Acer Saccharum","1",,,,,,,,,,
,,,,,,,,,,,,,,"Aerial Photograph","1",,,,,,,,,,
,,,,,,,,,,,,,,"Aerobic Anoxygenic Phototrophic Bacteria","1",,,,,,,,,,
,,,,,,,,,,,,,,"Aerobic Bacterium","1",,,,,,,,,,
,,,,,,,,,,,,,,"Afforestation","1",,,,,,,,,,
,,,,,,,,,,,,,,"Agglomeration","1",,,,,,,,,,
,,,,,,,,,,,,,,"Aging","1",,,,,,,,,,
,,,,,,,,,,,,,,"Aging Of Materials","1",,,,,,,,,,
,,,,,,,,,,,,,,"Agricultural Landscapes","1",,,,,,,,,,
,,,,,,,,,,,,,,"Alberta","1",,,,,,,,,,
,,,,,,,,,,,,,,"Alpine Tundra","1",,,,,,,,,,
,,,,,,,,,,,,,,"Alternative Successional Pathways","1",,,,,,,,,,
,,,,,,,,,,,,,,"American Three-toed Woodpecker","1",,,,,,,,,,
,,,,,,,,,,,,,,"Analytical Method","1",,,,,,,,,,
,,,,,,,,,,,,,,"Animalia","1",,,,,,,,,,
,,,,,,,,,,,,,,"Anticosti Island","1",,,,,,,,,,
,,,,,,,,,,,,,,"Arctic-alpine Species","1",,,,,,,,,,
,,,,,,,,,,,,,,"Area Prioritization","1",,,,,,,,,,
,,,,,,,,,,,,,,"Area Selection","1",,,,,,,,,,
,,,,,,,,,,,,,,"Artificial Regeneration","1",,,,,,,,,,
,,,,,,,,,,,,,,"Assessment Method","1",,,,,,,,,,
,,,,,,,,,,,,,,"Avian Community","1",,,,,,,,,,
,,,,,,,,,,,,,,"Avifauna","1",,,,,,,,,,
,,,,,,,,,,,,,,"Bacillariophyta","1",,,,,,,,,,
