﻿Scopus refine results values

"Your query : ((TITLE-ABS-KEY((Boreal OR {James Bay} OR James-Bay OR {Clay Belt} OR {canadian shield}) AND Quebec) AND PUBYEAR > 1999 AND PUBYEAR < 2020) AND (TITLE-ABS-KEY(weather OR   Season* OR meteo*) AND PUBYEAR > 1999 AND PUBYEAR < 2020) AND (TITLE-ABS-KEY({Age structure}  OR  old-growth) AND PUBYEAR > 1999 AND PUBYEAR < 2020))"


Number of results : 5

"ACCESS TYPE",,"YEAR",,"AUTHOR NAME",,"SUBJECT AREA",,"DOCUMENT TYPE",,"PUBLICATION STAGE",,"SOURCE TITLE",,"KEYWORD",,"AFFILIATION",,"FUNDING SPONSOR",,"COUNTRY",,"SOURCE TYPE",,"LANGUAGE",
"Other","5","2017","1","Barrette, M.","1","Agricultural and Biological Sciences","4","Article","5","final","5","Ambio","1","Canada","5","Université Laval","3","Undefined","5","Canada","5","Journals","5","English","5"
,,"2011","1","Beaupré, P.","1","Environmental Science","4",,,,,"Canadian Journal Of Zoology","1","Abundance","3","Ministère de l‘Energie et des Ressources naturelles du Québec","3",,,"Argentina","1",,,,
,,"2008","1","Bergeron, Y.","1","Social Sciences","1",,,,,"Ecoscience","1","Boreal Forest","3","Canadian Forest Service","2",,,"South Africa","1",,,,
,,"2004","1","Boudreau, S.","1",,,,,,,"Forest Ecology And Management","1","North America","3","Natural Resources Canada","2",,,"United States","1",,,,
,,"2003","1","Brodeur, V.","1",,,,,,,"Silva Fennica","1","Old-growth Forest","3","Soc. la Faune et des Parcs du Que.","1",,,,,,,,
,,,,"Bélanger, L.","1",,,,,,,,,"Quebec [Canada]","3","Societe/faune des parc du Quebec","1",,,,,,,,
,,,,"Bélisle, A.C.","1",,,,,,,,,"Abies Balsamea","2","NSERC Northern Research Chair","1",,,,,,,,
,,,,"Courtois, R.","1",,,,,,,,,"Anticosti Island","2","USDA Forest Service","1",,,,,,,,
,,,,"Cyr, D.","1",,,,,,,,,"Balsam Fir","2","Universidad Nacional de Tucuman UNT","1",,,,,,,,
,,,,"De Grandpré, L.","1",,,,,,,,,"Biodiversity","2","Université du Québec à Rimouski","1",,,,,,,,
,,,,"Fortin, D.","1",,,,,,,,,"Cervidae","2","University of KwaZulu-Natal","1",,,,,,,,
,,,,"Gauthier, S.","1",,,,,,,,,"Ecosystems","2","Université du Québec en Outaouais","1",,,,,,,,
,,,,"Laprise, G.","1",,,,,,,,,"Forest Management","2","Université du Québec à Chicoutimi","1",,,,,,,,
,,,,"Morin, H.","1",,,,,,,,,"Forestry","2","Université du Québec à Montréal","1",,,,,,,,
,,,,"Morneau, C.","1",,,,,,,,,"Picea Glauca","2",,,,,,,,,,
,,,,"Ouellet, J.P.","1",,,,,,,,,"Picea Mariana","2",,,,,,,,,,
,,,,"Payette, S.","1",,,,,,,,,"Quebec","2",,,,,,,,,,
,,,,"Pitre, N.","1",,,,,,,,,"Rangifer Tarandus","2",,,,,,,,,,
,,,,"Potvin, F.","1",,,,,,,,,"White Spruce","2",,,,,,,,,,
,,,,"Royo, A.A.","1",,,,,,,,,"Ile D'Anticosti","1",,,,,,,,,,
,,,,,,,,,,,,,,"Abies","1",,,,,,,,,,
,,,,,,,,,,,,,,"Aerial Photograph","1",,,,,,,,,,
,,,,,,,,,,,,,,"Aerial Photos","1",,,,,,,,,,
,,,,,,,,,,,,,,"Age Class","1",,,,,,,,,,
,,,,,,,,,,,,,,"Alternative Successional Pathways","1",,,,,,,,,,
,,,,,,,,,,,,,,"Archival Data","1",,,,,,,,,,
,,,,,,,,,,,,,,"Bear","1",,,,,,,,,,
,,,,,,,,,,,,,,"Black Spruce-feather Moss","1",,,,,,,,,,
,,,,,,,,,,,,,,"Boreal Forests","1",,,,,,,,,,
,,,,,,,,,,,,,,"Bryophyta","1",,,,,,,,,,
,,,,,,,,,,,,,,"Burned Areas","1",,,,,,,,,,
,,,,,,,,,,,,,,"Canopy Gap","1",,,,,,,,,,
,,,,,,,,,,,,,,"Canopy Openness","1",,,,,,,,,,
,,,,,,,,,,,,,,"Climate Change","1",,,,,,,,,,
,,,,,,,,,,,,,,"Climatology","1",,,,,,,,,,
,,,,,,,,,,,,,,"Coniferous Tree","1",,,,,,,,,,
,,,,,,,,,,,,,,"Conservation Management","1",,,,,,,,,,
,,,,,,,,,,,,,,"Deer","1",,,,,,,,,,
,,,,,,,,,,,,,,"Deforestation","1",,,,,,,,,,
,,,,,,,,,,,,,,"Dendrochronology","1",,,,,,,,,,
,,,,,,,,,,,,,,"Distribution Modelling","1",,,,,,,,,,
,,,,,,,,,,,,,,"Dynamics","1",,,,,,,,,,
,,,,,,,,,,,,,,"Ecological Impact","1",,,,,,,,,,
,,,,,,,,,,,,,,"Ecology","1",,,,,,,,,,
,,,,,,,,,,,,,,"Ecosystem Management","1",,,,,,,,,,
,,,,,,,,,,,,,,"Ecosystem Resilience","1",,,,,,,,,,
,,,,,,,,,,,,,,"Evergreen Tree","1",,,,,,,,,,
,,,,,,,,,,,,,,"Failure","1",,,,,,,,,,
,,,,,,,,,,,,,,"Fire Behavior","1",,,,,,,,,,
,,,,,,,,,,,,,,"Fire Cycles","1",,,,,,,,,,
,,,,,,,,,,,,,,"Fire History","1",,,,,,,,,,
,,,,,,,,,,,,,,"Fire Regimes","1",,,,,,,,,,
,,,,,,,,,,,,,,"Fire Size","1",,,,,,,,,,
,,,,,,,,,,,,,,"Fires","1",,,,,,,,,,
,,,,,,,,,,,,,,"Forest Canopy","1",,,,,,,,,,
,,,,,,,,,,,,,,"Forest Cover","1",,,,,,,,,,
,,,,,,,,,,,,,,"Forest Diversity","1",,,,,,,,,,
,,,,,,,,,,,,,,"Forest Dynamics","1",,,,,,,,,,
,,,,,,,,,,,,,,"Forest Fires","1",,,,,,,,,,
,,,,,,,,,,,,,,"Gap Dynamics","1",,,,,,,,,,
,,,,,,,,,,,,,,"Habitat Fragmentation","1",,,,,,,,,,
,,,,,,,,,,,,,,"Habitat Selection","1",,,,,,,,,,
,,,,,,,,,,,,,,"Habitat Use","1",,,,,,,,,,
,,,,,,,,,,,,,,"Harvesting","1",,,,,,,,,,
,,,,,,,,,,,,,,"Hazard Models","1",,,,,,,,,,
,,,,,,,,,,,,,,"Herbivory","1",,,,,,,,,,
,,,,,,,,,,,,,,"Heterogeneity","1",,,,,,,,,,
,,,,,,,,,,,,,,"Historical Ecology","1",,,,,,,,,,
,,,,,,,,,,,,,,"Home Range","1",,,,,,,,,,
,,,,,,,,,,,,,,"Indigenous Population","1",,,,,,,,,,
,,,,,,,,,,,,,,"Insecta","1",,,,,,,,,,
,,,,,,,,,,,,,,"Intensive Agriculture","1",,,,,,,,,,
,,,,,,,,,,,,,,"Island","1",,,,,,,,,,
,,,,,,,,,,,,,,"Laurentian Mountains","1",,,,,,,,,,
,,,,,,,,,,,,,,"Laurentides Wildlife Reserve","1",,,,,,,,,,
,,,,,,,,,,,,,,"Logging (timber)","1",,,,,,,,,,
,,,,,,,,,,,,,,"Managers","1",,,,,,,,,,
,,,,,,,,,,,,,,"Meteorology","1",,,,,,,,,,
,,,,,,,,,,,,,,"Mortality","1",,,,,,,,,,
,,,,,,,,,,,,,,"Moss","1",,,,,,,,,,
,,,,,,,,,,,,,,"Novel Ecosystems","1",,,,,,,,,,
,,,,,,,,,,,,,,"Odocoileus Virginianus","1",,,,,,,,,,
,,,,,,,,,,,,,,"Old-growth","1",,,,,,,,,,
,,,,,,,,,,,,,,"Picea","1",,,,,,,,,,
,,,,,,,,,,,,,,"Population Statistics","1",,,,,,,,,,
,,,,,,,,,,,,,,"Quebec , Canada","1",,,,,,,,,,
,,,,,,,,,,,,,,"Range Size","1",,,,,,,,,,
,,,,,,,,,,,,,,"Rangifer Tarandus Caribou","1",,,,,,,,,,
,,,,,,,,,,,,,,"Reconstruction","1",,,,,,,,,,
,,,,,,,,,,,,,,"Reforestation","1",,,,,,,,,,
,,,,,,,,,,,,,,"Regeneration","1",,,,,,,,,,
,,,,,,,,,,,,,,"Regeneration Process","1",,,,,,,,,,
,,,,,,,,,,,,,,"Seasonal Variation","1",,,,,,,,,,
,,,,,,,,,,,,,,"Space Use","1",,,,,,,,,,
,,,,,,,,,,,,,,"Survival","1",,,,,,,,,,
,,,,,,,,,,,,,,"Survival Analysis","1",,,,,,,,,,
,,,,,,,,,,,,,,"Sustainable Development","1",,,,,,,,,,
,,,,,,,,,,,,,,"Timber Harvesting","1",,,,,,,,,,
,,,,,,,,,,,,,,"Timber Supply","1",,,,,,,,,,
,,,,,,,,,,,,,,"Tree Ring","1",,,,,,,,,,
,,,,,,,,,,,,,,"Understory","1",,,,,,,,,,
,,,,,,,,,,,,,,"Ursus Americanus","1",,,,,,,,,,
,,,,,,,,,,,,,,"Vegetation Cover","1",,,,,,,,,,
,,,,,,,,,,,,,,"Vegetation Dynamics","1",,,,,,,,,,
,,,,,,,,,,,,,,"Western Hemisphere","1",,,,,,,,,,
,,,,,,,,,,,,,,"White-tailed Deer","1",,,,,,,,,,
,,,,,,,,,,,,,,"Wildfire","1",,,,,,,,,,
,,,,,,,,,,,,,,"World","1",,,,,,,,,,
,,,,,,,,,,,,,,,,,,,,,,,,,
,,,,,,,,,,,,,,,,,,,,,,,,,
,,,,,,,,,,,,,,,,,,,,,,,,,
,,,,,,,,,,,,,,,,,,,,,,,,,
,,,,,,,,,,,,,,,,,,,,,,,,,
,,,,,,,,,,,,,,,,,,,,,,,,,
,,,,,,,,,,,,,,,,,,,,,,,,,
,,,,,,,,,,,,,,,,,,,,,,,,,
,,,,,,,,,,,,,,,,,,,,,,,,,
,,,,,,,,,,,,,,,,,,,,,,,,,
,,,,,,,,,,,,,,,,,,,,,,,,,
,,,,,,,,,,,,,,,,,,,,,,,,,
,,,,,,,,,,,,,,,,,,,,,,,,,
,,,,,,,,,,,,,,,,,,,,,,,,,
,,,,,,,,,,,,,,,,,,,,,,,,,
,,,,,,,,,,,,,,,,,,,,,,,,,
,,,,,,,,,,,,,,,,,,,,,,,,,
,,,,,,,,,,,,,,,,,,,,,,,,,
,,,,,,,,,,,,,,,,,,,,,,,,,
,,,,,,,,,,,,,,,,,,,,,,,,,
,,,,,,,,,,,,,,,,,,,,,,,,,
,,,,,,,,,,,,,,,,,,,,,,,,,
,,,,,,,,,,,,,,,,,,,,,,,,,
,,,,,,,,,,,,,,,,,,,,,,,,,
,,,,,,,,,,,,,,,,,,,,,,,,,
,,,,,,,,,,,,,,,,,,,,,,,,,
,,,,,,,,,,,,,,,,,,,,,,,,,
,,,,,,,,,,,,,,,,,,,,,,,,,
,,,,,,,,,,,,,,,,,,,,,,,,,
,,,,,,,,,,,,,,,,,,,,,,,,,
,,,,,,,,,,,,,,,,,,,,,,,,,
,,,,,,,,,,,,,,,,,,,,,,,,,
,,,,,,,,,,,,,,,,,,,,,,,,,
,,,,,,,,,,,,,,,,,,,,,,,,,
,,,,,,,,,,,,,,,,,,,,,,,,,
,,,,,,,,,,,,,,,,,,,,,,,,,
,,,,,,,,,,,,,,,,,,,,,,,,,
,,,,,,,,,,,,,,,,,,,,,,,,,
,,,,,,,,,,,,,,,,,,,,,,,,,
,,,,,,,,,,,,,,,,,,,,,,,,,
,,,,,,,,,,,,,,,,,,,,,,,,,
,,,,,,,,,,,,,,,,,,,,,,,,,
,,,,,,,,,,,,,,,,,,,,,,,,,
,,,,,,,,,,,,,,,,,,,,,,,,,
,,,,,,,,,,,,,,,,,,,,,,,,,
,,,,,,,,,,,,,,,,,,,,,,,,,
,,,,,,,,,,,,,,,,,,,,,,,,,
,,,,,,,,,,,,,,,,,,,,,,,,,
,,,,,,,,,,,,,,,,,,,,,,,,,
,,,,,,,,,,,,,,,,,,,,,,,,,
,,,,,,,,,,,,,,,,,,,,,,,,,
,,,,,,,,,,,,,,,,,,,,,,,,,
