﻿Scopus refine results values

"Your query : ((TITLE-ABS-KEY((Boreal OR {James Bay} OR James-Bay OR {Clay Belt} OR {canadian shield}) AND (Canada OR Quebec OR Ontario OR newfoundland OR Alberta OR British-Columbia) ) AND PUBYEAR > 1999 AND PUBYEAR < 2020) AND (TITLE-ABS-KEY(weather OR   Season* OR meteo*) AND PUBYEAR > 1999 AND PUBYEAR < 2020) AND (TITLE-ABS-KEY( soil  OR  ground  OR  {woody debris}  OR  microtopography  OR  micro-topography  AND NOT  {sediment core}  OR  {breeding ground}  OR  {spawning ground} ) AND PUBYEAR > 1999 AND PUBYEAR < 2020))"


Number of results : 403

"ACCESS TYPE",,"YEAR",,"AUTHOR NAME",,"SUBJECT AREA",,"DOCUMENT TYPE",,"PUBLICATION STAGE",,"SOURCE TITLE",,"KEYWORD",,"AFFILIATION",,"FUNDING SPONSOR",,"COUNTRY",,"SOURCE TYPE",,"LANGUAGE",
"Open Access","72","2019","20","Bergeron, Y.","23","Agricultural and Biological Sciences","218","Article","362","final","403","Forest Ecology And Management","32","Canada","307","Canadian Forest Service","69","Natural Sciences and Engineering Research Council of Canada","92","Canada","350","Journals","381","English","401"
"Other","331","2018","23","Black, T.A.","19","Biochemistry, Genetics and Molecular Biology","24","Conference Paper","28",,,"Canadian Journal Of Forest Research","25","Boreal Forest","186","University of Alberta","66","National Aeronautics and Space Administration","12","United States","102","Conference Proceedings","16","French","2"
,,"2017","17","Chen, J.M.","18","Business, Management and Accounting","1","Review","8",,,"Global Change Biology","17","Forestry","141","Environment Canada","50","Canadian Foundation for Climate and Atmospheric Sciences","10","China","19","Books","5",,
,,"2016","27","Barr, A.G.","14","Chemistry","2","Book Chapter","5",,,"Hydrological Processes","14","North America","106","University of Toronto","34","Shell Canada","10","United Kingdom","18","Trade Publications","1",,
,,"2015","21","Devito, K.J.","10","Computer Science","9",,,,,"Agricultural And Forest Meteorology","13","Climate Change","82","Northern Forestry Centre","33","Suncor Energy Incorporated","10","Germany","12",,,,
,,"2014","25","Morin, H.","10","Decision Sciences","2",,,,,"Atmospheric Chemistry And Physics","13","Soils","77","The University of British Columbia","29","Natural Resources Canada","9","France","11",,,,
,,"2013","24","Price, J.S.","10","Earth and Planetary Sciences","141",,,,,"Tree Physiology","10","Picea Mariana","69","Natural Resources Canada","27","Canadian Forest Service","8","Sweden","8",,,,
,,"2012","25","Houle, D.","9","Energy","2",,,,,"Ecological Modelling","9","Alberta","60","Université Laval","26","Environment Canada","8","Australia","5",,,,
,,"2011","16","Petrone, R.M.","9","Engineering","12",,,,,"Journal Of Geophysical Research Atmospheres","9","Growing Season","57","Universite du Quebec en Abitibi-Temiscamingue","25","National Science Foundation","8","Japan","5",,,,
,,"2010","26","Landhäusser, S.M.","8","Environmental Science","244",,,,,"Canadian Journal Of Soil Science","8","Soil Moisture","55","University of Waterloo","22","Fonds QuÃ©bÃ©cois de la Recherche sur la Nature et les Technologies","6","Russian Federation","5",,,,
,,"2009","20","McCaughey, J.H.","8","Immunology and Microbiology","9",,,,,"New Forests","8","Carbon Dioxide","47","Université du Québec à Montréal","21","Fonds de recherche du QuÃ©bec â Nature et technologies","6","Finland","4",,,,
,,"2008","23","Nesic, Z.","7","Materials Science","2",,,,,"Remote Sensing Of Environment","8","Seasonal Variation","46","Queen's University, Kingston","16","Canada Foundation for Innovation","5","Italy","4",,,,
,,"2007","14","Paré, D.","7","Medicine","3",,,,,"Forestry Chronicle","7","Soil","46","University of Saskatchewan","14","National Oceanic and Atmospheric Administration","5","New Zealand","4",,,,
,,"2006","21","Quinton, W.L.","7","Multidisciplinary","9",,,,,"Plos One","7","Boreal Forests","41","Wilfrid Laurier University","13","Parks Canada","5","Switzerland","4",,,,
,,"2005","25","Barr, A.","6","Pharmacology, Toxicology and Pharmaceutics","1",,,,,"Ecohydrology","6","Ecosystems","41","McGill University","11","Agriculture and Agri-Food Canada","4","Netherlands","3",,,,
,,"2004","17","Flannigan, M.D.","6","Physics and Astronomy","3",,,,,"Ecological Engineering","6","Picea","41","Canada Centre for Remote Sensing","11","Canadian Space Agency","4","South Korea","3",,,,
,,"2003","19","Grant, R.F.","6","Social Sciences","5",,,,,"Ecosystems","6","Vegetation","41","Pacific Forestry Centre","11","Institute for Biodiversity, Ecosystem Science, and Sustainability","4","Belgium","2",,,,
,,"2002","9","Kurz, W.A.","6",,,,,,,"Global Biogeochemical Cycles","6","Wetlands","40","Ministère de l‘Energie et des Ressources naturelles du Québec","11","Ministry of Natural Resources","4","Mexico","2",,,,
,,"2001","15","Lieffers, V.J.","6",,,,,,,"Science Of The Total Environment","6","Soil Temperature","38","Great Lakes Forestry Centre","10","National Natural Science Foundation of China","4","Argentina","1",,,,
,,"2000","16","Rossi, S.","6",,,,,,,"Soil Biology And Biochemistry","6","Remote Sensing","37","NASA Goddard Space Flight Center","10","Natural Environment Research Council","3","Burkina Faso","1",,,,
,,,,"Strack, M.","6",,,,,,,"Applied Geochemistry","5","Peatland","36","University of Manitoba","10","Research and Development Corporation of Newfoundland and Labrador","3","Czech Republic","1",,,,
,,,,"Thompson, D.K.","6",,,,,,,"International Geoscience And Remote Sensing Symposium IGARSS","5","Coniferous Tree","35","Université du Québec à Chicoutimi","10","University of Alberta","3","Hong Kong","1",,,,
,,,,"Wofsy, S.C.","6",,,,,,,"Journal Of Geophysical Research Biogeosciences","5","Populus Tremuloides","35","University of Lethbridge","10","Alberta Conservation Association","2","Iran","1",,,,
,,,,"Arain, M.A.","5",,,,,,,"Journal Of Hydrology","5","Evapotranspiration","34","McMaster University","10","Alberta Innovates - Technology Futures","2","Norway","1",,,,
,,,,"Bernier, M.","5",,,,,,,"Trees Structure And Function","4","Harvesting","34","University of Wisconsin-Madison","10","BIOCAP Canada","2","South Africa","1",,,,
,,,,"Bernier, P.Y.","5",,,,,,,"Biogeochemistry","3","Carbon","33","McMaster University, Faculty of Science","10","Campus Alberta Neuroscience","2","Spain","1",,,,
,,,,"Côté, B.","5",,,,,,,"Canadian Journal Of Earth Sciences","3","Quebec [Canada]","33","Agriculture et Agroalimentaire Canada","9","Canada Research Chairs","2","Undefined","1",,,,
,,,,"Derksen, C.","5",,,,,,,"Climate Dynamics","3","Article","32","National Oceanic and Atmospheric Administration","9","Deutscher Akademischer Austauschdienst","2",,,,,,
,,,,"Duchesne, L.","5",,,,,,,"Climatic Change","3","Forests","32","Trent University","9","Environment and Climate Change Canada","2",,,,,,
,,,,"Flanagan, L.B.","5",,,,,,,"Environmental Monitoring And Assessment","3","Pinus Banksiana","32","Jet Propulsion Laboratory","8","European Commission","2",,,,,,
,,,,"Gaumont-Guay, D.","5",,,,,,,"Environmental Reviews","3","Forest Fire","31","Harvard University","8","Forest Genetics Council of British Columbia","2",,,,,,
,,,,"Girardin, M.P.","5",,,,,,,"Forests","3","Fires","30","University of Guelph","8","Government of Canada","2",,,,,,
,,,,"Gonsamo, A.","5",,,,,,,"IAHS AISH Publication","3","Eddy Covariance","28","Chinese Academy of Sciences","8","Imperial Oil Limited","2",,,,,,
,,,,"Gower, S.T.","5",,,,,,,"IEEE Transactions On Geoscience And Remote Sensing","3","Groundwater","28","University of Ottawa, Canada","8","Institute for Wetland and Waterfowl Research, Ducks Unlimited Canada","2",,,,,,
,,,,"Kljun, N.","5",,,,,,,"Journal Of Hydrometeorology","3","Carbon Flux","27","California Institute of Technology","8","Jet Propulsion Laboratory","2",,,,,,
,,,,"Liu, J.","5",,,,,,,"Remote Sensing","3","Hydrology","27","University of Montreal","7","Ministère des Ressources Naturelles et de la Faune","2",,,,,,
,,,,"Turetsky, M.R.","5",,,,,,,"Atmosphere Ocean","2","Nitrogen","27","Université de Sherbrooke","7","National Eye Research Centre","2",,,,,,
,,,,"Xu, B.","5",,,,,,,"Atmospheric Environment","2","Boreal","26","Dalhousie University","7","Polar Knowledge Canada","2",,,,,,
,,,,"Amiro, B.D.","4",,,,,,,"Biogeosciences","2","Manitoba","26","INRS- Centre Eau, Terre &amp; Environnement","7","Tembec","2",,,,,,
,,,,"Baltzer, J.L.","4",,,,,,,"Canadian Journal Of Microbiology","2","Wildfire","26","Consortium Ouranos, Canada","7","U.S. Department of Energy","2",,,,,,
,,,,"Bernath, P.F.","4",,,,,,,"Canadian Journal Of Zoology","2","Air Temperature","25","University of Calgary","6","U.S. Geological Survey","2",,,,,,
,,,,"Chang, S.X.","4",,,,,,,"Dendrochronologia","2","Ecology","25","USDA Forest Service","6","University of British Columbia","2",,,,,,
,,,,"Chasmer, L.","4",,,,,,,"Ecological Applications","2","Moisture","25","Ontario Ministry of Natural Resources","6","University of Toronto","2",,,,,,
,,,,"D'Orangeville, L.","4",,,,,,,"Ecoscience","2","Temperature","25","University of Alaska Fairbanks","6","Academy of Finland","1",,,,,,
,,,,"Deslauriers, A.","4",,,,,,,"Environmental Research Letters","2","Photosynthesis","24","Carleton University","6","Advanced Scientific Computing Research","1",,,,,,
,,,,"Duck, T.J.","4",,,,,,,"Geochimica Et Cosmochimica Acta","2","Picea Glauca","23","Memorial University of Newfoundland","6","Agrium","1",,,,,,
,,,,"Dunn, A.L.","4",,,,,,,"IEEE Journal Of Selected Topics In Applied Earth Observations And Remote Sensing","2","Coniferous Forest","22","Lakehead University","6","Alberta Ingenuity Centre for Water Research","1",,,,,,
,,,,"Franklin, J.E.","4",,,,,,,"Journal Of Biogeography","2","Disturbance","22","University of Edinburgh","6","Arctic Institute of North America","1",,,,,,
,,,,"Jassal, R.S.","4",,,,,,,"Journal Of Environmental Engineering And Science","2","Saskatchewan","22","Institut National de la Recherche Scientifique","6","Atlantic Canada Opportunities Agency","1",,,,,,
,,,,"Ju, W.","4",,,,,,,"Journal Of Geophysical Research D Atmospheres","2","United States","22","University of Colorado Boulder","5","Australian Egg Corporation Limited","1",,,,,,
,,,,"Krishnan, P.","4",,,,,,,"Northern Journal Of Applied Forestry","2","Biomass","21","Le réseau de l'Université du Québec","5","British Geological Survey","1",,,,,,
,,,,"Margolis, H.A.","4",,,,,,,"Photogrammetric Engineering And Remote Sensing","2","Black Spruce","21","University of York","5","Bundesministerium fÃ¼r Bildung und Forschung","1",,,,,,
,,,,"Morgenstern, K.","4",,,,,,,"Tellus Series B Chemical And Physical Meteorology","2","Coniferophyta","21","University of Winnipeg","5","Bundesministerium fÃ¼r Bildung und Frauen","1",,,,,,
,,,,"Palmer, P.I.","4",,,,,,,"Water Resources Research","2","Growth Rate","21","Geological Survey of Canada","5","CANDU Owners Group","1",,,,,,
,,,,"Poulin, J.","4",,,,,,,"26th Conference On Agricultural And Forest Meteorology","1","Snow","21","University of Maryland","5","California Institute of Technology","1",,,,,,
,,,,"Prepas, E.E.","4",,,,,,,"Agriculture Ecosystems And Environment","1","Carbon Cycle","20","University of Montana","5","Canada Economic Development for Quebec Regions","1",,,,,,
,,,,"Price, D.T.","4",,,,,,,"Ambio","1","Forest Management","20","Ministry of Forests and Range","5","Canadian Natural Resources Limited","1",,,,,,
,,,,"Quideau, S.A.","4",,,,,,,"American Society Of Mining And Reclamation 24th National Meetings Of The American Society Of Mining And Reclamation 2007 30 Years Of Smcra And Beyond","1","Landforms","20","Helsingin Yliopisto","4","Canadian Nuclear Safety Commission","1",,,,,,
,,,,"Thiffault, N.","4",,,,,,,"Annals Of Botany","1","Permafrost","20","Université du Québec à Rimouski","4","Cenovus Energy","1",,,,,,
,,,,"Walker, K.A.","4",,,,,,,"Annals Of Forest Science","1","Soil Respiration","20","University of California, Irvine","4","CentralfÃ¶rbundet fÃ¶r Socialt Arbete","1",,,,,,
,,,,"Benscoter, B.W.","3",,,,,,,"Applied Soil Ecology","1","World","20","Cooperative Institute for Research in Environmental Sciences","4","Chinese Academy of Sciences","1",,,,,,
,,,,"Bhatti, J.S.","3",,,,,,,"Applied Vegetation Science","1","Deciduous Forest","19","University of Wyoming","4","ConocoPhillips","1",,,,,,
,,,,"Brais, S.","3",,,,,,,"Archives Of Environmental Contamination And Toxicology","1","Drought","19","United States Geological Survey","4","Department for Business, Energy and Industrial Strategy, UK Government","1",,,,,,
,,,,"Bronson, D.R.","3",,,,,,,"Arctic","1","Regeneration","19","University of Northern British Columbia","4","Ecological Society of America","1",,,,,,
,,,,"Burn, C.R.","3",,,,,,,"Arctic Antarctic And Alpine Research","1","Runoff","19","University of Washington, Seattle","4","Environmental Protection Agency","1",,,,,,
,,,,"Chisholm, L.","3",,,,,,,"Atmospheric And Oceanic Optics","1","Seasons","19","Ontario Forest Research Institute","4","European Space Agency","1",,,,,,
,,,,"Comeau, P.G.","3",,,,,,,"Auk","1","Water Table","19","Conseil de recherches en sciences naturelles et en génie du Canada","4","Fonds Québécois de la Recherche sur la Nature et les Technologies","1",,,,,,
,,,,"Cumming, S.G.","3",,,,,,,"Biodiversity And Conservation","1","Western Hemisphere","19","Government of the Northwest Territories","4","Foundation for Community Association Research","1",,,,,,
,,,,"Curry, K.R.","3",,,,,,,"Biology And Fertility Of Soils","1","Carbon Sequestration","18","State Key Laboratory of Remote Sensing Science","4","Global Institute for Water Security, University of Saskatchewan","1",,,,,,
,,,,"Dan, L.","3",,,,,,,"Botany","1","Computer Simulation","18","Ministère des Forêts de la Faune et des Parcs","3","Graduate School, Purdue University","1",,,,,,
,,,,"DesRochers, A.","3",,,,,,,"Bryologist","1","Forest","18","University of Victoria","3","HEC Montréal","1",,,,,,
,,,,"Drobyshev, I.","3",,,,,,,"Canadian Entomologist","1","Global Warming","18","Old Dominion University","3","Helmholtz Association","1",,,,,,
,,,,"Errington, R.C.","3",,,,,,,"Canadian Journal Of Botany","1","Oil Sands","18","CNRS Centre National de la Recherche Scientifique","3","Horizon 2020 Framework Programme","1",,,,,,
,,,,"Flannigan, M.","3",,,,,,,"Canadian Journal Of Civil Engineering","1","Peat","18","Purdue University","3","Hydro-QuÃ©bec","1",,,,,,
,,,,"Fredeen, A.L.","3",,,,,,,"Canadian Journal Of Remote Sensing","1","Nutrients","17","Western University","3","Institute at Brown for Environment and Society, Brown University","1",,,,,,
,,,,"Gauthier, S.","3",,,,,,,"Canadian Water Resources Journal","1","Plants (botany)","17","University of Leeds","3","Institute of Infection and Immunity","1",,,,,,
,,,,"Gibson, M.D.","3",,,,,,,"Carbon Balance And Management","1","Reforestation","17","Oregon State University","3","Inter-American Institute for Global Change Research","1",,,,,,
,,,,"Griffin, D.","3",,,,,,,"Cold Region Atmospheric And Hydrologic Studies The Mackenzie Gewex Experience Volume 1 Atmospheric Dynamics","1","Catchments","16","Alberta Research Council","3","International Association for Identification","1",,,,,,
,,,,"Hall, R.J.","3",,,,,,,"Cold Regions Science And Technology","1","Climate Effect","16","United States Geological Survey Western Region","3","Janssen Research and Development","1",,,,,,
,,,,"Hopkinson, C.","3",,,,,,,"Diversity And Distributions","1","Climatology","16","Siberian Branch, Russian Academy of Sciences","3","Joint Institute for the Study of the Atmosphere and Ocean","1",,,,,,
,,,,"Hopper, J.T.","3",,,,,,,"Earth System Science Data","1","Fire","16","Florida Atlantic University","3","Lung Association, Alberta and NWT","1",,,,,,
,,,,"Hély, C.","3",,,,,,,"Ecological Indicators","1","Meteorology","16","Polytechnique Montréal","3","Luonnontieteiden ja Tekniikan Tutkimuksen Toimikunta","1",,,,,,
,,,,"Kalantari, P.","3",,,,,,,"Ecological Research","1","Populus","16","Max Planck Institute for Biogeochemistry","3","Major Science and Technology Project of Hainan Province","1",,,,,,
,,,,"Kimball, J.S.","3",,,,,,,"Ecology","1","Respiration","16","University of Virginia","3","Manitoba Hydro","1",,,,,,
,,,,"Kliever, J.","3",,,,,,,"Ecology And Evolution","1","Season","16","Hydro-Quebec","3","Memorial University of Newfoundland","1",,,,,,
,,,,"Kokelj, S.V.","3",,,,,,,"Encyclopedia Of Inland Waters","1","Soil Water","16","National Institute of Advanced Industrial Science and Technology","3","Ministry of Agriculture - Saskatchewan","1",,,,,,
,,,,"Lafleur, P.M.","3",,,,,,,"Environmental Earth Sciences","1","Trees","16","University of California, Berkeley","3","Ministry of Environment","1",,,,,,
,,,,"Lesins, G.","3",,,,,,,"Environmental Science And Pollution Research","1","Wetland","16","ETH Zürich","3","Ministry of the Environment, Government of Japan","1",,,,,,
,,,,"Li, Z.","3",,,,,,,"Environmental Science And Technology","1","Abies Balsamea","15","European Centre for Medium-Range Weather Forecasts","3","MinistÃ¨re des ForÃªts, de la Faune et des Parcs","1",,,,,,
,,,,"Macrae, M.L.","3",,,,,,,"Erdkunde","1","Atmospheric Chemistry","15","Sveriges lantbruksuniversitet","3","MinistÃ¨re des Ressources Naturelles et de la Faune","1",,,,,,
,,,,"McDonald, K.C.","3",,,,,,,"European Space Agency Special Publication ESA SP","1","Forest Ecosystem","15","Naval Research Laboratory","3","Mitacs","1",,,,,,
,,,,"Mendoza, C.","3",,,,,,,"Field Crops Research","1","Forest Floor","15","Nanjing University","3","National Basic Research Program of China (973 Program)","1",,,,,,
,,,,"Messier, C.","3",,,,,,,"Forest Science","1","Leaf Area Index","15","Laboratoire Atmosphères, Milieux, Observations Spatiales","3","National Research Council Canada","1",,,,,,
,,,,"Moroni, M.T.","3",,,,,,,"Frontiers In Environmental Science","1","Mathematical Models","15","International Center for Bamboo and Rattan","2","National Root Crops Research Institute","1",,,,,,
,,,,"Munir, T.M.","3",,,,,,,"Frontiers In Plant Science","1","Net Ecosystem Exchange","15","Measurement Systems Technology","2","Nature Conservancy of Canada","1",,,,,,
,,,,"Munson, A.D.","3",,,,,,,"Geoderma","1","Northwest Territories","15","Ontario Ministry of Environment and Climate Change","2","Northern Arizona University","1",,,,,,
,,,,"Parrington, M.","3",,,,,,,"Global Ecology And Biogeography","1","Plants","15","NAIT Boreal Research Institute","2","Northern Michigan University","1",,,,,,
,,,,"Payette, S.","3",,,,,,,"Ground Water","1","Alaska","14","Villanova University","2","Northern Research Station","1",,,,,,
,,,,"Pierce, J.R.","3",,,,,,,"Herpetological Conservation And Biology","1","Bryophyta","14","Université libre de Bruxelles ULB","2","Office of Science","1",,,,,,
,,,,"Pinno, B.D.","3",,,,,,,"Hydrology And Earth System Sciences","1","Environmental Monitoring","14","NASA Langley Research Center","2","Ontario Ministry of Natural Resources and Forestry","1",,,,,,
,,,,"Rousseau, A.N.","3",,,,,,,"Hydrology And Management Of Forested Wetlands Proceeding Of The International Conference","1","Numerical Model","14","Science Systems and Applications, Inc. SSAI","2","Organization of American States","1",,,,,,
,,,,"Saigusa, N.","3",,,,,,,"IEEE Geoscience And Remote Sensing Letters","1","Reclamation","14","Sorbonne Universite","2","Seventh Framework Programme","1",,,,,,
,,,,"Schiff, S.L.","3",,,,,,,"ISPRS Journal Of Photogrammetry And Remote Sensing","1","Soil Carbon","14","Universities Space Research Association","2","Swedish Foundation for International Cooperation in Research and Higher Education","1",,,,,,
,,,,"Silins, U.","3",,,,,,,"International Archives Of The Photogrammetry Remote Sensing And Spatial Information Sciences ISPRS Archives","1","British Columbia","13","Princeton University","2","University of Guelph","1",,,,,,
,,,,"Spence, C.","3",,,,,,,"International Journal Of Climatology","1","Carbon Balance","13","University of Manchester","2","University of Lethbridge","1",,,,,,
,,,,"Strong, K.","3",,,,,,,"International Journal Of Environmental Research And Public Health","1","Decomposition","13","Uppsala Universitet","2","University of North Carolina at Charlotte","1",,,,,,
,,,,"Sutton, R.F.","3",,,,,,,"International Journal Of Mining Reclamation And Environment","1","Ecosystem Modeling","13","Forestry Tasmania","2","University of Virginia","1",,,,,,
,,,,"Wang, S.","3",,,,,,,"International Journal Of Remote Sensing","1","Forest Soil","13","Swansea University","2","University of Washington","1",,,,,,
,,,,"Wotton, B.M.","3",,,,,,,"International Journal Of Technology Knowledge And Society","1","Precipitation (climatology)","13","Ruhr-Universitat Bochum","2","UniversitÃ© du QuÃ©bec en Abitibi-TÃ©miscamingue","1",,,,,,
,,,,"Wu, C.","3",,,,,,,"International Journal Of Wildland Fire","1","Precipitation (meteorology)","13","Canadian Nuclear Safety Commission","2","Université du Québec à Chicoutimi","1",,,,,,
,,,,"Wu, J.","3",,,,,,,"Intraplate Earthquakes","1","Rain","13","Freshwater Institute, Fisheries and Oceans Canada","2","Weyerhaeuser Company","1",,,,,,
,,,,"Abboud, I.","2",,,,,,,"Iop Conference Series Earth And Environmental Science","1","Taiga","13","Colorado State University","2","Undefined","250",,,,,,
,,,,"Alexander, M.E.","2",,,,,,,"Journal Of Agricultural Meteorology","1","Vegetation Cover","13","Universite de Moncton","2",,,,,,,,
,,,,"Alstad, K.P.","2",,,,,,,"Journal Of Ecology","1","Annual Variation","12","University of Montana Missoula","2",,,,,,,,
,,,,"Asselin, H.","2",,,,,,,"Journal Of Environmental Informatics","1","Atmospheric Temperature","12","Manaaki Whenua - Landcare Research","2",,,,,,,,
,,,,"Bartlett, P.","2",,,,,,,"Journal Of Environmental Management","1","Biodiversity","12","Athabasca University","2",,,,,,,,
,,,,"Bedford, L.","2",,,,,,,"Journal Of Limnology","1","Canadian Shield","12","San Diego State University","2",,,,,,,,
,,,,"Bergeron, O.","2",,,,,,,"Journal Of Plant Ecology","1","Chemistry","12","Université du Québec en Outaouais","2",,,,,,,,
,,,,"Berninger, F.","2",,,,,,,"Journal Of Range Management","1","Data Set","12","Worcester State University","2",,,,,,,,
,,,,"Bhatti, J.","2",,,,,,,"Journal Of Vegetation Science","1","Deciduous Tree","12","Russian Academy of Sciences","2",,,,,,,,
,,,,"Bond-Lamberty, B.","2",,,,,,,"Journal Of Wildlife Management","1","Environmental Disturbance","12","Northern Arizona University","2",,,,,,,,
,,,,"Boonstra, R.","2",,,,,,,"Management Of Mountain Watersheds","1","Forest Fires","12","Oak Ridge National Laboratory","2",,,,,,,,
,,,,"Bork, E.W.","2",,,,,,,"Marine And Freshwater Research","1","Greenhouse Effect","12","Centre d'Etudes Spatiales de la Biosphère","2",,,,,,,,
,,,,"Burke, J.M.","2",,,,,,,"NCASI Technical Bulletin","1","Jack Pine","12","University of Michigan, Ann Arbor","2",,,,,,,,
,,,,"Béland, M.","2",,,,,,,"Natural Hazards And Earth System Sciences","1","Lakes","12","University of California, Los Angeles","2",,,,,,,,
,,,,"Carey, S.K.","2",,,,,,,"Nordic Hydrology","1","Net Ecosystem Production","12","University of New Hampshire Durham","2",,,,,,,,
,,,,"Chanasyk, D.S.","2",,,,,,,"Oikos","1","Organic Carbon","12","École Pratique des Hautes Etudes","2",,,,,,,,
,,,,"Chasmer, L.E.","2",,,,,,,"Pedobiologia","1","Physiology","12","Chengdu Institute of Biology Chinese Academy of Sciences","2",,,,,,,,
,,,,"Chen, B.","2",,,,,,,"Permafrost And Periglacial Processes","1","Radiometers","12","University of Minnesota","2",,,,,,,,
,,,,"Chen, H.","2",,,,,,,"Pfg Journal Of Photogrammetry Remote Sensing And Geoinformation Science","1","Regression Analysis","12","Southern Illinois University at Carbondale","2",,,,,,,,
,,,,"Chen, W.","2",,,,,,,"Phenology Of Ecosystem Processes Applications In Global Change Research","1","Snow Cover","12","Universite de Versailles Saint-Quentin-en-Yvelines","2",,,,,,,,
,,,,"Cho, S.","2",,,,,,,"Physics And Chemistry Of The Earth","1","Tree","12","Institute of Geographical Sciences and Natural Resources Research Chinese Academy of Sciences","2",,,,,,,,
,,,,"Cihlar, J.","2",,,,,,,"Plant And Soil","1","Water Supply","12","Michigan State University","2",,,,,,,,
,,,,"Clark, I.D.","2",,,,,,,"Proceedings Annual Conference Canadian Society For Civil Engineering","1","Abies","11","United States Department of Agriculture","2",,,,,,,,
,,,,"Clerbaux, C.","2",,,,,,,"Radiochimica Acta","1","Biogeochemistry","11","Universidad Nacional Autónoma de México","2",,,,,,,,
,,,,"Coheur, P.F.","2",,,,,,,"Rast 2005 Proceedings Of 2nd International Conference On Recent Advances In Space Technologies","1","Chronosequence","11","York University","2",,,,,,,,
,,,,"Coops, N.C.","2",,,,,,,"Restoration Ecology","1","Climate","11","McGill University, Macdonald Campus","2",,,,,,,,
,,,,"Courchesne, F.","2",,,,,,,"Revue Des Sciences De L Eau","1","Climate Models","11","Leibniz-Zentrum für Agrarlandschaftsforschung ZALF e. V.","2",,,,,,,,
,,,,"Coursolle, C.","2",,,,,,,"Russian Journal Of Ecology","1","Ecosystem","11","Government of Alberta","2",,,,,,,,
,,,,"Croft, H.","2",,,,,,,"Scandinavian Journal Of Forest Research","1","Experimental Study","11","Centre d'étude de la forêt, Montreal","2",,,,,,,,
,,,,"Day, N.J.","2",,,,,,,"Science","1","Hydrological Modeling","11","Vancouver Island University","2",,,,,,,,
,,,,"Dillon, P.J.","2",,,,,,,"Scientific Reports","1","Land Reclamation","11","Sukachev Institute of Forest of the Siberian Branch of the RAS","2",,,,,,,,
,,,,"Drummond, J.R.","2",,,,,,,"Silva Fennica","1","MODIS","11","Woods Hole Research Center","2",,,,,,,,
,,,,"Elmes, M.C.","2",,,,,,,"Soil And Tillage Research","1","Nonhuman","11","Atmospheric Research","1",,,,,,,,
,,,,"Elshorbagy, A.","2",,,,,,,"Soil Science Society Of America Journal","1","Ontario","11","Ministère des Forêts de la Faune et des Parcs du Québec","1",,,,,,,,
,,,,"Fraser, R.H.","2",,,,,,,"Studies In Mycology","1","Ontario [Canada]","11","Ridgetown College of Agricultural Technology","1",,,,,,,,
,,,,"Gagnon, C.","2",,,,,,,"Tree Ring Research","1","Peatlands","11","Symbios Research and Restoration","1",,,,,,,,
,,,,"Gauthier, Y.","2",,,,,,,"Wetlands Ecology And Management","1","Phenology","11","Grande Prairie Regional College","1",,,,,,,,
,,,,"Germida, J.J.","2",,,,,,,,,"Priority Journal","11","Ctr. Rech. Devmt. sur les Sols G.","1",,,,,,,,
,,,,"Gherboudj, I.","2",,,,,,,,,"Productivity","11","Millar Western Forest Products Ltd.","1",,,,,,,,
,,,,"Gibson, J.J.","2",,,,,,,,,"Seedling","11","New Dendrology Inc.","1",,,,,,,,
,,,,"Gong, P.","2",,,,,,,,,"Seedling Establishment","11","Duke Engineering and Services","1",,,,,,,,
,,,,"Goulden, M.L.","2",,,,,,,,,"Survival","11","Milton Scientific","1",,,,,,,,
,,,,"Grant, N.J.","2",,,,,,,,,"Thawing","11","Birch Point Enterprises","1",,,,,,,,
,,,,"Griffis, T.J.","2",,,,,,,,,"Water","11","NorthWind Land Resources Inc.","1",,,,,,,,
,,,,"Guindon, L.","2",,,,,,,,,"Watersheds","11","Ministère des Forêts","1",,,,,,,,
,,,,"Harden, J.W.","2",,,,,,,,,"Controlled Study","10","Terra Systems Research","1",,,,,,,,
,,,,"Hazlett, P.W.","2",,,,,,,,,"Evaporation","10","GGP Inc.","1",,,,,,,,
,,,,"Helbig, M.","2",,,,,,,,,"Growth","10","Institut de l'Environnement et de Recherches Agricoles","1",,,,,,,,
,,,,"Hynes, H.M.","2",,,,,,,,,"Isotopes","10","Lands Administration","1",,,,,,,,
