﻿Scopus refine results values

"Your query : ((TITLE-ABS-KEY((Boreal OR {James Bay} OR James-Bay OR {Clay Belt} OR {canadian shield}) AND (Canada OR Quebec OR Ontario OR newfoundland OR Alberta OR British-Columbia) ) AND PUBYEAR > 1999 AND PUBYEAR < 2020) AND (TITLE-ABS-KEY(Harvest* OR Logging OR Cut OR Clear-cut  OR Clearcut OR {Clear Cut}) AND PUBYEAR > 1999 AND PUBYEAR < 2020) AND (TITLE-ABS-KEY(Road  AND (Density OR Network)) AND PUBYEAR > 1999 AND PUBYEAR < 2020))"


Number of results : 22

"ACCESS TYPE",,"YEAR",,"AUTHOR NAME",,"SUBJECT AREA",,"DOCUMENT TYPE",,"PUBLICATION STAGE",,"SOURCE TITLE",,"KEYWORD",,"AFFILIATION",,"FUNDING SPONSOR",,"COUNTRY",,"SOURCE TYPE",,"LANGUAGE",
"Open Access","4","2019","3","St-Laurent, M.H.","6","Agricultural and Biological Sciences","20","Article","22","final","22","Biological Conservation","2","Canada","15","Université du Québec à Rimouski","9","Natural Sciences and Engineering Research Council of Canada","10","Canada","22","Journals","22","English","22"
"Other","18","2014","5","Dussault, C.","5","Biochemistry, Genetics and Molecular Biology","3",,,,,"Forest Ecology And Management","2","Boreal Forest","12","Université Laval","7","MinistÃ¨re des Ressources Naturelles et de la Faune","3","United States","4",,,,
,,"2013","2","Fortin, D.","5","Economics, Econometrics and Finance","1",,,,,"Journal Of Wildlife Management","2","Quebec [Canada]","8","University of Alberta","5","Alberta Biodiversity Monitoring Institute","1","Chile","1",,,,
,,"2012","3","Courtois, R.","3","Energy","1",,,,,"Plos One","2","Habitat Selection","6","Ministère de l‘Energie et des Ressources naturelles du Québec","5","Alberta Conservation Association","1","Germany","1",,,,
,,"2010","2","Ouellet, J.P.","3","Environmental Science","16",,,,,"American Journal Of Agricultural Economics","1","Quebec","6","Canadian Forest Service","3","Alberta Innovates - Technology Futures","1","New Zealand","1",,,,
,,"2008","2","Beauchesne, D.","2","Multidisciplinary","2",,,,,"Biomass And Bioenergy","1","Deer","5","University of Calgary","2","Canadian Association of Petroleum Producers","1","Norway","1",,,,
,,"2005","2","Hebblewhite, M.","2","Social Sciences","1",,,,,"Canadian Journal Of Fisheries And Aquatic Sciences","1","Forestry","5","University of Victoria","2","Chicken Farmers of Saskatchewan","1","United Kingdom","1",,,,
,,"2003","2","Jaeger, J.A.G.","2",,,,,,,"Canadian Journal Of Zoology","1","Logging (timber)","5","University of Toronto","2","Concordia University","1",,,,,,
,,"2001","1","Leclerc, M.","2",,,,,,,"Ecological Complexity","1","Rangifer Tarandus Caribou","5","University of Montana","2","ConocoPhillips","1",,,,,,
,,,,"Musiani, M.","2",,,,,,,"Ecological Monographs","1","Animals","4","Trent University","2","Fonds QuÃ©bÃ©cois de la Recherche sur la Nature et les Technologies","1",,,,,,
,,,,"Acuña, M.A.","1",,,,,,,"Ecology And Evolution","1","Anthropogenic Effect","4","Concordia University","2","Fonds de recherche du Québec – Nature et technologies","1",,,,,,
,,,,"Adamowicz, W.L.","1",,,,,,,"Ecoscience","1","Canid","4","Alberta Sustainable Resource Development","2","Lakehead University","1",,,,,,
,,,,"Beguin, J.","1",,,,,,,"Ecosphere","1","Canis Lupus","4","Alberta Conservation Association","2","MinistÃ¨re des ForÃªts, de la Faune et des Parcs","1",,,,,,
,,,,"Bergeron, Y.","1",,,,,,,"Environmental Management","1","Forest Harvesting","4","Wildlife Conservation Society Canada","1","Mitacs","1",,,,,,
,,,,"Birkigt, D.A.","1",,,,,,,"Forest Science","1","Habitat Use","4","Wildlife Research and Management","1","National Aeronautics and Space Administration","1",,,,,,
,,,,"Boan, J.J.","1",,,,,,,"Journal Of Mammalogy","1","Regression Analysis","4","Raincoast Conservation Foundation","1","Parks Canada","1",,,,,,
,,,,"Boutin, S.","1",,,,,,,"Landscape Ecology","1","Winter","4","ConocoPhillips Canada","1","Petroleum Technology Alliance Canada","1",,,,,,
,,,,"Bowman, J.","1",,,,,,,"USDA Forest Service General Technical Report PNW","1","Alberta","3","Direction de la faune terrestre et de l'avifaune","1","Shell","1",,,,,,
,,,,"Boxall, P.C.","1",,,,,,,,,"Alces Alces","3","University of Alberta c/o Yukon Research Centre","1","Social Sciences and Humanities Research Council of Canada","1",,,,,,
,,,,"Boyce, M.S.","1",,,,,,,,,"Animalia","3","Environment Canada","1","University of Montana","1",,,,,,
,,,,"Cameron, J.B.","1",,,,,,,,,"Article","3","Universite du Quebec en Abitibi-Temiscamingue","1","W. Garfield Weston Foundation","1",,,,,,
,,,,"Courbin, N.","1",,,,,,,,,"Canis Familiaris","3","Manitoba Hydro","1","Wildlife Conservation Society","1",,,,,,
,,,,"Cui, W.","1",,,,,,,,,"Conservation Of Natural Resources","3","Ontario Ministry of Natural Resources","1","World Wildlife Fund","1",,,,,,
,,,,"Cumming, S.G.","1",,,,,,,,,"Ecosystem","3","Universidad de Chile","1","Undefined","10",,,,,,
,,,,"DeMars, C.A.","1",,,,,,,,,"Endangered Species","3","Oregon State University","1",,,,,,,,
,,,,"Dickie, M.","1",,,,,,,,,"Environmental Disturbance","3","University of Saskatchewan","1",,,,,,,,
,,,,"Dosman, D.","1",,,,,,,,,"Forest Ecosystem","3","Universität Bielefeld","1",,,,,,,,
,,,,"Dussault, C.","1",,,,,,,,,"Forest Management","3","University of Guelph","1",,,,,,,,
,,,,"Fauchald, P.","1",,,,,,,,,"GPS","3","Manaaki Whenua - Landcare Research","1",,,,,,,,
,,,,"Flynn, P.C.","1",,,,,,,,,"Habitat Quality","3","Norwegian Institute for Nature Research","1",,,,,,,,
,,,,"Fryxell, J.M.","1",,,,,,,,,"Home Range","3","University of Montana College of Forestry and Conservation","1",,,,,,,,
,,,,"Gauthier, S.","1",,,,,,,,,"Nonhuman","3","University of St Andrews","1",,,,,,,,
,,,,"Godbout, G.","1",,,,,,,,,"North America","3","Natural Resources Canada","1",,,,,,,,
,,,,"Grindal, S.","1",,,,,,,,,"Population Dynamics","3","Lakehead University","1",,,,,,,,
,,,,"Haener, M.K.","1",,,,,,,,,"Predation Risk","3","National Oceanic and Atmospheric Administration","1",,,,,,,,
,,,,"Houle, M.","1",,,,,,,,,"Roads","3","Université du Québec à Montréal","1",,,,,,,,
,,,,"Hvenegaard, P.J.","1",,,,,,,,,"Species Occurrence","3","Statistics Canada","1",,,,,,,,
,,,,"Johnson, C.A.","1",,,,,,,,,"Wildlife Management","3","Pontificia Universidad Católica de Chile","1",,,,,,,,
,,,,"Johnson, D.S.","1",,,,,,,,,"Abundance","2","Pacific Forestry Centre","1",,,,,,,,
,,,,"Kumar, A.","1",,,,,,,,,"Agriculture","2","Government of British Columbia","1",,,,,,,,
,,,,"Lamoureux, J.","1",,,,,,,,,"Animal Distribution","2","Ministry of Forests and Range","1",,,,,,,,
,,,,"Latham, A.D.M.","1",,,,,,,,,"Anthropogenic Disturbances","2","Parks Canada","1",,,,,,,,
,,,,"Latham, M.C.","1",,,,,,,,,"Apparent Competition","2","Institut des sciences de la mer de Rimouski","1",,,,,,,,
,,,,"Leblond, M.","1",,,,,,,,,"Canidae","2",,,,,,,,,,
,,,,"Lefort, P.","1",,,,,,,,,"Caribou","2",,,,,,,,,,
,,,,"Lesmerises, F.","1",,,,,,,,,"Climate","2",,,,,,,,,,
,,,,"Magoun, A.J.","1",,,,,,,,,"Conservation Planning","2",,,,,,,,,,
,,,,"Malcolm, J.R.","1",,,,,,,,,"Cumulative Effects","2",,,,,,,,,,
,,,,"Marceau, D.J.","1",,,,,,,,,"Disturbance","2",,,,,,,,,,
,,,,"Martell, D.L.","1",,,,,,,,,"Ecological Impact","2",,,,,,,,,,
,,,,"McIntire, E.J.B.","1",,,,,,,,,"Ecosystems","2",,,,,,,,,,
,,,,"McLaren, B.E.","1",,,,,,,,,"Fish","2",,,,,,,,,,
,,,,"McLoughlin, P.D.","1",,,,,,,,,"Food Availability","2",,,,,,,,,,
,,,,"Merrill, E.","1",,,,,,,,,"Foraging Behavior","2",,,,,,,,,,
,,,,"Michelot, T.","1",,,,,,,,,"Harvesting","2",,,,,,,,,,
,,,,"Muhly, T.B.","1",,,,,,,,,"Human Activity","2",,,,,,,,,,
,,,,"Neil Dawson, F.","1",,,,,,,,,"Hunting","2",,,,,,,,,,
,,,,"Neilson, E.W.","1",,,,,,,,,"Landscape","2",,,,,,,,,,
,,,,"Palma, C.D.","1",,,,,,,,,"Logging","2",,,,,,,,,,
,,,,"Paquet, P.C.","1",,,,,,,,,"Odocoileus Virginianus","2",,,,,,,,,,
,,,,"Patterson, B.R.","1",,,,,,,,,"Population Distribution","2",,,,,,,,,,
,,,,"Pinard, V.","1",,,,,,,,,"Predator-prey Interaction","2",,,,,,,,,,
,,,,"Racine, P.","1",,,,,,,,,"Rangifer Tarandus","2",,,,,,,,,,
,,,,"Raulier, F.","1",,,,,,,,,"Reindeer","2",,,,,,,,,,
,,,,"Ray, J.C.","1",,,,,,,,,"Residency Time","2",,,,,,,,,,
,,,,"Ripley, T.","1",,,,,,,,,"Resource Selection","2",,,,,,,,,,
,,,,"Schmiegelow, F.","1",,,,,,,,,"Road Construction","2",,,,,,,,,,
,,,,"Scrimgeour, G.","1",,,,,,,,,"Road Transport","2",,,,,,,,,,
,,,,"Scrimgeour, G.J.","1",,,,,,,,,"Salvelinus Confluentus","2",,,,,,,,,,
,,,,"Scurrah, F.","1",,,,,,,,,"Taiga","2",,,,,,,,,,
,,,,"Semeniuk, C.A.D.","1",,,,,,,,,"Timber Harvesting","2",,,,,,,,,,
,,,,"Serrouya, R.","1",,,,,,,,,"Ungulate","2",,,,,,,,,,
,,,,"Spangenberg, M.C.","1",,,,,,,,,"Wolves","2",,,,,,,,,,
,,,,"Stien, A.","1",,,,,,,,,"Accessibility","1",,,,,,,,,,
,,,,"Tarroux, A.","1",,,,,,,,,"Activity Pattern","1",,,,,,,,,,
,,,,"Tchir, J.","1",,,,,,,,,"Aerial Survey","1",,,,,,,,,,
,,,,"Tveraa, T.","1",,,,,,,,,"Aerial Surveys","1",,,,,,,,,,
,,,,"Weintraub, A.","1",,,,,,,,,"Agent-based Model","1",,,,,,,,,,
,,,,"Wittmann, M.J.","1",,,,,,,,,"Agricultural Residues","1",,,,,,,,,,
,,,,,,,,,,,,,,"Agricultural Wastes","1",,,,,,,,,,
,,,,,,,,,,,,,,"Alberta , Canada","1",,,,,,,,,,
,,,,,,,,,,,,,,"Alternative Energy","1",,,,,,,,,,
,,,,,,,,,,,,,,"American Marten","1",,,,,,,,,,
,,,,,,,,,,,,,,"Animal","1",,,,,,,,,,
,,,,,,,,,,,,,,"Animal Behavior","1",,,,,,,,,,
,,,,,,,,,,,,,,"Animal Dispersal","1",,,,,,,,,,
,,,,,,,,,,,,,,"Animal Movement","1",,,,,,,,,,
,,,,,,,,,,,,,,"Anthropogenic Disturbance","1",,,,,,,,,,
,,,,,,,,,,,,,,"Avoidance Reaction","1",,,,,,,,,,
,,,,,,,,,,,,,,"Bas Saint Laurent","1",,,,,,,,,,
,,,,,,,,,,,,,,"Behavior, Animal","1",,,,,,,,,,
,,,,,,,,,,,,,,"Behavioral Response","1",,,,,,,,,,
,,,,,,,,,,,,,,"Biomass","1",,,,,,,,,,
,,,,,,,,,,,,,,"Biomass Power","1",,,,,,,,,,
,,,,,,,,,,,,,,"Biomass Usage","1",,,,,,,,,,
,,,,,,,,,,,,,,"Biotelemetry","1",,,,,,,,,,
,,,,,,,,,,,,,,"Black Bear","1",,,,,,,,,,
,,,,,,,,,,,,,,"Black Spruce Plantations","1",,,,,,,,,,
,,,,,,,,,,,,,,"Boreal Caribou","1",,,,,,,,,,
,,,,,,,,,,,,,,"Boreal Forest Watersheds","1",,,,,,,,,,
,,,,,,,,,,,,,,"Boreal Woodland Caribou (Rangifer Tarandus Caribou)","1",,,,,,,,,,
,,,,,,,,,,,,,,"Calf Survival","1",,,,,,,,,,
,,,,,,,,,,,,,,"Calving","1",,,,,,,,,,
,,,,,,,,,,,,,,"Canadian Boreal Forest","1",,,,,,,,,,
,,,,,,,,,,,,,,"Carbon Credit","1",,,,,,,,,,
,,,,,,,,,,,,,,"Caribou Conservation","1",,,,,,,,,,
,,,,,,,,,,,,,,"Carnivore","1",,,,,,,,,,
,,,,,,,,,,,,,,"Catostomus Commersoni","1",,,,,,,,,,
,,,,,,,,,,,,,,"Cervidae","1",,,,,,,,,,
,,,,,,,,,,,,,,"Clear-cuts","1",,,,,,,,,,
,,,,,,,,,,,,,,"Clearcutting","1",,,,,,,,,,
,,,,,,,,,,,,,,"Climate Change","1",,,,,,,,,,
,,,,,,,,,,,,,,"Climate Effect","1",,,,,,,,,,
,,,,,,,,,,,,,,"Coniferous Forest","1",,,,,,,,,,
,,,,,,,,,,,,,,"Coniferous Tree","1",,,,,,,,,,
,,,,,,,,,,,,,,"Connectivity","1",,,,,,,,,,
,,,,,,,,,,,,,,"Conservation","1",,,,,,,,,,
,,,,,,,,,,,,,,"Controlled Study","1",,,,,,,,,,
,,,,,,,,,,,,,,"Costs","1",,,,,,,,,,
,,,,,,,,,,,,,,"Cote-Nord","1",,,,,,,,,,
,,,,,,,,,,,,,,"Cottus Cognatus","1",,,,,,,,,,
,,,,,,,,,,,,,,"Couesius","1",,,,,,,,,,
,,,,,,,,,,,,,,"Cumulative Impacts","1",,,,,,,,,,
,,,,,,,,,,,,,,"Current Levels","1",,,,,,,,,,
,,,,,,,,,,,,,,"Cutblocks","1",,,,,,,,,,
,,,,,,,,,,,,,,"Deciduous Forest","1",,,,,,,,,,
,,,,,,,,,,,,,,"Decision Making","1",,,,,,,,,,
,,,,,,,,,,,,,,"Disturbance Threshold","1",,,,,,,,,,
,,,,,,,,,,,,,,"Dominance","1",,,,,,,,,,
,,,,,,,,,,,,,,"Dominant Species","1",,,,,,,,,,
,,,,,,,,,,,,,,"Ecosystem Conservation","1",,,,,,,,,,
,,,,,,,,,,,,,,"Ecotype","1",,,,,,,,,,
,,,,,,,,,,,,,,"Electric Power Plants","1",,,,,,,,,,
,,,,,,,,,,,,,,"Energy Resource","1",,,,,,,,,,
,,,,,,,,,,,,,,"Energy Resources","1",,,,,,,,,,
,,,,,,,,,,,,,,"Environment","1",,,,,,,,,,
,,,,,,,,,,,,,,"Environmental Economics","1",,,,,,,,,,
,,,,,,,,,,,,,,"Environmental Monitoring","1",,,,,,,,,,
,,,,,,,,,,,,,,"Environmental Protection","1",,,,,,,,,,
,,,,,,,,,,,,,,"Environmental Response","1",,,,,,,,,,
,,,,,,,,,,,,,,"Environmental Values","1",,,,,,,,,,
,,,,,,,,,,,,,,"Environmental Variables","1",,,,,,,,,,
,,,,,,,,,,,,,,"Expert-based Knowledge","1",,,,,,,,,,
,,,,,,,,,,,,,,"FWI","1",,,,,,,,,,
,,,,,,,,,,,,,,"Female","1",,,,,,,,,,
,,,,,,,,,,,,,,"Fire","1",,,,,,,,,,
,,,,,,,,,,,,,,"Fire Hazards","1",,,,,,,,,,
,,,,,,,,,,,,,,"Fire Management","1",,,,,,,,,,
,,,,,,,,,,,,,,"Fire Size","1",,,,,,,,,,
,,,,,,,,,,,,,,"First-passage Time","1",,,,,,,,,,
,,,,,,,,,,,,,,"Fish Assemblages","1",,,,,,,,,,
,,,,,,,,,,,,,,"Fishes","1",,,,,,,,,,
,,,,,,,,,,,,,,"Forest Fragmentation","1",,,,,,,,,,
,,,,,,,,,,,,,,"Forest Harvest Residues","1",,,,,,,,,,
,,,,,,,,,,,,,,"Forest Planning","1",,,,,,,,,,
,,,,,,,,,,,,,,"Functional Connectivity","1",,,,,,,,,,
,,,,,,,,,,,,,,"Functional Response","1",,,,,,,,,,
,,,,,,,,,,,,,,"GPS-tracking","1",,,,,,,,,,
,,,,,,,,,,,,,,"Geographic Distribution","1",,,,,,,,,,
,,,,,,,,,,,,,,"Geography","1",,,,,,,,,,
