﻿Scopus refine results values

"Your query : ((TITLE-ABS-KEY((Boreal OR {James Bay} OR James-Bay OR {Clay Belt} OR {canadian shield}) AND Quebec) AND PUBYEAR > 1999 AND PUBYEAR < 2020) AND (TITLE-ABS-KEY((Forest AND Fire) OR ""Wildfire"" OR ""crown fire"" OR ""Wildland fire"" ) AND PUBYEAR > 1999 AND PUBYEAR < 2020) AND (TITLE-ABS-KEY(Predat* ) AND PUBYEAR > 1999 AND PUBYEAR < 2020))"


Number of results : 4

"ACCESS TYPE",,"YEAR",,"AUTHOR NAME",,"SUBJECT AREA",,"DOCUMENT TYPE",,"PUBLICATION STAGE",,"SOURCE TITLE",,"KEYWORD",,"AFFILIATION",,"FUNDING SPONSOR",,"COUNTRY",,"SOURCE TYPE",,"LANGUAGE",
"Open Access","1","2013","1","Boulanger, Y.","2","Agricultural and Biological Sciences","4","Article","4","final","4","Environmental Entomology","2","Boreal Forest","4","Université du Québec à Rimouski","2","Canadian Forest Service","1","Canada","4","Journals","4","English","4"
"Other","3","2012","2","Hébert, C.","2","Environmental Science","3",,,,,"Ecoscience","1","Canada","4","Canadian Forest Service","2","Environment Canada","1",,,,,,
,,"2007","1","Sirois, L.","2",,,,,,,"Oecologia","1","Forest Fire","4","Natural Resources Canada","2","Fondation de l’Université du Québec en Abitibi-Témiscamingue","1",,,,,,
,,,,"Azeria, E.T.","1",,,,,,,,,"Beetle","3","Université du Québec à Chicoutimi","1","Fonds Québécois de la Recherche sur la Nature et les Technologies","1",,,,,,
,,,,"Gervais, D.J.","1",,,,,,,,,"Fire","3","Université du Québec à Montréal","1","Ministère des Ressources Naturelles et de la Faune","1",,,,,,
,,,,"Greene, D.F.","1",,,,,,,,,"Animal","2","Université Laval","1","Undefined","3",,,,,,
,,,,"Ibarzabal, J.","1",,,,,,,,,"Animals","2","Concordia University","1",,,,,,,,
,,,,"Work, T.T.","1",,,,,,,,,"Article","2",,,,,,,,,,
,,,,,,,,,,,,,,"Beetles","2",,,,,,,,,,
,,,,,,,,,,,,,,"Coleoptera","2",,,,,,,,,,
,,,,,,,,,,,,,,"Colonization","2",,,,,,,,,,
,,,,,,,,,,,,,,"Coniferous Forest","2",,,,,,,,,,
,,,,,,,,,,,,,,"Ecosystem","2",,,,,,,,,,
,,,,,,,,,,,,,,"Emergence","2",,,,,,,,,,
,,,,,,,,,,,,,,"Fires","2",,,,,,,,,,
,,,,,,,,,,,,,,"Quebec","2",,,,,,,,,,
,,,,,,,,,,,,,,"Quebec [Canada]","2",,,,,,,,,,
,,,,,,,,,,,,,,"Tree","2",,,,,,,,,,
,,,,,,,,,,,,,,"Trees","2",,,,,,,,,,
,,,,,,,,,,,,,,"Adult","1",,,,,,,,,,
,,,,,,,,,,,,,,"Antagonism","1",,,,,,,,,,
,,,,,,,,,,,,,,"Arthropod","1",,,,,,,,,,
,,,,,,,,,,,,,,"Arthropoda","1",,,,,,,,,,
,,,,,,,,,,,,,,"Ascomycota","1",,,,,,,,,,
,,,,,,,,,,,,,,"Biological Model","1",,,,,,,,,,
,,,,,,,,,,,,,,"Black Spruce","1",,,,,,,,,,
,,,,,,,,,,,,,,"Cerambycidae","1",,,,,,,,,,
,,,,,,,,,,,,,,"Chronosequence","1",,,,,,,,,,
,,,,,,,,,,,,,,"Coarse Woody Debris","1",,,,,,,,,,
,,,,,,,,,,,,,,"Coexistence","1",,,,,,,,,,
,,,,,,,,,,,,,,"Community Assembly","1",,,,,,,,,,
,,,,,,,,,,,,,,"Disturbance","1",,,,,,,,,,
,,,,,,,,,,,,,,"Fire Behavior","1",,,,,,,,,,
,,,,,,,,,,,,,,"Fire Intensity","1",,,,,,,,,,
,,,,,,,,,,,,,,"Fungi","1",,,,,,,,,,
,,,,,,,,,,,,,,"Fungus","1",,,,,,,,,,
,,,,,,,,,,,,,,"Habitat Fragmentation","1",,,,,,,,,,
,,,,,,,,,,,,,,"Habitat Type","1",,,,,,,,,,
,,,,,,,,,,,,,,"Habitat-constrained Null Models","1",,,,,,,,,,
,,,,,,,,,,,,,,"Hexapoda","1",,,,,,,,,,
,,,,,,,,,,,,,,"Histology","1",,,,,,,,,,
,,,,,,,,,,,,,,"Host Selection","1",,,,,,,,,,
,,,,,,,,,,,,,,"Interspecific Interaction","1",,,,,,,,,,
,,,,,,,,,,,,,,"Interspecific Interactions","1",,,,,,,,,,
,,,,,,,,,,,,,,"Larva","1",,,,,,,,,,
,,,,,,,,,,,,,,"Models, Biological","1",,,,,,,,,,
,,,,,,,,,,,,,,"North America","1",,,,,,,,,,
,,,,,,,,,,,,,,"Numerical Model","1",,,,,,,,,,
,,,,,,,,,,,,,,"Optimality Theory","1",,,,,,,,,,
,,,,,,,,,,,,,,"Optimization","1",,,,,,,,,,
,,,,,,,,,,,,,,"Parasitology","1",,,,,,,,,,
,,,,,,,,,,,,,,"Pest Damage","1",,,,,,,,,,
,,,,,,,,,,,,,,"Physiology","1",,,,,,,,,,
,,,,,,,,,,,,,,"Picea","1",,,,,,,,,,
,,,,,,,,,,,,,,"Picea Mariana","1",,,,,,,,,,
,,,,,,,,,,,,,,"Pioneer Species","1",,,,,,,,,,
,,,,,,,,,,,,,,"Population Density","1",,,,,,,,,,
,,,,,,,,,,,,,,"Population Distribution","1",,,,,,,,,,
,,,,,,,,,,,,,,"Post-fire Salvagewood-boring","1",,,,,,,,,,
,,,,,,,,,,,,,,"Reproduction","1",,,,,,,,,,
,,,,,,,,,,,,,,"Salvaging","1",,,,,,,,,,
,,,,,,,,,,,,,,"Saproxylic Beetles","1",,,,,,,,,,
,,,,,,,,,,,,,,"Saproxylic Insects","1",,,,,,,,,,
,,,,,,,,,,,,,,"Saproxylic Organism","1",,,,,,,,,,
,,,,,,,,,,,,,,"Secondary Succession","1",,,,,,,,,,
,,,,,,,,,,,,,,"Snag","1",,,,,,,,,,
,,,,,,,,,,,,,,"Species Difference","1",,,,,,,,,,
,,,,,,,,,,,,,,"Species Specificity","1",,,,,,,,,,
,,,,,,,,,,,,,,"Species-habitat Association","1",,,,,,,,,,
,,,,,,,,,,,,,,"Spruce","1",,,,,,,,,,
,,,,,,,,,,,,,,"Stand Dynamics","1",,,,,,,,,,
,,,,,,,,,,,,,,"Survival","1",,,,,,,,,,
,,,,,,,,,,,,,,"Wood","1",,,,,,,,,,
,,,,,,,,,,,,,,"Xylophagous Beetles","1",,,,,,,,,,
,,,,,,,,,,,,,,,,,,,,,,,,,
,,,,,,,,,,,,,,,,,,,,,,,,,
,,,,,,,,,,,,,,,,,,,,,,,,,
,,,,,,,,,,,,,,,,,,,,,,,,,
,,,,,,,,,,,,,,,,,,,,,,,,,
,,,,,,,,,,,,,,,,,,,,,,,,,
,,,,,,,,,,,,,,,,,,,,,,,,,
,,,,,,,,,,,,,,,,,,,,,,,,,
,,,,,,,,,,,,,,,,,,,,,,,,,
,,,,,,,,,,,,,,,,,,,,,,,,,
,,,,,,,,,,,,,,,,,,,,,,,,,
,,,,,,,,,,,,,,,,,,,,,,,,,
,,,,,,,,,,,,,,,,,,,,,,,,,
,,,,,,,,,,,,,,,,,,,,,,,,,
,,,,,,,,,,,,,,,,,,,,,,,,,
,,,,,,,,,,,,,,,,,,,,,,,,,
,,,,,,,,,,,,,,,,,,,,,,,,,
,,,,,,,,,,,,,,,,,,,,,,,,,
,,,,,,,,,,,,,,,,,,,,,,,,,
,,,,,,,,,,,,,,,,,,,,,,,,,
,,,,,,,,,,,,,,,,,,,,,,,,,
,,,,,,,,,,,,,,,,,,,,,,,,,
,,,,,,,,,,,,,,,,,,,,,,,,,
,,,,,,,,,,,,,,,,,,,,,,,,,
,,,,,,,,,,,,,,,,,,,,,,,,,
,,,,,,,,,,,,,,,,,,,,,,,,,
,,,,,,,,,,,,,,,,,,,,,,,,,
,,,,,,,,,,,,,,,,,,,,,,,,,
,,,,,,,,,,,,,,,,,,,,,,,,,
,,,,,,,,,,,,,,,,,,,,,,,,,
,,,,,,,,,,,,,,,,,,,,,,,,,
,,,,,,,,,,,,,,,,,,,,,,,,,
,,,,,,,,,,,,,,,,,,,,,,,,,
,,,,,,,,,,,,,,,,,,,,,,,,,
,,,,,,,,,,,,,,,,,,,,,,,,,
,,,,,,,,,,,,,,,,,,,,,,,,,
,,,,,,,,,,,,,,,,,,,,,,,,,
,,,,,,,,,,,,,,,,,,,,,,,,,
,,,,,,,,,,,,,,,,,,,,,,,,,
,,,,,,,,,,,,,,,,,,,,,,,,,
,,,,,,,,,,,,,,,,,,,,,,,,,
,,,,,,,,,,,,,,,,,,,,,,,,,
,,,,,,,,,,,,,,,,,,,,,,,,,
,,,,,,,,,,,,,,,,,,,,,,,,,
,,,,,,,,,,,,,,,,,,,,,,,,,
,,,,,,,,,,,,,,,,,,,,,,,,,
,,,,,,,,,,,,,,,,,,,,,,,,,
,,,,,,,,,,,,,,,,,,,,,,,,,
,,,,,,,,,,,,,,,,,,,,,,,,,
,,,,,,,,,,,,,,,,,,,,,,,,,
,,,,,,,,,,,,,,,,,,,,,,,,,
,,,,,,,,,,,,,,,,,,,,,,,,,
,,,,,,,,,,,,,,,,,,,,,,,,,
,,,,,,,,,,,,,,,,,,,,,,,,,
,,,,,,,,,,,,,,,,,,,,,,,,,
,,,,,,,,,,,,,,,,,,,,,,,,,
,,,,,,,,,,,,,,,,,,,,,,,,,
,,,,,,,,,,,,,,,,,,,,,,,,,
,,,,,,,,,,,,,,,,,,,,,,,,,
,,,,,,,,,,,,,,,,,,,,,,,,,
,,,,,,,,,,,,,,,,,,,,,,,,,
,,,,,,,,,,,,,,,,,,,,,,,,,
,,,,,,,,,,,,,,,,,,,,,,,,,
,,,,,,,,,,,,,,,,,,,,,,,,,
,,,,,,,,,,,,,,,,,,,,,,,,,
,,,,,,,,,,,,,,,,,,,,,,,,,
,,,,,,,,,,,,,,,,,,,,,,,,,
,,,,,,,,,,,,,,,,,,,,,,,,,
,,,,,,,,,,,,,,,,,,,,,,,,,
,,,,,,,,,,,,,,,,,,,,,,,,,
,,,,,,,,,,,,,,,,,,,,,,,,,
,,,,,,,,,,,,,,,,,,,,,,,,,
,,,,,,,,,,,,,,,,,,,,,,,,,
,,,,,,,,,,,,,,,,,,,,,,,,,
,,,,,,,,,,,,,,,,,,,,,,,,,
,,,,,,,,,,,,,,,,,,,,,,,,,
,,,,,,,,,,,,,,,,,,,,,,,,,
,,,,,,,,,,,,,,,,,,,,,,,,,
,,,,,,,,,,,,,,,,,,,,,,,,,
,,,,,,,,,,,,,,,,,,,,,,,,,
,,,,,,,,,,,,,,,,,,,,,,,,,
,,,,,,,,,,,,,,,,,,,,,,,,,
,,,,,,,,,,,,,,,,,,,,,,,,,
,,,,,,,,,,,,,,,,,,,,,,,,,
,,,,,,,,,,,,,,,,,,,,,,,,,
,,,,,,,,,,,,,,,,,,,,,,,,,
