﻿Scopus refine results values

"Your query : ((TITLE-ABS-KEY((Boreal OR {James Bay} OR James-Bay OR {Clay Belt} OR {canadian shield}) AND Quebec) AND PUBYEAR > 1999 AND PUBYEAR < 2020) AND (TITLE-ABS-KEY(Harvest* OR Logging OR Cut OR Clear-cut  OR Clearcut OR {Clear Cut}) AND PUBYEAR > 1999 AND PUBYEAR < 2020) AND (TITLE-ABS-KEY({Age structure}  OR  old-growth) AND PUBYEAR > 1999 AND PUBYEAR < 2020))"


Number of results : 36

"ACCESS TYPE",,"YEAR",,"AUTHOR NAME",,"SUBJECT AREA",,"DOCUMENT TYPE",,"PUBLICATION STAGE",,"SOURCE TITLE",,"KEYWORD",,"AFFILIATION",,"FUNDING SPONSOR",,"COUNTRY",,"SOURCE TYPE",,"LANGUAGE",
"Open Access","4","2017","1","Bergeron, Y.","10","Agricultural and Biological Sciences","31","Article","29","final","36","Canadian Journal Of Forest Research","5","Canada","31","Université Laval","17","Natural Sciences and Engineering Research Council of Canada","8","Canada","36","Journals","34","English","34"
"Other","32","2016","1","Gauthier, S.","7","Biochemistry, Genetics and Molecular Biology","1","Conference Paper","4",,,"Forest Ecology And Management","5","Boreal Forest","28","Université du Québec à Montréal","15","Fonds QuÃ©bÃ©cois de la Recherche sur la Nature et les Technologies","5","Argentina","1","Books","1","French","2"
,,"2015","3","Fortin, D.","5","Decision Sciences","1","Review","2",,,"Forestry Chronicle","4","Quebec [Canada]","23","Universite du Quebec en Abitibi-Temiscamingue","9","Luonnontieteiden ja Tekniikan Tutkimuksen Toimikunta","2","South Africa","1","Book Series","1",,
,,"2013","2","Ruel, J.C.","5","Environmental Science","24","Book Chapter","1",,,"Ecoscience","3","Harvesting","21","Canadian Forest Service","9","MinistÃ¨re des Ressources Naturelles et de la Faune","2","United States","1",,,,
,,"2012","4","Drapeau, P.","4","Social Sciences","1",,,,,"Ecological Modelling","2","Old-growth Forest","20","Natural Resources Canada","8","Association pour la Recherche sur les Tumeurs de la Prostate","1",,,,,,
,,"2011","5","Pothier, D.","4",,,,,,,"Forestry","2","Forestry","19","Ministère de l‘Energie et des Ressources naturelles du Québec","7","Canada Economic Development for Quebec Regions","1",,,,,,
,,"2010","1","Fall, A.","3",,,,,,,"Silva Fennica","2","Forest Management","18","Université du Québec à Chicoutimi","4","Canada Foundation for Innovation","1",,,,,,
,,"2009","2","Fortin, M.J.","3",,,,,,,"Ambio","1","Picea Mariana","16","Environment Canada","3","Canadian Forest Service","1",,,,,,
,,"2008","4","Leduc, A.","3",,,,,,,"Biodiversity And Conservation","1","Biodiversity","12","Le réseau de l'Université du Québec","3","MinistÃ¨re de l'Ãcologie, du DÃ©veloppement Durable et de l'Ãnergie","1",,,,,,
,,"2007","1","Messier, C.","3",,,,,,,"Biological Conservation","1","Ecosystems","12","Simon Fraser University","3","MinistÃ¨re des ForÃªts, de la Faune et des Parcs","1",,,,,,
,,"2006","1","Anyomi, K.A.","2",,,,,,,"Bulletin Of Entomological Research","1","Clearcutting","11","Université du Québec à Rimouski","2","UniversitÃ© Laval","1",,,,,,
,,"2005","2","Bouchard, M.","2",,,,,,,"Canadian Entomologist","1","North America","11","University of Toronto","2","UniversitÃ© du QuÃ©bec Ã  MontrÃ©al","1",,,,,,
,,"2004","3","Boudreault, C.","2",,,,,,,"Canadian Journal Of Soil Science","1","Silviculture","10","Conseil de recherches en sciences naturelles et en génie du Canada","2","Undefined","25",,,,,,
,,"2003","2","Bélanger, L.","2",,,,,,,"Canadian Journal Of Zoology","1","Abies Balsamea","7","University of Alberta","2",,,,,,,,
,,"2002","2","Fenton, N.J.","2",,,,,,,"Ecological Indicators","1","Age Structure","7","McGill University, Macdonald Campus","2",,,,,,,,
,,"2000","2","Hodson, J.","2",,,,,,,"Ecology","1","Aves","7","Soc. la Faune et des Parcs du Que.","1",,,,,,,,
,,,,"Hébert, C.","2",,,,,,,"Environmental Reviews","1","Boreal Forests","7","Service Canadien des Forêts","1",,,,,,,,
,,,,"Ibarzabal, J.","2",,,,,,,"Journal Of Forest Research","1","Coniferous Forest","7","Service canadien de la faune","1",,,,,,,,
,,,,"Kneeshaw, D.D.","2",,,,,,,"Studies In Avian Biology","1","Fires","7","NSERC Northern Research Chair","1",,,,,,,,
,,,,"Morin, H.","2",,,,,,,"Woodlands Ecology Management And Conservation","1","Quebec","7","Bureau du Forestier en Chef","1",,,,,,,,
,,,,"Ouellet, J.P.","2",,,,,,,,,"Ecosystem Management","6","McGill University","1",,,,,,,,
,,,,"Raulier, F.","2",,,,,,,,,"Forest Fire","6","Universidad Nacional de Tucuman UNT","1",,,,,,,,
,,,,"Savard, J.P.L.","2",,,,,,,,,"Abies","5","University of Montreal","1",,,,,,,,
,,,,"Tremblay, J.A.","2",,,,,,,,,"Balsam Fir","5","The University of British Columbia","1",,,,,,,,
,,,,"Bauce, E.","1",,,,,,,,,"Fire","5","University of KwaZulu-Natal","1",,,,,,,,
,,,,"Berthiaume, R.","1",,,,,,,,,"Stand Structure","5","University of Northern British Columbia","1",,,,,,,,
,,,,"Bertrand, N.","1",,,,,,,,,"Age Class","4","Université de Sherbrooke","1",,,,,,,,
,,,,"Bescond, H.","1",,,,,,,,,"Coniferous Tree","4","University of Saskatchewan","1",,,,,,,,
,,,,"Boudreau, S.","1",,,,,,,,,"Disturbance","4","Université du Québec en Outaouais","1",,,,,,,,
,,,,"Bouthillier, L.","1",,,,,,,,,"Ecology","4","Lakehead University","1",,,,,,,,
,,,,"Brodeur, J.","1",,,,,,,,,"Forest Fires","4","University of Wisconsin-Madison","1",,,,,,,,
,,,,"Brodeur, V.","1",,,,,,,,,"Forests","4","Ducks Unlimited Canada","1",,,,,,,,
,,,,"Buddle, C.M.","1",,,,,,,,,"Habitat Selection","4",,,,,,,,,,
,,,,"Bélanger, N.","1",,,,,,,,,"Old-growth","4",,,,,,,,,,
,,,,"Bélisle, A.C.","1",,,,,,,,,"Picea","4",,,,,,,,,,
,,,,"Claveau, Y.","1",,,,,,,,,"Plants (botany)","4",,,,,,,,,,
,,,,"Courbin, N.","1",,,,,,,,,"Abundance","3",,,,,,,,,,
,,,,"Courtois, R.","1",,,,,,,,,"Animals","3",,,,,,,,,,
,,,,"Couturier, S.","1",,,,,,,,,"Betula Papyrifera","3",,,,,,,,,,
,,,,"Coxson, D.","1",,,,,,,,,"Bird","3",,,,,,,,,,
,,,,"Cumming, S.G.","1",,,,,,,,,"Bryophyta","3",,,,,,,,,,
,,,,"Cyr, D.","1",,,,,,,,,"Environmental Disturbance","3",,,,,,,,,,
,,,,"Côté, P.","1",,,,,,,,,"Experimental Study","3",,,,,,,,,,
,,,,"Darveau, M.","1",,,,,,,,,"Fire History","3",,,,,,,,,,
,,,,"DeGrandpré, L.","1",,,,,,,,,"Forest Ecosystem","3",,,,,,,,,,
,,,,"Desponts, M.","1",,,,,,,,,"Forestry Production","3",,,,,,,,,,
,,,,"Desrochers, A.","1",,,,,,,,,"Habitat Use","3",,,,,,,,,,
,,,,"Didion, M.","1",,,,,,,,,"Landscape","3",,,,,,,,,,
,,,,"Dussault, C.","1",,,,,,,,,"Partial Cutting","3",,,,,,,,,,
,,,,"Garet, J.","1",,,,,,,,,"Picoides Arcticus","3",,,,,,,,,,
,,,,"Godbout, G.","1",,,,,,,,,"Stand Dynamics","3",,,,,,,,,,
,,,,"Grenier, D.J.","1",,,,,,,,,"Sustainability","3",,,,,,,,,,
,,,,"Hannon, S.J.","1",,,,,,,,,"Sustainable Development","3",,,,,,,,,,
,,,,"Harper, K.","1",,,,,,,,,"Sustainable Forest Management","3",,,,,,,,,,
,,,,"Harvey, B.D.","1",,,,,,,,,"Sustainable Forestry","3",,,,,,,,,,
,,,,"Hendershot, W.H.","1",,,,,,,,,"Thinning","3",,,,,,,,,,
,,,,"Huot, J.","1",,,,,,,,,"Timber Harvesting","3",,,,,,,,,,
,,,,"Kneeshaw, D.","1",,,,,,,,,"Araneae","2",,,,,,,,,,
,,,,"Lapointe, M.A.","1",,,,,,,,,"Bird Communities","2",,,,,,,,,,
,,,,"LeBlanc, M.L.","1",,,,,,,,,"Birds","2",,,,,,,,,,
,,,,"Lemaître, J.","1",,,,,,,,,"Black Spruce","2",,,,,,,,,,
,,,,"Lussier, J.M.","1",,,,,,,,,"Cavity Nesters","2",,,,,,,,,,
,,,,"Légaré, J.P.","1",,,,,,,,,"Choristoneura Fumiferana","2",,,,,,,,,,
,,,,"MacDonald, J.D.","1",,,,,,,,,"Climatology","2",,,,,,,,,,
,,,,"Mitchell, S.J.","1",,,,,,,,,"Community Composition","2",,,,,,,,,,
,,,,"Moore, T.Y.","1",,,,,,,,,"Community Structure","2",,,,,,,,,,
,,,,"Morneau, C.","1",,,,,,,,,"Coniferophyta","2",,,,,,,,,,
,,,,"Ouzennou, H.","1",,,,,,,,,"Conservation","2",,,,,,,,,,
,,,,"Paradis, S.","1",,,,,,,,,"Conservation Management","2",,,,,,,,,,
,,,,"Parent, S.","1",,,,,,,,,"Cutting","2",,,,,,,,,,
,,,,"Paré, D.","1",,,,,,,,,"Dead Wood","2",,,,,,,,,,
,,,,"Payette, S.","1",,,,,,,,,"Dendrochronology","2",,,,,,,,,,
,,,,"Pitre, N.","1",,,,,,,,,"Dominance","2",,,,,,,,,,
,,,,"Potvin, F.","1",,,,,,,,,"Ecological Impact","2",,,,,,,,,,
,,,,"Renaud-Roy, E.","1",,,,,,,,,"Ecosystem Function","2",,,,,,,,,,
,,,,"Robert, M.","1",,,,,,,,,"Ecosystem Resilience","2",,,,,,,,,,
,,,,"Savard, J.P.","1",,,,,,,,,"Environmental Impact","2",,,,,,,,,,
,,,,"Shorthouse, D.P.","1",,,,,,,,,"Evergreen Tree","2",,,,,,,,,,
,,,,"Simard, M.","1",,,,,,,,,"Forest Age","2",,,,,,,,,,
,,,,"Smyth, C.","1",,,,,,,,,"Forest Canopy","2",,,,,,,,,,
,,,,"Stevenson, S.","1",,,,,,,,,"Habitat Fragmentation","2",,,,,,,,,,
,,,,"Swiston, K.","1",,,,,,,,,"Home Range","2",,,,,,,,,,
,,,,"Thiffault, E.","1",,,,,,,,,"Human Activity","2",,,,,,,,,,
,,,,"Tittler, R.","1",,,,,,,,,"Land Use","2",,,,,,,,,,
,,,,"Vaillancourt, M.A.","1",,,,,,,,,"Lepus","2",,,,,,,,,,
,,,,"Vijayakumar, D.B.I.P.","1",,,,,,,,,"Lepus Americanus","2",,,,,,,,,,
,,,,"Work, T.T.","1",,,,,,,,,"Logging (timber)","2",,,,,,,,,,
,,,,"Yamasaki, S.H.","1",,,,,,,,,"Management Practice","2",,,,,,,,,,
,,,,"Zhao, Q.","1",,,,,,,,,"Natural Disturbance","2",,,,,,,,,,
,,,,,,,,,,,,,,"Natural Disturbances","2",,,,,,,,,,
,,,,,,,,,,,,,,"Old Growth","2",,,,,,,,,,
,,,,,,,,,,,,,,"Paludification","2",,,,,,,,,,
,,,,,,,,,,,,,,"Persistence","2",,,,,,,,,,
,,,,,,,,,,,,,,"Picea Glauca","2",,,,,,,,,,
,,,,,,,,,,,,,,"Populus Tremuloides","2",,,,,,,,,,
,,,,,,,,,,,,,,"Prediction","2",,,,,,,,,,
,,,,,,,,,,,,,,"Rangifer Tarandus","2",,,,,,,,,,
,,,,,,,,,,,,,,"Reforestation","2",,,,,,,,,,
,,,,,,,,,,,,,,"Regeneration","2",,,,,,,,,,
,,,,,,,,,,,,,,"Selection Cutting","2",,,,,,,,,,
,,,,,,,,,,,,,,"Selective Logging","2",,,,,,,,,,
,,,,,,,,,,,,,,"Soils","2",,,,,,,,,,
,,,,,,,,,,,,,,"Species Diversity","2",,,,,,,,,,
,,,,,,,,,,,,,,"Spider","2",,,,,,,,,,
,,,,,,,,,,,,,,"Structure (composition)","2",,,,,,,,,,
,,,,,,,,,,,,,,"Survival","2",,,,,,,,,,
,,,,,,,,,,,,,,"Timber","2",,,,,,,,,,
,,,,,,,,,,,,,,"Timber Supply","2",,,,,,,,,,
,,,,,,,,,,,,,,"Western Hemisphere","2",,,,,,,,,,
,,,,,,,,,,,,,,"Wildfire","2",,,,,,,,,,
,,,,,,,,,,,,,,"Windthrow","2",,,,,,,,,,
,,,,,,,,,,,,,,"World","2",,,,,,,,,,
,,,,,,,,,,,,,,"Abies Amabilis","1",,,,,,,,,,
,,,,,,,,,,,,,,"Adaptation","1",,,,,,,,,,
,,,,,,,,,,,,,,"Adaptation, Physiological","1",,,,,,,,,,
,,,,,,,,,,,,,,"Aerial Photograph","1",,,,,,,,,,
,,,,,,,,,,,,,,"Aerial Photos","1",,,,,,,,,,
,,,,,,,,,,,,,,"Age Determination","1",,,,,,,,,,
,,,,,,,,,,,,,,"Age-class Structure","1",,,,,,,,,,
,,,,,,,,,,,,,,"Alces Alces","1",,,,,,,,,,
,,,,,,,,,,,,,,"American Marten","1",,,,,,,,,,
,,,,,,,,,,,,,,"Animal","1",,,,,,,,,,
,,,,,,,,,,,,,,"Animalia","1",,,,,,,,,,
,,,,,,,,,,,,,,"Anthropogenic Effect","1",,,,,,,,,,
,,,,,,,,,,,,,,"Anthropogenic Influence","1",,,,,,,,,,
,,,,,,,,,,,,,,"Anthropogenic Process","1",,,,,,,,,,
,,,,,,,,,,,,,,"Archival Data","1",,,,,,,,,,
,,,,,,,,,,,,,,"Article","1",,,,,,,,,,
,,,,,,,,,,,,,,"Aspen","1",,,,,,,,,,
,,,,,,,,,,,,,,"Astatine","1",,,,,,,,,,
,,,,,,,,,,,,,,"Avifauna","1",,,,,,,,,,
,,,,,,,,,,,,,,"Back Spruce","1",,,,,,,,,,
,,,,,,,,,,,,,,"Balsam-fir","1",,,,,,,,,,
,,,,,,,,,,,,,,"Basal Area","1",,,,,,,,,,
,,,,,,,,,,,,,,"Bear","1",,,,,,,,,,
,,,,,,,,,,,,,,"Bioindicator","1",,,,,,,,,,
,,,,,,,,,,,,,,"Biological Indicators","1",,,,,,,,,,
,,,,,,,,,,,,,,"Black Spruce Boreal Forests","1",,,,,,,,,,
,,,,,,,,,,,,,,"Black Spruce-feather Moss","1",,,,,,,,,,
,,,,,,,,,,,,,,"Black-backed Woodpecker","1",,,,,,,,,,
,,,,,,,,,,,,,,"Black-backed Woodpeckers","1",,,,,,,,,,
,,,,,,,,,,,,,,"Boreal Coniferous Forests","1",,,,,,,,,,
,,,,,,,,,,,,,,"Boreal Ecosystem","1",,,,,,,,,,
,,,,,,,,,,,,,,"Boreal Forest Disturbance Regimes","1",,,,,,,,,,
,,,,,,,,,,,,,,"Boreal Mixedwoods","1",,,,,,,,,,
,,,,,,,,,,,,,,"Boreal Shield","1",,,,,,,,,,
,,,,,,,,,,,,,,"Boreal Shield Forest Soils","1",,,,,,,,,,
,,,,,,,,,,,,,,"Browse History","1",,,,,,,,,,
,,,,,,,,,,,,,,"Browsing","1",,,,,,,,,,
,,,,,,,,,,,,,,"Bryoria Nadvornikiana","1",,,,,,,,,,
,,,,,,,,,,,,,,"Buprestidae","1",,,,,,,,,,
,,,,,,,,,,,,,,"Burned Areas","1",,,,,,,,,,
,,,,,,,,,,,,,,"Burns","1",,,,,,,,,,
,,,,,,,,,,,,,,"Canopy Composition","1",,,,,,,,,,
,,,,,,,,,,,,,,"Canopy Gaps","1",,,,,,,,,,
,,,,,,,,,,,,,,"Carnivore","1",,,,,,,,,,
,,,,,,,,,,,,,,"Castanea","1",,,,,,,,,,
,,,,,,,,,,,,,,"Cation Exchange Capacity","1",,,,,,,,,,
,,,,,,,,,,,,,,"Cavity-nesting Bird","1",,,,,,,,,,
,,,,,,,,,,,,,,"Cavity-nesting Birds","1",,,,,,,,,,
