﻿Scopus refine results values

"Your query : ((TITLE-ABS-KEY((Boreal OR {James Bay} OR James-Bay OR {Clay Belt} OR {canadian shield}) AND Quebec) AND PUBYEAR > 1999 AND PUBYEAR < 2020) AND (TITLE-ABS-KEY(Harvest* OR Logging OR Cut OR Clear-cut  OR Clearcut OR {Clear Cut}) AND PUBYEAR > 1999 AND PUBYEAR < 2020) AND (TITLE-ABS-KEY(Water AND  (quality OR lake OR river OR stream)) AND PUBYEAR > 1999 AND PUBYEAR < 2020))"


Number of results : 16

"ACCESS TYPE",,"YEAR",,"AUTHOR NAME",,"SUBJECT AREA",,"DOCUMENT TYPE",,"PUBLICATION STAGE",,"SOURCE TITLE",,"KEYWORD",,"AFFILIATION",,"FUNDING SPONSOR",,"COUNTRY",,"SOURCE TYPE",,"LANGUAGE",
"Open Access","1","2015","2","Lévesque, D.","3","Agricultural and Biological Sciences","8","Article","16","final","16","Revue Des Sciences De L Eau","3","Canada","14","Université du Québec à Montréal","5","Natural Sciences and Engineering Research Council of Canada","2","Canada","16","Journals","16","English","13"
"Other","15","2014","1","Pinel-Alloul, B.","3","Earth and Planetary Sciences","2",,,,,"Forestry Chronicle","2","Boreal Forest","10","Université Laval","5","Academy of Natural Sciences of Drexel University","1","United States","1",,,"French","3"
,,"2009","2","Plamondon, A.P.","3","Environmental Science","11",,,,,"Journal Of Hydrology","2","Quebec [Canada]","9","University of Montreal","3","Environment Canada","1",,,,,,
,,"2008","1","Carignan, R.","2",,,,,,,"Applied Geochemistry","1","Harvesting","8","Ministère de l‘Energie et des Ressources naturelles du Québec","3","Fonds QuÃ©bÃ©cois de la Recherche sur la Nature et les Technologies","1",,,,,,
,,"2005","3","Paquet, S.","2",,,,,,,"Canadian Journal Of Fisheries And Aquatic Sciences","1","Watersheds","7","Institut National de la Recherche Scientifique","2","Schweizerischer Nationalfonds zur Förderung der Wissenschaftlichen Forschung","1",,,,,,
,,"2004","2","Planas, D.","2",,,,,,,"Canadian Journal Of Forest Research","1","Clearcutting","6","Soc. la Faune et des Parcs du Que.","1","Undefined","13",,,,,,
,,"2002","1","Prévost, M.","2",,,,,,,"Ecoscience","1","Forestry","6","Ministère des Forêts","1",,,,,,,,
,,"2000","4","Rousseau, A.N.","2",,,,,,,"Ecosystems","1","Lakes","6","Le réseau de l'Université du Québec","1",,,,,,,,
,,,,"Tremblay, Y.","2",,,,,,,"Forest Ecology And Management","1","Logging","6","Universite du Quebec en Abitibi-Temiscamingue","1",,,,,,,,
,,,,"Aku, P.M.K.","1",,,,,,,"Geomorphology","1","North America","6","University of Arkansas - Fayetteville","1",,,,,,,,
,,,,"Belanger, L.","1",,,,,,,"Hydrobiologia","1","Water Quality","5","Canadian Forest Service","1",,,,,,,,
,,,,"Bergeron, Y.","1",,,,,,,"Hydrological Processes","1","Water Sheds","5","Universite de Moncton","1",,,,,,,,
,,,,"Bertrand, N.","1",,,,,,,,,"Community Structure","4","Alberta Research Council","1",,,,,,,,
,,,,"Bouchard, M.","1",,,,,,,,,"Forest Fire","4","Université du Québec à Trois-Rivières","1",,,,,,,,
,,,,"Boulet, M.","1",,,,,,,,,"Forest Management","4","Natural Resources Canada","1",,,,,,,,
,,,,"Darveau, M.","1",,,,,,,,,"Lake Ecosystem","4","University of Alberta","1",,,,,,,,
,,,,"Desrosiers, M.","1",,,,,,,,,"Logging (forestry)","4","McMaster University","1",,,,,,,,
,,,,"Drapeau, P.","1",,,,,,,,,"Quebec","4",,,,,,,,,,
,,,,"Duhaime, L.","1",,,,,,,,,"Ecosystems","3",,,,,,,,,,
,,,,"Fenton, N.J.","1",,,,,,,,,"Logging (timber)","3",,,,,,,,,,
,,,,"Ghaleb, B.","1",,,,,,,,,"Picea Mariana","3",,,,,,,,,,
,,,,"Groulx, S.R.","1",,,,,,,,,"Plankton","3",,,,,,,,,,
,,,,"Guillemette, F.","1",,,,,,,,,"Timber Harvesting","3",,,,,,,,,,
,,,,"Hausmann, S.","1",,,,,,,,,"Water Chemistry","3",,,,,,,,,,
,,,,"Henneb, M.","1",,,,,,,,,"Watershed","3",,,,,,,,,,
,,,,"Hébert, C.","1",,,,,,,,,"Bacillariophyta","2",,,,,,,,,,
,,,,"Jalal, W.","1",,,,,,,,,"Benthos","2",,,,,,,,,,
,,,,"Jolicoeur, S.","1",,,,,,,,,"Biodiversity","2",,,,,,,,,,
,,,,"Jutras, S.","1",,,,,,,,,"Biogeochemistry","2",,,,,,,,,,
,,,,"Lajeunesse, P.","1",,,,,,,,,"Biomass","2",,,,,,,,,,
,,,,"Lucotte, M.","1",,,,,,,,,"Catostomus Commersoni","2",,,,,,,,,,
,,,,"Magnan, P.","1",,,,,,,,,"Chlorophyll A","2",,,,,,,,,,
,,,,"Moingt, M.","1",,,,,,,,,"Crustacea","2",,,,,,,,,,
,,,,"Méthot, G.","1",,,,,,,,,"Diatom","2",,,,,,,,,,
,,,,"Paszkowski, C.A.","1",,,,,,,,,"Ecological Impact","2",,,,,,,,,,
,,,,"Pienitz, R.","1",,,,,,,,,"Ecology","2",,,,,,,,,,
,,,,"Potvin, F.","1",,,,,,,,,"Environmental Disturbance","2",,,,,,,,,,
,,,,"Saint-Germain, M.","1",,,,,,,,,"Fires","2",,,,,,,,,,
,,,,"Scrimgeour, G.J.","1",,,,,,,,,"Flow Of Water","2",,,,,,,,,,
,,,,"Simard, M.","1",,,,,,,,,"Forest","2",,,,,,,,,,
,,,,"Thiffault, N.","1",,,,,,,,,"Forest Fires","2",,,,,,,,,,
,,,,"Tonn, W.M.","1",,,,,,,,,"Hexapoda","2",,,,,,,,,,
,,,,"Valeria, O.","1",,,,,,,,,"Human Activity","2",,,,,,,,,,
,,,,,,,,,,,,,,"Insect","2",,,,,,,,,,
,,,,,,,,,,,,,,"Lake","2",,,,,,,,,,
,,,,,,,,,,,,,,"Landforms","2",,,,,,,,,,
,,,,,,,,,,,,,,"Montmorency Forest","2",,,,,,,,,,
,,,,,,,,,,,,,,"Organic Matter","2",,,,,,,,,,
,,,,,,,,,,,,,,"Peak Flow","2",,,,,,,,,,
,,,,,,,,,,,,,,"Perca Flavescens","2",,,,,,,,,,
,,,,,,,,,,,,,,"Picea","2",,,,,,,,,,
,,,,,,,,,,,,,,"Regression Analysis","2",,,,,,,,,,
,,,,,,,,,,,,,,"Rotifera","2",,,,,,,,,,
,,,,,,,,,,,,,,"Sediments","2",,,,,,,,,,
,,,,,,,,,,,,,,"Snow","2",,,,,,,,,,
,,,,,,,,,,,,,,"Tamiasciurus Hudsonicus","2",,,,,,,,,,
,,,,,,,,,,,,,,"Water Flow","2",,,,,,,,,,
,,,,,,,,,,,,,,"Water Management","2",,,,,,,,,,
,,,,,,,,,,,,,,"Watershed Management","2",,,,,,,,,,
,,,,,,,,,,,,,,"Zooplankton","2",,,,,,,,,,
,,,,,,,,,,,,,,"Abies","1",,,,,,,,,,
,,,,,,,,,,,,,,"Abies Balsamea","1",,,,,,,,,,
,,,,,,,,,,,,,,"Abundance","1",,,,,,,,,,
,,,,,,,,,,,,,,"Aerial Survey","1",,,,,,,,,,
,,,,,,,,,,,,,,"Alces Alces","1",,,,,,,,,,
,,,,,,,,,,,,,,"Alga","1",,,,,,,,,,
,,,,,,,,,,,,,,"Algae","1",,,,,,,,,,
,,,,,,,,,,,,,,"Algal Community","1",,,,,,,,,,
,,,,,,,,,,,,,,"Altitude","1",,,,,,,,,,
,,,,,,,,,,,,,,"Amenagement Du Bassin Versant","1",,,,,,,,,,
,,,,,,,,,,,,,,"Analysis Of Variance","1",,,,,,,,,,
,,,,,,,,,,,,,,"Anthropogenic Activity","1",,,,,,,,,,
,,,,,,,,,,,,,,"Anthropogenic Effect","1",,,,,,,,,,
,,,,,,,,,,,,,,"Aquatic Lives","1",,,,,,,,,,
,,,,,,,,,,,,,,"Aves","1",,,,,,,,,,
,,,,,,,,,,,,,,"Avifauna","1",,,,,,,,,,
,,,,,,,,,,,,,,"BACI Design","1",,,,,,,,,,
,,,,,,,,,,,,,,"Bankfull Discharge","1",,,,,,,,,,
,,,,,,,,,,,,,,"Bankfull Flow","1",,,,,,,,,,
,,,,,,,,,,,,,,"Basin Studies","1",,,,,,,,,,
,,,,,,,,,,,,,,"Before-after Control-impact (BACI) Design","1",,,,,,,,,,
,,,,,,,,,,,,,,"Benthic Environment","1",,,,,,,,,,
,,,,,,,,,,,,,,"Best Management Practice","1",,,,,,,,,,
,,,,,,,,,,,,,,"Best Management Practices","1",,,,,,,,,,
,,,,,,,,,,,,,,"Biological Materials","1",,,,,,,,,,
,,,,,,,,,,,,,,"Biomarker","1",,,,,,,,,,
,,,,,,,,,,,,,,"Biota","1",,,,,,,,,,
,,,,,,,,,,,,,,"Bird Nest Predation","1",,,,,,,,,,
,,,,,,,,,,,,,,"Black Spruce","1",,,,,,,,,,
,,,,,,,,,,,,,,"Boreal","1",,,,,,,,,,
,,,,,,,,,,,,,,"Boreal Black Spruce Forest","1",,,,,,,,,,
,,,,,,,,,,,,,,"Boreal Forest Management","1",,,,,,,,,,
,,,,,,,,,,,,,,"Boreal Lakes","1",,,,,,,,,,
,,,,,,,,,,,,,,"Calanoida","1",,,,,,,,,,
,,,,,,,,,,,,,,"Canadian Shield","1",,,,,,,,,,
,,,,,,,,,,,,,,"Carbon","1",,,,,,,,,,
,,,,,,,,,,,,,,"Castanea","1",,,,,,,,,,
,,,,,,,,,,,,,,"Catchment","1",,,,,,,,,,
,,,,,,,,,,,,,,"Catchments","1",,,,,,,,,,
,,,,,,,,,,,,,,"Cellular Organisms","1",,,,,,,,,,
,,,,,,,,,,,,,,"Cerambycidae","1",,,,,,,,,,
,,,,,,,,,,,,,,"Chemical Weathering","1",,,,,,,,,,
,,,,,,,,,,,,,,"Chlorophyll","1",,,,,,,,,,
,,,,,,,,,,,,,,"Chlorophylls","1",,,,,,,,,,
,,,,,,,,,,,,,,"Choristoneura Fumiferana","1",,,,,,,,,,
,,,,,,,,,,,,,,"Cladocera","1",,,,,,,,,,
,,,,,,,,,,,,,,"Clearcut Patches","1",,,,,,,,,,
,,,,,,,,,,,,,,"Climate","1",,,,,,,,,,
,,,,,,,,,,,,,,"Climate Change","1",,,,,,,,,,
,,,,,,,,,,,,,,"Climate Effect","1",,,,,,,,,,
,,,,,,,,,,,,,,"Climates","1",,,,,,,,,,
,,,,,,,,,,,,,,"Coleoptera","1",,,,,,,,,,
,,,,,,,,,,,,,,"Colonization","1",,,,,,,,,,
,,,,,,,,,,,,,,"Community Composition","1",,,,,,,,,,
,,,,,,,,,,,,,,"Concentration","1",,,,,,,,,,
,,,,,,,,,,,,,,"Concentration (process)","1",,,,,,,,,,
,,,,,,,,,,,,,,"Coniferous Tree","1",,,,,,,,,,
,,,,,,,,,,,,,,"Copepoda","1",,,,,,,,,,
,,,,,,,,,,,,,,"Coturnix Coturnix","1",,,,,,,,,,
,,,,,,,,,,,,,,"Coupe Forestiere","1",,,,,,,,,,
,,,,,,,,,,,,,,"Cutting","1",,,,,,,,,,
,,,,,,,,,,,,,,"Cyclopoida","1",,,,,,,,,,
,,,,,,,,,,,,,,"Debit De Pleins Bords","1",,,,,,,,,,
,,,,,,,,,,,,,,"Debit De Pointe","1",,,,,,,,,,
,,,,,,,,,,,,,,"Defoliation","1",,,,,,,,,,
,,,,,,,,,,,,,,"Dendragapus Canadensis","1",,,,,,,,,,
,,,,,,,,,,,,,,"Dendroica","1",,,,,,,,,,
,,,,,,,,,,,,,,"Dendroica Castanea","1",,,,,,,,,,
,,,,,,,,,,,,,,"Diatoms","1",,,,,,,,,,
,,,,,,,,,,,,,,"Dissolution","1",,,,,,,,,,
,,,,,,,,,,,,,,"Dissolved Organic Carbon","1",,,,,,,,,,
,,,,,,,,,,,,,,"Disturbance","1",,,,,,,,,,
,,,,,,,,,,,,,,"Disturbance Interactions","1",,,,,,,,,,
,,,,,,,,,,,,,,"Diurnal Variations","1",,,,,,,,,,
,,,,,,,,,,,,,,"Drainage","1",,,,,,,,,,
,,,,,,,,,,,,,,"Dryocoetes","1",,,,,,,,,,
,,,,,,,,,,,,,,"Dryocoetes Affaber","1",,,,,,,,,,
,,,,,,,,,,,,,,"Ecological Impacts","1",,,,,,,,,,
,,,,,,,,,,,,,,"Ecosystem Management","1",,,,,,,,,,
,,,,,,,,,,,,,,"Environmental Impact Assessment","1",,,,,,,,,,
,,,,,,,,,,,,,,"Environmental Monitoring","1",,,,,,,,,,
,,,,,,,,,,,,,,"Eutrophication","1",,,,,,,,,,
,,,,,,,,,,,,,,"Experimental Study","1",,,,,,,,,,
,,,,,,,,,,,,,,"Experimental Watersheds","1",,,,,,,,,,
,,,,,,,,,,,,,,"Falcipennis","1",,,,,,,,,,
,,,,,,,,,,,,,,"Falcipennis Canadensis","1",,,,,,,,,,
,,,,,,,,,,,,,,"Fire","1",,,,,,,,,,
,,,,,,,,,,,,,,"Fire Hazards","1",,,,,,,,,,
,,,,,,,,,,,,,,"Fire Severity","1",,,,,,,,,,
,,,,,,,,,,,,,,"Fish Habitats","1",,,,,,,,,,
,,,,,,,,,,,,,,"Fisheries","1",,,,,,,,,,
,,,,,,,,,,,,,,"Forest Buffers","1",,,,,,,,,,
,,,,,,,,,,,,,,"Forest Clear-cut","1",,,,,,,,,,
,,,,,,,,,,,,,,"Forest Cover","1",,,,,,,,,,
,,,,,,,,,,,,,,"Forest Disturbance","1",,,,,,,,,,
,,,,,,,,,,,,,,"Forest Ecology","1",,,,,,,,,,
,,,,,,,,,,,,,,"Forest Harvesting","1",,,,,,,,,,
,,,,,,,,,,,,,,"Forest Strip","1",,,,,,,,,,
,,,,,,,,,,,,,,"Forest Strips","1",,,,,,,,,,
,,,,,,,,,,,,,,"Forested Catchment","1",,,,,,,,,,
