﻿Scopus refine results values

"Your query : ((TITLE-ABS-KEY((Boreal OR {James Bay} OR James-Bay OR {Clay Belt} OR {canadian shield}) AND (Canada OR Quebec OR Ontario OR newfoundland OR Alberta OR British-Columbia) ) AND PUBYEAR > 1999 AND PUBYEAR < 2020) AND (TITLE-ABS-KEY(Species AND (Distribution OR Extinct* OR Invasi*  OR Transition Or exotic)) AND PUBYEAR > 1999 AND PUBYEAR < 2020) AND (TITLE-ABS-KEY({tree composition} OR {tree species composition} OR {Stand composition} OR {tree assemblage} OR {tree species assemblage}  ) AND PUBYEAR > 1999 AND PUBYEAR < 2020))"


Number of results : 12

"ACCESS TYPE",,"YEAR",,"AUTHOR NAME",,"SUBJECT AREA",,"DOCUMENT TYPE",,"PUBLICATION STAGE",,"SOURCE TITLE",,"KEYWORD",,"AFFILIATION",,"FUNDING SPONSOR",,"COUNTRY",,"SOURCE TYPE",,"LANGUAGE",
"Open Access","2","2019","1","Bergeron, Y.","3","Agricultural and Biological Sciences","11","Article","12","final","12","Forest Ecology And Management","4","Canada","12","Universite du Quebec en Abitibi-Temiscamingue","3","Natural Sciences and Engineering Research Council of Canada","3","Canada","12","Journals","12","English","12"
"Other","10","2017","1","Lecomte, N.","2","Environmental Science","10",,,,,"Canadian Journal Of Forest Research","2","Boreal Forest","11","Le réseau de l'Université du Québec","2","Canadian Forest Service","1","United States","1",,,,
,,"2014","1","Asnong, H.","1","Social Sciences","1",,,,,"Ecology","1","Forestry","6","Canadian Forest Service","2","Fonds QuÃ©bÃ©cois de la Recherche sur la Nature et les Technologies","1",,,,,,
,,"2013","1","Auger, I.","1",,,,,,,"Forestry","1","Picea Mariana","5","University of Montreal","2","Fonds de recherche du QuÃ©bec â Nature et technologies","1",,,,,,
,,"2012","1","Bokalo, M.","1",,,,,,,"Global Ecology And Biogeography","1","Abies","4","Université du Québec à Montréal","2","Ministry of Natural Resources","1",,,,,,
,,"2011","1","Boucher, Y.","1",,,,,,,"Journal Of Vegetation Science","1","Abies Balsamea","4","Département des Sciences Biologiques","1","National Aeronautics and Space Administration","1",,,,,,
,,"2010","1","Bradley, R.","1",,,,,,,"Landscape Ecology","1","Community Composition","4","WWF-Canada","1","National Science Foundation","1",,,,,,
,,"2006","1","Brice, M.H.","1",,,,,,,"Microbial Ecology","1","Community Structure","4","McGill University","1","Pacific Northwest Research Station","1",,,,,,
,,"2005","3","Cadieux, P.","1",,,,,,,,,"Forest Management","4","Great Lakes Forestry Centre","1","Parks Canada","1",,,,,,
,,"2000","1","Cazelles, K.","1",,,,,,,,,"Mixed Forest","4","The University of British Columbia","1","Undefined","7",,,,,,
,,,,"Comeau, P.G.","1",,,,,,,,,"North America","4","Université de Sherbrooke","1",,,,,,,,
,,,,"DeBellis, T.","1",,,,,,,,,"Picea Glauca","4","University of Alaska Fairbanks","1",,,,,,,,
,,,,"Drapeau, P.","1",,,,,,,,,"Populus Tremuloides","4","University of Saskatchewan","1",,,,,,,,
,,,,"Drever, C.R.","1",,,,,,,,,"Quebec [Canada]","4","University of Guelph","1",,,,,,,,
,,,,"Drever, M.C.","1",,,,,,,,,"Stand Structure","4","University of Toronto","1",,,,,,,,
,,,,"Fortin, M.J.","1",,,,,,,,,"Succession","4","Nature Conservancy","1",,,,,,,,
,,,,"Gendreau-Berthiaume, B.","1",,,,,,,,,"Betula Papyrifera","3","University of Maryland","1",,,,,,,,
,,,,"Grondin, P.","1",,,,,,,,,"Deciduous Tree","3","Natural Resources Canada","1",,,,,,,,
,,,,"Harvey, B.D.","1",,,,,,,,,"Disturbance","3","Conseil de recherches en sciences naturelles et en génie du Canada","1",,,,,,,,
,,,,"Johnstone, J.F.","1",,,,,,,,,"Ecology","3","University of Alberta","1",,,,,,,,
,,,,"Kasischke, E.S.","1",,,,,,,,,"Fire","3","Université Laval","1",,,,,,,,
,,,,"Kernaghan, G.","1",,,,,,,,,"Paludification","3","Concordia University","1",,,,,,,,
,,,,"Kielland, K.","1",,,,,,,,,"Populus","3","Ministère de l‘Energie et des Ressources naturelles du Québec","1",,,,,,,,
,,,,"Kneeshaw, D.D.","1",,,,,,,,,"Quebec","3",,,,,,,,,,
,,,,"Larouche, A.","1",,,,,,,,,"Aves","2",,,,,,,,,,
,,,,"Legendre, P.","1",,,,,,,,,"Avifauna","2",,,,,,,,,,
,,,,"Pearce, J.L.","1",,,,,,,,,"Betula Pendula","2",,,,,,,,,,
,,,,"Reyes-Hernandez, V.","1",,,,,,,,,"Black Spruce","2",,,,,,,,,,
,,,,"Richard, P.J.H.","1",,,,,,,,,"Boreal Forests","2",,,,,,,,,,
,,,,"Shenoy, A.","1",,,,,,,,,"Coniferophyta","2",,,,,,,,,,
,,,,"Simard, M.","1",,,,,,,,,"Coniferous Forest","2",,,,,,,,,,
,,,,"Snider, J.","1",,,,,,,,,"Coniferous Tree","2",,,,,,,,,,
,,,,"Venier, L.A.","1",,,,,,,,,"Deciduous Forest","2",,,,,,,,,,
,,,,"Widden, P.","1",,,,,,,,,"Environmental Disturbance","2",,,,,,,,,,
,,,,,,,,,,,,,,"Fires","2",,,,,,,,,,
,,,,,,,,,,,,,,"Old-growth Forest","2",,,,,,,,,,
,,,,,,,,,,,,,,"Ontario","2",,,,,,,,,,
,,,,,,,,,,,,,,"Ontario [Canada]","2",,,,,,,,,,
,,,,,,,,,,,,,,"Picea","2",,,,,,,,,,
,,,,,,,,,,,,,,"Pinus Banksiana","2",,,,,,,,,,
,,,,,,,,,,,,,,"Population Size","2",,,,,,,,,,
,,,,,,,,,,,,,,"Regeneration","2",,,,,,,,,,
,,,,,,,,,,,,,,"Self Thinning","2",,,,,,,,,,
,,,,,,,,,,,,,,"Self-thinning","2",,,,,,,,,,
,,,,,,,,,,,,,,"Shade Tolerance","2",,,,,,,,,,
,,,,,,,,,,,,,,"Silviculture","2",,,,,,,,,,
,,,,,,,,,,,,,,"Soil","2",,,,,,,,,,
,,,,,,,,,,,,,,"Species Diversity","2",,,,,,,,,,
,,,,,,,,,,,,,,"Stand Dynamics","2",,,,,,,,,,
,,,,,,,,,,,,,,"Β-diversity","1",,,,,,,,,,
,,,,,,,,,,,,,,"Adaptation","1",,,,,,,,,,
,,,,,,,,,,,,,,"Aging","1",,,,,,,,,,
,,,,,,,,,,,,,,"Aging Of Materials","1",,,,,,,,,,
,,,,,,,,,,,,,,"Alaska","1",,,,,,,,,,
,,,,,,,,,,,,,,"Albedo","1",,,,,,,,,,
,,,,,,,,,,,,,,"Alberta","1",,,,,,,,,,
,,,,,,,,,,,,,,"Analytical Method","1",,,,,,,,,,
,,,,,,,,,,,,,,"Anthropogenic Effect","1",,,,,,,,,,
,,,,,,,,,,,,,,"Anthropogenic Impact","1",,,,,,,,,,
,,,,,,,,,,,,,,"Article","1",,,,,,,,,,
,,,,,,,,,,,,,,"Aspen","1",,,,,,,,,,
,,,,,,,,,,,,,,"Balsam Fir","1",,,,,,,,,,
,,,,,,,,,,,,,,"Basidiomycota","1",,,,,,,,,,
,,,,,,,,,,,,,,"Betula Alleghaniensis","1",,,,,,,,,,
,,,,,,,,,,,,,,"Biodiversity","1",,,,,,,,,,
,,,,,,,,,,,,,,"Biological Invasion","1",,,,,,,,,,
,,,,,,,,,,,,,,"Biological Populations","1",,,,,,,,,,
,,,,,,,,,,,,,,"Biomass","1",,,,,,,,,,
,,,,,,,,,,,,,,"Bird","1",,,,,,,,,,
,,,,,,,,,,,,,,"Birds","1",,,,,,,,,,
,,,,,,,,,,,,,,"Black Spruce Forests","1",,,,,,,,,,
,,,,,,,,,,,,,,"Boreal Birds","1",,,,,,,,,,
,,,,,,,,,,,,,,"Boreal Forest Disturbance Regimes","1",,,,,,,,,,
,,,,,,,,,,,,,,"Boreal Mixedwoods","1",,,,,,,,,,
,,,,,,,,,,,,,,"Canonical Analysis","1",,,,,,,,,,
,,,,,,,,,,,,,,"Canopy Gaps","1",,,,,,,,,,
,,,,,,,,,,,,,,"Cenococcum Geophilum","1",,,,,,,,,,
,,,,,,,,,,,,,,"Certhia Americana","1",,,,,,,,,,
,,,,,,,,,,,,,,"Choristoneura Fumiferana","1",,,,,,,,,,
,,,,,,,,,,,,,,"Chronosequence","1",,,,,,,,,,
,,,,,,,,,,,,,,"Classification","1",,,,,,,,,,
,,,,,,,,,,,,,,"Clearcutting","1",,,,,,,,,,
,,,,,,,,,,,,,,"Climate Change","1",,,,,,,,,,
,,,,,,,,,,,,,,"Clone","1",,,,,,,,,,
,,,,,,,,,,,,,,"Community Dynamics","1",,,,,,,,,,
,,,,,,,,,,,,,,"Community Temperature Index","1",,,,,,,,,,
,,,,,,,,,,,,,,"Community Temporal Change","1",,,,,,,,,,
,,,,,,,,,,,,,,"Conifer Species","1",,,,,,,,,,
,,,,,,,,,,,,,,"Conium","1",,,,,,,,,,
,,,,,,,,,,,,,,"Conservation Management","1",,,,,,,,,,
,,,,,,,,,,,,,,"Cortinarius","1",,,,,,,,,,
,,,,,,,,,,,,,,"Cytology","1",,,,,,,,,,
,,,,,,,,,,,,,,"DNA","1",,,,,,,,,,
,,,,,,,,,,,,,,"DNA, Fungal","1",,,,,,,,,,
,,,,,,,,,,,,,,"DNA, Ribosomal","1",,,,,,,,,,
,,,,,,,,,,,,,,"Dead Wood","1",,,,,,,,,,
,,,,,,,,,,,,,,"Deadwood","1",,,,,,,,,,
,,,,,,,,,,,,,,"Deciduous Trees","1",,,,,,,,,,
,,,,,,,,,,,,,,"Degradation","1",,,,,,,,,,
,,,,,,,,,,,,,,"Dendroecology","1",,,,,,,,,,
,,,,,,,,,,,,,,"Dendroica Virens","1",,,,,,,,,,
,,,,,,,,,,,,,,"Diameter","1",,,,,,,,,,
,,,,,,,,,,,,,,"Disturbances","1",,,,,,,,,,
,,,,,,,,,,,,,,"Disturbances Legacy","1",,,,,,,,,,
,,,,,,,,,,,,,,"Dominance","1",,,,,,,,,,
,,,,,,,,,,,,,,"Dynamic Thinning","1",,,,,,,,,,
,,,,,,,,,,,,,,"Dynamic Thinning Line","1",,,,,,,,,,
,,,,,,,,,,,,,,"Early-successional","1",,,,,,,,,,
,,,,,,,,,,,,,,"Ecoregions","1",,,,,,,,,,
,,,,,,,,,,,,,,"Ecosystem","1",,,,,,,,,,
,,,,,,,,,,,,,,"Ecosystems","1",,,,,,,,,,
,,,,,,,,,,,,,,"Ecotone","1",,,,,,,,,,
,,,,,,,,,,,,,,"Ectomycorrhiza","1",,,,,,,,,,
,,,,,,,,,,,,,,"Employment","1",,,,,,,,,,
,,,,,,,,,,,,,,"Environmental Factor","1",,,,,,,,,,
,,,,,,,,,,,,,,"Environmental Protection","1",,,,,,,,,,
,,,,,,,,,,,,,,"Ericaceous Shrub","1",,,,,,,,,,
,,,,,,,,,,,,,,"Fire Behavior","1",,,,,,,,,,
,,,,,,,,,,,,,,"Fire History","1",,,,,,,,,,
,,,,,,,,,,,,,,"Fire Regimes","1",,,,,,,,,,
,,,,,,,,,,,,,,"Fire Severity","1",,,,,,,,,,
,,,,,,,,,,,,,,"Foraging Behavior","1",,,,,,,,,,
,,,,,,,,,,,,,,"Forest","1",,,,,,,,,,
,,,,,,,,,,,,,,"Forest Canopy","1",,,,,,,,,,
,,,,,,,,,,,,,,"Forest Ecosystem","1",,,,,,,,,,
,,,,,,,,,,,,,,"Forest Fire","1",,,,,,,,,,
,,,,,,,,,,,,,,"Forest Fires","1",,,,,,,,,,
,,,,,,,,,,,,,,"Forest Inventory","1",,,,,,,,,,
,,,,,,,,,,,,,,"Forest Managers","1",,,,,,,,,,
,,,,,,,,,,,,,,"Forest Succession","1",,,,,,,,,,
,,,,,,,,,,,,,,"Forest Type","1",,,,,,,,,,
,,,,,,,,,,,,,,"Forestry Practice","1",,,,,,,,,,
,,,,,,,,,,,,,,"Forests","1",,,,,,,,,,
,,,,,,,,,,,,,,"Frequency Analysis","1",,,,,,,,,,
,,,,,,,,,,,,,,"Functional Group","1",,,,,,,,,,
,,,,,,,,,,,,,,"Fungal DNA","1",,,,,,,,,,
,,,,,,,,,,,,,,"Fungi","1",,,,,,,,,,
,,,,,,,,,,,,,,"Genetics","1",,,,,,,,,,
,,,,,,,,,,,,,,"Geographic Ranges","1",,,,,,,,,,
,,,,,,,,,,,,,,"Global Warming","1",,,,,,,,,,
,,,,,,,,,,,,,,"Great Lakes","1",,,,,,,,,,
,,,,,,,,,,,,,,"Growth Rate","1",,,,,,,,,,
,,,,,,,,,,,,,,"Habitat Conservation","1",,,,,,,,,,
,,,,,,,,,,,,,,"Habitat Fragmentation","1",,,,,,,,,,
,,,,,,,,,,,,,,"Habitat Structure","1",,,,,,,,,,
,,,,,,,,,,,,,,"Habitat Use","1",,,,,,,,,,
,,,,,,,,,,,,,,"Hardwood Stands","1",,,,,,,,,,
,,,,,,,,,,,,,,"Harvesting","1",,,,,,,,,,
,,,,,,,,,,,,,,"Height","1",,,,,,,,,,
,,,,,,,,,,,,,,"Hexapoda","1",,,,,,,,,,
,,,,,,,,,,,,,,"Historical Ecology","1",,,,,,,,,,
,,,,,,,,,,,,,,"Hole-users","1",,,,,,,,,,
,,,,,,,,,,,,,,"Host Plant","1",,,,,,,,,,
,,,,,,,,,,,,,,"Insect","1",,,,,,,,,,
,,,,,,,,,,,,,,"Jack Pine","1",,,,,,,,,,
,,,,,,,,,,,,,,"Lactarius","1",,,,,,,,,,
,,,,,,,,,,,,,,"Lake Duparquet","1",,,,,,,,,,
,,,,,,,,,,,,,,"Land Use Change","1",,,,,,,,,,
,,,,,,,,,,,,,,"Larix","1",,,,,,,,,,
,,,,,,,,,,,,,,"Larix Laricina","1",,,,,,,,,,
