﻿Scopus refine results values

"Your query : ((TITLE-ABS-KEY((Boreal OR {James Bay} OR James-Bay OR {Clay Belt} OR {canadian shield}) AND Quebec) AND PUBYEAR > 1999 AND PUBYEAR < 2020) AND (TITLE-ABS-KEY(Harvest* OR Logging OR Cut OR Clear-cut  OR Clearcut OR {Clear Cut}) AND PUBYEAR > 1999 AND PUBYEAR < 2020) AND (TITLE-ABS-KEY(Predat* ) AND PUBYEAR > 1999 AND PUBYEAR < 2020))"


Number of results : 23

"ACCESS TYPE",,"YEAR",,"AUTHOR NAME",,"SUBJECT AREA",,"DOCUMENT TYPE",,"PUBLICATION STAGE",,"SOURCE TITLE",,"KEYWORD",,"AFFILIATION",,"FUNDING SPONSOR",,"COUNTRY",,"SOURCE TYPE",,"LANGUAGE",
"Open Access","2","2014","3","Courtois, R.","8","Agricultural and Biological Sciences","20","Article","21","final","23","Journal Of Wildlife Management","4","Canada","18","Université Laval","15","Natural Sciences and Engineering Research Council of Canada","7","Canada","23","Journals","22","English","23"
"Other","21","2013","3","Fortin, D.","8","Biochemistry, Genetics and Molecular Biology","1","Book Chapter","1",,,"Biological Conservation","2","Boreal Forest","16","Université du Québec à Rimouski","12","MinistÃ¨re des Ressources Naturelles et de la Faune","4","Netherlands","1","Books","1",,
,,"2012","4","Dussault, C.","6","Environmental Science","17","Review","1",,,"Canadian Journal Of Forest Research","2","Quebec [Canada]","15","Ministère de l‘Energie et des Ressources naturelles du Québec","12","Concordia University","1","United States","1",,,,
,,"2011","1","Ouellet, J.P.","5","Multidisciplinary","1",,,,,"Ecoscience","2","Quebec","8","Canadian Forest Service","2","Fonds QuÃ©bÃ©cois de la Recherche sur la Nature et les Technologies","1",,,,,,
,,"2010","4","St-Laurent, M.H.","5","Social Sciences","2",,,,,"Landscape Ecology","2","Deer","7","Natural Resources Canada","2","Natural Resources Canada","1",,,,,,
,,"2009","1","Courbin, N.","3",,,,,,,"Biodiversity And Conservation","1","Habitat Use","7","McMaster University","2","UniversitÃ© Laval","1",,,,,,
,,"2008","1","Darveau, M.","3",,,,,,,"Canadian Field Naturalist","1","Forest Management","6","Concordia University","2","World Wildlife Fund","1",,,,,,
,,"2007","1","Beauchesne, D.","2",,,,,,,"Canadian Journal Of Zoology","1","Habitat Selection","6","USDA ARS Beltsville Agricultural Research Center","1","Undefined","16",,,,,,
,,"2005","2","Boulet, M.","2",,,,,,,"Ecological Monographs","1","Logging (timber)","6","Environment Canada","1",,,,,,,,
,,"2004","1","Côté, S.D.","2",,,,,,,"Evolutionary Ecology Research","1","Rangifer Tarandus Caribou","6","Universite du Quebec en Abitibi-Temiscamingue","1",,,,,,,,
,,"2000","2","Dussault, C.","2",,,,,,,"Forest Ecology And Management","1","Anthropogenic Effect","5","University of Montreal","1",,,,,,,,
,,,,"Hébert, C.","2",,,,,,,"Forestry Chronicle","1","Canid","5","Netherlands Institute of Ecology","1",,,,,,,,
,,,,"Jaeger, J.A.G.","2",,,,,,,"Journal Of Wildlife Diseases","1","Canidae","5","Lakehead University","1",,,,,,,,
,,,,"Quellet, J.P.","2",,,,,,,"Plos One","1","Forest Harvesting","5","Agence de la santé publique du Canada","1",,,,,,,,
,,,,"Beaudoin, C.","1",,,,,,,"Wilson Journal Of Ornithology","1","Forestry","5","INRS- Centre Eau, Terre &amp; Environnement","1",,,,,,,,
,,,,"Belanger, L.","1",,,,,,,"Woodlands Ecology Management And Conservation","1","Home Range","5","Ducks Unlimited Canada","1",,,,,,,,
,,,,"Bertrand, N.","1",,,,,,,,,"North America","5","Institut des sciences de la mer de Rimouski","1",,,,,,,,
,,,,"Bois, G.","1",,,,,,,,,"Rangifer Tarandus","5",,,,,,,,,,
,,,,"Boisjoly, D.","1",,,,,,,,,"Abundance","4",,,,,,,,,,
,,,,"Brodeur, V.","1",,,,,,,,,"Animalia","4",,,,,,,,,,
,,,,"Brousseau, P.M.","1",,,,,,,,,"Canis Lupus","4",,,,,,,,,,
,,,,"Cloutier, C.","1",,,,,,,,,"Ecosystems","4",,,,,,,,,,
,,,,"Couturier, S.","1",,,,,,,,,"Forest Ecosystem","4",,,,,,,,,,
,,,,"Crête, M.","1",,,,,,,,,"Lagomorph","4",,,,,,,,,,
,,,,"Darmon, G.","1",,,,,,,,,"Lepus Americanus","4",,,,,,,,,,
,,,,"De Bellefeuille, S.","1",,,,,,,,,"Predation Risk","4",,,,,,,,,,
,,,,"Dubey, J.P.","1",,,,,,,,,"Wildlife Management","4",,,,,,,,,,
,,,,"Etcheverry, P.","1",,,,,,,,,"Alces Alces","3",,,,,,,,,,
,,,,"Faille, G.","1",,,,,,,,,"Animals","3",,,,,,,,,,
,,,,"Ferron, J.","1",,,,,,,,,"Aves","3",,,,,,,,,,
,,,,"Gingras, A.","1",,,,,,,,,"Canis Familiaris","3",,,,,,,,,,
,,,,"Hidding, B.","1",,,,,,,,,"Clearcutting","3",,,,,,,,,,
,,,,"Hodson, J.","1",,,,,,,,,"Conservation Planning","3",,,,,,,,,,
,,,,"Houle, M.","1",,,,,,,,,"Endangered Species","3",,,,,,,,,,
,,,,"Imbeau, L.","1",,,,,,,,,"Food Availability","3",,,,,,,,,,
,,,,"Lamoureux, J.","1",,,,,,,,,"GPS","3",,,,,,,,,,
,,,,"LeBlanc, M.L.","1",,,,,,,,,"Habitat Management","3",,,,,,,,,,
,,,,"Leclerc, M.","1",,,,,,,,,"Habitat Quality","3",,,,,,,,,,
,,,,"Lemaître, J.","1",,,,,,,,,"Nest Predation","3",,,,,,,,,,
,,,,"Lesmerises, F.","1",,,,,,,,,"Predation","3",,,,,,,,,,
,,,,"Légaré, J.P.","1",,,,,,,,,"Space Use","3",,,,,,,,,,
,,,,"Mazerolle, M.J.","1",,,,,,,,,"Ursus Americanus","3",,,,,,,,,,
,,,,"Morris, D.W.","1",,,,,,,,,"Winter","3",,,,,,,,,,
,,,,"Ogden, N.H.","1",,,,,,,,,"Abies","2",,,,,,,,,,
,,,,"Pinard, V.","1",,,,,,,,,"Abies Balsamea","2",,,,,,,,,,
,,,,"Pothier, D.","1",,,,,,,,,"Anticosti Island","2",,,,,,,,,,
,,,,"Potvin, F.","1",,,,,,,,,"Article","2",,,,,,,,,,
,,,,"Poulin, M.B.","1",,,,,,,,,"Browsing","2",,,,,,,,,,
,,,,"Richer, M.C.","1",,,,,,,,,"Canadian Boreal Forest","2",,,,,,,,,,
,,,,"Rivest, L.P.","1",,,,,,,,,"Caribou","2",,,,,,,,,,
,,,,"Robert, M.","1",,,,,,,,,"Coniferophyta","2",,,,,,,,,,
,,,,"Rousseau, A.N.","1",,,,,,,,,"Coniferous Tree","2",,,,,,,,,,
,,,,"Ruel, J.C.","1",,,,,,,,,"Connectivity","2",,,,,,,,,,
,,,,"Savard, J.P.L.","1",,,,,,,,,"Coturnix Coturnix","2",,,,,,,,,,
,,,,"Simon, A.","1",,,,,,,,,"Disturbance","2",,,,,,,,,,
,,,,"Swiston, K.","1",,,,,,,,,"Environmental Disturbance","2",,,,,,,,,,
,,,,"Tremblay, J.P.","1",,,,,,,,,"Female","2",,,,,,,,,,
,,,,,,,,,,,,,,"Foraging Behavior","2",,,,,,,,,,
,,,,,,,,,,,,,,"Habitat Fragmentation","2",,,,,,,,,,
,,,,,,,,,,,,,,"Habitat Type","2",,,,,,,,,,
,,,,,,,,,,,,,,"Harvesting","2",,,,,,,,,,
,,,,,,,,,,,,,,"Human Activity","2",,,,,,,,,,
,,,,,,,,,,,,,,"Hypothesis Testing","2",,,,,,,,,,
,,,,,,,,,,,,,,"Landscape","2",,,,,,,,,,
,,,,,,,,,,,,,,"Laurentian Mountains","2",,,,,,,,,,
,,,,,,,,,,,,,,"Lepus","2",,,,,,,,,,
,,,,,,,,,,,,,,"Mortality","2",,,,,,,,,,
,,,,,,,,,,,,,,"Mustelidae","2",,,,,,,,,,
,,,,,,,,,,,,,,"Picea Mariana","2",,,,,,,,,,
,,,,,,,,,,,,,,"Population Density","2",,,,,,,,,,
,,,,,,,,,,,,,,"Population Distribution","2",,,,,,,,,,
,,,,,,,,,,,,,,"Population Dynamics","2",,,,,,,,,,
,,,,,,,,,,,,,,"Predator-prey Interaction","2",,,,,,,,,,
,,,,,,,,,,,,,,"Resource Selection","2",,,,,,,,,,
,,,,,,,,,,,,,,"Roads","2",,,,,,,,,,
,,,,,,,,,,,,,,"Tamiasciurus Hudsonicus","2",,,,,,,,,,
,,,,,,,,,,,,,,"Telemetry","2",,,,,,,,,,
,,,,,,,,,,,,,,"Ungulate","2",,,,,,,,,,
,,,,,,,,,,,,,,"Western Hemisphere","2",,,,,,,,,,
,,,,,,,,,,,,,,"Woodland","2",,,,,,,,,,
,,,,,,,,,,,,,,"Woodland Caribou","2",,,,,,,,,,
,,,,,,,,,,,,,,"World","2",,,,,,,,,,
,,,,,,,,,,,,,,"Abitibi","1",,,,,,,,,,
,,,,,,,,,,,,,,"Accessibility","1",,,,,,,,,,
,,,,,,,,,,,,,,"Adaptive Foraging Behaviour","1",,,,,,,,,,
,,,,,,,,,,,,,,"Adaptive Management","1",,,,,,,,,,
,,,,,,,,,,,,,,"Aerial Survey","1",,,,,,,,,,
,,,,,,,,,,,,,,"Aerial Surveys","1",,,,,,,,,,
,,,,,,,,,,,,,,"After-treatment","1",,,,,,,,,,
,,,,,,,,,,,,,,"Age","1",,,,,,,,,,
,,,,,,,,,,,,,,"Age Factors","1",,,,,,,,,,
,,,,,,,,,,,,,,"Agricultural Environment","1",,,,,,,,,,
,,,,,,,,,,,,,,"American Crow","1",,,,,,,,,,
,,,,,,,,,,,,,,"Animal","1",,,,,,,,,,
,,,,,,,,,,,,,,"Animal Behavior","1",,,,,,,,,,
,,,,,,,,,,,,,,"Animal Disease","1",,,,,,,,,,
,,,,,,,,,,,,,,"Animal Distribution","1",,,,,,,,,,
,,,,,,,,,,,,,,"Anthropogenic Disturbance","1",,,,,,,,,,
,,,,,,,,,,,,,,"Anthropogenic Disturbances","1",,,,,,,,,,
,,,,,,,,,,,,,,"Antibodies, Protozoan","1",,,,,,,,,,
,,,,,,,,,,,,,,"Apoidea","1",,,,,,,,,,
,,,,,,,,,,,,,,"Arthropoda","1",,,,,,,,,,
,,,,,,,,,,,,,,"Artificial Nests","1",,,,,,,,,,
,,,,,,,,,,,,,,"Asset-protection Principle","1",,,,,,,,,,
,,,,,,,,,,,,,,"Avifauna","1",,,,,,,,,,
,,,,,,,,,,,,,,"Avoidance Reaction","1",,,,,,,,,,
,,,,,,,,,,,,,,"Bas Saint Laurent","1",,,,,,,,,,
,,,,,,,,,,,,,,"Bear","1",,,,,,,,,,
,,,,,,,,,,,,,,"Behavior, Animal","1",,,,,,,,,,
,,,,,,,,,,,,,,"Behavioral Response","1",,,,,,,,,,
,,,,,,,,,,,,,,"Behavioural Indicator","1",,,,,,,,,,
,,,,,,,,,,,,,,"Biomonitoring","1",,,,,,,,,,
,,,,,,,,,,,,,,"Biotelemetry","1",,,,,,,,,,
,,,,,,,,,,,,,,"Bird","1",,,,,,,,,,
,,,,,,,,,,,,,,"Bird Nest Predation","1",,,,,,,,,,
,,,,,,,,,,,,,,"Birds Of Prey","1",,,,,,,,,,
,,,,,,,,,,,,,,"Black Bear","1",,,,,,,,,,
,,,,,,,,,,,,,,"Black Spruce","1",,,,,,,,,,
,,,,,,,,,,,,,,"Black Spruce Plantations","1",,,,,,,,,,
,,,,,,,,,,,,,,"Blood","1",,,,,,,,,,
,,,,,,,,,,,,,,"Body Mass","1",,,,,,,,,,
,,,,,,,,,,,,,,"Boreal Black Spruce Forest","1",,,,,,,,,,
,,,,,,,,,,,,,,"Boreal Caribou","1",,,,,,,,,,
,,,,,,,,,,,,,,"Boreal Ecosystems","1",,,,,,,,,,
,,,,,,,,,,,,,,"Bryophyta","1",,,,,,,,,,
,,,,,,,,,,,,,,"Bucephala","1",,,,,,,,,,
,,,,,,,,,,,,,,"Bucephala Clangula","1",,,,,,,,,,
,,,,,,,,,,,,,,"Bucephala Islandica","1",,,,,,,,,,
,,,,,,,,,,,,,,"Calf Survival","1",,,,,,,,,,
,,,,,,,,,,,,,,"Calving","1",,,,,,,,,,
,,,,,,,,,,,,,,"Canadian Lynx","1",,,,,,,,,,
,,,,,,,,,,,,,,"Canis","1",,,,,,,,,,
,,,,,,,,,,,,,,"Canis Latrans","1",,,,,,,,,,
,,,,,,,,,,,,,,"Carabidae","1",,,,,,,,,,
,,,,,,,,,,,,,,"Cat","1",,,,,,,,,,
,,,,,,,,,,,,,,"Cat Disease","1",,,,,,,,,,
,,,,,,,,,,,,,,"Cat Diseases","1",,,,,,,,,,
,,,,,,,,,,,,,,"Cats","1",,,,,,,,,,
,,,,,,,,,,,,,,"Cervidae","1",,,,,,,,,,
,,,,,,,,,,,,,,"Clethrionomys","1",,,,,,,,,,
,,,,,,,,,,,,,,"Climate Change","1",,,,,,,,,,
,,,,,,,,,,,,,,"Climates","1",,,,,,,,,,
,,,,,,,,,,,,,,"Coccidia","1",,,,,,,,,,
,,,,,,,,,,,,,,"Coexistence","1",,,,,,,,,,
,,,,,,,,,,,,,,"Community Response","1",,,,,,,,,,
,,,,,,,,,,,,,,"Competition","1",,,,,,,,,,
,,,,,,,,,,,,,,"Conservation","1",,,,,,,,,,
,,,,,,,,,,,,,,"Conservation Management","1",,,,,,,,,,
,,,,,,,,,,,,,,"Conservation Of Natural Resources","1",,,,,,,,,,
,,,,,,,,,,,,,,"Corvus Brachyrhynchos","1",,,,,,,,,,
,,,,,,,,,,,,,,"Cote-Nord","1",,,,,,,,,,
,,,,,,,,,,,,,,"Coturnix","1",,,,,,,,,,
,,,,,,,,,,,,,,"Coyote","1",,,,,,,,,,
,,,,,,,,,,,,,,"Cumulative Effects","1",,,,,,,,,,
,,,,,,,,,,,,,,"Cumulative Impacts","1",,,,,,,,,,
,,,,,,,,,,,,,,"Cutblocks","1",,,,,,,,,,
,,,,,,,,,,,,,,"Decision Making","1",,,,,,,,,,
,,,,,,,,,,,,,,"Disease Carrier","1",,,,,,,,,,
,,,,,,,,,,,,,,"Disease Reservoirs","1",,,,,,,,,,
,,,,,,,,,,,,,,"Disease Transmission","1",,,,,,,,,,
