﻿Scopus refine results values

"Your query : ((TITLE-ABS-KEY((Boreal OR {James Bay} OR James-Bay OR {Clay Belt} OR {canadian shield}) AND Quebec) AND PUBYEAR > 1999 AND PUBYEAR < 2020) AND (TITLE-ABS-KEY(Species AND (Distribution OR Extinct* OR Invasi*  OR Transition Or exotic)) AND PUBYEAR > 1999 AND PUBYEAR < 2020) AND (TITLE-ABS-KEY(Road  AND (Density OR Network)) AND PUBYEAR > 1999 AND PUBYEAR < 2020))"


Number of results : 4

"ACCESS TYPE",,"YEAR",,"AUTHOR NAME",,"SUBJECT AREA",,"DOCUMENT TYPE",,"PUBLICATION STAGE",,"SOURCE TITLE",,"KEYWORD",,"AFFILIATION",,"FUNDING SPONSOR",,"COUNTRY",,"SOURCE TYPE",,"LANGUAGE",
"Open Access","2","2014","2","Dussault, C.","2","Agricultural and Biological Sciences","4","Article","4","final","4","Plos One","2","Canada","4","Université du Québec à Rimouski","2","Natural Sciences and Engineering Research Council of Canada","3","Canada","4","Journals","4","English","4"
"Other","2","2013","2","Fortin, D.","2","Biochemistry, Genetics and Molecular Biology","2",,,,,"Biological Conservation","1","Endangered Species","3","Université Laval","2","MinistÃ¨re des ForÃªts, de la Faune et des Parcs","1",,,,,,
,,,,"St-Laurent, M.H.","2","Environmental Science","1",,,,,"Ecological Monographs","1","Quebec","3","Ministère de l‘Energie et des Ressources naturelles du Québec","2","Undefined","1",,,,,,
,,,,"Beauchesne, D.","1","Multidisciplinary","2",,,,,,,"Winter","3","Direction de la faune terrestre et de l'avifaune","1",,,,,,,,
,,,,"Beguin, J.","1",,,,,,,,,"Animal Distribution","2","Canadian Forest Service","1",,,,,,,,
,,,,"Courbin, N.","1",,,,,,,,,"Animals","2","Pacific Forestry Centre","1",,,,,,,,
,,,,"Courtois, R.","1",,,,,,,,,"Article","2","Concordia University","1",,,,,,,,
,,,,"Cumming, S.G.","1",,,,,,,,,"Boreal Forest","2",,,,,,,,,,
,,,,"Dussault, C.","1",,,,,,,,,"Conservation Of Natural Resources","2",,,,,,,,,,
,,,,"Jaeger, J.A.G.","1",,,,,,,,,"Ecosystem","2",,,,,,,,,,
,,,,"Leblond, M.","1",,,,,,,,,"Habitat Quality","2",,,,,,,,,,
,,,,"McIntire, E.J.B.","1",,,,,,,,,"Landscape","2",,,,,,,,,,
,,,,"Racine, P.","1",,,,,,,,,"Nonhuman","2",,,,,,,,,,
,,,,"Raulier, F.","1",,,,,,,,,"Population Dynamics","2",,,,,,,,,,
,,,,,,,,,,,,,,"Quebec [Canada]","2",,,,,,,,,,
,,,,,,,,,,,,,,"Rangifer Tarandus Caribou","2",,,,,,,,,,
,,,,,,,,,,,,,,"Reindeer","2",,,,,,,,,,
,,,,,,,,,,,,,,"Accessibility","1",,,,,,,,,,
,,,,,,,,,,,,,,"Alces Alces","1",,,,,,,,,,
,,,,,,,,,,,,,,"Animal","1",,,,,,,,,,
,,,,,,,,,,,,,,"Animal Behavior","1",,,,,,,,,,
,,,,,,,,,,,,,,"Animal Dispersal","1",,,,,,,,,,
,,,,,,,,,,,,,,"Anthropogenic Disturbances","1",,,,,,,,,,
,,,,,,,,,,,,,,"Behavior, Animal","1",,,,,,,,,,
,,,,,,,,,,,,,,"Behavioral Response","1",,,,,,,,,,
,,,,,,,,,,,,,,"Canid","1",,,,,,,,,,
,,,,,,,,,,,,,,"Canis Lupus","1",,,,,,,,,,
,,,,,,,,,,,,,,"Climate","1",,,,,,,,,,
,,,,,,,,,,,,,,"Climate Change","1",,,,,,,,,,
,,,,,,,,,,,,,,"Connectivity","1",,,,,,,,,,
,,,,,,,,,,,,,,"Conservation","1",,,,,,,,,,
,,,,,,,,,,,,,,"Cote-Nord","1",,,,,,,,,,
,,,,,,,,,,,,,,"Decision Making","1",,,,,,,,,,
,,,,,,,,,,,,,,"Deer","1",,,,,,,,,,
,,,,,,,,,,,,,,"Disturbance","1",,,,,,,,,,
,,,,,,,,,,,,,,"Environmental Protection","1",,,,,,,,,,
,,,,,,,,,,,,,,"Expert-based Knowledge","1",,,,,,,,,,
,,,,,,,,,,,,,,"Female","1",,,,,,,,,,
,,,,,,,,,,,,,,"Fire","1",,,,,,,,,,
,,,,,,,,,,,,,,"Foraging Behavior","1",,,,,,,,,,
,,,,,,,,,,,,,,"Forest Ecosystem","1",,,,,,,,,,
,,,,,,,,,,,,,,"Forest Management","1",,,,,,,,,,
,,,,,,,,,,,,,,"Forestry","1",,,,,,,,,,
,,,,,,,,,,,,,,"Functional Connectivity","1",,,,,,,,,,
,,,,,,,,,,,,,,"GPS","1",,,,,,,,,,
,,,,,,,,,,,,,,"Geographic Distribution","1",,,,,,,,,,
,,,,,,,,,,,,,,"Geography","1",,,,,,,,,,
,,,,,,,,,,,,,,"Global Change","1",,,,,,,,,,
,,,,,,,,,,,,,,"Global Positioning System","1",,,,,,,,,,
,,,,,,,,,,,,,,"Graph Theory","1",,,,,,,,,,
,,,,,,,,,,,,,,"Habitat Conservation","1",,,,,,,,,,
,,,,,,,,,,,,,,"Habitat Selection","1",,,,,,,,,,
,,,,,,,,,,,,,,"Habitat Use","1",,,,,,,,,,
,,,,,,,,,,,,,,"Land Management","1",,,,,,,,,,
,,,,,,,,,,,,,,"Leapfrog Effect","1",,,,,,,,,,
,,,,,,,,,,,,,,"Linear Models","1",,,,,,,,,,
,,,,,,,,,,,,,,"Logging","1",,,,,,,,,,
,,,,,,,,,,,,,,"Logging (timber)","1",,,,,,,,,,
,,,,,,,,,,,,,,"Multi-trophic Habitat Network Analysis","1",,,,,,,,,,
,,,,,,,,,,,,,,"Network Analysis","1",,,,,,,,,,
,,,,,,,,,,,,,,"Patch Choice","1",,,,,,,,,,
,,,,,,,,,,,,,,"Patch Dynamics","1",,,,,,,,,,
,,,,,,,,,,,,,,"Physiology","1",,,,,,,,,,
,,,,,,,,,,,,,,"Population Distribution","1",,,,,,,,,,
,,,,,,,,,,,,,,"Predation Risk","1",,,,,,,,,,
,,,,,,,,,,,,,,"Procedures","1",,,,,,,,,,
,,,,,,,,,,,,,,"Residency Time","1",,,,,,,,,,
,,,,,,,,,,,,,,"Risk Management","1",,,,,,,,,,
,,,,,,,,,,,,,,"Season","1",,,,,,,,,,
,,,,,,,,,,,,,,"Seasons","1",,,,,,,,,,
,,,,,,,,,,,,,,"Spring","1",,,,,,,,,,
,,,,,,,,,,,,,,"Statistical Model","1",,,,,,,,,,
,,,,,,,,,,,,,,"Summer","1",,,,,,,,,,
,,,,,,,,,,,,,,"Taiga","1",,,,,,,,,,
,,,,,,,,,,,,,,"Telemetry","1",,,,,,,,,,
,,,,,,,,,,,,,,"Time","1",,,,,,,,,,
,,,,,,,,,,,,,,"Ungulate","1",,,,,,,,,,
,,,,,,,,,,,,,,"Wildlife-habitat Model","1",,,,,,,,,,
,,,,,,,,,,,,,,"Wolf-prey Spatial Game","1",,,,,,,,,,
,,,,,,,,,,,,,,,,,,,,,,,,,
,,,,,,,,,,,,,,,,,,,,,,,,,
,,,,,,,,,,,,,,,,,,,,,,,,,
,,,,,,,,,,,,,,,,,,,,,,,,,
,,,,,,,,,,,,,,,,,,,,,,,,,
,,,,,,,,,,,,,,,,,,,,,,,,,
,,,,,,,,,,,,,,,,,,,,,,,,,
,,,,,,,,,,,,,,,,,,,,,,,,,
,,,,,,,,,,,,,,,,,,,,,,,,,
,,,,,,,,,,,,,,,,,,,,,,,,,
,,,,,,,,,,,,,,,,,,,,,,,,,
,,,,,,,,,,,,,,,,,,,,,,,,,
,,,,,,,,,,,,,,,,,,,,,,,,,
,,,,,,,,,,,,,,,,,,,,,,,,,
,,,,,,,,,,,,,,,,,,,,,,,,,
,,,,,,,,,,,,,,,,,,,,,,,,,
,,,,,,,,,,,,,,,,,,,,,,,,,
,,,,,,,,,,,,,,,,,,,,,,,,,
,,,,,,,,,,,,,,,,,,,,,,,,,
,,,,,,,,,,,,,,,,,,,,,,,,,
,,,,,,,,,,,,,,,,,,,,,,,,,
,,,,,,,,,,,,,,,,,,,,,,,,,
,,,,,,,,,,,,,,,,,,,,,,,,,
,,,,,,,,,,,,,,,,,,,,,,,,,
,,,,,,,,,,,,,,,,,,,,,,,,,
,,,,,,,,,,,,,,,,,,,,,,,,,
,,,,,,,,,,,,,,,,,,,,,,,,,
,,,,,,,,,,,,,,,,,,,,,,,,,
,,,,,,,,,,,,,,,,,,,,,,,,,
,,,,,,,,,,,,,,,,,,,,,,,,,
,,,,,,,,,,,,,,,,,,,,,,,,,
,,,,,,,,,,,,,,,,,,,,,,,,,
,,,,,,,,,,,,,,,,,,,,,,,,,
,,,,,,,,,,,,,,,,,,,,,,,,,
,,,,,,,,,,,,,,,,,,,,,,,,,
,,,,,,,,,,,,,,,,,,,,,,,,,
,,,,,,,,,,,,,,,,,,,,,,,,,
,,,,,,,,,,,,,,,,,,,,,,,,,
,,,,,,,,,,,,,,,,,,,,,,,,,
,,,,,,,,,,,,,,,,,,,,,,,,,
,,,,,,,,,,,,,,,,,,,,,,,,,
,,,,,,,,,,,,,,,,,,,,,,,,,
,,,,,,,,,,,,,,,,,,,,,,,,,
,,,,,,,,,,,,,,,,,,,,,,,,,
,,,,,,,,,,,,,,,,,,,,,,,,,
,,,,,,,,,,,,,,,,,,,,,,,,,
,,,,,,,,,,,,,,,,,,,,,,,,,
,,,,,,,,,,,,,,,,,,,,,,,,,
,,,,,,,,,,,,,,,,,,,,,,,,,
,,,,,,,,,,,,,,,,,,,,,,,,,
,,,,,,,,,,,,,,,,,,,,,,,,,
,,,,,,,,,,,,,,,,,,,,,,,,,
,,,,,,,,,,,,,,,,,,,,,,,,,
,,,,,,,,,,,,,,,,,,,,,,,,,
,,,,,,,,,,,,,,,,,,,,,,,,,
,,,,,,,,,,,,,,,,,,,,,,,,,
,,,,,,,,,,,,,,,,,,,,,,,,,
,,,,,,,,,,,,,,,,,,,,,,,,,
,,,,,,,,,,,,,,,,,,,,,,,,,
,,,,,,,,,,,,,,,,,,,,,,,,,
,,,,,,,,,,,,,,,,,,,,,,,,,
,,,,,,,,,,,,,,,,,,,,,,,,,
,,,,,,,,,,,,,,,,,,,,,,,,,
,,,,,,,,,,,,,,,,,,,,,,,,,
,,,,,,,,,,,,,,,,,,,,,,,,,
,,,,,,,,,,,,,,,,,,,,,,,,,
,,,,,,,,,,,,,,,,,,,,,,,,,
,,,,,,,,,,,,,,,,,,,,,,,,,
,,,,,,,,,,,,,,,,,,,,,,,,,
,,,,,,,,,,,,,,,,,,,,,,,,,
,,,,,,,,,,,,,,,,,,,,,,,,,
,,,,,,,,,,,,,,,,,,,,,,,,,
,,,,,,,,,,,,,,,,,,,,,,,,,
,,,,,,,,,,,,,,,,,,,,,,,,,
,,,,,,,,,,,,,,,,,,,,,,,,,
,,,,,,,,,,,,,,,,,,,,,,,,,
,,,,,,,,,,,,,,,,,,,,,,,,,
,,,,,,,,,,,,,,,,,,,,,,,,,
,,,,,,,,,,,,,,,,,,,,,,,,,
,,,,,,,,,,,,,,,,,,,,,,,,,
,,,,,,,,,,,,,,,,,,,,,,,,,
