﻿Scopus refine results values

"Your query : ((TITLE-ABS-KEY((Boreal OR {James Bay} OR James-Bay OR {Clay Belt} OR {canadian shield}) AND (Canada OR Quebec OR Ontario OR newfoundland OR Alberta OR British-Columbia) ) AND PUBYEAR > 1999 AND PUBYEAR < 2020) AND (TITLE-ABS-KEY(Harvest* OR Logging OR Cut OR Clear-cut  OR Clearcut OR {Clear Cut}) AND PUBYEAR > 1999 AND PUBYEAR < 2020) AND (TITLE-ABS-KEY(Water AND  (quality OR lake OR river OR stream)) AND PUBYEAR > 1999 AND PUBYEAR < 2020))"


Number of results : 82

"ACCESS TYPE",,"YEAR",,"AUTHOR NAME",,"SUBJECT AREA",,"DOCUMENT TYPE",,"PUBLICATION STAGE",,"SOURCE TITLE",,"KEYWORD",,"AFFILIATION",,"FUNDING SPONSOR",,"COUNTRY",,"SOURCE TYPE",,"LANGUAGE",
"Open Access","11","2019","1","Pinel-Alloul, B.","7","Agricultural and Biological Sciences","53","Article","72","final","82","Canadian Journal Of Fisheries And Aquatic Sciences","10","Canada","61","University of Alberta","21","Natural Sciences and Engineering Research Council of Canada","12","Canada","79","Journals","77","English","79"
"Other","71","2018","2","Prepas, E.E.","7","Earth and Planetary Sciences","6","Conference Paper","4",,,"Forestry Chronicle","8","Boreal Forest","32","Ontario Ministry of Natural Resources","10","Alberta Conservation Association","2","United States","6","Trade Publications","3","French","4"
,,"2017","1","Carignan, R.","6","Energy","1","Review","4",,,"Forest Ecology And Management","5","Forestry","32","University of Montreal","9","Academy of Natural Sciences of Drexel University","1","Bangladesh","1","Books","2",,
,,"2016","3","Mallik, A.U.","5","Engineering","3","Book Chapter","2",,,"Canadian Journal Of Forest Research","4","Harvesting","28","Lakehead University","9","Canadian Forest Service","1","Finland","1",,,,
,,"2015","5","Devito, K.J.","4","Environmental Science","40",,,,,"Hydrological Processes","4","Water Quality","25","Université du Québec à Montréal","7","Canadian Water Network","1","Undefined","2",,,,
,,"2014","3","Planas, D.","4","Immunology and Microbiology","3",,,,,"Hydrobiologia","3","North America","20","Canadian Forest Service","6","Environment Canada","1",,,,,,
,,"2013","1","France, R.L.","3","Medicine","1",,,,,"Journal Of Hydrology","3","Lakes","18","Université Laval","5","Environment and Climate Change Canada","1",,,,,,
,,"2012","4","Jeziorski, A.","3",,,,,,,"NCASI Technical Bulletin","3","Forest Management","16","Environment Canada","4","Fisheries and Oceans Canada","1",,,,,,
,,"2011","4","Lévesque, D.","3",,,,,,,"Revue Des Sciences De L Eau","3","Watersheds","15","Queen's University, Kingston","4","Fonds QuÃ©bÃ©cois de la Recherche sur la Nature et les Technologies","1",,,,,,
,,"2010","1","Paquet, S.","3",,,,,,,"Water Air And Soil Pollution","3","Clearcutting","14","Fisheries and Oceans Canada","3","Fonds Québécois de la Recherche sur la Nature et les Technologies","1",,,,,,
,,"2009","6","Paszkowski, C.A.","3",,,,,,,"Soil Biology And Biochemistry","2","Lake Ecosystem","13","Western University","3","Ministry of Natural Resources","1",,,,,,
,,"2008","5","Plamondon, A.P.","3",,,,,,,"Applied Geochemistry","1","Logging","13","University of Guelph","3","Ontario Ministry of Natural Resources and Forestry","1",,,,,,
,,"2007","4","Smol, J.P.","3",,,,,,,"Auk","1","Ecosystems","12","Natural Resources Canada","3","Organization of American States","1",,,,,,
,,"2006","4","Steedman, R.J.","3",,,,,,,"Basic And Applied Ecology","1","Lake","12","Trent University","3","Schweizerischer Nationalfonds zur Förderung der Wissenschaftlichen Forschung","1",,,,,,
,,"2005","9","Archambault, P.","2",,,,,,,"Biogeosciences","1","Watershed","12","Ministère de l‘Energie et des Ressources naturelles du Québec","3","U.S. Geological Survey","1",,,,,,
,,"2004","4","Boutin, S.","2",,,,,,,"Biogeosciences Discussions","1","Logging (forestry)","11","Institut National de la Recherche Scientifique","3","Western Canada Research Grid","1",,,,,,
,,"2003","2","Creed, I.F.","2",,,,,,,"Bulletin Of Canadian Petroleum Geology","1","Ontario [Canada]","11","Universite du Quebec en Abitibi-Temiscamingue","2","Undefined","62",,,,,,
,,"2002","5","Devito, K.","2",,,,,,,"Canadian Journal Of Zoology","1","Alberta","10","Université du Québec à Rimouski","2",,,,,,,,
,,"2001","5","Garcia, E.","2",,,,,,,"Critical Reviews In Plant Sciences","1","Water Sheds","10","Freshwater Institute, Fisheries and Oceans Canada","2",,,,,,,,
,,"2000","13","Glaz, P.","2",,,,,,,"Crustaceana","1","Catchments","9","Ontario Ministry of the Environment","2",,,,,,,,
,,,,"Hannon, S.J.","2",,,,,,,"Ecological Applications","1","Forest Fire","9","Harvard University","2",,,,,,,,
,,,,"Kushneriuk, R.S.","2",,,,,,,"Ecology And Society","1","Quebec [Canada]","9","The University of British Columbia","2",,,,,,,,
,,,,"Lee, P.","2",,,,,,,"Ecoscience","1","Timber Harvesting","9","United States Geological Survey","2",,,,,,,,
,,,,"Macdonald, J.S.","2",,,,,,,"Ecosphere","1","Zooplankton","9","Laurentian University","2",,,,,,,,
,,,,"Mackereth, R.W.","2",,,,,,,"Ecosystems","1","Hydrology","8","Alberta Research Council","2",,,,,,,,
,,,,"Mendoza, C.","2",,,,,,,"Environmental Management","1","Logging (timber)","8","Simon Fraser University","2",,,,,,,,
,,,,"Méthot, G.","2",,,,,,,"Environmental Monitoring And Assessment","1","Rivers","8","Université du Québec à Chicoutimi","2",,,,,,,,
,,,,"Nelson, P.A.","2",,,,,,,"Environmental Reviews","1","Biodiversity","7","McMaster University","2",,,,,,,,
,,,,"Nozais, C.","2",,,,,,,"Environmental Toxicology And Chemistry","1","Boreal Forests","7","Institut des sciences de la mer de Rimouski","2",,,,,,,,
,,,,"Paterson, A.M.","2",,,,,,,"Folia Parasitologica","1","Canadian Shield","7","Soc. la Faune et des Parcs du Que.","1",,,,,,,,
,,,,"Patoine, A.","2",,,,,,,"Forest Plans Of North America","1","Climate Change","7","Health Surveillance Branch","1",,,,,,,,
,,,,"Petrone, R.","2",,,,,,,"Forestry","1","Community Structure","7","Millar Western Forest Products Ltd.","1",,,,,,,,
,,,,"Prévost, M.","2",,,,,,,"Freshwater Biology","1","Disturbance","7","Daishowa Marubeni International Ltd.","1",,,,,,,,
,,,,"Rousseau, A.N.","2",,,,,,,"Geomorphology","1","Fires","7","Vermont Institute of Natural Science","1",,,,,,,,
,,,,"Saint-Germain, M.","2",,,,,,,"Journal Of Environmental Engineering And Science","1","Fish","7","FORREX Forum for Research and Extension in Natural Resources","1",,,,,,,,
,,,,"Scrimgeour, G.J.","2",,,,,,,"Journal Of Environmental Management","1","Forests","7","Pierre Beaudry and Associates Ltd.","1",,,,,,,,
,,,,"Shapiera, M.","2",,,,,,,"Journal Of Paleolimnology","1","Riparia","7","Lesser Slave Lake Indian Regional Council","1",,,,,,,,
,,,,"Sirois, P.","2",,,,,,,"Journal Of Plankton Research","1","Runoff","7","Newbury Hydraulics, Inc. Okanagan Centre","1",,,,,,,,
,,,,"Steedman, R.","2",,,,,,,"Journal Of The North American Benthological Society","1","Animals","6","Ministère des Forêts","1",,,,,,,,
,,,,"Tremblay, Y.","2",,,,,,,"Lake And Reservoir Management","1","Buffer Zone","6","Sakâw Askiy Management Inc.","1",,,,,,,,
,,,,"Aku, P.M.K.","1",,,,,,,"Ornithological Science","1","Carbon","6","Wilfrid Laurier University","1",,,,,,,,
,,,,"Allen, E.W.","1",,,,,,,"Rivers Of North America","1","Catchment","6","Le réseau de l'Université du Québec","1",,,,,,,,
,,,,"Arnott, S.E.","1",,,,,,,"Silva Fennica","1","Coniferophyta","6","University of Calgary","1",,,,,,,,
,,,,"Azan, S.S.E.","1",,,,,,,"Soil Science Society Of America Journal","1","Dissolved Organic Carbon","6","McGill University","1",,,,,,,,
,,,,"Ball, M.","1",,,,,,,"Southeast Asian Journal Of Tropical Medicine And Public Health","1","Ecological Impact","6","Great Lakes Forestry Centre","1",,,,,,,,
,,,,"Barker, T.","1",,,,,,,,,"Environmental Monitoring","6","Helsingin Yliopisto","1",,,,,,,,
,,,,"Beaudry, L.J.","1",,,,,,,,,"Fire","6","University of Arkansas - Fayetteville","1",,,,,,,,
,,,,"Beaudry, P.G.","1",,,,,,,,,"Forest Harvesting","6","University of Manitoba","1",,,,,,,,
,,,,"Belanger, L.","1",,,,,,,,,"Lake Water","6","Universite de Moncton","1",,,,,,,,
,,,,"Bell, F.W.","1",,,,,,,,,"Riparian Zone","6","Potato Research Centre","1",,,,,,,,
,,,,"Benoy, G.","1",,,,,,,,,"Stream","6","University of Northern British Columbia","1",,,,,,,,
,,,,"Bergeron, Y.","1",,,,,,,,,"Water Pollution","6","University of Waterloo","1",,,,,,,,
,,,,"Berninger, F.","1",,,,,,,,,"Article","5","University of Saskatchewan","1",,,,,,,,
,,,,"Bertrand, N.","1",,,,,,,,,"Biomass","5","Dalhousie University","1",,,,,,,,
,,,,"Bodaly, R.A.","1",,,,,,,,,"Calcium","5","University of New Brunswick","1",,,,,,,,
,,,,"Boss, S.M.","1",,,,,,,,,"Cellular Organisms","5","Ontario Forest Research Institute","1",,,,,,,,
,,,,"Bouchard, M.","1",,,,,,,,,"Deforestation","5","Memorial University of Newfoundland","1",,,,,,,,
,,,,"Boulet, M.","1",,,,,,,,,"Ecology","5","USGS National Wildlife Health Center","1",,,,,,,,
,,,,"Brais, S.","1",,,,,,,,,"Environmental Disturbance","5","Agriculture et Agroalimentaire Canada","1",,,,,,,,
,,,,"Broad, K.","1",,,,,,,,,"Forest","5","Université du Québec à Trois-Rivières","1",,,,,,,,
,,,,"Brown, C.","1",,,,,,,,,"Forest Ecosystem","5","Conseil de recherches en sciences naturelles et en génie du Canada","1",,,,,,,,
,,,,"Burke, J.M.","1",,,,,,,,,"Forest Fires","5","University of Ottawa, Canada","1",,,,,,,,
,,,,"Butterworth, E.","1",,,,,,,,,"Nutrients","5","University of Minnesota","1",,,,,,,,
,,,,"Buttle, J.","1",,,,,,,,,"Ontario","5","Northern Forestry Centre","1",,,,,,,,
,,,,"Buttle, J.M.","1",,,,,,,,,"Organic Carbon","5","University of Chittagong","1",,,,,,,,
,,,,"Capell, S.S.","1",,,,,,,,,"Phosphorus","5","Concordia University","1",,,,,,,,
,,,,"Cash, K.","1",,,,,,,,,"Picea Mariana","5","Science Museum of Minnesota","1",,,,,,,,
,,,,"Chambers, P.A.","1",,,,,,,,,"Plankton","5","York University","1",,,,,,,,
,,,,"Chanasyk, D.S.","1",,,,,,,,,"Timber","5","Jacques Whitford Ltd.","1",,,,,,,,
,,,,"Charette, T.","1",,,,,,,,,"Water Sampling","5","Alberta Sustainable Resource Development","1",,,,,,,,
,,,,"Chen, H.Y.H.","1",,,,,,,,,"Abundance","4","Government of Saskatchewan","1",,,,,,,,
,,,,"Choudhury, A.","1",,,,,,,,,"Animalia","4","Ministry of Forests and Range","1",,,,,,,,
,,,,"Creed, I.","1",,,,,,,,,"Boreal Shield","4","Ducks Unlimited Canada","1",,,,,,,,
,,,,"Culp, J.M.","1",,,,,,,,,"Catostomus Commersoni","4","Parks Canada","1",,,,,,,,
,,,,"Cumming, B.F.","1",,,,,,,,,"Cladocera","4","Alberta Conservation Association","1",,,,,,,,
,,,,"D'Arcy, P.","1",,,,,,,,,"Community Composition","4","BGC Engineering Inc.","1",,,,,,,,
,,,,"Darveau, M.","1",,,,,,,,,"Concentration (composition)","4","Tembec Inc.","1",,,,,,,,
,,,,"DeGroot, J.","1",,,,,,,,,"Conservation Of Natural Resources","4","Canadian Forest Products Ltd.","1",,,,,,,,
,,,,"Desrosiers, M.","1",,,,,,,,,"Crustacea","4","Forsite Consultants Ltd","1",,,,,,,,
,,,,"Dick, T.A.","1",,,,,,,,,"Crustacean","4",,,,,,,,,,
,,,,"Drapeau, P.","1",,,,,,,,,"Fresh Water","4",,,,,,,,,,
,,,,"Duhaime, L.","1",,,,,,,,,"Human Activity","4",,,,,,,,,,
,,,,"Eaton, B.R.","1",,,,,,,,,"Hydrological Response","4",,,,,,,,,,
,,,,"Edlund, M.B.","1",,,,,,,,,"Land Use","4",,,,,,,,,,
,,,,"Eimers, M.C.","1",,,,,,,,,"Landforms","4",,,,,,,,,,
,,,,"Elkie, P.C.","1",,,,,,,,,"Landscape","4",,,,,,,,,,
,,,,"Falk, D.","1",,,,,,,,,"Nonhuman","4",,,,,,,,,,
,,,,"Fenton, N.J.","1",,,,,,,,,"Organic Matter","4",,,,,,,,,,
,,,,"Ferguson, S.H.","1",,,,,,,,,"Peatland","4",,,,,,,,,,
,,,,"Forest, S.","1",,,,,,,,,"Quebec","4",,,,,,,,,,
,,,,"France, R.","1",,,,,,,,,"Regression Analysis","4",,,,,,,,,,
,,,,"Franzin, W.G.","1",,,,,,,,,"Riparian Vegetation","4",,,,,,,,,,
,,,,"Gabos, S.","1",,,,,,,,,"Snow","4",,,,,,,,,,
,,,,"Gagnè, J.P.","1",,,,,,,,,"Soil","4",,,,,,,,,,
,,,,"Gagné, J.P.","1",,,,,,,,,"Soil Water","4",,,,,,,,,,
,,,,"Gan, T.","1",,,,,,,,,"Stream Flow","4",,,,,,,,,,
,,,,"Geertsema, K.","1",,,,,,,,,"Water Chemistry","4",,,,,,,,,,
,,,,"Ghaleb, B.","1",,,,,,,,,"Water Flow","4",,,,,,,,,,
,,,,"Good, K.P.","1",,,,,,,,,"Watershed Management","4",,,,,,,,,,
,,,,"Gordon, A.","1",,,,,,,,,"Wetlands","4",,,,,,,,,,
,,,,"Gordon, A.M.","1",,,,,,,,,"Wildfire","4",,,,,,,,,,
,,,,"Goudiaby, V.","1",,,,,,,,,"Acid Deposition","3",,,,,,,,,,
,,,,"Greene, D.F.","1",,,,,,,,,"Acidification","3",,,,,,,,,,
,,,,"Grenier, Y.","1",,,,,,,,,"Bacillariophyta","3",,,,,,,,,,
,,,,"Groulx, S.R.","1",,,,,,,,,"Benthos","3",,,,,,,,,,
,,,,"Guillemette, F.","1",,,,,,,,,"Biogeochemistry","3",,,,,,,,,,
,,,,"Gunn, J.","1",,,,,,,,,"Boreal","3",,,,,,,,,,
,,,,"Hausmann, S.","1",,,,,,,,,"Coniferous Tree","3",,,,,,,,,,
,,,,"Hazlett, P.","1",,,,,,,,,"Controlled Study","3",,,,,,,,,,
,,,,"Hazlett, P.W.","1",,,,,,,,,"Copepoda","3",,,,,,,,,,
,,,,"Henderson, O.A.","1",,,,,,,,,"Daphniidae","3",,,,,,,,,,
,,,,"Henneb, M.","1",,,,,,,,,"Diatom","3",,,,,,,,,,
,,,,"Herunter, H.E.","1",,,,,,,,,"Dissolved Organic Matter","3",,,,,,,,,,
,,,,"Hillman, G.","1",,,,,,,,,"Environmental Protection","3",,,,,,,,,,
,,,,"Hinch, S.G.","1",,,,,,,,,"Fishes","3",,,,,,,,,,
,,,,"Holmes, S.","1",,,,,,,,,"Forest Disturbance","3",,,,,,,,,,
,,,,"Holmes, S.B.","1",,,,,,,,,"Forested Catchment","3",,,,,,,,,,
,,,,"Hvenegaard, P.J.","1",,,,,,,,,"Forestry Practice","3",,,,,,,,,,
,,,,"Hébert, C.","1",,,,,,,,,"Growth Rate","3",,,,,,,,,,
,,,,"Jalal, W.","1",,,,,,,,,"Headwater","3",,,,,,,,,,
,,,,"Jamieson, T.J.R.","1",,,,,,,,,"Hexapoda","3",,,,,,,,,,
,,,,"Jolicoeur, S.","1",,,,,,,,,"Invertebrata","3",,,,,,,,,,
,,,,"Jutras, S.","1",,,,,,,,,"Land Use Change","3",,,,,,,,,,
,,,,"Kallemeyn, L.W.","1",,,,,,,,,"Macroinvertebrate","3",,,,,,,,,,
,,,,"Knight, D.","1",,,,,,,,,"Nitrogen","3",,,,,,,,,,
,,,,"Krauskopf, P.N.","1",,,,,,,,,"Picea","3",,,,,,,,,,
,,,,"Kreutzweiser, D.","1",,,,,,,,,"Plants","3",,,,,,,,,,
,,,,"Kreutzweiser, D.P.","1",,,,,,,,,"Population Decline","3",,,,,,,,,,
,,,,"Lajeunesse, P.","1",,,,,,,,,"Riparian","3",,,,,,,,,,
,,,,"Lambert, J.D.","1",,,,,,,,,"Riparian Buffers","3",,,,,,,,,,
,,,,"Lamontagne, S.","1",,,,,,,,,"Riparian Forest","3",,,,,,,,,,
,,,,"Landriault, L.J.","1",,,,,,,,,"Sedimentation","3",,,,,,,,,,
,,,,"Lankester, M.W.","1",,,,,,,,,"Sediments","3",,,,,,,,,,
,,,,"Larmer, D.","1",,,,,,,,,"Silviculture","3",,,,,,,,,,
,,,,"Lean, D.R.S.","1",,,,,,,,,"Soil Moisture","3",,,,,,,,,,
,,,,"Lehmann, R.","1",,,,,,,,,"Streamflow","3",,,,,,,,,,
,,,,"Lewis, D.","1",,,,,,,,,"Taxonomy","3",,,,,,,,,,
,,,,"Lucotte, M.","1",,,,,,,,,"Topography","3",,,,,,,,,,
,,,,"MacIsaac, E.A.","1",,,,,,,,,"Vegetation","3",,,,,,,,,,
,,,,"Macdonald, E.","1",,,,,,,,,"Water Contamination","3",,,,,,,,,,
,,,,"Macdonald, S.E.","1",,,,,,,,,"Water Management","3",,,,,,,,,,
,,,,"Mackasey, P.","1",,,,,,,,,"Water Temperature","3",,,,,,,,,,
,,,,"Magnan, P.","1",,,,,,,,,"Western Hemisphere","3",,,,,,,,,,
,,,,"Maloney, D.A.","1",,,,,,,,,"Wetland","3",,,,,,,,,,
,,,,"Marcogliese, D.J.","1",,,,,,,,,"World","3",,,,,,,,,,
,,,,"McCauley, E.","1",,,,,,,,,"Air Temperature","2",,,,,,,,,,
,,,,"McEachern, P.","1",,,,,,,,,"Algae","2",,,,,,,,,,
,,,,"McNabb, D.H.","1",,,,,,,,,"Amphibia","2",,,,,,,,,,
,,,,"Mellina, E.","1",,,,,,,,,"Animal","2",,,,,,,,,,
,,,,"Mendoza, C.A.","1",,,,,,,,,"Anthropogenic Effect","2",,,,,,,,,,
,,,,"Metcalfe, R.A.","1",,,,,,,,,"Aquatic Ecosystem","2",,,,,,,,,,
,,,,"Mills, S.C.","1",,,,,,,,,"Aquatic Ecosystems","2",,,,,,,,,,
,,,,"Moingt, M.","1",,,,,,,,,"Aquatic Environment","2",,,,,,,,,,
,,,,"Moore, R.D.","1",,,,,,,,,"Aves","2",,,,,,,,,,
,,,,"Morissette, J.","1",,,,,,,,,"Avifauna","2",,,,,,,,,,
,,,,"Muto, E.","1",,,,,,,,,"Best Management Practice","2",,,,,,,,,,
,,,,"Naylor, B.J.","1",,,,,,,,,"Best Management Practices","2",,,,,,,,,,
,,,,"Newaz, M.S.","1",,,,,,,,,"Bioaccumulation","2",,,,,,,,,,
,,,,"Newaz, S.","1",,,,,,,,,"Biota","2",,,,,,,,,,
,,,,"Undefined","1",,,,,,,,,"Black Spruce","2",,,,,,,,,,
