﻿Scopus refine results values

"Your query : ((TITLE-ABS-KEY((Boreal OR {James Bay} OR James-Bay OR {Clay Belt} OR {canadian shield}) AND (Canada OR Quebec OR Ontario OR newfoundland OR Alberta OR British-Columbia) ) AND PUBYEAR > 1999 AND PUBYEAR < 2020) AND (TITLE-ABS-KEY((Forest AND Fire) OR ""Wildfire"" OR ""crown fire"" OR ""Wildland fire"" ) AND PUBYEAR > 1999 AND PUBYEAR < 2020) AND (TITLE-ABS-KEY(Truck OR Train OR (Noise  AND Disturbance)) AND PUBYEAR > 1999 AND PUBYEAR < 2020))"


Number of results : 5

"ACCESS TYPE",,"YEAR",,"AUTHOR NAME",,"SUBJECT AREA",,"DOCUMENT TYPE",,"PUBLICATION STAGE",,"SOURCE TITLE",,"KEYWORD",,"AFFILIATION",,"FUNDING SPONSOR",,"COUNTRY",,"SOURCE TYPE",,"LANGUAGE",
"Open Access","2","2017","1","Arbelo, M.","1","Agricultural and Biological Sciences","1","Article","5","final","5","Atmospheric Chemistry And Physics","1","Canada","4","Consejo Superior de Investigaciones Científicas","2","Ministerio de Ciencia e InnovaciÃ³n","1","Spain","3","Journals","5","English","5"
"Other","3","2016","1","Blais, J.M.","1","Earth and Planetary Sciences","4",,,,,"IEEE Journal Of Selected Topics In Applied Earth Observations And Remote Sensing","1","Fires","4","University of California, Davis","2","National Aeronautics and Space Administration","1","United States","3",,,,
,,"2014","1","Chuvieco, E.","1","Environmental Science","1",,,,,"Remote Sensing","1","Boreal Forest","3","CSIC - Centro de Ciencias Humanas y Sociales","2","Natural Sciences and Engineering Research Council of Canada","1","Canada","1",,,,
,,"2012","1","Clarke, A.D.","1",,,,,,,"Remote Sensing Of Environment","1","Burned Areas","3","Universidad de Almeria","2","Universidad de Alcalá","1",,,,,,
,,"2010","1","Crawford, J.H.","1",,,,,,,"Science Of The Total Environment","1","Forestry","3","NASA Langley Research Center","1","Undefined","2",,,,,,
,,,,"Dibb, J.E.","1",,,,,,,,,"AVHRR","2","Pennsylvania State University","1",,,,,,,,
,,,,"Eickmeyer, D.C.","1",,,,,,,,,"Algorithm","2","Universidad de la Laguna","1",,,,,,,,
,,,,"Emmons, L.K.","1",,,,,,,,,"Algorithms","2","NASA Ames Research Center","1",,,,,,,,
,,,,"Ferrare, R.A.","1",,,,,,,,,"Bayesian Analysis","2","Harvard University","1",,,,,,,,
,,,,"Fisher, J.A.","1",,,,,,,,,"Bayesian Network Classifiers","2","University of Alaska Fairbanks","1",,,,,,,,
,,,,"French, N.H.F.","1",,,,,,,,,"Bayesian Networks","2","University of Hawaii at Manoa","1",,,,,,,,
,,,,"Garcia-Lazaro, J.R.","1",,,,,,,,,"Boreal Forests","2","National Aeronautics and Space Administration","1",,,,,,,,
,,,,"Hostetler, C.A.","1",,,,,,,,,"Burned Area","2","Michigan Technological University","1",,,,,,,,
,,,,"Jacob, D.J.","1",,,,,,,,,"Chemical Composition","2","National Center for Atmospheric Research","1",,,,,,,,
,,,,"Kefauver, S.C.","1",,,,,,,,,"Fire Hazards","2","CREAF - Centre de Recerca Ecològica i Aplicacions Forestals","1",,,,,,,,
,,,,"Kimpe, L.E.","1",,,,,,,,,"Long Term Data Record","2","Universitat Autònoma de Barcelona","1",,,,,,,,
,,,,"Korosi, J.B.","1",,,,,,,,,"NOAA Satellite","2","University of Michigan Transportation Research Institute","1",,,,,,,,
,,,,"Maring, H.","1",,,,,,,,,"Satellite Data","2","Air Resources Board","1",,,,,,,,
,,,,"McCauley, E.","1",,,,,,,,,"Time Series Analysis","2","University of New Hampshire Durham","1",,,,,,,,
,,,,"Moreno Ruiz, J.A.","1",,,,,,,,,"Vegetation Mapping","2","Universidad de Alcala","1",,,,,,,,
,,,,"Moreno-Ruiz, J.A.","1",,,,,,,,,"Accuracy Assessment","1","University of Ottawa, Canada","1",,,,,,,,
,,,,"Palmer, M.J.","1",,,,,,,,,"Advanced Very High Resolution Radiometers (AVHRR)","1","Government of the Northwest Territories","1",,,,,,,,
,,,,"Pederson, J.R.","1",,,,,,,,,"Aerosol","1",,,,,,,,,,
,,,,"Ramo, R.","1",,,,,,,,,"Air Pollutant","1",,,,,,,,,,
,,,,"Riano, D.","1",,,,,,,,,"Air Pollutants","1",,,,,,,,,,
,,,,"Riaño, D.","1",,,,,,,,,"Airborne Survey","1",,,,,,,,,,
,,,,"Russell, P.B.","1",,,,,,,,,"Alaska","1",,,,,,,,,,
,,,,"Shaw, G.E.","1",,,,,,,,,"Analysis","1",,,,,,,,,,
,,,,"Singh, H.B.","1",,,,,,,,,"Aquatic Ecosystems","1",,,,,,,,,,
,,,,"Thienpont, J.R.","1",,,,,,,,,"Aquatic Environment","1",,,,,,,,,,
,,,,"Thompson, A.M.","1",,,,,,,,,"Archival Data","1",,,,,,,,,,
,,,,"Ustin, S.L.","1",,,,,,,,,"Arctic","1",,,,,,,,,,
,,,,"Whiting, M.L.","1",,,,,,,,,"Arctic Environment","1",,,,,,,,,,
,,,,,,,,,,,,,,"Arctic Vehicles","1",,,,,,,,,,
,,,,,,,,,,,,,,"Aromatic Compounds","1",,,,,,,,,,
,,,,,,,,,,,,,,"Article","1",,,,,,,,,,
,,,,,,,,,,,,,,"Atmospheric Chemistry","1",,,,,,,,,,
,,,,,,,,,,,,,,"Atmospheric Pollution","1",,,,,,,,,,
,,,,,,,,,,,,,,"Auxiliary Variables","1",,,,,,,,,,
,,,,,,,,,,,,,,"Bayesian Network Classifier","1",,,,,,,,,,
,,,,,,,,,,,,,,"Biomass Burning","1",,,,,,,,,,
,,,,,,,,,,,,,,"Boreal Region","1",,,,,,,,,,
,,,,,,,,,,,,,,"Boreal Regions","1",,,,,,,,,,
,,,,,,,,,,,,,,"Boundary Layer","1",,,,,,,,,,
,,,,,,,,,,,,,,"Bromine","1",,,,,,,,,,
,,,,,,,,,,,,,,"Burned Area (BA)","1",,,,,,,,,,
,,,,,,,,,,,,,,"Burned-area Mapping","1",,,,,,,,,,
,,,,,,,,,,,,,,"Canadian Forests","1",,,,,,,,,,
,,,,,,,,,,,,,,"Combustion","1",,,,,,,,,,
,,,,,,,,,,,,,,"Commercial Vehicles","1",,,,,,,,,,
,,,,,,,,,,,,,,"Comparative Study","1",,,,,,,,,,
,,,,,,,,,,,,,,"Controlled Study","1",,,,,,,,,,
,,,,,,,,,,,,,,"Data Set","1",,,,,,,,,,
,,,,,,,,,,,,,,"Database","1",,,,,,,,,,
,,,,,,,,,,,,,,"Decision Trees","1",,,,,,,,,,
,,,,,,,,,,,,,,"Deforestation","1",,,,,,,,,,
,,,,,,,,,,,,,,"Diesel","1",,,,,,,,,,
,,,,,,,,,,,,,,"Diesel Emission","1",,,,,,,,,,
,,,,,,,,,,,,,,"Diesel Emissions","1",,,,,,,,,,
,,,,,,,,,,,,,,"Diesel Fuel","1",,,,,,,,,,
,,,,,,,,,,,,,,"Emission","1",,,,,,,,,,
,,,,,,,,,,,,,,"Environmental Monitoring","1",,,,,,,,,,
,,,,,,,,,,,,,,"Errors","1",,,,,,,,,,
,,,,,,,,,,,,,,"Exhaust Gas","1",,,,,,,,,,
,,,,,,,,,,,,,,"Fire","1",,,,,,,,,,
,,,,,,,,,,,,,,"Fire Behavior","1",,,,,,,,,,
,,,,,,,,,,,,,,"Fire Event","1",,,,,,,,,,
,,,,,,,,,,,,,,"Forest Fire","1",,,,,,,,,,
,,,,,,,,,,,,,,"Forest Fires","1",,,,,,,,,,
,,,,,,,,,,,,,,"Forests","1",,,,,,,,,,
,,,,,,,,,,,,,,"Hazards","1",,,,,,,,,,
,,,,,,,,,,,,,,"Human Impact (environment)","1",,,,,,,,,,
,,,,,,,,,,,,,,"Image Analysis","1",,,,,,,,,,
,,,,,,,,,,,,,,"Infrared Devices","1",,,,,,,,,,
,,,,,,,,,,,,,,"Lake Pollution","1",,,,,,,,,,
,,,,,,,,,,,,,,"Lake Water","1",,,,,,,,,,
,,,,,,,,,,,,,,"Lakes","1",,,,,,,,,,
,,,,,,,,,,,,,,"Landsat Thematic Mapper","1",,,,,,,,,,
,,,,,,,,,,,,,,"Landsat Thematic Mapper (TM)","1",,,,,,,,,,
,,,,,,,,,,,,,,"Long-term Data Record (LTDR)","1",,,,,,,,,,
,,,,,,,,,,,,,,"MODIS","1",,,,,,,,,,
,,,,,,,,,,,,,,"Map","1",,,,,,,,,,
,,,,,,,,,,,,,,"Mapping","1",,,,,,,,,,
,,,,,,,,,,,,,,"Mapping Products","1",,,,,,,,,,
,,,,,,,,,,,,,,"Metal","1",,,,,,,,,,
,,,,,,,,,,,,,,"NOAA AVHRR","1",,,,,,,,,,
,,,,,,,,,,,,,,"NOAA-AVHRR","1",,,,,,,,,,
,,,,,,,,,,,,,,"National Oceanic And Atmospheric Administration's-Advanced Very High Resolution Radiometer (NOAA-AVHRR)","1",,,,,,,,,,
,,,,,,,,,,,,,,"Near-infrared Bands","1",,,,,,,,,,
,,,,,,,,,,,,,,"Neighborhood Analysis","1",,,,,,,,,,
,,,,,,,,,,,,,,"Northwest Territories","1",,,,,,,,,,
,,,,,,,,,,,,,,"Numerical Model","1",,,,,,,,,,
,,,,,,,,,,,,,,"Nunavut","1",,,,,,,,,,
,,,,,,,,,,,,,,"Ozone","1",,,,,,,,,,
,,,,,,,,,,,,,,"PAH","1",,,,,,,,,,
,,,,,,,,,,,,,,"Pixels","1",,,,,,,,,,
,,,,,,,,,,,,,,"Polycyclic Aromatic Compound","1",,,,,,,,,,
,,,,,,,,,,,,,,"Polycyclic Aromatic Compounds","1",,,,,,,,,,
,,,,,,,,,,,,,,"Polycyclic Aromatic Hydrocarbon","1",,,,,,,,,,
,,,,,,,,,,,,,,"Polycyclic Aromatic Hydrocarbons","1",,,,,,,,,,
,,,,,,,,,,,,,,"Priority Journal","1",,,,,,,,,,
,,,,,,,,,,,,,,"Radiometers","1",,,,,,,,,,
,,,,,,,,,,,,,,"Random Forest","1",,,,,,,,,,
,,,,,,,,,,,,,,"Random Forest Algorithm","1",,,,,,,,,,
,,,,,,,,,,,,,,"Random Forests","1",,,,,,,,,,
,,,,,,,,,,,,,,"Reflective Bands","1",,,,,,,,,,
,,,,,,,,,,,,,,"Remote Sensing","1",,,,,,,,,,
,,,,,,,,,,,,,,"Resolution","1",,,,,,,,,,
,,,,,,,,,,,,,,"Roads And Streets","1",,,,,,,,,,
,,,,,,,,,,,,,,"Satellite Imagery","1",,,,,,,,,,
,,,,,,,,,,,,,,"Satellite Mission","1",,,,,,,,,,
,,,,,,,,,,,,,,"Sediment","1",,,,,,,,,,
,,,,,,,,,,,,,,"Sediments","1",,,,,,,,,,
,,,,,,,,,,,,,,"Snow","1",,,,,,,,,,
,,,,,,,,,,,,,,"Subarctic Region","1",,,,,,,,,,
,,,,,,,,,,,,,,"Taiga","1",,,,,,,,,,
,,,,,,,,,,,,,,"Temporal Resolution","1",,,,,,,,,,
,,,,,,,,,,,,,,"Time Series","1",,,,,,,,,,
,,,,,,,,,,,,,,"Training Dataset","1",,,,,,,,,,
,,,,,,,,,,,,,,"Transportation","1",,,,,,,,,,
,,,,,,,,,,,,,,"Troposphere","1",,,,,,,,,,
,,,,,,,,,,,,,,"Trucks","1",,,,,,,,,,
,,,,,,,,,,,,,,"Tundra","1",,,,,,,,,,
,,,,,,,,,,,,,,"United States","1",,,,,,,,,,
,,,,,,,,,,,,,,"Urban Pollution","1",,,,,,,,,,
,,,,,,,,,,,,,,"Vehicle Emissions","1",,,,,,,,,,
,,,,,,,,,,,,,,"Very High Resolution","1",,,,,,,,,,
,,,,,,,,,,,,,,"Water Analysis","1",,,,,,,,,,
,,,,,,,,,,,,,,"Water Contamination","1",,,,,,,,,,
,,,,,,,,,,,,,,"Water Pollutant","1",,,,,,,,,,
,,,,,,,,,,,,,,"Water Pollution","1",,,,,,,,,,
,,,,,,,,,,,,,,"Water Quality","1",,,,,,,,,,
,,,,,,,,,,,,,,"Wildfire","1",,,,,,,,,,
,,,,,,,,,,,,,,"Yellowknife","1",,,,,,,,,,
,,,,,,,,,,,,,,,,,,,,,,,,,
,,,,,,,,,,,,,,,,,,,,,,,,,
,,,,,,,,,,,,,,,,,,,,,,,,,
,,,,,,,,,,,,,,,,,,,,,,,,,
,,,,,,,,,,,,,,,,,,,,,,,,,
,,,,,,,,,,,,,,,,,,,,,,,,,
,,,,,,,,,,,,,,,,,,,,,,,,,
,,,,,,,,,,,,,,,,,,,,,,,,,
,,,,,,,,,,,,,,,,,,,,,,,,,
,,,,,,,,,,,,,,,,,,,,,,,,,
,,,,,,,,,,,,,,,,,,,,,,,,,
,,,,,,,,,,,,,,,,,,,,,,,,,
,,,,,,,,,,,,,,,,,,,,,,,,,
,,,,,,,,,,,,,,,,,,,,,,,,,
,,,,,,,,,,,,,,,,,,,,,,,,,
,,,,,,,,,,,,,,,,,,,,,,,,,
,,,,,,,,,,,,,,,,,,,,,,,,,
,,,,,,,,,,,,,,,,,,,,,,,,,
,,,,,,,,,,,,,,,,,,,,,,,,,
,,,,,,,,,,,,,,,,,,,,,,,,,
,,,,,,,,,,,,,,,,,,,,,,,,,
,,,,,,,,,,,,,,,,,,,,,,,,,
,,,,,,,,,,,,,,,,,,,,,,,,,
,,,,,,,,,,,,,,,,,,,,,,,,,
,,,,,,,,,,,,,,,,,,,,,,,,,
,,,,,,,,,,,,,,,,,,,,,,,,,
