﻿Scopus refine results values

"Your query : ((TITLE-ABS-KEY((Boreal OR {James Bay} OR James-Bay OR {Clay Belt} OR {canadian shield}) AND Quebec) AND PUBYEAR > 1999 AND PUBYEAR < 2020) AND (TITLE-ABS-KEY(Harvest* OR Logging OR Cut OR Clear-cut  OR Clearcut OR {Clear Cut}) AND PUBYEAR > 1999 AND PUBYEAR < 2020) AND (TITLE-ABS-KEY((wildlife OR fish OR moose OR beaver OR caribou OR goose OR geese) AND  (health OR disease OR contamination OR {heavy metal} OR  parasite OR stress OR {heavy metal} OR Mercury OR  {persistent organic pollutant} OR Toxic* OR Arsenic OR Lead OR cadmium)) AND PUBYEAR > 1999 AND PUBYEAR < 2020))"


Number of results : 8

"ACCESS TYPE",,"YEAR",,"AUTHOR NAME",,"SUBJECT AREA",,"DOCUMENT TYPE",,"PUBLICATION STAGE",,"SOURCE TITLE",,"KEYWORD",,"AFFILIATION",,"FUNDING SPONSOR",,"COUNTRY",,"SOURCE TYPE",,"LANGUAGE",
"Open Access","3","2016","1","Lucas, M.","2","Agricultural and Biological Sciences","3","Article","7","final","8","Environmental Monitoring And Assessment","1","Quebec","6","Université Laval","3","Natural Sciences and Engineering Research Council of Canada","2","Canada","8","Journals","7","English","7"
"Other","5","2013","2","Beauchesne, D.","1","Biochemistry, Genetics and Molecular Biology","1","Book Chapter","1",,,"International Journal Of Circumpolar Health","1","Canada","5","University of Montreal","2","Undefined","6","United States","1","Books","1","French","1"
,,"2011","1","Belinsky, D.L.","1","Environmental Science","4",,,,,"Journal Of Food Composition And Analysis","1","Article","4","Cree Nation of Ouje-Bougoumou","1",,,,,,,,
,,"2009","1","Berthiaume, L.","1","Medicine","2",,,,,"Journal Of Wildlife Diseases","1","Animals","3","Cree Board of Health and Social Services of James Bay","1",,,,,,,,
,,"2007","1","Blanchet, C.","1","Multidisciplinary","1",,,,,"Plos One","1","Female","3","USDA ARS Beltsville Agricultural Research Center","1",,,,,,,,
,,"2002","1","Carignan, R.","1","Nursing","1",,,,,"Public Health Nutrition","1","Humans","3","McGill University","1",,,,,,,,
,,"2000","1","Courbin, N.","1","Social Sciences","1",,,,,"Revue Des Sciences De L Eau","1","American Indian","2","Université du Québec à Rimouski","1",,,,,,,,
,,,,"Couturier, S.","1",,,,,,,"Woodlands Ecology Management And Conservation","1","Animal","2","Canadian Forest Service","1",,,,,,,,
,,,,"Dewailly, E.","1",,,,,,,,,"Bird","2","University of Waterloo","1",,,,,,,,
,,,,"Dewailly, É.","1",,,,,,,,,"Blood","2","University of Guelph","1",,,,,,,,
,,,,"Dubey, J.P.","1",,,,,,,,,"Conservation Of Natural Resources","2","Université du Québec à Trois-Rivières","1",,,,,,,,
,,,,"Dussault, C.","1",,,,,,,,,"Ecology","2","Natural Resources Canada","1",,,,,,,,
,,,,"Fortin, D.","1",,,,,,,,,"Fish","2","McMaster University, Faculty of Health Sciences","1",,,,,,,,
,,,,"Gingras, S.","1",,,,,,,,,"Human","2","Agence de la santé publique du Canada","1",,,,,,,,
,,,,"Greffard, K.","1",,,,,,,,,"Indians, North American","2","Université du Québec à Montréal","1",,,,,,,,
,,,,"Hodson, J.","1",,,,,,,,,"Male","2","INRS- Centre Eau, Terre &amp; Environnement","1",,,,,,,,
,,,,"Holub, B.J.","1",,,,,,,,,"Odds Ratio","2","McMaster University","1",,,,,,,,
,,,,"Hébert, C.","1",,,,,,,,,"Risk","2","Concordia University","1",,,,,,,,
,,,,"Jaeger, J.A.G.","1",,,,,,,,,"Adolescent","1","Ministère de l‘Energie et des Ressources naturelles du Québec","1",,,,,,,,
,,,,"Johnson-Down, L.","1",,,,,,,,,"Adult","1","McGill University, Macdonald Campus","1",,,,,,,,
,,,,"Julien, P.","1",,,,,,,,,"Age","1","CHU de Québec - Université Laval","1",,,,,,,,
,,,,"Kuhnlein, H.V.","1",,,,,,,,,"Age Factors","1",,,,,,,,,,
,,,,"LeBlanc, M.L.","1",,,,,,,,,"Amino Acid","1",,,,,,,,,,
,,,,"Légaré, J.P.","1",,,,,,,,,"Amino Acids","1",,,,,,,,,,
,,,,"Magnan, P.","1",,,,,,,,,"Animal Behavior","1",,,,,,,,,,
,,,,"Manson, H.","1",,,,,,,,,"Animal Disease","1",,,,,,,,,,
,,,,"Ogden, N.H.","1",,,,,,,,,"Animal Distribution","1",,,,,,,,,,
,,,,"Pinel-Alloul, B.","1",,,,,,,,,"Animalia","1",,,,,,,,,,
,,,,"Planas, D.","1",,,,,,,,,"Antibodies, Protozoan","1",,,,,,,,,,
,,,,"Pothier, D.","1",,,,,,,,,"Aves","1",,,,,,,,,,
,,,,"Poulin, M.B.","1",,,,,,,,,"Bacillariophyta","1",,,,,,,,,,
,,,,"Proust, F.","1",,,,,,,,,"Bay","1",,,,,,,,,,
,,,,"Rabbitskin, T.","1",,,,,,,,,"Bays","1",,,,,,,,,,
,,,,"Robinson, E.","1",,,,,,,,,"Bear","1",,,,,,,,,,
,,,,"Rousseau, A.N.","1",,,,,,,,,"Beaver","1",,,,,,,,,,
,,,,"Ruel, J.C.","1",,,,,,,,,"Behavior, Animal","1",,,,,,,,,,
,,,,"Shecapio-Blacksmith, J.","1",,,,,,,,,"Biota","1",,,,,,,,,,
,,,,"Simon, A.","1",,,,,,,,,"Birds","1",,,,,,,,,,
,,,,"St-Laurent, M.H.","1",,,,,,,,,"Boreal","1",,,,,,,,,,
,,,,"Swiston, K.","1",,,,,,,,,"Canada Goose; James Bay Cree; Traditional Food System; Indigenous People; Macronutrients; Minerals.","1",,,,,,,,,,
,,,,"Tsuji, L.J.S.","1",,,,,,,,,"Canadian Lynx","1",,,,,,,,,,
,,,,"Vanspronsen, E.P.","1",,,,,,,,,"Caribou","1",,,,,,,,,,
,,,,"Wainman, B.C.","1",,,,,,,,,"Castor Canadensis","1",,,,,,,,,,
,,,,,,,,,,,,,,"Cat","1",,,,,,,,,,
,,,,,,,,,,,,,,"Cat Disease","1",,,,,,,,,,
,,,,,,,,,,,,,,"Cat Diseases","1",,,,,,,,,,
,,,,,,,,,,,,,,"Catostomus Commersoni","1",,,,,,,,,,
,,,,,,,,,,,,,,"Cats","1",,,,,,,,,,
,,,,,,,,,,,,,,"Cellular Organisms","1",,,,,,,,,,
,,,,,,,,,,,,,,"Coccidia","1",,,,,,,,,,
,,,,,,,,,,,,,,"Community Structure","1",,,,,,,,,,
,,,,,,,,,,,,,,"Contamination","1",,,,,,,,,,
,,,,,,,,,,,,,,"Cree Indians","1",,,,,,,,,,
,,,,,,,,,,,,,,"Cross-Sectional Studies","1",,,,,,,,,,
,,,,,,,,,,,,,,"Cross-sectional Study","1",,,,,,,,,,
,,,,,,,,,,,,,,"Crustacea","1",,,,,,,,,,
,,,,,,,,,,,,,,"Decision Making","1",,,,,,,,,,
,,,,,,,,,,,,,,"Disease Carrier","1",,,,,,,,,,
,,,,,,,,,,,,,,"Disease Reservoirs","1",,,,,,,,,,
,,,,,,,,,,,,,,"Disease Transmission","1",,,,,,,,,,
,,,,,,,,,,,,,,"Docosahexaenoic Acid","1",,,,,,,,,,
,,,,,,,,,,,,,,"Docosahexaenoic Acids","1",,,,,,,,,,
,,,,,,,,,,,,,,"Drainage","1",,,,,,,,,,
,,,,,,,,,,,,,,"Ecological Impact","1",,,,,,,,,,
,,,,,,,,,,,,,,"Ecosystem","1",,,,,,,,,,
,,,,,,,,,,,,,,"Eicosapentaenoic Acid","1",,,,,,,,,,
,,,,,,,,,,,,,,"Endangered Species","1",,,,,,,,,,
,,,,,,,,,,,,,,"Environmental Exposure","1",,,,,,,,,,
,,,,,,,,,,,,,,"Environmental Health","1",,,,,,,,,,
,,,,,,,,,,,,,,"Environmental Impact Assessments","1",,,,,,,,,,
,,,,,,,,,,,,,,"Epidemiology","1",,,,,,,,,,
,,,,,,,,,,,,,,"Fatty Acid","1",,,,,,,,,,
,,,,,,,,,,,,,,"Fatty Acids","1",,,,,,,,,,
,,,,,,,,,,,,,,"Fatty Acids, Omega-3","1",,,,,,,,,,
,,,,,,,,,,,,,,"Feces","1",,,,,,,,,,
,,,,,,,,,,,,,,"Feeding Behavior","1",,,,,,,,,,
,,,,,,,,,,,,,,"Felidae","1",,,,,,,,,,
,,,,,,,,,,,,,,"Felis Catus","1",,,,,,,,,,
,,,,,,,,,,,,,,"Fire Hazards","1",,,,,,,,,,
,,,,,,,,,,,,,,"First Nations","1",,,,,,,,,,
,,,,,,,,,,,,,,"Fishes","1",,,,,,,,,,
,,,,,,,,,,,,,,"Food Analysis","1",,,,,,,,,,
,,,,,,,,,,,,,,"Food Composition","1",,,,,,,,,,
,,,,,,,,,,,,,,"Foraging Behavior","1",,,,,,,,,,
,,,,,,,,,,,,,,"Forest","1",,,,,,,,,,
,,,,,,,,,,,,,,"Forest Fire","1",,,,,,,,,,
,,,,,,,,,,,,,,"Forest Fires","1",,,,,,,,,,
,,,,,,,,,,,,,,"Forest Management","1",,,,,,,,,,
,,,,,,,,,,,,,,"Forestry","1",,,,,,,,,,
,,,,,,,,,,,,,,"GIS","1",,,,,,,,,,
,,,,,,,,,,,,,,"Geographic Information System","1",,,,,,,,,,
,,,,,,,,,,,,,,"Geographic Information Systems","1",,,,,,,,,,
,,,,,,,,,,,,,,"Global Positioning System","1",,,,,,,,,,
,,,,,,,,,,,,,,"Goose","1",,,,,,,,,,
,,,,,,,,,,,,,,"Habitat Quality","1",,,,,,,,,,
,,,,,,,,,,,,,,"Habitat Use","1",,,,,,,,,,
,,,,,,,,,,,,,,"Harvesting","1",,,,,,,,,,
,,,,,,,,,,,,,,"Household","1",,,,,,,,,,
,,,,,,,,,,,,,,"Icosapentaenoic Acid","1",,,,,,,,,,
,,,,,,,,,,,,,,"Impurities","1",,,,,,,,,,
,,,,,,,,,,,,,,"James Bay","1",,,,,,,,,,
,,,,,,,,,,,,,,"Lake Ecosystem","1",,,,,,,,,,
,,,,,,,,,,,,,,"Lakes","1",,,,,,,,,,
,,,,,,,,,,,,,,"Land Use","1",,,,,,,,,,
,,,,,,,,,,,,,,"Lepus Americanus","1",,,,,,,,,,
,,,,,,,,,,,,,,"Lynx","1",,,,,,,,,,
,,,,,,,,,,,,,,"Lynx Canadensis","1",,,,,,,,,,
,,,,,,,,,,,,,,"Mammal","1",,,,,,,,,,
,,,,,,,,,,,,,,"Mammalia","1",,,,,,,,,,
,,,,,,,,,,,,,,"Mental Stress","1",,,,,,,,,,
,,,,,,,,,,,,,,"Middle Aged","1",,,,,,,,,,
,,,,,,,,,,,,,,"Mine Waste","1",,,,,,,,,,
,,,,,,,,,,,,,,"Mining","1",,,,,,,,,,
,,,,,,,,,,,,,,"Mining Activity","1",,,,,,,,,,
,,,,,,,,,,,,,,"Mining Areas","1",,,,,,,,,,
,,,,,,,,,,,,,,"Moose","1",,,,,,,,,,
,,,,,,,,,,,,,,"N-3 Fatty Acids","1",,,,,,,,,,
,,,,,,,,,,,,,,"Nonhuman","1",,,,,,,,,,
,,,,,,,,,,,,,,"North America","1",,,,,,,,,,
,,,,,,,,,,,,,,"Nutritional Value","1",,,,,,,,,,
,,,,,,,,,,,,,,"Nutritive Value","1",,,,,,,,,,
,,,,,,,,,,,,,,"Omega 3 Fatty Acid","1",,,,,,,,,,
,,,,,,,,,,,,,,"Parasite Egg Count","1",,,,,,,,,,
,,,,,,,,,,,,,,"Parasite Identification","1",,,,,,,,,,
,,,,,,,,,,,,,,"Parasitology","1",,,,,,,,,,
,,,,,,,,,,,,,,"Partridge","1",,,,,,,,,,
,,,,,,,,,,,,,,"Perca Flavescens","1",,,,,,,,,,
,,,,,,,,,,,,,,"Phospholipid","1",,,,,,,,,,
,,,,,,,,,,,,,,"Phospholipids","1",,,,,,,,,,
,,,,,,,,,,,,,,"Plankton","1",,,,,,,,,,
,,,,,,,,,,,,,,"Pollution Exposure","1",,,,,,,,,,
,,,,,,,,,,,,,,"Pollution Monitoring","1",,,,,,,,,,
,,,,,,,,,,,,,,"Population Dynamics","1",,,,,,,,,,
,,,,,,,,,,,,,,"Population Groups","1",,,,,,,,,,
,,,,,,,,,,,,,,"Predation Risk","1",,,,,,,,,,
,,,,,,,,,,,,,,"Predator-prey Cycle","1",,,,,,,,,,
,,,,,,,,,,,,,,"Protozoon Antibody","1",,,,,,,,,,
,,,,,,,,,,,,,,"Psychological Aspect","1",,,,,,,,,,
,,,,,,,,,,,,,,"Psychological Distress","1",,,,,,,,,,
,,,,,,,,,,,,,,"Reindeer","1",,,,,,,,,,
,,,,,,,,,,,,,,"Retrospective Studies","1",,,,,,,,,,
,,,,,,,,,,,,,,"Retrospective Study","1",,,,,,,,,,
,,,,,,,,,,,,,,"Risk Assessment","1",,,,,,,,,,
,,,,,,,,,,,,,,"Risk Factor","1",,,,,,,,,,
,,,,,,,,,,,,,,"Risk Factors","1",,,,,,,,,,
,,,,,,,,,,,,,,"Risk Management","1",,,,,,,,,,
,,,,,,,,,,,,,,"Rotifera","1",,,,,,,,,,
,,,,,,,,,,,,,,"Seroepidemiologic Studies","1",,,,,,,,,,
,,,,,,,,,,,,,,"Sex Difference","1",,,,,,,,,,
,,,,,,,,,,,,,,"Sex Factors","1",,,,,,,,,,
,,,,,,,,,,,,,,"Snowshoe Hare","1",,,,,,,,,,
,,,,,,,,,,,,,,"Spatiotemporal Dynamic Of Infection","1",,,,,,,,,,
,,,,,,,,,,,,,,"Spring","1",,,,,,,,,,
,,,,,,,,,,,,,,"Statistics","1",,,,,,,,,,
,,,,,,,,,,,,,,"Stress, Psychological","1",,,,,,,,,,
,,,,,,,,,,,,,,"Summer","1",,,,,,,,,,
,,,,,,,,,,,,,,"Taiga","1",,,,,,,,,,
,,,,,,,,,,,,,,"Telemetry","1",,,,,,,,,,
,,,,,,,,,,,,,,"Time","1",,,,,,,,,,
,,,,,,,,,,,,,,"Toxic Material","1",,,,,,,,,,
