﻿Scopus refine results values

"Your query : ((TITLE-ABS-KEY((Boreal OR {James Bay} OR James-Bay OR {Clay Belt} OR {canadian shield}) AND (Canada OR Quebec OR Ontario OR newfoundland OR Alberta OR British-Columbia) ) AND PUBYEAR > 1999 AND PUBYEAR < 2020) AND (TITLE-ABS-KEY(Harvest* OR Logging OR Cut OR Clear-cut  OR Clearcut OR {Clear Cut}) AND PUBYEAR > 1999 AND PUBYEAR < 2020) AND (TITLE-ABS-KEY(((cultural AND keystone)  OR  spiritual OR sacred OR  special) AND (site OR place)) AND PUBYEAR > 1999 AND PUBYEAR < 2020))"


Number of results : 4

"ACCESS TYPE",,"YEAR",,"AUTHOR NAME",,"SUBJECT AREA",,"DOCUMENT TYPE",,"PUBLICATION STAGE",,"SOURCE TITLE",,"KEYWORD",,"AFFILIATION",,"FUNDING SPONSOR",,"COUNTRY",,"SOURCE TYPE",,"LANGUAGE",
"Open Access","1","2018","1","Achim, A.","1","Agricultural and Biological Sciences","4","Article","3","final","4","Critical Reviews In Plant Sciences","1","Harvesting","3","Universite du Quebec en Abitibi-Temiscamingue","1","Natural Sciences and Engineering Research Council of Canada","2","Canada","3","Journals","4","English","4"
"Other","3","2012","2","Bergeron, Y.","1","Environmental Science","2","Review","1",,,"Forest Ecology And Management","1","Boreal Forest","2","Canadian Forest Service","1","Undefined","2","United States","1",,,,
,,"2003","1","Germida, J.J.","1","Immunology and Microbiology","1",,,,,"Journal Of Fish And Wildlife Management","1","Canada","2","US Fish &amp; Wildlife Service","1",,,,,,,,
,,,,"Hynes, H.M.","1",,,,,,,"Soil Biology And Biochemistry","1","Forest Soil","2","University of Saskatchewan","1",,,,,,,,
,,,,"Klimstra, J.D.","1",,,,,,,,,"Forestry","2","Natural Resources Canada","1",,,,,,,,
,,,,"Mallik, A.U.","1",,,,,,,,,"Soils","2","Lakehead University","1",,,,,,,,
,,,,"Padding, P.I.","1",,,,,,,,,"Abies Balsamea","1","Université du Québec à Montréal","1",,,,,,,,
,,,,"Paré, D.","1",,,,,,,,,"Aboveground Biomass","1","Université Laval","1",,,,,,,,
,,,,"Senez-Gagnon, F.","1",,,,,,,,,"Alberta","1",,,,,,,,,,
,,,,"Thiffault, E.","1",,,,,,,,,"Allelopathy","1",,,,,,,,,,
,,,,,,,,,,,,,,"Alternate Stable States","1",,,,,,,,,,
,,,,,,,,,,,,,,"Ammonia","1",,,,,,,,,,
,,,,,,,,,,,,,,"Ammonia Oxidizing Bacteria","1",,,,,,,,,,
,,,,,,,,,,,,,,"Ammonium","1",,,,,,,,,,
,,,,,,,,,,,,,,"Ammonium Compounds","1",,,,,,,,,,
,,,,,,,,,,,,,,"Bacteria","1",,,,,,,,,,
,,,,,,,,,,,,,,"Bacteria (microorganisms)","1",,,,,,,,,,
,,,,,,,,,,,,,,"Bacterium","1",,,,,,,,,,
,,,,,,,,,,,,,,"Bioavailability","1",,,,,,,,,,
,,,,,,,,,,,,,,"Biochemistry","1",,,,,,,,,,
,,,,,,,,,,,,,,"Boreal","1",,,,,,,,,,
,,,,,,,,,,,,,,"Budget Control","1",,,,,,,,,,
,,,,,,,,,,,,,,"Buried Wood","1",,,,,,,,,,
,,,,,,,,,,,,,,"Buried Woods","1",,,,,,,,,,
,,,,,,,,,,,,,,"Calluna","1",,,,,,,,,,
,,,,,,,,,,,,,,"Canada Goose","1",,,,,,,,,,
,,,,,,,,,,,,,,"Carbon","1",,,,,,,,,,
,,,,,,,,,,,,,,"Carbon Pool","1",,,,,,,,,,
,,,,,,,,,,,,,,"Carbon Pools","1",,,,,,,,,,
,,,,,,,,,,,,,,"Carbon Sequestration","1",,,,,,,,,,
,,,,,,,,,,,,,,"Carbon Transfer","1",,,,,,,,,,
,,,,,,,,,,,,,,"Carduus","1",,,,,,,,,,
,,,,,,,,,,,,,,"Carduus Nutans","1",,,,,,,,,,
,,,,,,,,,,,,,,"Chronosequence","1",,,,,,,,,,
,,,,,,,,,,,,,,"Chronosequences","1",,,,,,,,,,
,,,,,,,,,,,,,,"Cirsium","1",,,,,,,,,,
,,,,,,,,,,,,,,"Clear Cut","1",,,,,,,,,,
,,,,,,,,,,,,,,"Clearcutting","1",,,,,,,,,,
,,,,,,,,,,,,,,"Coniferophyta","1",,,,,,,,,,
,,,,,,,,,,,,,,"Coniferous Forest","1",,,,,,,,,,
,,,,,,,,,,,,,,"Cost Control","1",,,,,,,,,,
,,,,,,,,,,,,,,"Dead Wood","1",,,,,,,,,,
,,,,,,,,,,,,,,"Debris","1",,,,,,,,,,
,,,,,,,,,,,,,,"Derivation","1",,,,,,,,,,
,,,,,,,,,,,,,,"Distribution","1",,,,,,,,,,
,,,,,,,,,,,,,,"Ecosystem Engineer","1",,,,,,,,,,
,,,,,,,,,,,,,,"Electrokinesis","1",,,,,,,,,,
,,,,,,,,,,,,,,"Electrophoresis","1",,,,,,,,,,
,,,,,,,,,,,,,,"Empetrum","1",,,,,,,,,,
,,,,,,,,,,,,,,"Empetrum Hermaphroditum","1",,,,,,,,,,
,,,,,,,,,,,,,,"Ericaceous Plants","1",,,,,,,,,,
,,,,,,,,,,,,,,"Ericales","1",,,,,,,,,,
,,,,,,,,,,,,,,"Fire","1",,,,,,,,,,
,,,,,,,,,,,,,,"Forest","1",,,,,,,,,,
,,,,,,,,,,,,,,"Forest Floor","1",,,,,,,,,,
,,,,,,,,,,,,,,"Forest Management","1",,,,,,,,,,
,,,,,,,,,,,,,,"Forest Soils","1",,,,,,,,,,
,,,,,,,,,,,,,,"Gas Emissions","1",,,,,,,,,,
,,,,,,,,,,,,,,"Gene Expression","1",,,,,,,,,,
,,,,,,,,,,,,,,"Genes","1",,,,,,,,,,
,,,,,,,,,,,,,,"Genetic Analysis","1",,,,,,,,,,
,,,,,,,,,,,,,,"Greenhouse Gas","1",,,,,,,,,,
,,,,,,,,,,,,,,"Greenhouse Gases","1",,,,,,,,,,
,,,,,,,,,,,,,,"Growing Season","1",,,,,,,,,,
,,,,,,,,,,,,,,"Growth Check","1",,,,,,,,,,
,,,,,,,,,,,,,,"Harvest","1",,,,,,,,,,
,,,,,,,,,,,,,,"Harvest Management","1",,,,,,,,,,
,,,,,,,,,,,,,,"Ion","1",,,,,,,,,,
,,,,,,,,,,,,,,"Kalmia","1",,,,,,,,,,
,,,,,,,,,,,,,,"Keystone Species","1",,,,,,,,,,
,,,,,,,,,,,,,,"Lakes","1",,,,,,,,,,
,,,,,,,,,,,,,,"Magnesium","1",,,,,,,,,,
,,,,,,,,,,,,,,"Management Practice","1",,,,,,,,,,
,,,,,,,,,,,,,,"Microbial Community","1",,,,,,,,,,
,,,,,,,,,,,,,,"Mineral","1",,,,,,,,,,
,,,,,,,,,,,,,,"Mycorrhizae","1",,,,,,,,,,
,,,,,,,,,,,,,,"Nitrogen","1",,,,,,,,,,
,,,,,,,,,,,,,,"Nitrogen Cycle","1",,,,,,,,,,
,,,,,,,,,,,,,,"Nitrogen Removal","1",,,,,,,,,,
,,,,,,,,,,,,,,"Nitrosomonadales","1",,,,,,,,,,
,,,,,,,,,,,,,,"Non-metric Multidimensional Scaling","1",,,,,,,,,,
,,,,,,,,,,,,,,"Nutrient Availability","1",,,,,,,,,,
,,,,,,,,,,,,,,"Nutrient Limitation","1",,,,,,,,,,
,,,,,,,,,,,,,,"Oxidation","1",,,,,,,,,,
,,,,,,,,,,,,,,"Phenolics","1",,,,,,,,,,
,,,,,,,,,,,,,,"Regeneration","1",,,,,,,,,,
,,,,,,,,,,,,,,"Soil","1",,,,,,,,,,
,,,,,,,,,,,,,,"Soil Horizon","1",,,,,,,,,,
,,,,,,,,,,,,,,"Soil Microorganism","1",,,,,,,,,,
,,,,,,,,,,,,,,"Succession","1",,,,,,,,,,
,,,,,,,,,,,,,,"Time Since Harvest","1",,,,,,,,,,
,,,,,,,,,,,,,,"Wood","1",,,,,,,,,,
,,,,,,,,,,,,,,,,,,,,,,,,,
,,,,,,,,,,,,,,,,,,,,,,,,,
,,,,,,,,,,,,,,,,,,,,,,,,,
,,,,,,,,,,,,,,,,,,,,,,,,,
,,,,,,,,,,,,,,,,,,,,,,,,,
,,,,,,,,,,,,,,,,,,,,,,,,,
,,,,,,,,,,,,,,,,,,,,,,,,,
,,,,,,,,,,,,,,,,,,,,,,,,,
,,,,,,,,,,,,,,,,,,,,,,,,,
,,,,,,,,,,,,,,,,,,,,,,,,,
,,,,,,,,,,,,,,,,,,,,,,,,,
,,,,,,,,,,,,,,,,,,,,,,,,,
,,,,,,,,,,,,,,,,,,,,,,,,,
,,,,,,,,,,,,,,,,,,,,,,,,,
,,,,,,,,,,,,,,,,,,,,,,,,,
,,,,,,,,,,,,,,,,,,,,,,,,,
,,,,,,,,,,,,,,,,,,,,,,,,,
,,,,,,,,,,,,,,,,,,,,,,,,,
,,,,,,,,,,,,,,,,,,,,,,,,,
,,,,,,,,,,,,,,,,,,,,,,,,,
,,,,,,,,,,,,,,,,,,,,,,,,,
,,,,,,,,,,,,,,,,,,,,,,,,,
,,,,,,,,,,,,,,,,,,,,,,,,,
,,,,,,,,,,,,,,,,,,,,,,,,,
,,,,,,,,,,,,,,,,,,,,,,,,,
,,,,,,,,,,,,,,,,,,,,,,,,,
,,,,,,,,,,,,,,,,,,,,,,,,,
,,,,,,,,,,,,,,,,,,,,,,,,,
,,,,,,,,,,,,,,,,,,,,,,,,,
,,,,,,,,,,,,,,,,,,,,,,,,,
,,,,,,,,,,,,,,,,,,,,,,,,,
,,,,,,,,,,,,,,,,,,,,,,,,,
,,,,,,,,,,,,,,,,,,,,,,,,,
,,,,,,,,,,,,,,,,,,,,,,,,,
,,,,,,,,,,,,,,,,,,,,,,,,,
,,,,,,,,,,,,,,,,,,,,,,,,,
,,,,,,,,,,,,,,,,,,,,,,,,,
,,,,,,,,,,,,,,,,,,,,,,,,,
,,,,,,,,,,,,,,,,,,,,,,,,,
,,,,,,,,,,,,,,,,,,,,,,,,,
,,,,,,,,,,,,,,,,,,,,,,,,,
,,,,,,,,,,,,,,,,,,,,,,,,,
,,,,,,,,,,,,,,,,,,,,,,,,,
,,,,,,,,,,,,,,,,,,,,,,,,,
,,,,,,,,,,,,,,,,,,,,,,,,,
,,,,,,,,,,,,,,,,,,,,,,,,,
,,,,,,,,,,,,,,,,,,,,,,,,,
,,,,,,,,,,,,,,,,,,,,,,,,,
,,,,,,,,,,,,,,,,,,,,,,,,,
,,,,,,,,,,,,,,,,,,,,,,,,,
,,,,,,,,,,,,,,,,,,,,,,,,,
,,,,,,,,,,,,,,,,,,,,,,,,,
,,,,,,,,,,,,,,,,,,,,,,,,,
,,,,,,,,,,,,,,,,,,,,,,,,,
,,,,,,,,,,,,,,,,,,,,,,,,,
,,,,,,,,,,,,,,,,,,,,,,,,,
,,,,,,,,,,,,,,,,,,,,,,,,,
,,,,,,,,,,,,,,,,,,,,,,,,,
,,,,,,,,,,,,,,,,,,,,,,,,,
,,,,,,,,,,,,,,,,,,,,,,,,,
,,,,,,,,,,,,,,,,,,,,,,,,,
,,,,,,,,,,,,,,,,,,,,,,,,,
,,,,,,,,,,,,,,,,,,,,,,,,,
,,,,,,,,,,,,,,,,,,,,,,,,,
,,,,,,,,,,,,,,,,,,,,,,,,,
,,,,,,,,,,,,,,,,,,,,,,,,,
,,,,,,,,,,,,,,,,,,,,,,,,,
,,,,,,,,,,,,,,,,,,,,,,,,,
