﻿Scopus refine results values

"Your query : ((TITLE-ABS-KEY((Boreal OR {James Bay} OR James-Bay OR {Clay Belt} OR {canadian shield}) AND (Canada OR Quebec OR Ontario OR newfoundland OR Alberta OR British-Columbia) ) AND PUBYEAR > 1999 AND PUBYEAR < 2020) AND (TITLE-ABS-KEY(weather OR   Season* OR meteo*) AND PUBYEAR > 1999 AND PUBYEAR < 2020) AND (TITLE-ABS-KEY(Water AND  (quality OR lake OR river OR stream)) AND PUBYEAR > 1999 AND PUBYEAR < 2020))"


Number of results : 195

"ACCESS TYPE",,"YEAR",,"AUTHOR NAME",,"SUBJECT AREA",,"DOCUMENT TYPE",,"PUBLICATION STAGE",,"SOURCE TITLE",,"KEYWORD",,"AFFILIATION",,"FUNDING SPONSOR",,"COUNTRY",,"SOURCE TYPE",,"LANGUAGE",
"Open Access","29","2019","9","Prepas, E.E.","7","Agricultural and Biological Sciences","73","Article","177","final","194","Hydrological Processes","12","Canada","144","Environment Canada","30","Natural Sciences and Engineering Research Council of Canada","41","Canada","177","Journals","182","English","193"
"Other","166","2018","13","Spence, C.","6","Biochemistry, Genetics and Molecular Biology","8","Conference Paper","9","aip","1","Science Of The Total Environment","12","Lakes","45","University of Alberta","25","Environment Canada","7","United States","32","Conference Proceedings","6","French","2"
,,"2017","12","Gibson, J.J.","5","Chemistry","4","Book Chapter","5",,,"Canadian Journal Of Fisheries And Aquatic Sciences","9","North America","45","Université du Québec à Montréal","17","National Science Foundation","7","United Kingdom","6","Books","5",,
,,"2016","12","Petrone, R.M.","5","Computer Science","2","Review","3",,,"Journal Of Hydrology","7","Boreal Forest","39","University of Manitoba","13","Fonds QuÃ©bÃ©cois de la Recherche sur la Nature et les Technologies","5","Germany","5","Trade Publications","1",,
,,"2015","11","Price, J.S.","5","Decision Sciences","1","Letter","1",,,"Global Change Biology","5","Climate Change","38","University of Montreal","10","Shell Canada","5","Finland","3","Book Series","1",,
,,"2014","10","Rousseau, A.N.","5","Earth and Planetary Sciences","75",,,,,"Journal Of Hydrometeorology","5","Article","34","University of Waterloo","10","Environment and Climate Change Canada","4","France","3",,,,
,,"2013","10","Del Giorgio, P.A.","4","Energy","1",,,,,"Plos One","5","Forestry","31","Trent University","10","Luonnontieteiden ja Tekniikan Tutkimuksen Toimikunta","4","Norway","3",,,,
,,"2012","12","Devito, K.J.","4","Engineering","5",,,,,"Global Biogeochemical Cycles","4","Lake","28","Ontario Ministry of the Environment","9","Campus Alberta Neuroscience","3","Sweden","3",,,,
,,"2011","10","Keller, W.","4","Environmental Science","111",,,,,"IAHS AISH Publication","4","Runoff","26","University of Ottawa, Canada","9","Canada Foundation for Innovation","3","Australia","2",,,,
,,"2010","11","Paterson, A.M.","4","Immunology and Microbiology","2",,,,,"Journal Of Geophysical Research Biogeosciences","4","Wetlands","25","Université Laval","9","Canada Research Chairs","3","China","2",,,,
,,"2009","16","Strack, M.","4","Medicine","1",,,,,"Applied Geochemistry","3","Hydrology","24","Fisheries and Oceans Canada","8","Canadian Forest Service","3","New Zealand","2",,,,
,,"2008","11","Watmough, S.A.","4","Multidisciplinary","7",,,,,"Biogeochemistry","3","Alberta","22","Wilfrid Laurier University","7","Fisheries and Oceans Canada","3","Spain","2",,,,
,,"2007","8","Barber, D.G.","3","Neuroscience","1",,,,,"Journal Of Paleolimnology","3","Seasonal Variation","22","Lakehead University","7","Suncor Energy Incorporated","3","Austria","1",,,,
,,"2006","7","Bergeron, Y.","3","Pharmacology, Toxicology and Pharmaceutics","2",,,,,"Limnology And Oceanography","3","Rivers","21","INRS- Centre Eau, Terre &amp; Environnement","7","University of Manitoba","3","Belgium","1",,,,
,,"2005","11","Derksen, C.","3","Social Sciences","2",,,,,"Remote Sensing","3","Catchments","19","McGill University","6","Global Institute for Water Security, University of Saskatchewan","2","Netherlands","1",,,,
,,"2004","7","Dillon, P.J.","3",,,,,,,"Water Resources Research","3","Dissolved Organic Carbon","19","Canadian Forest Service","6","Indigenous and Northern Affairs Canada","2","Russian Federation","1",,,,
,,"2003","6","Heneberry, J.","3",,,,,,,"Chemical Geology","2","Groundwater","19","Laurentian University","6","Institute for Wetland and Waterfowl Research, Ducks Unlimited Canada","2","Switzerland","1",,,,
,,"2002","3","Ingram, R.","3",,,,,,,"Ecohydrology","2","Environmental Monitoring","18","Carleton University","6","Manitoba Hydro","2",,,,,,
,,"2001","8","Lean, D.R.S.","3",,,,,,,"Ecological Engineering","2","Peatland","18","Hydro-Quebec","6","Ministry of Natural Resources","2",,,,,,
,,"2000","8","Quinton, W.L.","3",,,,,,,"Ecological Modelling","2","Snow","18","University of Victoria","5","National Aeronautics and Space Administration","2",,,,,,
,,,,"Smith, D.W.","3",,,,,,,"Ecoscience","2","Boreal Forests","17","Freshwater Institute, Fisheries and Oceans Canada","5","Natural Resources Canada","2",,,,,,
,,,,"Smol, J.P.","3",,,,,,,"Environmental Biology Of Fishes","2","Canadian Shield","17","Western University","5","Office of Science","2",,,,,,
,,,,"Straneo, F.","3",,,,,,,"Environmental Monitoring And Assessment","2","Concentration (composition)","17","University of Saskatchewan","5","Aaniiih Nakoda College","1",,,,,,
,,,,"Walker, A.","3",,,,,,,"Environmental Reviews","2","Lake Water","17","University of Toronto","5","Abbott Laboratories","1",,,,,,
,,,,"Yao, H.","3",,,,,,,"Environmental Science And Technology","2","Wetland","17","Alberta Research Council","5","Academy of Natural Sciences of Drexel University","1",,,,,,
,,,,"Baltzer, J.L.","2",,,,,,,"Forest Ecology And Management","2","Controlled Study","16","McMaster University","5","Advanced Scientific Computing Research","1",,,,,,
,,,,"Bernier, M.","2",,,,,,,"Freshwater Biology","2","Ontario","16","University of Calgary","4","Alberta Agriculture and Forestry","1",,,,,,
,,,,"Blais, J.M.","2",,,,,,,"Geochimica Et Cosmochimica Acta","2","Quebec [Canada]","16","Ontario Ministry of Natural Resources","4","Alberta Conservation Association","1",,,,,,
,,,,"Blanchfield, P.J.","2",,,,,,,"Hydrology And Earth System Sciences","2","Seasons","16","Queen's University, Kingston","4","Alberta Environment and Parks","1",,,,,,
,,,,"Burke, J.M.","2",,,,,,,"Journal Of Geophysical Research Oceans","2","Organic Carbon","14","Memorial University of Newfoundland","4","Alberta Innovates","1",,,,,,
,,,,"Bégin, Y.","2",,,,,,,"Journal Of Marine Systems","2","Priority Journal","14","Institut National de la Recherche Scientifique","4","Alberta Innovates - Technology Futures","1",,,,,,
,,,,"Carey, S.K.","2",,,,,,,"Lake And Reservoir Management","2","Stream Flow","14","Consortium Ouranos, Canada","4","Biogeoscience Institute, University of Calgary","1",,,,,,
,,,,"Chen, B.","2",,,,,,,"Microbial Ecology","2","Water Quality","14","Université du Québec à Rimouski","3","Bundesministerium fÃ¼r Bildung und Forschung","1",,,,,,
,,,,"Cossa, D.","2",,,,,,,"Palaeogeography Palaeoclimatology Palaeoecology","2","Boreal","13","University of Alaska Fairbanks","3","CRC Health Group","1",,,,,,
,,,,"Courchesne, F.","2",,,,,,,"Remote Sensing Of Environment","2","Carbon Dioxide","13","Woods Hole Oceanographic Institution","3","Canada Excellence Research Chairs, Government of Canada","1",,,,,,
,,,,"Couture, S.","2",,,,,,,"34th IAHR Congress 2011 Balance And Uncertainty Water In A Changing World Incorporating The 33rd Hydrology And Water Resources Symposium And The 10th Conference On Hydraulics In Water Engineering","1","James Bay","13","Geological Survey of Canada","3","Canadian Foundation for Climate and Atmospheric Sciences","1",,,,,,
,,,,"Creed, I.F.","2",,,,,,,"Ambio","1","Ontario [Canada]","13","Natural Resources Canada","3","Canadian Space Agency","1",,,,,,
,,,,"Cross, T.","2",,,,,,,"American Society Of Mining And Reclamation 24th National Meetings Of The American Society Of Mining And Reclamation 2007 30 Years Of Smcra And Beyond","1","Streamflow","13","University of Minnesota","3","China Scholarship Council","1",,,,,,
,,,,"Edwards, T.W.D.","2",,,,,,,"Archives Of Environmental Contamination And Toxicology","1","United States","13","York University","3","Cooper Foundation","1",,,,,,
,,,,"Finlay, K.","2",,,,,,,"Atmosphere Ocean","1","Water Chemistry","13","Ministère de l‘Energie et des Ressources naturelles du Québec","3","Department for Business, Energy and Industrial Strategy, UK Government","1",,,,,,
,,,,"Gagnon, C.","2",,,,,,,"Atmospheric Chemistry And Physics","1","Animals","12","Government of the Northwest Territories","3","Electric Power Research Institute","1",,,,,,
,,,,"Garneau, M.","2",,,,,,,"Basic And Applied Ecology","1","Catchment","12","McMaster University, Faculty of Science","3","Fonds de recherche du QuÃ©bec â Nature et technologies","1",,,,,,
,,,,"Gunn, J.","2",,,,,,,"Biogeosciences","1","Northwest Territories","12","Ontario Ministry of Environment and Climate Change","2","Foundation for Community Association Research","1",,,,,,
,,,,"Hartmann, H.","2",,,,,,,"Bridging The Gap Meeting The World S Water And Environmental Resources Challenges Proceedings Of The World Water And Environmental Resources Congress 2001","1","Season","12","Universite du Quebec en Abitibi-Temiscamingue","2","Global Water Futures","1",,,,,,
,,,,"Hausmann, S.","2",,,,,,,"Canadian Field Naturalist","1","Water Supply","12","Uppsala Universitet","2","Government of Canada","1",,,,,,
,,,,"Hesslein, R.H.","2",,,,,,,"Canadian Journal Of Earth Sciences","1","Watershed","12","University of Arkansas - Fayetteville","2","Hydro-QuÃ©bec","1",,,,,,
,,,,"Houle, D.","2",,,,,,,"Canadian Journal Of Forest Research","1","Watersheds","12","Ruhr-Universitat Bochum","2","Imperial Oil Limited","1",,,,,,
,,,,"Jing, L.","2",,,,,,,"Canadian Water Resources Journal","1","Air Temperature","11","Minnesota Department of Natural Resources","2","Institut National de SantÃ© Publique du QuÃ©bec","1",,,,,,
,,,,"Jutras, S.","2",,,,,,,"Chemosphere","1","Landforms","11","Slippery Rock University","2","Institute for Biodiversity, Ecosystem Science, and Sustainability","1",,,,,,
,,,,"Kimball, J.S.","2",,,,,,,"Climate Dynamics","1","Mercury (element)","11","The University of British Columbia","2","Janssen Research and Development","1",,,,,,
,,,,"Kuzyk, Z.Z.A.","2",,,,,,,"Cold Region Atmospheric And Hydrologic Studies The Mackenzie Gewex Experience","1","Soils","11","United States Geological Survey","2","Major Science and Technology Project of Hainan Province","1",,,,,,
,,,,"Leavitt, P.R.","2",,,,,,,"Continental Shelf Research","1","Tundra","11","Université de Sherbrooke","2","Memorial University of Newfoundland","1",,,,,,
,,,,"Leduc, J.","2",,,,,,,"Diversity","1","Carbon","10","University of Guelph","2","Ministry of Environment","1",,,,,,
,,,,"Lucotte, M.","2",,,,,,,"Earth And Planetary Science Letters","1","Climate","10","University of New Brunswick","2","Mitacs","1",,,,,,
,,,,"MacKay, M.D.","2",,,,,,,"Earth System Science Data","1","Evapotranspiration","10","IFREMER Institut Francais de Recherche pour l'Exploitation de la Mer","2","National Eye Research Centre","1",,,,,,
,,,,"Macrae, M.L.","2",,,,,,,"Ecosystems","1","Fresh Water","10","Agriculture et Agroalimentaire Canada","2","National Fish and Wildlife Foundation","1",,,,,,
,,,,"Mendoza, C.","2",,,,,,,"Ecotoxicology","1","Geochemistry","10","University of Montana","2","National Oceanic and Atmospheric Administration","1",,,,,,
,,,,"Nielsen, S.E.","2",,,,,,,"Encyclopedia Of Inland Waters","1","Hudson Bay","10","University of Lethbridge","2","National Research Council","1",,,,,,
,,,,"Nour, M.H.","2",,,,,,,"Environmental Earth Sciences","1","Ice Cover","10","Finnish Environment Institute","2","Ontario Innovation Trust","1",,,,,,
,,,,"Ogden, N.H.","2",,,,,,,"Environmental Microbiology","1","Lake Ecosystem","10","Agence de la santé publique du Canada","2","Ontario Ministry of Food and Agriculture","1",,,,,,
,,,,"Oswald, C.J.","2",,,,,,,"Environmental Science And Pollution Research","1","Mercury","10","University of Regina","2","Organization of American States","1",,,,,,
,,,,"Papenfuss, J.T.","2",,,,,,,"Forestry Chronicle","1","Nonhuman","10","Ryerson University","2","Parks Canada","1",,,,,,
,,,,"Pelletier, L.","2",,,,,,,"Global And Planetary Change","1","Regression Analysis","10","Northern Forestry Centre","2","Polar Knowledge Canada","1",,,,,,
,,,,"Pienitz, R.","2",,,,,,,"Houille Blanche","1","Remote Sensing","10","Institut international du développement durable","2","Public Health Agency of Canada","1",,,,,,
,,,,"Planas, D.","2",,,,,,,"Hydrobiologia","1","Snow Water Equivalent","10","Institut des sciences de la mer de Rimouski","2","Research and Development","1",,,,,,
,,,,"Prairie, Y.T.","2",,,,,,,"Hydrology Research","1","Vegetation","10","Woods Hole Research Center","2","Research and Development Corporation of Newfoundland and Labrador","1",,,,,,
,,,,"Rouse, W.R.","2",,,,,,,"IEEE Transactions On Geoscience And Remote Sensing","1","Water Analysis","10","501 University Crescent","1","Russian Foundation for Basic Research","1",,,,,,
,,,,"Running, S.W.","2",,,,,,,"International Geoscience And Remote Sensing Symposium IGARSS","1","Water Budget","10","Water Resources Division","1","Schweizerischer Nationalfonds zur FÃ¶rderung der Wissenschaftlichen Forschung","1",,,,,,
,,,,"Rühland, K.M.","2",,,,,,,"International Journal Of Climatology","1","Chemistry","9","Atmospheric Dynamics Corporation","1","Schweizerischer Nationalfonds zur Förderung der Wissenschaftlichen Forschung","1",,,,,,
,,,,"Simon, A.","2",,,,,,,"International Journal Of Environmental Research","1","Fen","9","Millar Western Forest Products Ltd.","1","Society of Economic Geologists Canada Foundation","1",,,,,,
,,,,"Simpson, G.L.","2",,,,,,,"International Journal Of Environmental Research And Public Health","1","Fish","9","USFS Northern Research Station","1","Suomen YmpÃ¤ristÃ¶keskus","1",,,,,,
,,,,"St-Hilaire, A.","2",,,,,,,"Intraplate Earthquakes","1","Hydrological Modeling","9","Deline Uranium Team","1","Taiwan Forestry Research Institute","1",,,,,,
,,,,"St-Laurent, P.","2",,,,,,,"Journal Of Environmental Engineering And Science","1","PH","9","Peace/Williston Fish and Wildlife Compensation Program","1","U.S. Department of Energy","1",,,,,,
,,,,"Tanentzap, A.J.","2",,,,,,,"Journal Of Environmental Informatics","1","Seasonality","9","Ontario Geological Survey","1","U.S. Geological Survey","1",,,,,,
,,,,"Tank, S.E.","2",,,,,,,"Journal Of Environmental Management","1","Water Pollutants, Chemical","9","LaSalle Consulting Group","1","University of Minnesota","1",,,,,,
,,,,"Tonn, W.M.","2",,,,,,,"Journal Of Geology","1","Climate Modeling","8","Ajeco Oy","1","University of Ottawa","1",,,,,,
,,,,"Veizer, J.","2",,,,,,,"Journal Of Great Lakes Research","1","Concentration (parameters)","8","Fincomm Airlines","1","University of Pittsburgh","1",,,,,,
,,,,"Venturelli, P.A.","2",,,,,,,"Journal Of Limnology","1","Ecosystem","8","Wilfred Laurier University","1","University of Regina","1",,,,,,
,,,,"Verseghy, D.","2",,,,,,,"Journal Of Mammalogy","1","Evaporation","8","Cultivation Base of State Key Laboratory of Humid Subtropical Mountain Ecology","1","University of Saskatchewan","1",,,,,,
,,,,"Vogt, R.J.","2",,,,,,,"Journal Of Plankton Research","1","Growing Season","8","Enmosys","1","University of Toronto","1",,,,,,
,,,,"Welch, C.","2",,,,,,,"Journal Of The Meteorological Society Of Japan","1","Manitoba","8","Forest Management Division","1","University of Virginia","1",,,,,,
,,,,"Xu, B.","2",,,,,,,"Limnology And Oceanography Methods","1","Meteorological Problems","8","Foothills Research Institute Grizzly Bear Program","1","UniversitÃ© du QuÃ©bec Ã  MontrÃ©al","1",,,,,,
,,,,"Yang, D.","2",,,,,,,"Mammalian Biology","1","Oil Sands","8","O'Kane Consultants Inc.","1","Western University","1",,,,,,
,,,,"Yi, Y.","2",,,,,,,"Management Of Mountain Watersheds","1","Permafrost","8","O'Kane Consultants Inc.","1","York University","1",,,,,,
,,,,"Abbott, M.B.","1",,,,,,,"Marine Chemistry","1","Phosphorus","8","Groupe de recherche interuniversitaire en limnologie et en environnement aquatique GRIL","1","Undefined","119",,,,,,
,,,,"Abrahams, M.V.","1",,,,,,,"Natural Hazards","1","Precipitation (climatology)","8","Water Security Agency of Saskatchewan","1",,,,,,,,
,,,,"Aherne, J.","1",,,,,,,"Natural Hazards And Earth System Sciences","1","River Discharge","8","TRoutreach Saskatchewan","1",,,,,,,,
,,,,"Ahsan, M.R.","1",,,,,,,"Nature","1","Sediments","8","NAIT Boreal Research Institute","1",,,,,,,,
,,,,"Alexander-Trusiak, A.C.","1",,,,,,,"Nature Geoscience","1","Surface Water","8","Center for Conservation and Sustainability","1",,,,,,,,
,,,,"Amiro, B.","1",,,,,,,"New Forests","1","Water","8","InnoTech Alberta","1",,,,,,,,
,,,,"Amos, H.M.","1",,,,,,,"Oecologia","1","Water Contamination","8","InnoTech Alberta","1",,,,,,,,
,,,,"Amyot, M.","1",,,,,,,"Peerj","1","World","8","Arctic Eider Society","1",,,,,,,,
,,,,"Andersen, R.","1",,,,,,,"Polar Geography","1","Arctic","7","Meteorologisches Observatorium Hohenpeißenberg des Deutschen Wetterdienst","1",,,,,,,,
,,,,"Anema, C.","1",,,,,,,"Proceedings Of The International Conference On Cold Regions Engineering","1","Atmospheric Deposition","7","Groundwater Research Group GRES - Groupe de Recherche sur l'Eau Souterraine-RIME","1",,,,,,,,
,,,,"Angers, D.A.","1",,,,,,,"Regulation Of Peace River A Case Study For River Management","1","Atmospheric Depositions","7","Villanova University","1",,,,,,,,
,,,,"Appleby, P.","1",,,,,,,"Renewable And Sustainable Energy Reviews","1","Climate Effect","7","Lapin Yliopisto","1",,,,,,,,
,,,,"Arnott, S.E.","1",,,,,,,"Revue Des Sciences De L Eau","1","Climatology","7","Universite de Liege","1",,,,,,,,
,,,,"Arseneault, D.","1",,,,,,,"Rhodora","1","Deposition","7","Le réseau de l'Université du Québec","1",,,,,,,,
,,,,"Ashtine, M.","1",,,,,,,"Scientific Reports","1","Ecosystems","7","The Ohio State University","1",,,,,,,,
,,,,"Augustin, F.","1",,,,,,,"Sea Technology","1","Forest","7","Manitoba Hydro","1",,,,,,,,
,,,,"Baird, D.J.","1",,,,,,,"Sedimentary Geology","1","Forests","7","University of Waikato","1",,,,,,,,
,,,,"Bardaji, R.","1",,,,,,,"Soil Biology And Biochemistry","1","Isotopes","7","Marine Hydrophysical Institute of RAS","1",,,,,,,,
,,,,"Barr, A.","1",,,,,,,"Soil Science Society Of America Journal","1","Lacustrine Deposit","7","Université de Genève","1",,,,,,,,
,,,,"Bastien, J.","1",,,,,,,"Transactions Of The American Fisheries Society","1","Mercury (metal)","7","Delft University of Technology","1",,,,,,,,
,,,,"Baulch, H.M.","1",,,,,,,"Tree Ring Research","1","Nutrients","7","Norges geologiske undersekelse","1",,,,,,,,
,,,,"Bayley, S.E.","1",,,,,,,"Trees Structure And Function","1","Oil Sand","7","University of California, Irvine","1",,,,,,,,
,,,,"Bayley, S.E.","1",,,,,,,"Water Science And Technology","1","Oxygen","7","Universitat Politècnica de Catalunya","1",,,,,,,,
,,,,"Beall, F.D.","1",,,,,,,,,"Precipitation (meteorology)","7","Old Dominion University","1",,,,,,,,
,,,,"Beaty, K.","1",,,,,,,,,"Snow Melting Systems","7","Environment Waikato","1",,,,,,,,
,,,,"Beauchamp, G.","1",,,,,,,,,"Snowmelt","7","Jet Propulsion Laboratory","1",,,,,,,,
,,,,"Beisner, B.E.","1",,,,,,,,,"Stable Isotope","7","Colorado State University","1",,,,,,,,
,,,,"Bekker, A.","1",,,,,,,,,"Summer","7","National Research Council Canada","1",,,,,,,,
,,,,"Bell, A.J.","1",,,,,,,,,"Temperature","7","University of Minnesota Duluth","1",,,,,,,,
,,,,"Bello, R.","1",,,,,,,,,"Temporal Variation","7","Universitat de Girona","1",,,,,,,,
,,,,"Berninger, F.","1",,,,,,,,,"Water Resources","7","National Oceanography Centre Southampton","1",,,,,,,,
,,,,"Best, M.","1",,,,,,,,,"Water Temperature","7","South Florida Water Management District","1",,,,,,,,
,,,,"Bhatt, U.S.","1",,,,,,,,,"Western Hemisphere","7","University of Northern British Columbia","1",,,,,,,,
,,,,"Bhavsar, S.P.","1",,,,,,,,,"Animal","6","Southern Cross University","1",,,,,,,,
,,,,"Biagi, K.M.","1",,,,,,,,,"Annual Variation","6","Centre Européen de Recherche et d'Enseignement des Géosciences de l'Environnement","1",,,,,,,,
,,,,"Bigras-Poulin, M.","1",,,,,,,,,"Arctic Ocean","6","Oulun Yliopisto","1",,,,,,,,
,,,,"Bird, M.","1",,,,,,,,,"Athabasca Oil Sands","6","University of British Columbia Okanagan","1",,,,,,,,
,,,,"Birks, J.H.B.","1",,,,,,,,,"Biogeochemistry","6","The University of Texas at Austin","1",,,,,,,,
,,,,"Birks, S.J.","1",,,,,,,,,"Budget Control","6","Oregon State University","1",,,,,,,,
,,,,"Bogard, M.J.","1",,,,,,,,,"Canadian Arctic","6","Institute of Ocean Sciences, Fisheries and Oceans Canada","1",,,,,,,,
,,,,"Bolton, W.R.","1",,,,,,,,,"Carbon Cycle","6","University of Pittsburgh","1",,,,,,,,
,,,,"Bonsai, B.R.","1",,,,,,,,,"Climate Models","6","Dalhousie University","1",,,,,,,,
,,,,"Bonsal, B.","1",,,,,,,,,"Drought","6","Royal British Columbia Museum","1",,,,,,,,
,,,,"Boreux, J.J.","1",,,,,,,,,"Ecology","6","University of Montana Missoula","1",,,,,,,,
,,,,"Borrego, C.M.","1",,,,,,,,,"Forested Catchment","6","University of Winnipeg","1",,,,,,,,
,,,,"Bouffard, A.","1",,,,,,,,,"Ice","6","Helmholtz Zentrum für Umweltforschung","1",,,,,,,,
,,,,"Boutin, S.","1",,,,,,,,,"Isotopic Composition","6","Athabasca University","1",,,,,,,,
,,,,"Bouvier, L.D.","1",,,,,,,,,"Lake Pollution","6","Fujian Normal University","1",,,,,,,,
,,,,"Branfireun, B.A.","1",,,,,,,,,"Mathematical Models","6","College of Earth, Ocean and Environment","1",,,,,,,,
,,,,"Brauneder, K.","1",,,,,,,,,"Metabolism","6","Polytechnique Montréal","1",,,,,,,,
,,,,"Brock, B.E.","1",,,,,,,,,"Methane","6","Western Fisheries Research Center","1",,,,,,,,
,,,,"Bromley, C.K.","1",,,,,,,,,"Peat","6","University of Liverpool","1",,,,,,,,
,,,,"Brown, K.J.","1",,,,,,,,,"Peatlands","6","North China Electric Power University","1",,,,,,,,
,,,,"Brown, R.","1",,,,,,,,,"Plants","6","Université du Québec à Chicoutimi","1",,,,,,,,
,,,,"Brown, S.M.","1",,,,,,,,,"Quebec","6","University of Virginia","1",,,,,,,,
,,,,"Burd, K.","1",,,,,,,,,"Rain","6","UCL","1",,,,,,,,
,,,,"Burton, T.M.","1",,,,,,,,,"Reclamation","6","University of Connecticut","1",,,,,,,,
,,,,"Bussières, N.","1",,,,,,,,,"River","6","University of Delaware","1",,,,,,,,
,,,,"Butterfield, D.","1",,,,,,,,,"River Water","6","Alfred-Wegener-Institut Helmholtz-Zentrum für Polar- und Meeresforschung","1",,,,,,,,
,,,,"Bégin, C.","1",,,,,,,,,"Salmonidae","6","Carnegie Institution of Washington","1",,,,,,,,
,,,,"Bélanger, D.","1",,,,,,,,,"Soil","6","University of Southampton","1",,,,,,,,
,,,,"Camire, M.","1",,,,,,,,,"Soil Moisture","6","The Natural History Museum, London","1",,,,,,,,
,,,,"Campbell, I.D.","1",,,,,,,,,"Spatial Variation","6","Bangor University","1",,,,,,,,
,,,,"Carignan, R.","1",,,,,,,,,"Subarctic Region","6","CSIRO Land and Water","1",,,,,,,,
,,,,"Carrer, G.","1",,,,,,,,,"Taiga","6","Norsk institutt for vannforskning","1",,,,,,,,
,,,,"Casson, N.J.","1",,,,,,,,,"Uncertainty Analysis","6","Northwest Atlantic Fisheries Centre, Fisheries and Oceans Canada","1",,,,,,,,
,,,,"Catling, P.M.","1",,,,,,,,,"Water Balance","6","University of Oxford","1",,,,,,,,
,,,,"Cavaliere, E.","1",,,,,,,,,"Water Management","6","Sveriges lantbruksuniversitet","1",,,,,,,,
,,,,"Caya, D.","1",,,,,,,,,"Water Movements","6","Karlsruhe Institute of Technology, Campus North","1",,,,,,,,
,,,,"Chambers, P.A.","1",,,,,,,,,"Water Pollutant","6","Conseil de recherches en sciences naturelles et en génie du Canada","1",,,,,,,,
,,,,"Chasmer, L.","1",,,,,,,,,"Water Sampling","6","National Oceanic and Atmospheric Administration","1",,,,,,,,
,,,,"Chasmer, L.E.","1",,,,,,,,,"Winter","6","Ball State University","1",,,,,,,,
,,,,"Chen, H.Y.H.","1",,,,,,,,,"Arctic Regions","5","Nipissing University","1",,,,,,,,
,,,,"Chen, X.","1",,,,,,,,,"Atmospheric Chemistry","5","The University of North Carolina Wilmington","1",,,,,,,,
,,,,"Cho, S.","1",,,,,,,,,"Boreal Shield","5","Southern Illinois University at Carbondale","1",,,,,,,,
,,,,"Chokmani, K.","1",,,,,,,,,"Calibration","5","Universitetet i Bergen","1",,,,,,,,
