﻿Scopus refine results values

"Your query : ((TITLE-ABS-KEY((Boreal OR {James Bay} OR James-Bay OR {Clay Belt} OR {canadian shield}) AND (Canada OR Quebec OR Ontario OR newfoundland OR Alberta OR British-Columbia) ) AND PUBYEAR > 1999 AND PUBYEAR < 2020) AND (TITLE-ABS-KEY(Species AND (Distribution OR Extinct* OR Invasi*  OR Transition Or exotic)) AND PUBYEAR > 1999 AND PUBYEAR < 2020) AND (TITLE-ABS-KEY((species AND diversity) OR biodiversity)))"


Number of results : 186

"ACCESS TYPE",,"YEAR",,"AUTHOR NAME",,"SUBJECT AREA",,"DOCUMENT TYPE",,"PUBLICATION STAGE",,"SOURCE TITLE",,"KEYWORD",,"AFFILIATION",,"FUNDING SPONSOR",,"COUNTRY",,"SOURCE TYPE",,"LANGUAGE",
"Open Access","49","2019","10","Bergeron, Y.","13","Agricultural and Biological Sciences","157","Article","165","final","186","Forest Ecology And Management","19","Canada","133","University of Alberta","37","Natural Sciences and Engineering Research Council of Canada","41","Canada","164","Journals","184","English","184"
"Other","137","2018","20","Spence, J.R.","7","Arts and Humanities","2","Review","11",,,"Canadian Journal Of Forest Research","13","Biodiversity","88","Canadian Forest Service","25","Fonds QuÃ©bÃ©cois de la Recherche sur la Nature et les Technologies","5","United States","32","Books","1","French","3"
,,"2017","14","Nielsen, S.E.","5","Biochemistry, Genetics and Molecular Biology","20","Conference Paper","9",,,"Plos One","11","Boreal Forest","66","Université Laval","18","Fonds de recherche du QuÃ©bec â Nature et technologies","5","France","8","Conference Proceedings","1",,
,,"2016","10","De Grandpré, L.","4","Chemistry","1","Book Chapter","1",,,"Forestry Chronicle","7","North America","55","Université du Québec à Montréal","17","Alberta Conservation Association","3","Germany","5",,,,
,,"2015","12","Drapeau, P.","4","Computer Science","2",,,,,"Ecological Applications","6","Species Diversity","54","Environment Canada","12","Alberta Ingenuity","3","Australia","4",,,,
,,"2014","15","Haeussler, S.","4","Decision Sciences","1",,,,,"Journal Of Biogeography","6","Forestry","52","Universite du Quebec en Abitibi-Temiscamingue","12","Environment and Climate Change Canada","3","Finland","4",,,,
,,"2013","12","Schmiegelow, F.K.A.","4","Earth and Planetary Sciences","6",,,,,"Canadian Field Naturalist","5","Article","27","Natural Resources Canada","12","National Science Foundation","3","Norway","3",,,,
,,"2012","8","Alarie, Y.","3","Environmental Science","101",,,,,"Canadian Journal Of Botany","5","Species Richness","27","Ontario Ministry of Natural Resources","11","Parks Canada","3","United Kingdom","3",,,,
,,"2011","8","Arnott, S.E.","3","Immunology and Microbiology","3",,,,,"Ecoscience","5","Alberta","23","University of Toronto","11","Alberta Agriculture and Forestry","2","Denmark","2",,,,
,,"2010","6","Bayne, E.M.","3","Materials Science","1",,,,,"Avian Conservation And Ecology","4","Animals","23","McGill University","10","Alberta Biodiversity Monitoring Institute","2","Mexico","2",,,,
,,"2009","6","Buddle, C.M.","3","Mathematics","1",,,,,"Biodiversity And Conservation","3","Forest Management","23","The University of British Columbia","10","Alberta Innovates","2","Poland","2",,,,
,,"2008","7","Chen, H.Y.H.","3","Medicine","1",,,,,"Ecology","3","Animal","20","Northern Forestry Centre","10","Canada Foundation for Innovation","2","Russian Federation","2",,,,
,,"2007","9","Coops, N.C.","3","Multidisciplinary","12",,,,,"Ecosphere","3","Quebec [Canada]","20","University of Guelph","8","Canadian Forest Service","2","Spain","2",,,,
,,"2006","9","Gauthier, S.","3","Pharmacology, Toxicology and Pharmaceutics","1",,,,,"Environmental Reviews","3","Abundance","18","University of Manitoba","7","Government of Alberta","2","Argentina","1",,,,
,,"2005","12","He, F.","3","Physics and Astronomy","1",,,,,"Molecular Ecology","3","Ecology","18","University of Montreal","6","Natural Resources Canada","2","China","1",,,,
,,"2004","10","Langor, D.W.","3","Social Sciences","3",,,,,"Silva Fennica","3","Ecosystems","18","Memorial University of Newfoundland","6","Ontario Ministry of Natural Resources and Forestry","2","Italy","1",,,,
,,"2003","6","Tremblay, F.","3","Veterinary","1",,,,,"Zookeys","3","Climate Change","17","Trent University","6","University of Alberta","2","Japan","1",,,,
,,"2002","6","Wiersma, Y.F.","3",,,,,,,"BMC Ecology","2","Disturbance","17","Laurentian University","5","W. Garfield Weston Foundation","2","Kenya","1",,,,
,,"2001","3","Wulder, M.A.","3",,,,,,,"Biological Invasions","2","Picea Mariana","17","Queen's University, Kingston","5","Academy of Finland","1","Portugal","1",,,,
,,"2000","3","Adamowicz, S.J.","2",,,,,,,"Botany","2","Forests","16","Ontario Forest Research Institute","5","Alexander von Humboldt-Stiftung","1","South Africa","1",,,,
,,,,"Bater, C.W.","2",,,,,,,"Canadian Entomologist","2","Population Distribution","16","Lakehead University","5","Association pour la Recherche sur les Tumeurs de la Prostate","1","Sweden","1",,,,
,,,,"Bayley, S.E.","2",,,,,,,"Canadian Journal Of Earth Sciences","2","Aves","15","Le réseau de l'Université du Québec","4","Australian Research Council","1","Switzerland","1",,,,
,,,,"Bayne, E.","2",,,,,,,"Canadian Journal Of Fisheries And Aquatic Sciences","2","Coniferous Tree","15","Great Lakes Forestry Centre","4","Canadian Natural Resources Limited","1","Venezuela","1",,,,
,,,,"Bell, A.J.","2",,,,,,,"Conservation Biology","2","Genetics","15","Helsingin Yliopisto","4","Concordia University","1","Undefined","1",,,,
,,,,"Bell, F.W.","2",,,,,,,"Diversity And Distributions","2","Nonhuman","15","University of Victoria","4","Deutscher Akademischer Austauschdienst","1",,,,,,
,,,,"Boutin, S.","2",,,,,,,"Ecography","2","Trees","15","Museé canadien de la nature","4","Employment and Social Development Canada","1",,,,,,
,,,,"Cahill, J.F.","2",,,,,,,"Ecology And Evolution","2","Abies","14","CNRS Centre National de la Recherche Scientifique","4","Entomological Society of Canada","1",,,,,,
,,,,"Cameron, E.K.","2",,,,,,,"Forests","2","Abies Balsamea","14","University of Alaska Fairbanks","4","Environment Canada","1",,,,,,
,,,,"Cumming, S.G.","2",,,,,,,"Global Ecology And Biogeography","2","Community Composition","14","Pacific Forestry Centre","4","Faculty of Veterinary Medicine, University of Calgary","1",,,,,,
,,,,"Dacosta, J.","2",,,,,,,"Landscape Ecology","2","Ecosystem","14","University of Calgary","3","George Cedric Metcalf Charitable Foundation","1",,,,,,
,,,,"Drever, C.R.","2",,,,,,,"Lichenologist","2","British Columbia","13","USDA Forest Service","3","Government of Canada","1",,,,,,
,,,,"Fenton, N.J.","2",,,,,,,"Northeastern Naturalist","2","Picea","13","Alberta Agriculture and Rural Development","3","Gwich'in Renewable Resources Board","1",,,,,,
,,,,"Fortin, M.J.","2",,,,,,,"Polar Biology","2","Plant Community","13","Western University","3","Janssen Research and Development","1",,,,,,
,,,,"Hamann, A.","2",,,,,,,"Zootaxa","2","Spatial Distribution","13","University of Northern British Columbia","3","Lung Association, Alberta and NWT","1",,,,,,
,,,,"Hebert, P.D.N.","2",,,,,,,"Acarologia","1","Tracheophyta","13","University of Saskatchewan","3","Luonnontieteiden ja Tekniikan Tutkimuksen Toimikunta","1",,,,,,
,,,,"Hermanutz, L.","2",,,,,,,"Applied Vegetation Science","1","Boreal Forests","12","Ministère de l‘Energie et des Ressources naturelles du Québec","3","Manitoba Hydro","1",,,,,,
,,,,"Hunt, S.","2",,,,,,,"BMC Evolutionary Biology","1","Classification","12","Centre d'Ecologie Fonctionnelle et Evolutive","3","Marie Curie","1",,,,,,
,,,,"Iken, K.","2",,,,,,,"Biological Conservation","1","Coleoptera","12","Water Security Agency of Saskatchewan","2","McGill University","1",,,,,,
,,,,"Imbeau, L.","2",,,,,,,"Biological Journal Of The Linnean Society","1","Harvesting","12","TRoutreach Saskatchewan","2","Ministry of Environment","1",,,,,,
,,,,"Jobidon, R.","2",,,,,,,"Ecological Indicators","1","Picea Glauca","12","Université du Québec à Rimouski","2","MinistÃ¨re de l'Ãconomie, de lâInnovation et des Exportations du QuÃ©bec","1",,,,,,
,,,,"Klütsch, C.F.C.","2",,,,,,,"Ecological Informatics","1","Stand Structure","12","Freshwater Institute, Fisheries and Oceans Canada","2","Mitacs","1",,,,,,
,,,,"Kranabetter, J.M.","2",,,,,,,"Ecological Modelling","1","Tree","12","US Fish &amp; Wildlife Service","2","National Aeronautics and Space Administration","1",,,,,,
,,,,"Langor, D.","2",,,,,,,"Ecology And Society","1","Vegetation","12","Universite Paul-Valery Montpellier III","2","National Fish and Wildlife Foundation","1",,,,,,
,,,,"Latutrie, M.","2",,,,,,,"Ecology Letters","1","Biological Invasion","11","Ontario Ministry of the Environment","2","National Research Council Canada","1",,,,,,
,,,,"Lavoie, C.","2",,,,,,,"Ecosystems","1","Community Structure","11","Plymouth Marine Laboratory","2","Nature Conservancy of Canada","1",,,,,,
,,,,"Lecomte, N.","2",,,,,,,"Evolution","1","Coniferophyta","11","United States Geological Survey","2","Networks of Centres of Excellence of Canada","1",,,,,,
,,,,"Leduc, A.","2",,,,,,,"Florida Entomologist","1","Coniferous Forest","11","Université de Sherbrooke","2","Nipissing University","1",,,,,,
,,,,"Lee, S.I.","2",,,,,,,"Forestry","1","Conservation","11","University of Waterloo","2","Norges ForskningsrÃ¥d","1",,,,,,
,,,,"Legendre, P.","2",,,,,,,"Freshwater Biology","1","Environmental Disturbance","11","Dalhousie University","2","Northern Ontario Heritage Fund Corporation","1",,,,,,
,,,,"Lieffers, V.J.","2",,,,,,,"Global And Planetary Change","1","Plants (botany)","11","Nature Conservancy","2","Plymouth State University","1",,,,,,
,,,,"Macdonald, S.E.","2",,,,,,,"Holocene","1","Quebec","11","Murdoch University","2","Social Sciences and Humanities Research Council of Canada","1",,,,,,
,,,,"Magnan, P.","2",,,,,,,"Human Ecology","1","Succession","11","Agriculture et Agroalimentaire Canada","2","Tembec","1",,,,,,
,,,,"Malcolm, J.R.","2",,,,,,,"International Geoscience And Remote Sensing Symposium IGARSS","1","Understory","11","Texas Tech University","2","University of Alaska Fairbanks","1",,,,,,
,,,,"Mallik, A.U.","2",,,,,,,"International Journal Of Medicinal Mushrooms","1","United States","11","United States Environmental Protection Agency","2","University of British Columbia","1",,,,,,
,,,,"Manseau, M.","2",,,,,,,"Israel Journal Of Plant Sciences","1","Genetic Variation","10","Université du Québec à Trois-Rivières","2","University of Georgia","1",,,,,,
,,,,"Mayor, S.J.","2",,,,,,,"Journal Of Bryology","1","Mammalia","10","University of Central Florida","2","University of Manitoba","1",,,,,,
,,,,"Morin, X.","2",,,,,,,"Journal Of Environmental Management","1","Phylogeny","10","École Pratique des Hautes Etudes","2","University of New Brunswick","1",,,,,,
,,,,"Murray, D.L.","2",,,,,,,"Journal Of Environmental Radioactivity","1","Vascular Plant","10","University of Ottawa, Canada","2","University of Saskatchewan","1",,,,,,
,,,,"Newmaster, S.G.","2",,,,,,,"Journal Of Forestry Research","1","Arctic","9","University of Regina","2","University of Victoria","1",,,,,,
,,,,"Payette, S.","2",,,,,,,"Journal Of Limnology","1","Biogeography","9","Bedford Institute of Oceanography, Fisheries and Oceans Canada","2","Utah State University","1",,,,,,
,,,,"Phillips, I.D.","2",,,,,,,"Journal Of The North American Benthological Society","1","Fire","9","Saint Petersburg State University","2","Wildlife Conservation Society","1",,,,,,
,,,,"Pinzon, J.","2",,,,,,,"Journal Of Vegetation Science","1","Geography","9","Concordia University","2","Xunta de Galicia","1",,,,,,
,,,,"Ramsfield, T.","2",,,,,,,"Mammalian Biology","1","Phylogeography","9","University of Idaho","2","Undefined","121",,,,,,
,,,,"Sharma, M.","2",,,,,,,"Marine Biodiversity","1","Physiology","9","McGill University, Macdonald Campus","2",,,,,,,,
,,,,"Sólymos, P.","2",,,,,,,"Marine Ecology Progress Series","1","Taxonomy","9","Ministry of Forests and Range","2",,,,,,,,
,,,,"Taylor, A.R.","2",,,,,,,"Microbial Ecology","1","Animalia","8","Université de Montpellier","2",,,,,,,,
,,,,"Thiffault, N.","2",,,,,,,"Molecular Phylogenetics And Evolution","1","Beetle","8","Institute for Bird Populations","1",,,,,,,,
,,,,"Thompson, I.D.","2",,,,,,,"Mycorrhiza","1","Bird","8","Ministère des Forêts de la Faune et des Parcs du Québec","1",,,,,,,,
,,,,"Tompalski, P.","2",,,,,,,"Natural Areas Journal","1","Conservation Planning","8","Treeline Ecological Research","1",,,,,,,,
,,,,"Tremblay, J.A.","2",,,,,,,"Nature Communications","1","Demography","8","Klamath Center for Conservation Research","1",,,,,,,,
,,,,"Turgeon, J.","2",,,,,,,"Northern Journal Of Applied Forestry","1","Environmental Factor","8","Forest Management Branch","1",,,,,,,,
,,,,"Wheeler, T.A.","2",,,,,,,"Occasional Paper Of The Canadian Wildlife Service","1","Environmental Protection","8","St. Lawrence College","1",,,,,,,,
,,,,"Aakala, T.","1",,,,,,,"Oecologia","1","Forest","8","Skeena Forestry Consultants","1",,,,,,,,
,,,,"Abele, S.E.","1",,,,,,,"Parasites And Vectors","1","Genetic Variability","8","Gwaii Haanas National Park Reserve","1",,,,,,,,
,,,,"Adams, A.M.","1",,,,,,,"Phytocoenologia","1","Ontario","8","Yukon Department of Environment","1",,,,,,,,
,,,,"Adey, W.H.","1",,,,,,,"Restoration Ecology","1","Ontario [Canada]","8","Timberline Forest Inventory Consultants","1",,,,,,,,
,,,,"Aggarwal, A.","1",,,,,,,"Revue Des Sciences De L Eau","1","Population Dynamics","8","Nova Scotia Museum","1",,,,,,,,
,,,,"Aitken, S.N.","1",,,,,,,"Rhodora","1","Taiga","8","Canadian National Collection of Insects","1",,,,,,,,
,,,,"Alvarez, A.","1",,,,,,,"Scientific Reports","1","Birds","7","Insectarium de Montréal","1",,,,,,,,
,,,,"Anand, M.","1",,,,,,,"Seabirds And Songbirds Habitat Preferences Conservation And Migratory Behavior","1","Boreal","7","Policy Research Initiative Human Resources and Social Development Canada","1",,,,,,,,
,,,,"Andrew, F.","1",,,,,,,"Soil Biology And Biochemistry","1","Bryophyta","7","Université J. Fourier","1",,,,,,,,
,,,,"Andrew, L.","1",,,,,,,"Weed Science","1","Climate","7","Centre d'enseignement et de recherche en foresterie CERFO","1",,,,,,,,
,,,,"Andrew, M.E.","1",,,,,,,"Wetlands","1","Comparative Study","7","NSERC Northern Research Chair","1",,,,,,,,
,,,,"April, J.","1",,,,,,,"Wildfowl","1","Conservation Management","7","Ducks Unlimited","1",,,,,,,,
,,,,"Arrowsmith, J.","1",,,,,,,,,"Controlled Study","7","445 Boul. de l'Université","1",,,,,,,,
,,,,"Arsenault, A.","1",,,,,,,,,"DNA Sequence","7","Yukon Research Centre","1",,,,,,,,
,,,,"Asnong, H.","1",,,,,,,,,"Deciduous Tree","7","Isabella Point Forestry Ltd.","1",,,,,,,,
,,,,"Aubin, I.","1",,,,,,,,,"Geographical Distribution","7","DAST","1",,,,,,,,
,,,,"Bailey, S.W.","1",,,,,,,,,"Habitat Conservation","7","Pacific Institute for Climate Solutions","1",,,,,,,,
,,,,"Baker, E.","1",,,,,,,,,"Human","7","Hakai Institute","1",,,,,,,,
,,,,"Baker, J.A.","1",,,,,,,,,"Mitochondrial DNA","7","Central Valley Joint Venture","1",,,,,,,,
,,,,"Baldwin, D.J.B.","1",,,,,,,,,"Mixed Forest","7","Winous Point Marsh Conservancy","1",,,,,,,,
,,,,"Baldwin, K.A.","1",,,,,,,,,"Old-growth Forest","7","Research Division","1",,,,,,,,
,,,,"Barker, N.K.S.","1",,,,,,,,,"Plants","7","Délınę Land Corporation","1",,,,,,,,
,,,,"Barkley, E.P.","1",,,,,,,,,"Populus Tremuloides","7","TerraFauna Wildlife Consulting, Inc.","1",,,,,,,,
,,,,"Barrette, M.","1",,,,,,,,,"Regression Analysis","7","Owl Moon Environmental Inc.","1",,,,,,,,
,,,,"Barthlott, W.","1",,,,,,,,,"Sequence Analysis, DNA","7","Délınę Ɂehdzo Got’ınę","1",,,,,,,,
,,,,"Bayha, W.","1",,,,,,,,,"Silviculture","7","Ɂehdzo Got’ınę Gots’ę́ Nákedı","1",,,,,,,,
,,,,"Beaulieu, J.","1",,,,,,,,,"Soils","7","ALCES Group","1",,,,,,,,
,,,,"Beazley, L.","1",,,,,,,,,"Sphagnum","7","Ross University","1",,,,,,,,
,,,,"Beckmen, K.B.","1",,,,,,,,,"Betula Papyrifera","6","University of Cape Town","1",,,,,,,,
,,,,"Bedford, L.","1",,,,,,,,,"Biological Model","6","Westfälische Wilhelms-Universität Münster","1",,,,,,,,
,,,,"Bellocq, M.I.","1",,,,,,,,,"Bryophytes","6","USDA ARS Beltsville Agricultural Research Center","1",,,,,,,,
,,,,"Benedetti-Cecchi, L.","1",,,,,,,,,"Carabidae","6","University of Illinois at Urbana-Champaign","1",,,,,,,,
,,,,"Benscoter, B.W.","1",,,,,,,,,"Chronosequence","6","Montana Department of Fish, Wildlife and Parks","1",,,,,,,,
,,,,"Bergeron, J.A.C.","1",,,,,,,,,"Crustacea","6","Universidad de Buenos Aires","1",,,,,,,,
,,,,"Bergman, C.","1",,,,,,,,,"Deer","6","Royal Alberta Museum","1",,,,,,,,
,,,,"Bernatchez, L.","1",,,,,,,,,"Forest Ecosystem","6","Centre Tecnológic Forestal de Catalunya","1",,,,,,,,
,,,,"Bernatchez, P.","1",,,,,,,,,"Habitat Fragmentation","6","Royal Ontario Museum","1",,,,,,,,
,,,,"Bernier-Cardou, M.","1",,,,,,,,,"Invertebrata","6","Consejo Nacional de Investigaciones Científicas y Técnicas","1",,,,,,,,
,,,,"Berry, J.A.","1",,,,,,,,,"Lake Ecosystem","6","Idaho State University","1",,,,,,,,
,,,,"Biswas, S.R.","1",,,,,,,,,"Landscape","6","Université Toulouse - Jean Jaurès","1",,,,,,,,
,,,,"Blagoev, G.A.","1",,,,,,,,,"Logging (timber)","6","Beijing Forestry University","1",,,,,,,,
,,,,"Blanchet, S.","1",,,,,,,,,"Manitoba","6","University of California, Irvine","1",,,,,,,,
,,,,"Blaney, C.S.","1",,,,,,,,,"Molecular Genetics","6","Illinois Natural History Survey","1",,,,,,,,
,,,,"Boag, P.T.","1",,,,,,,,,"Molecular Sequence Data","6","Universität Bonn","1",,,,,,,,
,,,,"Borrego, C.M.","1",,,,,,,,,"Regeneration","6","Smithsonian National Museum of Natural History","1",,,,,,,,
,,,,"Bouchard, A.","1",,,,,,,,,"Remote Sensing","6","University of Maine","1",,,,,,,,
,,,,"Bouchard, M.","1",,,,,,,,,"Sampling","6","Suffolk University","1",,,,,,,,
,,,,"Boucher, D.","1",,,,,,,,,"Species Difference","6","Eidgenössische Forschungsanstalt fur Wald, Schnee Und Landschaft Eth-Bereichs","1",,,,,,,,
,,,,"Boudreau, S.","1",,,,,,,,,"Species Distribution","6","Universitat de Girona","1",,,,,,,,
,,,,"Boulanger, Y.","1",,,,,,,,,"Species Occurrence","6","Washington University in St. Louis","1",,,,,,,,
,,,,"Bourgeois-Roy, A.","1",,,,,,,,,"Species Specificity","6","Universitetet i Oslo","1",,,,,,,,
,,,,"Bousquet, J.","1",,,,,,,,,"Anthropogenic Effect","5","Alaska Department of Game and Fisheries","1",,,,,,,,
,,,,"Bousquet, Y.","1",,,,,,,,,"Clearcutting","5","Fisheries and Oceans Canada","1",,,,,,,,
,,,,"Bowden, J.J.","1",,,,,,,,,"Conservation Status","5","Kyoto University","1",,,,,,,,
,,,,"Boychuk, D.","1",,,,,,,,,"DNA","5","Institute of Oceanology of the Polish Academy of Sciences","1",,,,,,,,
,,,,"Boyle, E.E.","1",,,,,,,,,"Dominance","5","University of British Columbia Okanagan","1",,,,,,,,
,,,,"Bradfield, G.","1",,,,,,,,,"Ecological Impact","5","The University of Texas at Austin","1",,,,,,,,
,,,,"Bradley, R.","1",,,,,,,,,"Ecosystem Management","5","Oregon State University","1",,,,,,,,
,,,,"Bradley, R.L.","1",,,,,,,,,"Ecosystem Resilience","5","South Dakota State University","1",,,,,,,,
,,,,"Brais, S.","1",,,,,,,,,"Edge Effect","5","Smithsonian Institution","1",,,,,,,,
,,,,"Brandt, J.P.","1",,,,,,,,,"Environmental Impact","5","Royal Roads University","1",,,,,,,,
,,,,"Breen, A.L.","1",,,,,,,,,"Fires","5","Plymouth State University","1",,,,,,,,
,,,,"Brice, M.H.","1",,,,,,,,,"Functional Group","5","University of Kansas, Lawrence","1",,,,,,,,
,,,,"Brind'Amour, A.","1",,,,,,,,,"Fungi","5","Marine Biological Association","1",,,,,,,,
,,,,"Brodo, I.M.","1",,,,,,,,,"Genetic Structure","5","Université de Picardie Jules Verne","1",,,,,,,,
,,,,"Brouard, J.S.","1",,,,,,,,,"Growth, Development And Aging","5","University of Wroclaw","1",,,,,,,,
,,,,"Brouillet, L.","1",,,,,,,,,"Humans","5","University of New Brunswick","1",,,,,,,,
,,,,"Burton, A.C.","1",,,,,,,,,"Invasive Species","5","Alberta Research Council","1",,,,,,,,
,,,,"Bélanger, L.","1",,,,,,,,,"Landscape Ecology","5","University of Winnipeg","1",,,,,,,,
,,,,"Bérubé, J.A.","1",,,,,,,,,"Mammal","5","Carleton University","1",,,,,,,,
,,,,"Bérubé, V.","1",,,,,,,,,"Mammals","5","Florida Atlantic University","1",,,,,,,,
,,,,"Cadieux, P.","1",,,,,,,,,"Newfoundland","5","Geological Survey of Canada","1",,,,,,,,
,,,,"Calvert, A.M.","1",,,,,,,,,"Nucleotide Sequence","5","Washington State University Pullman","1",,,,,,,,
,,,,"Camfield, A.F.","1",,,,,,,,,"Peatland","5","Helmholtz Zentrum für Umweltforschung","1",,,,,,,,
,,,,"Campbell, B.D.","1",,,,,,,,,"Pinus Banksiana","5","College of Earth, Ocean and Environment","1",,,,,,,,
,,,,"Campbell, C.","1",,,,,,,,,"Population Density","5","IFREMER Institut Francais de Recherche pour l'Exploitation de la Mer","1",,,,,,,,
,,,,"Campbell, I.D.","1",,,,,,,,,"Populus","5","Université du Québec en Outaouais","1",,,,,,,,
,,,,"Caners, R.T.","1",,,,,,,,,"Postglacial","5","University of Montana College of Forestry and Conservation","1",,,,,,,,
,,,,"Cardille, J.A.","1",,,,,,,,,"Protected Area","5","Russian Academy of Sciences","1",,,,,,,,
,,,,"Carignan, R.","1",,,,,,,,,"Range Expansion","5","Centre College Kentucky","1",,,,,,,,
,,,,"Carlson, M.","1",,,,,,,,,"Rangifer Tarandus","5","Universität Potsdam","1",,,,,,,,
,,,,"Carrera, E.","1",,,,,,,,,"Reforestation","5","Université du Québec à Chicoutimi","1",,,,,,,,
,,,,"Carroll, C.","1",,,,,,,,,"Refugium","5","National Zoo","1",,,,,,,,
,,,,"Cathcart, R.J.","1",,,,,,,,,"Seed","5","Finnish Museum of Natural History","1",,,,,,,,
,,,,"Cazelles, K.","1",,,,,,,,,"Songbird","5","University of Montana","1",,,,,,,,
,,,,"Chandler, J.R.","1",,,,,,,,,"Species Composition","5","CREAF - Centre de Recerca Ecològica i Aplicacions Forestals","1",,,,,,,,
,,,,"Chandler, R.B.","1",,,,,,,,,"Stand Dynamics","5","University of New Orleans","1",,,,,,,,
,,,,"Charest, R.","1",,,,,,,,,"Temperate Forest","5","USDA ARS Rocky Mountain Research Station","1",,,,,,,,
