﻿Scopus refine results values

"Your query : ((TITLE-ABS-KEY((Boreal OR {James Bay} OR James-Bay OR {Clay Belt} OR {canadian shield}) AND (Canada OR Quebec OR Ontario OR newfoundland OR Alberta OR British-Columbia) ) AND PUBYEAR > 1999 AND PUBYEAR < 2020) AND (TITLE-ABS-KEY(weather OR   Season* OR meteo*) AND PUBYEAR > 1999 AND PUBYEAR < 2020) AND (TITLE-ABS-KEY(geese OR goose) AND PUBYEAR > 1999 AND PUBYEAR < 2020))"


Number of results : 11

"ACCESS TYPE",,"YEAR",,"AUTHOR NAME",,"SUBJECT AREA",,"DOCUMENT TYPE",,"PUBLICATION STAGE",,"SOURCE TITLE",,"KEYWORD",,"AFFILIATION",,"FUNDING SPONSOR",,"COUNTRY",,"SOURCE TYPE",,"LANGUAGE",
"Open Access","1","2013","1","Dumas, P.","2","Agricultural and Biological Sciences","8","Article","11","final","11","Journal Of Wildlife Management","2","Anser","9","Environment Canada","2","Government of Canada","2","Canada","7","Journals","11","English","10"
"Other","10","2012","1","LeBlanc, A.","2","Environmental Science","7",,,,,"Science Of The Total Environment","2","Branta Canadensis","8","Cornell University","2","Health Canada","2","United States","3",,,"Dutch","1"
,,"2011","1","Martin, E.S.","2",,,,,,,"Canadian Field Naturalist","1","Canada","8","Ontario Ministry of Natural Resources","2","Undefined","9","Netherlands","1",,,,
,,"2008","1","Martin, I.D.","2",,,,,,,"Canadian Journal Of Botany","1","Aves","7","University of Waterloo","2",,,,,,,,
,,"2007","3","Sheaffer, S.E.","2",,,,,,,"Ecoscience","1","Waterfowl","7","University of Toronto","2",,,,,,,,
,,"2006","1","Tsuji, L.J.S.","2",,,,,,,"Environmental Monitoring And Assessment","1","North America","6","Institut National de Sante Publique Du Québec","2",,,,,,,,
,,"2005","1","Abraham, K.F.","1",,,,,,,"Journal Of Fish And Wildlife Management","1","Anas","4","U.S. Fish and Wildlife Service","1",,,,,,,,
,,"2003","2","Alisauskas, R.T.","1",,,,,,,"Limosa","1","Chen","4","Lorax Environmental","1",,,,,,,,
,,,,"Ankney, C.D.","1",,,,,,,"Mammalian Biology","1","Anatidae","3","Livingston Ripley Waterfowl Conservancy","1",,,,,,,,
,,,,"Boele, A.","1",,,,,,,,,"Animals","3","Pennsylvania Game Commission","1",,,,,,,,
,,,,"Bowers, E.F.","1",,,,,,,,,"Anser Sp.","3","SOVON Vogelonderzoek","1",,,,,,,,
,,,,"Bromley, C.K.","1",,,,,,,,,"Article","3","Patuxent Wildlife Research Center","1",,,,,,,,
,,,,"Dunn, J.","1",,,,,,,,,"Bioaccumulation","3","US Fish &amp; Wildlife Service","1",,,,,,,,
,,,,"Elliott, J.E.","1",,,,,,,,,"Birds","3","The University of British Columbia","1",,,,,,,,
,,,,"Harris, M.L.","1",,,,,,,,,"Canada Goose","3","Western University","1",,,,,,,,
,,,,"Hill, M.R.J.","1",,,,,,,,,"Environmental Monitoring","3","United States Geological Survey","1",,,,,,,,
,,,,"Hood, G.A.","1",,,,,,,,,"Gamebird","3","New York State Department of Environmental Conservation","1",,,,,,,,
,,,,"Hustings, F.","1",,,,,,,,,"James Bay","3","University of Alberta","1",,,,,,,,
,,,,"Jefferies, R.L.","1",,,,,,,,,"Male","3","Michigan State University","1",,,,,,,,
,,,,"Kendall, W.L.","1",,,,,,,,,"Nonhuman","3","Ducks Unlimited Canada","1",,,,,,,,
,,,,"Klimstra, J.D.","1",,,,,,,,,"Tissue","3","Centraal Bureau voor de Statistiek","1",,,,,,,,
,,,,"Koffijberg, K.","1",,,,,,,,,"Akimiski Island","2",,,,,,,,,,
,,,,"Kotanen, P.M.","1",,,,,,,,,"Anas Acuta","2",,,,,,,,,,
,,,,"Leafloor, J.O.","1",,,,,,,,,"Anas Platyrhynchos","2",,,,,,,,,,
,,,,"Malecki, R.A.","1",,,,,,,,,"Anseriformes","2",,,,,,,,,,
,,,,"Milakovic, B.","1",,,,,,,,,"Branta Canadensis Interior","2",,,,,,,,,,
,,,,"O, P.C.","1",,,,,,,,,"Breeding Season","2",,,,,,,,,,
,,,,"Padding, P.I.","1",,,,,,,,,"Canada Geese","2",,,,,,,,,,
,,,,"Plate, C.","1",,,,,,,,,"Chen Caerulescens Caerulescens","2",,,,,,,,,,
,,,,"Scribner, K.","1",,,,,,,,,"Coastal Zones","2",,,,,,,,,,
,,,,"Swift, B.L.","1",,,,,,,,,"Concentration (composition)","2",,,,,,,,,,
,,,,"Trudeau, S.F.","1",,,,,,,,,"Controlled Study","2",,,,,,,,,,
,,,,"Van Bruggen, J.","1",,,,,,,,,"Ducks And Geese","2",,,,,,,,,,
,,,,"Van Dijk, A.","1",,,,,,,,,"Environmental Pollutants","2",,,,,,,,,,
,,,,"Vergeer, J.W.","1",,,,,,,,,"Female","2",,,,,,,,,,
,,,,"Wilson, L.K.","1",,,,,,,,,"First Nations","2",,,,,,,,,,
,,,,,,,,,,,,,,"Food Intake","2",,,,,,,,,,
,,,,,,,,,,,,,,"Game Bird","2",,,,,,,,,,
,,,,,,,,,,,,,,"Habitat Availability","2",,,,,,,,,,
,,,,,,,,,,,,,,"Habitat Quality","2",,,,,,,,,,
,,,,,,,,,,,,,,"Harvesting","2",,,,,,,,,,
,,,,,,,,,,,,,,"Herbivory","2",,,,,,,,,,
,,,,,,,,,,,,,,"Hexachlorobenzene","2",,,,,,,,,,
,,,,,,,,,,,,,,"Hudson Bay","2",,,,,,,,,,
,,,,,,,,,,,,,,"Hydrocarbons, Chlorinated","2",,,,,,,,,,
,,,,,,,,,,,,,,"Lesser Snow Goose","2",,,,,,,,,,
,,,,,,,,,,,,,,"Limosa","2",,,,,,,,,,
,,,,,,,,,,,,,,"Muscle","2",,,,,,,,,,
,,,,,,,,,,,,,,"Muscle, Skeletal","2",,,,,,,,,,
,,,,,,,,,,,,,,"Nunavut","2",,,,,,,,,,
,,,,,,,,,,,,,,"Ontario","2",,,,,,,,,,
,,,,,,,,,,,,,,"Organochlorine","2",,,,,,,,,,
,,,,,,,,,,,,,,"Organochlorine Derivative","2",,,,,,,,,,
,,,,,,,,,,,,,,"Organochlorines","2",,,,,,,,,,
,,,,,,,,,,,,,,"Priority Journal","2",,,,,,,,,,
,,,,,,,,,,,,,,"Seasons","2",,,,,,,,,,
,,,,,,,,,,,,,,"Spring (season)","2",,,,,,,,,,
,,,,,,,,,,,,,,"Spring-harvested Game Birds","2",,,,,,,,,,
,,,,,,,,,,,,,,"Survival","2",,,,,,,,,,
,,,,,,,,,,,,,,"Temperate-nesting","2",,,,,,,,,,
,,,,,,,,,,,,,,"1,1 Dichloro 2,2 Bis(4 Chlorophenyl)ethylene","1",,,,,,,,,,
,,,,,,,,,,,,,,"Abdominal Fat","1",,,,,,,,,,
,,,,,,,,,,,,,,"Aegolius Funereus","1",,,,,,,,,,
,,,,,,,,,,,,,,"Aerial Survey","1",,,,,,,,,,
,,,,,,,,,,,,,,"Agriculture","1",,,,,,,,,,
,,,,,,,,,,,,,,"Alcedo Atthis","1",,,,,,,,,,
,,,,,,,,,,,,,,"Analysis Of Variance","1",,,,,,,,,,
,,,,,,,,,,,,,,"Animal Tissue","1",,,,,,,,,,
,,,,,,,,,,,,,,"Anser Caerulescens","1",,,,,,,,,,
,,,,,,,,,,,,,,"Apoidea","1",,,,,,,,,,
,,,,,,,,,,,,,,"Araneae","1",,,,,,,,,,
,,,,,,,,,,,,,,"Ardea Alba","1",,,,,,,,,,
,,,,,,,,,,,,,,"Ardea Cinerea","1",,,,,,,,,,
,,,,,,,,,,,,,,"Aroclor 1260","1",,,,,,,,,,
,,,,,,,,,,,,,,"Asio Flammeus","1",,,,,,,,,,
,,,,,,,,,,,,,,"Atlantic Flyway","1",,,,,,,,,,
,,,,,,,,,,,,,,"Atthis","1",,,,,,,,,,
,,,,,,,,,,,,,,"Avifauna","1",,,,,,,,,,
,,,,,,,,,,,,,,"Aythya Nyroca","1",,,,,,,,,,
,,,,,,,,,,,,,,"Band Recovery","1",,,,,,,,,,
,,,,,,,,,,,,,,"Beaver","1",,,,,,,,,,
,,,,,,,,,,,,,,"Beetle","1",,,,,,,,,,
,,,,,,,,,,,,,,"Beta Hexachlorocyclohexane","1",,,,,,,,,,
,,,,,,,,,,,,,,"Biodiversity","1",,,,,,,,,,
,,,,,,,,,,,,,,"Biological Organs","1",,,,,,,,,,
,,,,,,,,,,,,,,"Biological Uptake","1",,,,,,,,,,
,,,,,,,,,,,,,,"Biomarkers","1",,,,,,,,,,
,,,,,,,,,,,,,,"Biomass","1",,,,,,,,,,
,,,,,,,,,,,,,,"Body Burden","1",,,,,,,,,,
,,,,,,,,,,,,,,"Body Condition","1",,,,,,,,,,
,,,,,,,,,,,,,,"Body Size","1",,,,,,,,,,
,,,,,,,,,,,,,,"Boreal Forest","1",,,,,,,,,,
,,,,,,,,,,,,,,"Branta","1",,,,,,,,,,
,,,,,,,,,,,,,,"Branta Leucopsis","1",,,,,,,,,,
,,,,,,,,,,,,,,"Breast Portion","1",,,,,,,,,,
,,,,,,,,,,,,,,"Breeding","1",,,,,,,,,,
,,,,,,,,,,,,,,"Breeding Population","1",,,,,,,,,,
,,,,,,,,,,,,,,"British Columbia","1",,,,,,,,,,
,,,,,,,,,,,,,,"Cadmium","1",,,,,,,,,,
,,,,,,,,,,,,,,"Carabidae","1",,,,,,,,,,
,,,,,,,,,,,,,,"Carpodacus Erythrinus","1",,,,,,,,,,
,,,,,,,,,,,,,,"Casmerodius Albus","1",,,,,,,,,,
,,,,,,,,,,,,,,"Castor Canadensis","1",,,,,,,,,,
,,,,,,,,,,,,,,"Castoridae","1",,,,,,,,,,
,,,,,,,,,,,,,,"Census","1",,,,,,,,,,
,,,,,,,,,,,,,,"Cettia Cetti","1",,,,,,,,,,
,,,,,,,,,,,,,,"Charadrius Alexandrinus","1",,,,,,,,,,
,,,,,,,,,,,,,,"Chen Caerulescens","1",,,,,,,,,,
,,,,,,,,,,,,,,"Chlorphenotane","1",,,,,,,,,,
,,,,,,,,,,,,,,"Ciconia","1",,,,,,,,,,
,,,,,,,,,,,,,,"Ciconia Ciconia","1",,,,,,,,,,
,,,,,,,,,,,,,,"Circus Cyaneus","1",,,,,,,,,,
,,,,,,,,,,,,,,"Circus Pygargus","1",,,,,,,,,,
,,,,,,,,,,,,,,"Coastal Marshes","1",,,,,,,,,,
,,,,,,,,,,,,,,"Coastal Zone","1",,,,,,,,,,
,,,,,,,,,,,,,,"Coleoptera","1",,,,,,,,,,
,,,,,,,,,,,,,,"Colonial Breeding","1",,,,,,,,,,
,,,,,,,,,,,,,,"Community Structure","1",,,,,,,,,,
,,,,,,,,,,,,,,"Concentration (process)","1",,,,,,,,,,
,,,,,,,,,,,,,,"Contaminants","1",,,,,,,,,,
,,,,,,,,,,,,,,"Contamination","1",,,,,,,,,,
,,,,,,,,,,,,,,"Cygnus Cygnus","1",,,,,,,,,,
,,,,,,,,,,,,,,"DDT","1",,,,,,,,,,
,,,,,,,,,,,,,,"Defoliation","1",,,,,,,,,,
,,,,,,,,,,,,,,"Degradation","1",,,,,,,,,,
,,,,,,,,,,,,,,"Demographic Trend","1",,,,,,,,,,
,,,,,,,,,,,,,,"Dendrocopos Medius","1",,,,,,,,,,
,,,,,,,,,,,,,,"Derivation","1",,,,,,,,,,
,,,,,,,,,,,,,,"Detection Method","1",,,,,,,,,,
,,,,,,,,,,,,,,"Dietary Reference Intake","1",,,,,,,,,,
,,,,,,,,,,,,,,"Distribution","1",,,,,,,,,,
,,,,,,,,,,,,,,"Disturbance","1",,,,,,,,,,
,,,,,,,,,,,,,,"Duck","1",,,,,,,,,,
,,,,,,,,,,,,,,"EROD","1",,,,,,,,,,
,,,,,,,,,,,,,,"Egretta Garzetta","1",,,,,,,,,,
,,,,,,,,,,,,,,"Emberiza Calandra","1",,,,,,,,,,
,,,,,,,,,,,,,,"Environmental Response","1",,,,,,,,,,
,,,,,,,,,,,,,,"Facilitation","1",,,,,,,,,,
,,,,,,,,,,,,,,"Faunistics","1",,,,,,,,,,
,,,,,,,,,,,,,,"Female Behavior","1",,,,,,,,,,
,,,,,,,,,,,,,,"Festuca Rubra","1",,,,,,,,,,
,,,,,,,,,,,,,,"Fieldwork","1",,,,,,,,,,
,,,,,,,,,,,,,,"Fish","1",,,,,,,,,,
,,,,,,,,,,,,,,"Food Contamination","1",,,,,,,,,,
,,,,,,,,,,,,,,"Foraging Behavior","1",,,,,,,,,,
,,,,,,,,,,,,,,"Foraging Locations","1",,,,,,,,,,
,,,,,,,,,,,,,,"Galerida Cristata","1",,,,,,,,,,
,,,,,,,,,,,,,,"Goose","1",,,,,,,,,,
,,,,,,,,,,,,,,"Gosling","1",,,,,,,,,,
,,,,,,,,,,,,,,"Grasses","1",,,,,,,,,,
,,,,,,,,,,,,,,"Grazing","1",,,,,,,,,,
,,,,,,,,,,,,,,"Growing Season","1",,,,,,,,,,
,,,,,,,,,,,,,,"Growth","1",,,,,,,,,,
,,,,,,,,,,,,,,"Growth Kinetics","1",,,,,,,,,,
,,,,,,,,,,,,,,"Growth Rate","1",,,,,,,,,,
,,,,,,,,,,,,,,"Grubbing","1",,,,,,,,,,
,,,,,,,,,,,,,,"Grus Grus","1",,,,,,,,,,
,,,,,,,,,,,,,,"Habitat Degradation","1",,,,,,,,,,
,,,,,,,,,,,,,,"Habitat Management","1",,,,,,,,,,
,,,,,,,,,,,,,,"Habitat Structure","1",,,,,,,,,,
