﻿Scopus refine results values

"Your query : ((TITLE-ABS-KEY((Boreal OR {James Bay} OR James-Bay OR {Clay Belt} OR {canadian shield}) AND (Canada OR Quebec OR Ontario OR newfoundland OR Alberta OR British-Columbia) ) AND PUBYEAR > 1999 AND PUBYEAR < 2020) AND (TITLE-ABS-KEY(Contamination OR Contaminant OR Pollut* OR  {acid rain} OR {nitrogen deposition} ) AND PUBYEAR > 1999 AND PUBYEAR < 2020) AND (TITLE-ABS-KEY(Truck OR Train OR (Noise  AND Disturbance)) AND PUBYEAR > 1999 AND PUBYEAR < 2020))"


Number of results : 3

"ACCESS TYPE",,"YEAR",,"AUTHOR NAME",,"SUBJECT AREA",,"DOCUMENT TYPE",,"PUBLICATION STAGE",,"SOURCE TITLE",,"KEYWORD",,"AFFILIATION",,"FUNDING SPONSOR",,"COUNTRY",,"SOURCE TYPE",,"LANGUAGE",
"Open Access","1","2019","1","Blais, J.M.","1","Agricultural and Biological Sciences","1","Article","3","final","3","Atmospheric Chemistry And Physics","1","Canada","3","NASA Langley Research Center","1","Natural Sciences and Engineering Research Council of Canada","2","Canada","2","Journals","3","English","3"
"Other","2","2016","1","Clarke, A.D.","1","Earth and Planetary Sciences","1",,,,,"Behavioral Ecology","1","Boreal Forest","2","Pennsylvania State University","1","Environment and Climate Change Canada","1","United States","1",,,,
,,"2010","1","Crawford, J.H.","1","Environmental Science","1",,,,,"Science Of The Total Environment","1","Chemical Composition","2","NASA Ames Research Center","1","Memorial University of Newfoundland","1",,,,,,
,,,,"Dibb, J.E.","1",,,,,,,,,"Aerosol","1","Harvard University","1","Undefined","1",,,,,,
,,,,"Eickmeyer, D.C.","1",,,,,,,,,"Air Pollutant","1","University of Alaska Fairbanks","1",,,,,,,,
,,,,"Emmons, L.K.","1",,,,,,,,,"Air Pollutants","1","University of Hawaii at Manoa","1",,,,,,,,
,,,,"Ethier, J.P.","1",,,,,,,,,"Airborne Survey","1","National Aeronautics and Space Administration","1",,,,,,,,
,,,,"Ferrare, R.A.","1",,,,,,,,,"Alaska","1","Memorial University of Newfoundland","1",,,,,,,,
,,,,"Fisher, J.A.","1",,,,,,,,,"Analysis","1","National Center for Atmospheric Research","1",,,,,,,,
,,,,"Hennigar, B.","1",,,,,,,,,"Animalia","1","Air Resources Board","1",,,,,,,,
,,,,"Hostetler, C.A.","1",,,,,,,,,"Anthropogenic Effect","1","University of New Hampshire Durham","1",,,,,,,,
,,,,"Jacob, D.J.","1",,,,,,,,,"Anthropogenic Light","1","University of Ottawa, Canada","1",,,,,,,,
,,,,"Kimpe, L.E.","1",,,,,,,,,"Anthropogenic Noise","1","Government of the Northwest Territories","1",,,,,,,,
,,,,"Korosi, J.B.","1",,,,,,,,,"Aquatic Ecosystems","1",,,,,,,,,,
,,,,"Maring, H.","1",,,,,,,,,"Aquatic Environment","1",,,,,,,,,,
,,,,"McCauley, E.","1",,,,,,,,,"Arctic","1",,,,,,,,,,
,,,,"Palmer, M.J.","1",,,,,,,,,"Arctic Environment","1",,,,,,,,,,
,,,,"Pederson, J.R.","1",,,,,,,,,"Arctic Vehicles","1",,,,,,,,,,
,,,,"Russell, P.B.","1",,,,,,,,,"Aromatic Compounds","1",,,,,,,,,,
,,,,"Shaw, G.E.","1",,,,,,,,,"Article","1",,,,,,,,,,
,,,,"Singh, H.B.","1",,,,,,,,,"Atmospheric Chemistry","1",,,,,,,,,,
,,,,"Thienpont, J.R.","1",,,,,,,,,"Atmospheric Pollution","1",,,,,,,,,,
,,,,"Thompson, A.M.","1",,,,,,,,,"Aves","1",,,,,,,,,,
,,,,"Wilson, D.R.","1",,,,,,,,,"Bird","1",,,,,,,,,,
,,,,,,,,,,,,,,"Birdsong","1",,,,,,,,,,
,,,,,,,,,,,,,,"Boreal Forests","1",,,,,,,,,,
,,,,,,,,,,,,,,"Boundary Layer","1",,,,,,,,,,
,,,,,,,,,,,,,,"Breeding Season","1",,,,,,,,,,
,,,,,,,,,,,,,,"Bromine","1",,,,,,,,,,
,,,,,,,,,,,,,,"Combustion","1",,,,,,,,,,
,,,,,,,,,,,,,,"Commercial Vehicles","1",,,,,,,,,,
,,,,,,,,,,,,,,"Controlled Study","1",,,,,,,,,,
,,,,,,,,,,,,,,"Deforestation","1",,,,,,,,,,
,,,,,,,,,,,,,,"Dendroica Coronata","1",,,,,,,,,,
,,,,,,,,,,,,,,"Diesel","1",,,,,,,,,,
,,,,,,,,,,,,,,"Diesel Emission","1",,,,,,,,,,
,,,,,,,,,,,,,,"Diesel Emissions","1",,,,,,,,,,
,,,,,,,,,,,,,,"Diesel Fuel","1",,,,,,,,,,
,,,,,,,,,,,,,,"Disturbance","1",,,,,,,,,,
,,,,,,,,,,,,,,"Emission","1",,,,,,,,,,
,,,,,,,,,,,,,,"Environmental Monitoring","1",,,,,,,,,,
,,,,,,,,,,,,,,"Exhaust Gas","1",,,,,,,,,,
,,,,,,,,,,,,,,"Fire","1",,,,,,,,,,
,,,,,,,,,,,,,,"Fires","1",,,,,,,,,,
,,,,,,,,,,,,,,"Forest Fire","1",,,,,,,,,,
,,,,,,,,,,,,,,"Forestry","1",,,,,,,,,,
,,,,,,,,,,,,,,"Human Impact (environment)","1",,,,,,,,,,
,,,,,,,,,,,,,,"Junco Hyemalis","1",,,,,,,,,,
,,,,,,,,,,,,,,"Labrador","1",,,,,,,,,,
,,,,,,,,,,,,,,"Lake Pollution","1",,,,,,,,,,
,,,,,,,,,,,,,,"Lake Water","1",,,,,,,,,,
,,,,,,,,,,,,,,"Lakes","1",,,,,,,,,,
,,,,,,,,,,,,,,"Light Pollution","1",,,,,,,,,,
,,,,,,,,,,,,,,"Metal","1",,,,,,,,,,
,,,,,,,,,,,,,,"Microphone Array","1",,,,,,,,,,
,,,,,,,,,,,,,,"Newfoundland And Labrador","1",,,,,,,,,,
,,,,,,,,,,,,,,"Noise Pollution","1",,,,,,,,,,
,,,,,,,,,,,,,,"Northwest Territories","1",,,,,,,,,,
,,,,,,,,,,,,,,"Nunavut","1",,,,,,,,,,
,,,,,,,,,,,,,,"Ozone","1",,,,,,,,,,
,,,,,,,,,,,,,,"PAH","1",,,,,,,,,,
,,,,,,,,,,,,,,"Passeriformes","1",,,,,,,,,,
,,,,,,,,,,,,,,"Passerine","1",,,,,,,,,,
,,,,,,,,,,,,,,"Polycyclic Aromatic Compound","1",,,,,,,,,,
,,,,,,,,,,,,,,"Polycyclic Aromatic Compounds","1",,,,,,,,,,
,,,,,,,,,,,,,,"Polycyclic Aromatic Hydrocarbon","1",,,,,,,,,,
,,,,,,,,,,,,,,"Polycyclic Aromatic Hydrocarbons","1",,,,,,,,,,
,,,,,,,,,,,,,,"Priority Journal","1",,,,,,,,,,
,,,,,,,,,,,,,,"Regulus Calendula","1",,,,,,,,,,
,,,,,,,,,,,,,,"Roads And Streets","1",,,,,,,,,,
,,,,,,,,,,,,,,"Satellite Data","1",,,,,,,,,,
,,,,,,,,,,,,,,"Satellite Mission","1",,,,,,,,,,
,,,,,,,,,,,,,,"Sediment","1",,,,,,,,,,
,,,,,,,,,,,,,,"Sediments","1",,,,,,,,,,
,,,,,,,,,,,,,,"Snow","1",,,,,,,,,,
,,,,,,,,,,,,,,"Spatial Cognition","1",,,,,,,,,,
,,,,,,,,,,,,,,"Spatial Ecology","1",,,,,,,,,,
,,,,,,,,,,,,,,"Subarctic Region","1",,,,,,,,,,
,,,,,,,,,,,,,,"Taiga","1",,,,,,,,,,
,,,,,,,,,,,,,,"Transportation","1",,,,,,,,,,
,,,,,,,,,,,,,,"Troposphere","1",,,,,,,,,,
,,,,,,,,,,,,,,"Trucks","1",,,,,,,,,,
,,,,,,,,,,,,,,"Tundra","1",,,,,,,,,,
,,,,,,,,,,,,,,"United States","1",,,,,,,,,,
,,,,,,,,,,,,,,"Urban Pollution","1",,,,,,,,,,
,,,,,,,,,,,,,,"Vehicle Emissions","1",,,,,,,,,,
,,,,,,,,,,,,,,"Vocalization","1",,,,,,,,,,
,,,,,,,,,,,,,,"Water Analysis","1",,,,,,,,,,
,,,,,,,,,,,,,,"Water Contamination","1",,,,,,,,,,
,,,,,,,,,,,,,,"Water Pollutant","1",,,,,,,,,,
,,,,,,,,,,,,,,"Water Pollution","1",,,,,,,,,,
,,,,,,,,,,,,,,"Water Quality","1",,,,,,,,,,
,,,,,,,,,,,,,,"Wildfire","1",,,,,,,,,,
,,,,,,,,,,,,,,"Yellowknife","1",,,,,,,,,,
,,,,,,,,,,,,,,"Zonotrichia Albicollis","1",,,,,,,,,,
,,,,,,,,,,,,,,,,,,,,,,,,,
,,,,,,,,,,,,,,,,,,,,,,,,,
,,,,,,,,,,,,,,,,,,,,,,,,,
,,,,,,,,,,,,,,,,,,,,,,,,,
,,,,,,,,,,,,,,,,,,,,,,,,,
,,,,,,,,,,,,,,,,,,,,,,,,,
,,,,,,,,,,,,,,,,,,,,,,,,,
,,,,,,,,,,,,,,,,,,,,,,,,,
,,,,,,,,,,,,,,,,,,,,,,,,,
,,,,,,,,,,,,,,,,,,,,,,,,,
,,,,,,,,,,,,,,,,,,,,,,,,,
,,,,,,,,,,,,,,,,,,,,,,,,,
,,,,,,,,,,,,,,,,,,,,,,,,,
,,,,,,,,,,,,,,,,,,,,,,,,,
,,,,,,,,,,,,,,,,,,,,,,,,,
,,,,,,,,,,,,,,,,,,,,,,,,,
,,,,,,,,,,,,,,,,,,,,,,,,,
,,,,,,,,,,,,,,,,,,,,,,,,,
,,,,,,,,,,,,,,,,,,,,,,,,,
,,,,,,,,,,,,,,,,,,,,,,,,,
,,,,,,,,,,,,,,,,,,,,,,,,,
,,,,,,,,,,,,,,,,,,,,,,,,,
,,,,,,,,,,,,,,,,,,,,,,,,,
,,,,,,,,,,,,,,,,,,,,,,,,,
,,,,,,,,,,,,,,,,,,,,,,,,,
,,,,,,,,,,,,,,,,,,,,,,,,,
,,,,,,,,,,,,,,,,,,,,,,,,,
,,,,,,,,,,,,,,,,,,,,,,,,,
,,,,,,,,,,,,,,,,,,,,,,,,,
,,,,,,,,,,,,,,,,,,,,,,,,,
,,,,,,,,,,,,,,,,,,,,,,,,,
,,,,,,,,,,,,,,,,,,,,,,,,,
,,,,,,,,,,,,,,,,,,,,,,,,,
,,,,,,,,,,,,,,,,,,,,,,,,,
,,,,,,,,,,,,,,,,,,,,,,,,,
,,,,,,,,,,,,,,,,,,,,,,,,,
,,,,,,,,,,,,,,,,,,,,,,,,,
,,,,,,,,,,,,,,,,,,,,,,,,,
,,,,,,,,,,,,,,,,,,,,,,,,,
,,,,,,,,,,,,,,,,,,,,,,,,,
,,,,,,,,,,,,,,,,,,,,,,,,,
,,,,,,,,,,,,,,,,,,,,,,,,,
,,,,,,,,,,,,,,,,,,,,,,,,,
,,,,,,,,,,,,,,,,,,,,,,,,,
,,,,,,,,,,,,,,,,,,,,,,,,,
,,,,,,,,,,,,,,,,,,,,,,,,,
,,,,,,,,,,,,,,,,,,,,,,,,,
,,,,,,,,,,,,,,,,,,,,,,,,,
,,,,,,,,,,,,,,,,,,,,,,,,,
,,,,,,,,,,,,,,,,,,,,,,,,,
,,,,,,,,,,,,,,,,,,,,,,,,,
,,,,,,,,,,,,,,,,,,,,,,,,,
,,,,,,,,,,,,,,,,,,,,,,,,,
,,,,,,,,,,,,,,,,,,,,,,,,,
,,,,,,,,,,,,,,,,,,,,,,,,,
,,,,,,,,,,,,,,,,,,,,,,,,,
,,,,,,,,,,,,,,,,,,,,,,,,,
,,,,,,,,,,,,,,,,,,,,,,,,,
,,,,,,,,,,,,,,,,,,,,,,,,,
,,,,,,,,,,,,,,,,,,,,,,,,,
,,,,,,,,,,,,,,,,,,,,,,,,,
,,,,,,,,,,,,,,,,,,,,,,,,,
,,,,,,,,,,,,,,,,,,,,,,,,,
,,,,,,,,,,,,,,,,,,,,,,,,,
,,,,,,,,,,,,,,,,,,,,,,,,,
