﻿Scopus refine results values

"Your query : ((TITLE-ABS-KEY((Boreal OR {James Bay} OR James-Bay OR {Clay Belt} OR {canadian shield}) AND Quebec) AND PUBYEAR > 1999 AND PUBYEAR < 2020) AND (TITLE-ABS-KEY(Harvest* OR Logging OR Cut OR Clear-cut  OR Clearcut OR {Clear Cut}) AND PUBYEAR > 1999 AND PUBYEAR < 2020) AND (TITLE-ABS-KEY( soil  OR  ground  OR  {woody debris}  OR  microtopography  OR  micro-topography  AND NOT  {sediment core}  OR  {breeding ground}  OR  {spawning ground} ) AND PUBYEAR > 1999 AND PUBYEAR < 2020))"


Number of results : 83

"ACCESS TYPE",,"YEAR",,"AUTHOR NAME",,"SUBJECT AREA",,"DOCUMENT TYPE",,"PUBLICATION STAGE",,"SOURCE TITLE",,"KEYWORD",,"AFFILIATION",,"FUNDING SPONSOR",,"COUNTRY",,"SOURCE TYPE",,"LANGUAGE",
"Open Access","10","2019","1","Paré, D.","19","Agricultural and Biological Sciences","72","Article","78","final","83","Forest Ecology And Management","17","Canada","70","Université Laval","31","Natural Sciences and Engineering Research Council of Canada","18","Canada","82","Journals","82","English","81"
"Other","73","2017","1","Bergeron, Y.","18","Chemical Engineering","1","Review","3",,,"Canadian Journal Of Forest Research","11","Boreal Forest","58","Universite du Quebec en Abitibi-Temiscamingue","26","Fonds QuÃ©bÃ©cois de la Recherche sur la Nature et les Technologies","9","United States","5","Book Series","1","French","2"
,,"2016","2","Thiffault, E.","10","Chemistry","1","Conference Paper","2",,,"Forestry Chronicle","6","Quebec [Canada]","46","Canadian Forest Service","25","Association pour la Recherche sur les Tumeurs de la Prostate","3","France","2",,,,
,,"2015","5","Brais, S.","9","Decision Sciences","1",,,,,"Plant And Soil","4","Forestry","39","Université du Québec à Montréal","25","UniversitÃ© du QuÃ©bec en Abitibi-TÃ©miscamingue","3","Argentina","1",,,,
,,"2014","3","Bélanger, N.","7","Earth and Planetary Sciences","3",,,,,"Ecoscience","3","Harvesting","39","Natural Resources Canada","21","Canadian Forest Service","2","Brazil","1",,,,
,,"2013","5","Munson, A.D.","7","Engineering","1",,,,,"Silva Fennica","3","Picea Mariana","30","Ministère de l‘Energie et des Ressources naturelles du Québec","12","Ministry of Natural Resources","2","China","1",,,,
,,"2012","7","Drapeau, P.","5","Environmental Science","50",,,,,"Canadian Field Naturalist","2","North America","25","Le réseau de l'Université du Québec","11","BioFuelNet Canada","1","Finland","1",,,,
,,"2011","4","Thiffault, N.","5","Materials Science","1",,,,,"Canadian Journal Of Soil Science","2","Soils","21","McGill University","7","Connecting Europe Facility","1","South Africa","1",,,,
,,"2010","6","Fyles, J.W.","4","Social Sciences","1",,,,,"Canadian Journal Of Zoology","2","Quebec","19","University of Saskatchewan","6","Fonds de recherche du QuÃ©bec â Nature et technologies","1","South Korea","1",,,,
,,"2009","5","Work, T.T.","4",,,,,,,"Ecological Applications","2","Clearcutting","17","McGill University, Macdonald Campus","5","Fonds pour la Formation de Chercheurs et l'Aide Ã  la Recherche","1","Sweden","1",,,,
,,"2008","7","Buddle, C.M.","3",,,,,,,"Ecosystems","2","Logging (timber)","17","Lakehead University","4","Foundation for Community Association Research","1","United Kingdom","1",,,,
,,"2007","5","Fenton, N.","3",,,,,,,"Forests","2","Forest Management","16","Université du Québec à Rimouski","3","Natural Resources Canada","1",,,,,,
,,"2006","4","Fenton, N.J.","3",,,,,,,"New Forests","2","Disturbance","15","Universite de Moncton","3","Networks of Centres of Excellence of Canada","1",,,,,,
,,"2005","4","Gauthier, S.","3",,,,,,,"Oikos","2","Picea","15","Université de Sherbrooke","3","Tembec","1",,,,,,
,,"2004","4","Imbeau, L.","3",,,,,,,"Soil Science Society Of America Journal","2","Biodiversity","14","Great Lakes Forestry Centre","2","UniversitÃ© Laval","1",,,,,,
,,"2003","4","Klimaszewski, J.","3",,,,,,,"Zookeys","2","Ecosystems","14","Carleton University","2","Undefined","62",,,,,,
,,"2002","6","Ouellet, J.P.","3",,,,,,,"Ambio","1","Wildfire","13","Conseil de recherches en sciences naturelles et en génie du Canada","2",,,,,,,,
,,"2001","2","Payette, S.","3",,,,,,,"Applied Vegetation Science","1","Abies Balsamea","12","University of Alberta","2",,,,,,,,
,,"2000","8","Valeria, O.","3",,,,,,,"Biodiversity And Conservation","1","Regeneration","12","Northern Forestry Centre","2",,,,,,,,
,,,,"Boulet, M.","2",,,,,,,"Diversity And Distributions","1","Silviculture","12","McMaster University","2",,,,,,,,
,,,,"Bourdon, C.","2",,,,,,,"Ecological Indicators","1","Boreal Forests","11","Pacific Forestry Centre","2",,,,,,,,
,,,,"Béland, M.","2",,,,,,,"Ecological Modelling","1","Coniferous Tree","11","Institut National de la Recherche Scientifique","2",,,,,,,,
,,,,"Bélanger, L.","2",,,,,,,"Ecology","1","Ecosystem Management","10","Centre d'étude de la forêt, Montreal","2",,,,,,,,
,,,,"Cavard, X.","2",,,,,,,"Ecosphere","1","Environmental Disturbance","9","Soc. la Faune et des Parcs du Que.","1",,,,,,,,
,,,,"Chen, H.Y.H.","2",,,,,,,"Environmental Reviews","1","Forests","9","Centre Saint-Laurent","1",,,,,,,,
,,,,"Courtois, R.","2",,,,,,,"Geological Society Memoir","1","Pinus Banksiana","9","Ministère des Forêts de la Faune et des Parcs du Québec","1",,,,,,,,
,,,,"Dabros, A.","2",,,,,,,"Geomorphology","1","Soil","9","Yukon College","1",,,,,,,,
,,,,"Darveau, M.","2",,,,,,,"Hydrological Processes","1","Soil Nutrient","9","Institut Québécois d'Aménagement de la Forêt Feuillue IQAFF","1",,,,,,,,
,,,,"Duchesne, L.","2",,,,,,,"J For","1","Vegetation","9","Soc. la Faune et des Parcs du Quebec","1",,,,,,,,
,,,,"Déchêne, A.D.","2",,,,,,,"Journal Of Ecology","1","Abies","8","Soc. la Faune et des Parcs du Quebec","1",,,,,,,,
,,,,"Fahrig, L.","2",,,,,,,"Journal Of Forest Research","1","Abundance","8","Bureau 200","1",,,,,,,,
,,,,"Harvey, B.D.","2",,,,,,,"Journal Of Hydrology","1","Black Spruce","8","Universit́ du Qúbec ̀ Rimouski","1",,,,,,,,
,,,,"Hendershot, W.H.","2",,,,,,,"Journal Of Vegetation Science","1","Bryophyta","8","NSERC Northern Research Chair","1",,,,,,,,
,,,,"Houle, D.","2",,,,,,,"Marine And Freshwater Research","1","Coniferous Forest","8","Centre d’étude de la forêt CEF","1",,,,,,,,
,,,,"Hébert, F.","2",,,,,,,"Nature Plants","1","Ecology","8","Ecl. Sup. d'Agriculture de Purpan","1",,,,,,,,
,,,,"Jobidon, R.","2",,,,,,,,,"Forest Floor","8","445 Boul. de l'Université","1",,,,,,,,
,,,,"Jutras, S.","2",,,,,,,,,"Logging","8","Fiducie de recherche sur la forêt des Cantons-de-l'Est/Eastern Townships Forest Research Trust","1",,,,,,,,
,,,,"Kneeshaw, D.","2",,,,,,,,,"Reforestation","8","Ministère des Forêts de la Faune et des Parcs","1",,,,,,,,
,,,,"Larrivée, M.","2",,,,,,,,,"Fire","7","Ministère des Forêts","1",,,,,,,,
,,,,"Leduc, A.","2",,,,,,,,,"Fires","7","Universidade Estadual do Maranhao","1",,,,,,,,
,,,,"Lorente, M.","2",,,,,,,,,"Forest Soil","7","Universidad Nacional de Tucuman UNT","1",,,,,,,,
,,,,"Lévesque, D.","2",,,,,,,,,"Growth Rate","7","Mount Saint Vincent University","1",,,,,,,,
,,,,"Messier, C.","2",,,,,,,,,"Nutrient Availability","7","Sewanee: The University of the South","1",,,,,,,,
,,,,"Munson, A.","2",,,,,,,,,"Old-growth Forest","7","University of Montreal","1",,,,,,,,
,,,,"Pare, D.","2",,,,,,,,,"Picea Glauca","7","The University of Arizona","1",,,,,,,,
,,,,"Parsons, W.F.J.","2",,,,,,,,,"Populus Tremuloides","7","University of Florida Institute of Food and Agricultural Sciences","1",,,,,,,,
,,,,"Plamondon, A.P.","2",,,,,,,,,"Sphagnum","7","Ontario Ministry of Natural Resources","1",,,,,,,,
,,,,"Rochon, P.","2",,,,,,,,,"Biomass","6","University of KwaZulu-Natal","1",,,,,,,,
,,,,"Rousseau, A.N.","2",,,,,,,,,"Species Diversity","6","University of Windsor","1",,,,,,,,
,,,,"Ruel, J.C.","2",,,,,,,,,"Stand Structure","6","China Agricultural University","1",,,,,,,,
,,,,"Simard, M.","2",,,,,,,,,"Choristoneura Fumiferana","5","University of Florida","1",,,,,,,,
,,,,"Tremblay, Y.","2",,,,,,,,,"Competition (ecology)","5","Universidade Federal do Maranhao","1",,,,,,,,
,,,,"Work, T.","2",,,,,,,,,"Coniferophyta","5","Dalhousie University","1",,,,,,,,
,,,,"Anyomi, K.","1",,,,,,,,,"Forest Ecosystem","5","University of Toronto","1",,,,,,,,
,,,,"Arseneault, D.","1",,,,,,,,,"Logging (forestry)","5","Mokpo National University","1",,,,,,,,
,,,,"Asselin, H.","1",,,,,,,,,"Nutrition","5","Agriculture et Agroalimentaire Canada","1",,,,,,,,
,,,,"Auger, I.","1",,,,,,,,,"Organic Matter","5","Université du Québec en Outaouais","1",,,,,,,,
,,,,"Barrette, J.","1",,,,,,,,,"Paludification","5","Université du Québec à Chicoutimi","1",,,,,,,,
,,,,"Bedford, L.","1",,,,,,,,,"Plant Community","5","University of Oxford","1",,,,,,,,
,,,,"Belanger, L.","1",,,,,,,,,"Plants (botany)","5","Stockholms universitet","1",,,,,,,,
,,,,"Belle-Isle, J.","1",,,,,,,,,"Scarification","5","Field Museum of Natural History","1",,,,,,,,
,,,,"Belleau, A.","1",,,,,,,,,"Shrub","5","University of Regina","1",,,,,,,,
,,,,"Bernier, P.","1",,,,,,,,,"Soil Chemistry","5","Umeå Universitet","1",,,,,,,,
,,,,"Bescond, H.","1",,,,,,,,,"Soil Organic Matter","5","University of Wisconsin-Madison","1",,,,,,,,
,,,,"Biswas, S.R.","1",,,,,,,,,"Sustainable Forestry","5","Concordia University","1",,,,,,,,
,,,,"Boiffin, J.","1",,,,,,,,,"Black Spruce Forests","4","Centre d'Ecologie Fonctionnelle et Evolutive","1",,,,,,,,
,,,,"Bose, A.","1",,,,,,,,,"Clay Soil","4","Ministry of Forests and Range","1",,,,,,,,
,,,,"Bouchard, M.","1",,,,,,,,,"Coarse Woody Debris","4","Consortium Ouranos, Canada","1",,,,,,,,
,,,,"Bouchard, M.","1",,,,,,,,,"Coleoptera","4","Itä-Suomen yliopisto","1",,,,,,,,
,,,,"Boudreau, S.","1",,,,,,,,,"Community Composition","4","Mid Sweden University, Sundsvall","1",,,,,,,,
,,,,"Bourgeois, L.","1",,,,,,,,,"Community Structure","4",,,,,,,,,,
,,,,"Bousquet, Y.","1",,,,,,,,,"Conservation","4",,,,,,,,,,
,,,,"Bradley, R.","1",,,,,,,,,"Deciduous Forest","4",,,,,,,,,,
,,,,"Bradley, R.L.","1",,,,,,,,,"Decomposition","4",,,,,,,,,,
,,,,"Brassard, B.","1",,,,,,,,,"Ecological Impact","4",,,,,,,,,,
,,,,"Breton, L.","1",,,,,,,,,"Experimental Study","4",,,,,,,,,,
,,,,"Brodeur, V.","1",,,,,,,,,"Forest Fire","4",,,,,,,,,,
,,,,"Calmels, S.","1",,,,,,,,,"Forest Fires","4",,,,,,,,,,
,,,,"Camiré, C.","1",,,,,,,,,"Nitrogen","4",,,,,,,,,,
,,,,"Cardinal, E.","1",,,,,,,,,"Ontario [Canada]","4",,,,,,,,,,
,,,,"Celentano, D.","1",,,,,,,,,"Plantation Forestry","4",,,,,,,,,,
,,,,"Cheng, L.Z.","1",,,,,,,,,"Seed","4",,,,,,,,,,
,,,,"Claveau, Y.","1",,,,,,,,,"Soil Profile","4",,,,,,,,,,
,,,,"Coyea, M.R.","1",,,,,,,,,"Soil Temperature","4",,,,,,,,,,
,,,,"Côté, G.","1",,,,,,,,,"Spatial Distribution","4",,,,,,,,,,
,,,,"Côté, S.D.","1",,,,,,,,,"Species Richness","4",,,,,,,,,,
,,,,"David, P.","1",,,,,,,,,"Succession","4",,,,,,,,,,
,,,,"Delwaide, A.","1",,,,,,,,,"Understory","4",,,,,,,,,,
,,,,"DesRochers, A.","1",,,,,,,,,"Abitibi","3",,,,,,,,,,
,,,,"Desponts, M.","1",,,,,,,,,"Alnus","3",,,,,,,,,,
,,,,"Desrochers, A.","1",,,,,,,,,"Animalia","3",,,,,,,,,,
,,,,"Dussart, E.","1",,,,,,,,,"Anthropogenic Effect","3",,,,,,,,,,
,,,,"Dussault, C.","1",,,,,,,,,"Betula Papyrifera","3",,,,,,,,,,
,,,,"Esseen, P.A.","1",,,,,,,,,"Biogeochemistry","3",,,,,,,,,,
,,,,"Fauteux, D.","1",,,,,,,,,"Carabidae","3",,,,,,,,,,
,,,,"Fortier, J.","1",,,,,,,,,"Carbon","3",,,,,,,,,,
,,,,"Fortin, D.","1",,,,,,,,,"Chronosequence","3",,,,,,,,,,
,,,,"Fortin, M.J.","1",,,,,,,,,"Clay","3",,,,,,,,,,
,,,,"Frasier, R.","1",,,,,,,,,"Climate Change","3",,,,,,,,,,
,,,,"Gagnon, D.","1",,,,,,,,,"Community Response","3",,,,,,,,,,
,,,,"Gagnon, R.","1",,,,,,,,,"Comparative Study","3",,,,,,,,,,
,,,,"Gagné, C.","1",,,,,,,,,"Edge Effect","3",,,,,,,,,,
,,,,"Gingras, A.","1",,,,,,,,,"Forest Cover","3",,,,,,,,,,
,,,,"Glaz, P.N.","1",,,,,,,,,"Forest Dynamics","3",,,,,,,,,,
,,,,"Godbout, G.","1",,,,,,,,,"Forest Harvesting","3",,,,,,,,,,
,,,,"Greene, D.","1",,,,,,,,,"Habitat Fragmentation","3",,,,,,,,,,
,,,,"Groot, A.","1",,,,,,,,,"Heterogeneity","3",,,,,,,,,,
,,,,"Haeussler, S.","1",,,,,,,,,"Insect","3",,,,,,,,,,
,,,,"Hammond, J.H.E.","1",,,,,,,,,"Interspecific Competition","3",,,,,,,,,,
,,,,"Hannam, K.D.","1",,,,,,,,,"Kalmia Angustifolia","3",,,,,,,,,,
,,,,"Harper, K.A.","1",,,,,,,,,"Machinery","3",,,,,,,,,,
,,,,"Harvey, B.","1",,,,,,,,,"Natural Regeneration","3",,,,,,,,,,
,,,,"Henneb, M.","1",,,,,,,,,"Nutrient Cycling","3",,,,,,,,,,
,,,,"Huot, J.","1",,,,,,,,,"Nutrient Dynamics","3",,,,,,,,,,
,,,,"Hylander, K.","1",,,,,,,,,"Nutrients","3",,,,,,,,,,
,,,,"Jacobs, J.","1",,,,,,,,,"PH","3",,,,,,,,,,
,,,,"Jolicoeur, S.","1",,,,,,,,,"Physiology","3",,,,,,,,,,
,,,,"Jonsson, B.G.","1",,,,,,,,,"Populus","3",,,,,,,,,,
,,,,"Karam, A.","1",,,,,,,,,"Rangifer Tarandus","3",,,,,,,,,,
,,,,"Kouki, J.","1",,,,,,,,,"Resource Availability","3",,,,,,,,,,
,,,,"Kranabetter, J.M.","1",,,,,,,,,"Seedling","3",,,,,,,,,,
,,,,"Krause, C.","1",,,,,,,,,"Seedling Establishment","3",,,,,,,,,,
,,,,"Kurz, W.","1",,,,,,,,,"Soil Conservation","3",,,,,,,,,,
,,,,"Laamrani, A.","1",,,,,,,,,"Soil Moisture","3",,,,,,,,,,
,,,,"Labrie, P.","1",,,,,,,,,"Stand Dynamics","3",,,,,,,,,,
,,,,"Laganière, J.","1",,,,,,,,,"Staphylinidae","3",,,,,,,,,,
,,,,"Lajeunesse, P.","1",,,,,,,,,"Thinning","3",,,,,,,,,,
,,,,"Lajoie, G.","1",,,,,,,,,"Timber Harvesting","3",,,,,,,,,,
,,,,"Lambert, F.","1",,,,,,,,,"Tracheophyta","3",,,,,,,,,,
,,,,"Langor, D.","1",,,,,,,,,"Tree","3",,,,,,,,,,
,,,,"Langor, D.W.","1",,,,,,,,,"Trees","3",,,,,,,,,,
,,,,"Lapointe, B.","1",,,,,,,,,"Vegetation Cover","3",,,,,,,,,,
,,,,"Lavoie, M.","1",,,,,,,,,"Water Content","3",,,,,,,,,,
,,,,"Lecomte, N.","1",,,,,,,,,"Whole-tree Harvesting","3",,,,,,,,,,
,,,,"Lesieur, D.","1",,,,,,,,,"Aboveground Biomass","2",,,,,,,,,,
,,,,"Li, H.","1",,,,,,,,,"Acari","2",,,,,,,,,,
,,,,"Légaré, S.","1",,,,,,,,,"Acid Deposition","2",,,,,,,,,,
,,,,"MacDonald, J.D.","1",,,,,,,,,"Acid Soil","2",,,,,,,,,,
,,,,"Macdonald, S.E.","1",,,,,,,,,"Aerial Survey","2",,,,,,,,,,
,,,,"Madoui, A.","1",,,,,,,,,"Agriculture","2",,,,,,,,,,
,,,,"Mallik, A.U.","1",,,,,,,,,"Alberta","2",,,,,,,,,,
,,,,"Maltais, J.","1",,,,,,,,,"Araneae","2",,,,,,,,,,
,,,,"Marquis, F.","1",,,,,,,,,"Aves","2",,,,,,,,,,
,,,,"Martin, J.L.","1",,,,,,,,,"Base Cations","2",,,,,,,,,,
,,,,"Mayerhofer, M.S.","1",,,,,,,,,"Beetle","2",,,,,,,,,,
,,,,"Mazerolle, M.J.","1",,,,,,,,,"Betula","2",,,,,,,,,,
,,,,"Moore, T.R.","1",,,,,,,,,"Betula Pendula","2",,,,,,,,,,
,,,,"Morency, M.J.","1",,,,,,,,,"Biological Materials","2",,,,,,,,,,
,,,,"Morneau, C.","1",,,,,,,,,"Bird","2",,,,,,,,,,
,,,,"Newton, A.F.","1",,,,,,,,,"Black Spruce Boreal Forests","2",,,,,,,,,,
,,,,"Nguyen, T.","1",,,,,,,,,"Bryophytes","2",,,,,,,,,,
,,,,"Nguyen-Xuan, T.","1",,,,,,,,,"Canadian Boreal Forest","2",,,,,,,,,,
,,,,"Nozais, C.","1",,,,,,,,,"Canopy Architecture","2",,,,,,,,,,
,,,,"O'Connor, C.D.","1",,,,,,,,,"Careful Logging","2",,,,,,,,,,
,,,,"Oh, S.W.","1",,,,,,,,,"Clay Belt","2",,,,,,,,,,
,,,,"Ouimet, R.","1",,,,,,,,,"Clear-cutting","2",,,,,,,,,,
,,,,"Paradis, S.","1",,,,,,,,,"Competition","2",,,,,,,,,,
,,,,"Parent, L.E.","1",,,,,,,,,"Concentration","2",,,,,,,,,,
,,,,"Parsons, W.","1",,,,,,,,,"Concentration (process)","2",,,,,,,,,,
,,,,"Pelletier, L.","1",,,,,,,,,"Coturnix Coturnix","2",,,,,,,,,,
