﻿Scopus refine results values

"Your query : ((TITLE-ABS-KEY((Boreal OR {James Bay} OR James-Bay OR {Clay Belt} OR {canadian shield}) AND (Canada OR Quebec OR Ontario OR newfoundland OR Alberta OR British-Columbia) ) AND PUBYEAR > 1999 AND PUBYEAR < 2020) AND (TITLE-ABS-KEY(Species AND (Distribution OR Extinct* OR Invasi*  OR Transition Or exotic)) AND PUBYEAR > 1999 AND PUBYEAR < 2020) AND (TITLE-ABS-KEY((Mine OR Mining) AND (tailing OR  slam OR  waste OR Residu*)) AND PUBYEAR > 1999 AND PUBYEAR < 2020))"


Number of results : 3

"ACCESS TYPE",,"YEAR",,"AUTHOR NAME",,"SUBJECT AREA",,"DOCUMENT TYPE",,"PUBLICATION STAGE",,"SOURCE TITLE",,"KEYWORD",,"AFFILIATION",,"FUNDING SPONSOR",,"COUNTRY",,"SOURCE TYPE",,"LANGUAGE",
"Other","3","2015","1","Bussière, B.","1","Earth and Planetary Sciences","1","Article","2","final","3","Developments In Environmental Science","1","Controlled Study","2","Ministère des Forêts de la Faune et des Parcs du Québec","1","Natural Sciences and Engineering Research Council of Canada","1","Canada","3","Journals","2","English","3"
,,"2012","2","Graney, J.R.","1","Environmental Science","3","Book Chapter","1",,,"Journal Of Environmental Quality","1","Forestry","2","425 boul. du Collège","1","Undefined","2","United States","1","Book Series","1",,
,,,,"Kamorina, G.","1",,,,,,,"Water Air And Soil Pollution","1","Nonhuman","2","Allion Science and Technology","1",,,,,,,,
,,,,"Krupa, S.","1",,,,,,,,,"Root Length","2","Wood Buffalo Environmental Association","1",,,,,,,,
,,,,"Landis, M.S.","1",,,,,,,,,"Total Root Lengths","2","Le réseau de l'Université du Québec","1",,,,,,,,
,,,,"Lazorko, H.","1",,,,,,,,,"Acid Mine Drainage","1","Universite du Quebec en Abitibi-Temiscamingue","1",,,,,,,,
,,,,"Pancras, J.P.","1",,,,,,,,,"Adsorption","1","University of Saskatchewan","1",,,,,,,,
,,,,"Percy, K.E.","1",,,,,,,,,"Alberta","1","Binghamton University State University of New York","1",,,,,,,,
,,,,"Smirnova, E.","1",,,,,,,,,"Animal Experiment","1","United States Environmental Protection Agency","1",,,,,,,,
,,,,"Stevens, R.K.","1",,,,,,,,,"Article","1","University of Minnesota","1",,,,,,,,
,,,,"Thiffault, N.","1",,,,,,,,,"Aspen","1",,,,,,,,,,
,,,,"Tremblay, F.","1",,,,,,,,,"Biomass","1",,,,,,,,,,
,,,,"Van Rees, K.C.J.","1",,,,,,,,,"Black Spruce","1",,,,,,,,,,
,,,,,,,,,,,,,,"Boreal Forest","1",,,,,,,,,,
,,,,,,,,,,,,,,"Boreal Forests","1",,,,,,,,,,
,,,,,,,,,,,,,,"Boreal Mixedwood Species","1",,,,,,,,,,
,,,,,,,,,,,,,,"CMB","1",,,,,,,,,,
,,,,,,,,,,,,,,"Calamagrostis Canadensis","1",,,,,,,,,,
,,,,,,,,,,,,,,"Canada","1",,,,,,,,,,
,,,,,,,,,,,,,,"Canopy","1",,,,,,,,,,
,,,,,,,,,,,,,,"Chemical Properties","1",,,,,,,,,,
,,,,,,,,,,,,,,"Concentration (parameters)","1",,,,,,,,,,
,,,,,,,,,,,,,,"Covers With Capillary Barrier Effects","1",,,,,,,,,,
,,,,,,,,,,,,,,"Diameter Increment","1",,,,,,,,,,
,,,,,,,,,,,,,,"Electric Conductivity","1",,,,,,,,,,
,,,,,,,,,,,,,,"Electrical Conductivity","1",,,,,,,,,,
,,,,,,,,,,,,,,"Forest Productivity","1",,,,,,,,,,
,,,,,,,,,,,,,,"Height","1",,,,,,,,,,
,,,,,,,,,,,,,,"Landscape","1",,,,,,,,,,
,,,,,,,,,,,,,,"Mine Tailings","1",,,,,,,,,,
,,,,,,,,,,,,,,"Mixedwood Stands","1",,,,,,,,,,
,,,,,,,,,,,,,,"Nitrogen","1",,,,,,,,,,
,,,,,,,,,,,,,,"Oil","1",,,,,,,,,,
,,,,,,,,,,,,,,"Oil Sand","1",,,,,,,,,,
,,,,,,,,,,,,,,"Oil Sands","1",,,,,,,,,,
,,,,,,,,,,,,,,"Overburden","1",,,,,,,,,,
,,,,,,,,,,,,,,"Oxygen Migration","1",,,,,,,,,,
,,,,,,,,,,,,,,"PH","1",,,,,,,,,,
,,,,,,,,,,,,,,"PH Measurement","1",,,,,,,,,,
,,,,,,,,,,,,,,"PMF","1",,,,,,,,,,
,,,,,,,,,,,,,,"Physical Chemistry","1",,,,,,,,,,
,,,,,,,,,,,,,,"Physicochemical Property","1",,,,,,,,,,
,,,,,,,,,,,,,,"Picea","1",,,,,,,,,,
,,,,,,,,,,,,,,"Plant Response","1",,,,,,,,,,
,,,,,,,,,,,,,,"Plant Root","1",,,,,,,,,,
,,,,,,,,,,,,,,"Plants (botany)","1",,,,,,,,,,
,,,,,,,,,,,,,,"Population Distribution","1",,,,,,,,,,
,,,,,,,,,,,,,,"Populus","1",,,,,,,,,,
,,,,,,,,,,,,,,"Populus Balsamifera","1",,,,,,,,,,
,,,,,,,,,,,,,,"Reclamation","1",,,,,,,,,,
,,,,,,,,,,,,,,"Resistivity","1",,,,,,,,,,
,,,,,,,,,,,,,,"Root","1",,,,,,,,,,
,,,,,,,,,,,,,,"Root Development","1",,,,,,,,,,
,,,,,,,,,,,,,,"Root Distribution","1",,,,,,,,,,
,,,,,,,,,,,,,,"Root Distributions","1",,,,,,,,,,
,,,,,,,,,,,,,,"Root Length Density","1",,,,,,,,,,
,,,,,,,,,,,,,,"Root System","1",,,,,,,,,,
,,,,,,,,,,,,,,"Root To Shoot Ratio","1",,,,,,,,,,
,,,,,,,,,,,,,,"Roots","1",,,,,,,,,,
,,,,,,,,,,,,,,"Saline","1",,,,,,,,,,
,,,,,,,,,,,,,,"Saline Soil","1",,,,,,,,,,
,,,,,,,,,,,,,,"Salinity","1",,,,,,,,,,
,,,,,,,,,,,,,,"Salt Distribution Profiles","1",,,,,,,,,,
,,,,,,,,,,,,,,"Sheep","1",,,,,,,,,,
,,,,,,,,,,,,,,"Sodium","1",,,,,,,,,,
,,,,,,,,,,,,,,"Sodium Adsorption Ratio","1",,,,,,,,,,
,,,,,,,,,,,,,,"Soil Acidity","1",,,,,,,,,,
,,,,,,,,,,,,,,"Soil Analysis","1",,,,,,,,,,
,,,,,,,,,,,,,,"Soil Chemistry","1",,,,,,,,,,
,,,,,,,,,,,,,,"Soil Cores","1",,,,,,,,,,
,,,,,,,,,,,,,,"Soil Electrical Conductivity","1",,,,,,,,,,
,,,,,,,,,,,,,,"Soil PH","1",,,,,,,,,,
,,,,,,,,,,,,,,"Soil Physical And Chemical Properties","1",,,,,,,,,,
,,,,,,,,,,,,,,"Soil Profile","1",,,,,,,,,,
,,,,,,,,,,,,,,"Soil Profiles","1",,,,,,,,,,
,,,,,,,,,,,,,,"Soil Property","1",,,,,,,,,,
,,,,,,,,,,,,,,"Soils","1",,,,,,,,,,
,,,,,,,,,,,,,,"Solubility","1",,,,,,,,,,
,,,,,,,,,,,,,,"Species","1",,,,,,,,,,
,,,,,,,,,,,,,,"Spruce","1",,,,,,,,,,
,,,,,,,,,,,,,,"Sulfur","1",,,,,,,,,,
,,,,,,,,,,,,,,"Tailings","1",,,,,,,,,,
,,,,,,,,,,,,,,"Thickness","1",,,,,,,,,,
,,,,,,,,,,,,,,"Three Dimensions","1",,,,,,,,,,
,,,,,,,,,,,,,,"Unmix","1",,,,,,,,,,
,,,,,,,,,,,,,,"Willow","1",,,,,,,,,,
,,,,,,,,,,,,,,"Wood","1",,,,,,,,,,
,,,,,,,,,,,,,,,,,,,,,,,,,
,,,,,,,,,,,,,,,,,,,,,,,,,
,,,,,,,,,,,,,,,,,,,,,,,,,
,,,,,,,,,,,,,,,,,,,,,,,,,
,,,,,,,,,,,,,,,,,,,,,,,,,
,,,,,,,,,,,,,,,,,,,,,,,,,
,,,,,,,,,,,,,,,,,,,,,,,,,
,,,,,,,,,,,,,,,,,,,,,,,,,
,,,,,,,,,,,,,,,,,,,,,,,,,
,,,,,,,,,,,,,,,,,,,,,,,,,
,,,,,,,,,,,,,,,,,,,,,,,,,
,,,,,,,,,,,,,,,,,,,,,,,,,
,,,,,,,,,,,,,,,,,,,,,,,,,
,,,,,,,,,,,,,,,,,,,,,,,,,
,,,,,,,,,,,,,,,,,,,,,,,,,
,,,,,,,,,,,,,,,,,,,,,,,,,
,,,,,,,,,,,,,,,,,,,,,,,,,
,,,,,,,,,,,,,,,,,,,,,,,,,
,,,,,,,,,,,,,,,,,,,,,,,,,
,,,,,,,,,,,,,,,,,,,,,,,,,
,,,,,,,,,,,,,,,,,,,,,,,,,
,,,,,,,,,,,,,,,,,,,,,,,,,
,,,,,,,,,,,,,,,,,,,,,,,,,
,,,,,,,,,,,,,,,,,,,,,,,,,
,,,,,,,,,,,,,,,,,,,,,,,,,
,,,,,,,,,,,,,,,,,,,,,,,,,
,,,,,,,,,,,,,,,,,,,,,,,,,
,,,,,,,,,,,,,,,,,,,,,,,,,
,,,,,,,,,,,,,,,,,,,,,,,,,
,,,,,,,,,,,,,,,,,,,,,,,,,
,,,,,,,,,,,,,,,,,,,,,,,,,
,,,,,,,,,,,,,,,,,,,,,,,,,
,,,,,,,,,,,,,,,,,,,,,,,,,
,,,,,,,,,,,,,,,,,,,,,,,,,
,,,,,,,,,,,,,,,,,,,,,,,,,
,,,,,,,,,,,,,,,,,,,,,,,,,
,,,,,,,,,,,,,,,,,,,,,,,,,
,,,,,,,,,,,,,,,,,,,,,,,,,
,,,,,,,,,,,,,,,,,,,,,,,,,
,,,,,,,,,,,,,,,,,,,,,,,,,
,,,,,,,,,,,,,,,,,,,,,,,,,
,,,,,,,,,,,,,,,,,,,,,,,,,
,,,,,,,,,,,,,,,,,,,,,,,,,
,,,,,,,,,,,,,,,,,,,,,,,,,
,,,,,,,,,,,,,,,,,,,,,,,,,
,,,,,,,,,,,,,,,,,,,,,,,,,
,,,,,,,,,,,,,,,,,,,,,,,,,
,,,,,,,,,,,,,,,,,,,,,,,,,
,,,,,,,,,,,,,,,,,,,,,,,,,
,,,,,,,,,,,,,,,,,,,,,,,,,
,,,,,,,,,,,,,,,,,,,,,,,,,
,,,,,,,,,,,,,,,,,,,,,,,,,
,,,,,,,,,,,,,,,,,,,,,,,,,
,,,,,,,,,,,,,,,,,,,,,,,,,
,,,,,,,,,,,,,,,,,,,,,,,,,
,,,,,,,,,,,,,,,,,,,,,,,,,
,,,,,,,,,,,,,,,,,,,,,,,,,
,,,,,,,,,,,,,,,,,,,,,,,,,
,,,,,,,,,,,,,,,,,,,,,,,,,
,,,,,,,,,,,,,,,,,,,,,,,,,
,,,,,,,,,,,,,,,,,,,,,,,,,
,,,,,,,,,,,,,,,,,,,,,,,,,
,,,,,,,,,,,,,,,,,,,,,,,,,
,,,,,,,,,,,,,,,,,,,,,,,,,
,,,,,,,,,,,,,,,,,,,,,,,,,
,,,,,,,,,,,,,,,,,,,,,,,,,
,,,,,,,,,,,,,,,,,,,,,,,,,
,,,,,,,,,,,,,,,,,,,,,,,,,
,,,,,,,,,,,,,,,,,,,,,,,,,
,,,,,,,,,,,,,,,,,,,,,,,,,
,,,,,,,,,,,,,,,,,,,,,,,,,
,,,,,,,,,,,,,,,,,,,,,,,,,
,,,,,,,,,,,,,,,,,,,,,,,,,
