﻿Scopus refine results values

"Your query : ((TITLE-ABS-KEY((Boreal OR {James Bay} OR James-Bay OR {Clay Belt} OR {canadian shield}) AND Quebec) AND PUBYEAR > 1999 AND PUBYEAR < 2020) AND (TITLE-ABS-KEY(Contamination OR Contaminant OR Pollut* OR  {acid rain} OR {nitrogen deposition} ) AND PUBYEAR > 1999 AND PUBYEAR < 2020) AND (TITLE-ABS-KEY((wildlife OR fish OR moose OR beaver OR caribou OR goose OR geese) AND  (health OR disease OR contamination OR {heavy metal} OR  parasite OR stress OR {heavy metal} OR Mercury OR  {persistent organic pollutant} OR Toxic* OR Arsenic OR Lead OR cadmium)) AND PUBYEAR > 1999 AND PUBYEAR < 2020))"


Number of results : 11

"ACCESS TYPE",,"YEAR",,"AUTHOR NAME",,"SUBJECT AREA",,"DOCUMENT TYPE",,"PUBLICATION STAGE",,"SOURCE TITLE",,"KEYWORD",,"AFFILIATION",,"FUNDING SPONSOR",,"COUNTRY",,"SOURCE TYPE",,"LANGUAGE",
"Open Access","2","2017","1","Dewailly, E.","3","Agricultural and Biological Sciences","1","Article","11","final","11","Environmental Science And Technology","2","Article","10","McMaster University","4","Natural Sciences and Engineering Research Council of Canada","2","Canada","11","Journals","11","English","11"
"Other","9","2014","1","Tsuji, L.J.S.","3","Biochemistry, Genetics and Molecular Biology","1",,,,,"Science Of The Total Environment","2","Canada","9","University of Montreal","3","Association pour la Recherche sur les Tumeurs de la Prostate","1","United States","2",,,,
,,"2013","2","Amyot, M.","2","Chemistry","2",,,,,"Environment International","1","Quebec","8","University of Waterloo","3","Canadian Institutes of Health Research","1",,,,,,
,,"2011","3","Liberda, E.N.","2","Environmental Science","11",,,,,"Environmental Health A Global Access Science Source","1","Animals","6","McMaster University, Faculty of Health Sciences","3","First Nations University of Canada","1",,,,,,
,,"2009","1","Nieboer, E.","2","Medicine","2",,,,,"Environmental Monitoring And Assessment","1","Environmental Monitoring","6","Université du Québec à Montréal","3","Foundation for Community Association Research","1",,,,,,
,,"2007","1","Wainman, B.C.","2",,,,,,,"Environmental Research","1","Fish","6","CHU de Québec - Université Laval","3","Hydro-QuÃ©bec","1",,,,,,
,,"2006","2","Ayotte, P.","1",,,,,,,"Environmental Science Processes And Impacts","1","Priority Journal","6","University of Toronto","2","Indigenous and Northern Affairs Canada","1",,,,,,
,,,,"Beisner, B.E.","1",,,,,,,"Journal Of Wildlife Diseases","1","Female","5","Institut National de Sante Publique Du Québec","2","Niskamoon Corporation","1",,,,,,
,,,,"Carignan, R.","1",,,,,,,"Regional Environmental Change","1","James Bay","5","Cree Board of Health and Social Services of James Bay","1","Social Sciences and Humanities Research Council of Canada","1",,,,,,
,,,,"Chételat, J.","1",,,,,,,,,"Mercury","5","Cree Nation of Ouje-Bougoumou","1","University of Toronto","1",,,,,,
,,,,"Desrosiers, M.","1",,,,,,,,,"Adult","4","Ian Martin Consulting","1","Undefined","6",,,,,,
,,,,"Dodin, S.","1",,,,,,,,,"Bioaccumulation","4","USDA ARS Beltsville Agricultural Research Center","1",,,,,,,,
,,,,"Dubey, J.P.","1",,,,,,,,,"Controlled Study","4","Environment Canada","1",,,,,,,,
,,,,"Dumas, P.","1",,,,,,,,,"Human","4","McGill University","1",,,,,,,,
,,,,"Gough, W.A.","1",,,,,,,,,"Humans","4","Laurentian University","1",,,,,,,,
,,,,"Gunn, J.","1",,,,,,,,,"Lakes","4","New York University","1",,,,,,,,
,,,,"LeBlanc, A.","1",,,,,,,,,"Male","4","Hydro-Quebec","1",,,,,,,,
,,,,"Lucotte, M.","1",,,,,,,,,"Methylmercury","4","Agence de la santé publique du Canada","1",,,,,,,,
,,,,"Manson, H.","1",,,,,,,,,"Methylmercury Compounds","4","INRS- Centre Eau, Terre &amp; Environnement","1",,,,,,,,
,,,,"Martin, I.","1",,,,,,,,,"Water Pollutants, Chemical","4","Ryerson University","1",,,,,,,,
,,,,"Martin, I.D.","1",,,,,,,,,"Animal","3","Hôpital Saint-Francois d'Assise","1",,,,,,,,
,,,,"Mucci, A.","1",,,,,,,,,"Blood","3","Université Laval","1",,,,,,,,
,,,,"Ogden, N.H.","1",,,,,,,,,"Diet","3","Institut universitaire de cardiologie et de pneumologie de Québec - Université Laval","1",,,,,,,,
,,,,"Paunescu, A.C.","1",,,,,,,,,"Environmental Exposure","3",,,,,,,,,,
,,,,"Perron, T.","1",,,,,,,,,"Fishes","3",,,,,,,,,,
,,,,"Planas, D.","1",,,,,,,,,"Mercury (element)","3",,,,,,,,,,
,,,,"Poirier, P.","1",,,,,,,,,"Mercury (metal)","3",,,,,,,,,,
,,,,"Poulin, M.B.","1",,,,,,,,,"Nonhuman","3",,,,,,,,,,
,,,,"Rabbitskin, T.","1",,,,,,,,,"North America","3",,,,,,,,,,
,,,,"Robinson, E.","1",,,,,,,,,"Pollution Exposure","3",,,,,,,,,,
,,,,"Rousseau, A.N.","1",,,,,,,,,"Quebec [Canada]","3",,,,,,,,,,
,,,,"Shecapio-Blacksmith, J.","1",,,,,,,,,"Age","2",,,,,,,,,,
,,,,"Simon, A.","1",,,,,,,,,"American Indian","2",,,,,,,,,,
,,,,"Surette, C.","1",,,,,,,,,"American Native Continental Ancestry Group","2",,,,,,,,,,
,,,,"Tam, B.","1",,,,,,,,,"Analysis","2",,,,,,,,,,
,,,,"Tremblay, A.","1",,,,,,,,,"Biochemistry","2",,,,,,,,,,
,,,,"Tsuji, L.","1",,,,,,,,,"Biomass","2",,,,,,,,,,
,,,,"Valera, B.","1",,,,,,,,,"Blood Level","2",,,,,,,,,,
,,,,"Vanspronsen, E.P.","1",,,,,,,,,"Castoridae","2",,,,,,,,,,
,,,,"Virginie, R.O.Y.","1",,,,,,,,,"Chemistry","2",,,,,,,,,,
,,,,,,,,,,,,,,"Climate Change","2",,,,,,,,,,
,,,,,,,,,,,,,,"Concentration (composition)","2",,,,,,,,,,
,,,,,,,,,,,,,,"Concentration (parameters)","2",,,,,,,,,,
,,,,,,,,,,,,,,"Concentration (process)","2",,,,,,,,,,
,,,,,,,,,,,,,,"Environmental Pollutants","2",,,,,,,,,,
,,,,,,,,,,,,,,"Epidemiology","2",,,,,,,,,,
,,,,,,,,,,,,,,"First Nations","2",,,,,,,,,,
,,,,,,,,,,,,,,"Food Contamination","2",,,,,,,,,,
,,,,,,,,,,,,,,"Fresh Water","2",,,,,,,,,,
,,,,,,,,,,,,,,"Hair","2",,,,,,,,,,
,,,,,,,,,,,,,,"Health Impact","2",,,,,,,,,,
,,,,,,,,,,,,,,"Heavy Metal","2",,,,,,,,,,
,,,,,,,,,,,,,,"Indigenous Population","2",,,,,,,,,,
,,,,,,,,,,,,,,"Invertebrate","2",,,,,,,,,,
,,,,,,,,,,,,,,"Invertebrates","2",,,,,,,,,,
,,,,,,,,,,,,,,"Lake","2",,,,,,,,,,
,,,,,,,,,,,,,,"Lake Ecosystem","2",,,,,,,,,,
,,,,,,,,,,,,,,"Lead","2",,,,,,,,,,
,,,,,,,,,,,,,,"Major Clinical Study","2",,,,,,,,,,
,,,,,,,,,,,,,,"Metals, Heavy","2",,,,,,,,,,
,,,,,,,,,,,,,,"Oxygen","2",,,,,,,,,,
,,,,,,,,,,,,,,"Pollutant","2",,,,,,,,,,
,,,,,,,,,,,,,,"Principal Component Analysis","2",,,,,,,,,,
,,,,,,,,,,,,,,"Rodentia","2",,,,,,,,,,
,,,,,,,,,,,,,,"Selenium","2",,,,,,,,,,
,,,,,,,,,,,,,,"Smoking","2",,,,,,,,,,
,,,,,,,,,,,,,,"Unclassified Drug","2",,,,,,,,,,
,,,,,,,,,,,,,,"Water","2",,,,,,,,,,
,,,,,,,,,,,,,,"Water Contamination","2",,,,,,,,,,
,,,,,,,,,,,,,,"Watershed","2",,,,,,,,,,
,,,,,,,,,,,,,,"Watersheds","2",,,,,,,,,,
,,,,,,,,,,,,,,"Aboriginal","1",,,,,,,,,,
,,,,,,,,,,,,,,"Aboriginal Issues","1",,,,,,,,,,
,,,,,,,,,,,,,,"Aborigine","1",,,,,,,,,,
,,,,,,,,,,,,,,"Acid Water","1",,,,,,,,,,
,,,,,,,,,,,,,,"Acidic Water","1",,,,,,,,,,
,,,,,,,,,,,,,,"Acidity","1",,,,,,,,,,
,,,,,,,,,,,,,,"Adolescent","1",,,,,,,,,,
,,,,,,,,,,,,,,"Age Factors","1",,,,,,,,,,
,,,,,,,,,,,,,,"Aged","1",,,,,,,,,,
,,,,,,,,,,,,,,"Alga","1",,,,,,,,,,
,,,,,,,,,,,,,,"Algae","1",,,,,,,,,,
,,,,,,,,,,,,,,"Alkylation","1",,,,,,,,,,
,,,,,,,,,,,,,,"Analysis Of Variance","1",,,,,,,,,,
,,,,,,,,,,,,,,"Animal Disease","1",,,,,,,,,,
,,,,,,,,,,,,,,"Animal Tissue","1",,,,,,,,,,
,,,,,,,,,,,,,,"Animalia","1",,,,,,,,,,
,,,,,,,,,,,,,,"Anion","1",,,,,,,,,,
,,,,,,,,,,,,,,"Antibodies, Protozoan","1",,,,,,,,,,
,,,,,,,,,,,,,,"Apolipoprotein B","1",,,,,,,,,,
,,,,,,,,,,,,,,"Aquatic Community","1",,,,,,,,,,
,,,,,,,,,,,,,,"Arsenic","1",,,,,,,,,,
,,,,,,,,,,,,,,"Aves","1",,,,,,,,,,
,,,,,,,,,,,,,,"BDE 100","1",,,,,,,,,,
,,,,,,,,,,,,,,"BDE 47","1",,,,,,,,,,
,,,,,,,,,,,,,,"BDE 99","1",,,,,,,,,,
,,,,,,,,,,,,,,"Bacteria (microorganisms)","1",,,,,,,,,,
,,,,,,,,,,,,,,"Bay","1",,,,,,,,,,
,,,,,,,,,,,,,,"Bays","1",,,,,,,,,,
,,,,,,,,,,,,,,"Bde 153","1",,,,,,,,,,
,,,,,,,,,,,,,,"Biofilms","1",,,,,,,,,,
,,,,,,,,,,,,,,"Biological Monitoring","1",,,,,,,,,,
,,,,,,,,,,,,,,"Biomass Partitioning","1",,,,,,,,,,
,,,,,,,,,,,,,,"Biota","1",,,,,,,,,,
,,,,,,,,,,,,,,"Bird","1",,,,,,,,,,
,,,,,,,,,,,,,,"Blood Analysis","1",,,,,,,,,,
,,,,,,,,,,,,,,"Blood Pressure","1",,,,,,,,,,
,,,,,,,,,,,,,,"Blood System Disorder","1",,,,,,,,,,
,,,,,,,,,,,,,,"Body Burden","1",,,,,,,,,,
,,,,,,,,,,,,,,"Body Mass","1",,,,,,,,,,
,,,,,,,,,,,,,,"Body Weight","1",,,,,,,,,,
,,,,,,,,,,,,,,"Bone","1",,,,,,,,,,
,,,,,,,,,,,,,,"Bone And Bones","1",,,,,,,,,,
,,,,,,,,,,,,,,"Boreal Lake","1",,,,,,,,,,
,,,,,,,,,,,,,,"Boreal Lakes","1",,,,,,,,,,
,,,,,,,,,,,,,,"Cadmium","1",,,,,,,,,,
,,,,,,,,,,,,,,"Calcaneal Ultrasound Parameters","1",,,,,,,,,,
,,,,,,,,,,,,,,"Canadian Lynx","1",,,,,,,,,,
,,,,,,,,,,,,,,"Canadian Shield","1",,,,,,,,,,
,,,,,,,,,,,,,,"Canadian Shields","1",,,,,,,,,,
,,,,,,,,,,,,,,"Carbon","1",,,,,,,,,,
,,,,,,,,,,,,,,"Cardiovascular Disease","1",,,,,,,,,,
,,,,,,,,,,,,,,"Castor Canadensis","1",,,,,,,,,,
,,,,,,,,,,,,,,"Cat","1",,,,,,,,,,
,,,,,,,,,,,,,,"Cat Disease","1",,,,,,,,,,
,,,,,,,,,,,,,,"Cat Diseases","1",,,,,,,,,,
,,,,,,,,,,,,,,"Cation","1",,,,,,,,,,
,,,,,,,,,,,,,,"Cats","1",,,,,,,,,,
,,,,,,,,,,,,,,"Chemical Analysis","1",,,,,,,,,,
,,,,,,,,,,,,,,"Chemical Contamination","1",,,,,,,,,,
,,,,,,,,,,,,,,"Child","1",,,,,,,,,,
,,,,,,,,,,,,,,"Chlorophyll","1",,,,,,,,,,
,,,,,,,,,,,,,,"Chlorophyll A","1",,,,,,,,,,
,,,,,,,,,,,,,,"Climate Model","1",,,,,,,,,,
,,,,,,,,,,,,,,"Cobalt","1",,,,,,,,,,
,,,,,,,,,,,,,,"Coccidia","1",,,,,,,,,,
,,,,,,,,,,,,,,"Community","1",,,,,,,,,,
,,,,,,,,,,,,,,"Conifer","1",,,,,,,,,,
,,,,,,,,,,,,,,"Coniferous Forest","1",,,,,,,,,,
,,,,,,,,,,,,,,"Conservation Of Natural Resources","1",,,,,,,,,,
,,,,,,,,,,,,,,"Contamination","1",,,,,,,,,,
,,,,,,,,,,,,,,"Copper","1",,,,,,,,,,
,,,,,,,,,,,,,,"Creatinine","1",,,,,,,,,,
,,,,,,,,,,,,,,"Cree","1",,,,,,,,,,
,,,,,,,,,,,,,,"Cree Women","1",,,,,,,,,,
,,,,,,,,,,,,,,"Cross-Sectional Studies","1",,,,,,,,,,
,,,,,,,,,,,,,,"Cross-sectional Study","1",,,,,,,,,,
,,,,,,,,,,,,,,"Deforestation","1",,,,,,,,,,
,,,,,,,,,,,,,,"Degradation","1",,,,,,,,,,
,,,,,,,,,,,,,,"Descriptive Research","1",,,,,,,,,,
,,,,,,,,,,,,,,"Dietary Intake","1",,,,,,,,,,
,,,,,,,,,,,,,,"Dilution","1",,,,,,,,,,
,,,,,,,,,,,,,,"Dioxin","1",,,,,,,,,,
,,,,,,,,,,,,,,"Dioxin Like Compound","1",,,,,,,,,,
,,,,,,,,,,,,,,"Dioxin-Like Compounds","1",,,,,,,,,,
,,,,,,,,,,,,,,"Dioxins","1",,,,,,,,,,
,,,,,,,,,,,,,,"Diphenyl Ether Derivative","1",,,,,,,,,,
,,,,,,,,,,,,,,"Disease Carrier","1",,,,,,,,,,
,,,,,,,,,,,,,,"Disease Reservoirs","1",,,,,,,,,,
,,,,,,,,,,,,,,"Disease Transmission","1",,,,,,,,,,
