﻿Scopus refine results values

"Your query : ((TITLE-ABS-KEY((Boreal OR {James Bay} OR James-Bay OR {Clay Belt} OR {canadian shield}) AND (Canada OR Quebec OR Ontario OR newfoundland OR Alberta OR British-Columbia) ) AND PUBYEAR > 1999 AND PUBYEAR < 2020) AND (TITLE-ABS-KEY(Harvest* OR Logging OR Cut OR Clear-cut  OR Clearcut OR {Clear Cut}) AND PUBYEAR > 1999 AND PUBYEAR < 2020) AND (TITLE-ABS-KEY(Truck OR Train OR (Noise  AND Disturbance)) AND PUBYEAR > 1999 AND PUBYEAR < 2020))"


Number of results : 3

"ACCESS TYPE",,"YEAR",,"AUTHOR NAME",,"SUBJECT AREA",,"DOCUMENT TYPE",,"PUBLICATION STAGE",,"SOURCE TITLE",,"KEYWORD",,"AFFILIATION",,"FUNDING SPONSOR",,"COUNTRY",,"SOURCE TYPE",,"LANGUAGE",
"Other","3","2009","1","Adams, R.S.","1","Agricultural and Biological Sciences","1","Article","2","final","3","Applied Biochemistry And Biotechnology","1","Canada","3","Saskatchewan Ministry of Energy and Resources","1","Undefined","3","Canada","3","Journals","3","English","3"
,,"2008","1","Campbell, J.E.","1","Arts and Humanities","1","Conference Paper","1",,,"Boreas","1","Canadian Shield","2","Enhancement Branch","1",,,"New Zealand","1",,,,
,,"2006","1","Flynn, P.C.","1","Biochemistry, Genetics and Molecular Biology","1",,,,,"Bulletin Of The Geological Survey Of Canada","1","Deglaciation","2","Geological Survey of Canada Calgary","1",,,,,,,,
,,,,"Hicock, S.R.","1","Chemical Engineering","1",,,,,,,"Ice Sheet","2","Western University","1",,,,,,,,
,,,,"Holme, P.J.","1","Earth and Planetary Sciences","2",,,,,,,"Till","2","University of Waterloo","1",,,,,,,,
,,,,"Jackson, L.E.","1","Immunology and Microbiology","1",,,,,,,"Alberta","1","University of Otago","1",,,,,,,,
,,,,"Leboe, E.R.","1",,,,,,,,,"Athabasca Basin","1","Geological Survey of Canada","1",,,,,,,,
,,,,"Little, E.C.","1",,,,,,,,,"Biomass","1","Geological Survey of Canada Vancouver","1",,,,,,,,
,,,,"Mahmudi, H.","1",,,,,,,,,"Biomass Transportation","1","University of Alberta","1",,,,,,,,
,,,,"Nelson, F.E.N.","1",,,,,,,,,"Biotechnology","1",,,,,,,,,,
,,,,"Parent, M.","1",,,,,,,,,"Capital","1",,,,,,,,,,
,,,,"Ross, M.","1",,,,,,,,,"Conference Paper","1",,,,,,,,,,
,,,,"Shimamura, K.","1",,,,,,,,,"Conservation Of Natural Resources","1",,,,,,,,,,
,,,,,,,,,,,,,,"Cost-Benefit Analysis","1",,,,,,,,,,
,,,,,,,,,,,,,,"Costs","1",,,,,,,,,,
,,,,,,,,,,,,,,"Crops, Agricultural","1",,,,,,,,,,
,,,,,,,,,,,,,,"Deposition","1",,,,,,,,,,
,,,,,,,,,,,,,,"Economic Aspect","1",,,,,,,,,,
,,,,,,,,,,,,,,"Electric Power Plant","1",,,,,,,,,,
,,,,,,,,,,,,,,"Energy-Generating Resources","1",,,,,,,,,,
,,,,,,,,,,,,,,"Fuel","1",,,,,,,,,,
,,,,,,,,,,,,,,"Geography","1",,,,,,,,,,
,,,,,,,,,,,,,,"Geological Mapping","1",,,,,,,,,,
,,,,,,,,,,,,,,"Glacial Landform","1",,,,,,,,,,
,,,,,,,,,,,,,,"Glaciation","1",,,,,,,,,,
,,,,,,,,,,,,,,"Glacier","1",,,,,,,,,,
,,,,,,,,,,,,,,"Ice Stream","1",,,,,,,,,,
,,,,,,,,,,,,,,"Industrial Waste","1",,,,,,,,,,
,,,,,,,,,,,,,,"Interglacial","1",,,,,,,,,,
,,,,,,,,,,,,,,"Landform Evolution","1",,,,,,,,,,
,,,,,,,,,,,,,,"Lithology","1",,,,,,,,,,
,,,,,,,,,,,,,,"Models, Economic","1",,,,,,,,,,
,,,,,,,,,,,,,,"Moraine","1",,,,,,,,,,
,,,,,,,,,,,,,,"Motor Vehicle","1",,,,,,,,,,
,,,,,,,,,,,,,,"Motor Vehicles","1",,,,,,,,,,
,,,,,,,,,,,,,,"Paleomagnetism","1",,,,,,,,,,
,,,,,,,,,,,,,,"Paleosol","1",,,,,,,,,,
,,,,,,,,,,,,,,"Quaternary","1",,,,,,,,,,
,,,,,,,,,,,,,,"Radiocarbon Dating","1",,,,,,,,,,
,,,,,,,,,,,,,,"Rail Transport","1",,,,,,,,,,
,,,,,,,,,,,,,,"Railroad Transportation","1",,,,,,,,,,
,,,,,,,,,,,,,,"Railroads","1",,,,,,,,,,
,,,,,,,,,,,,,,"Railway","1",,,,,,,,,,
,,,,,,,,,,,,,,"Rocky Mountains","1",,,,,,,,,,
,,,,,,,,,,,,,,"Salary","1",,,,,,,,,,
,,,,,,,,,,,,,,"Saskatchewan","1",,,,,,,,,,
,,,,,,,,,,,,,,"Stratigraphy","1",,,,,,,,,,
,,,,,,,,,,,,,,"Straw","1",,,,,,,,,,
,,,,,,,,,,,,,,"Subglacial Deposit","1",,,,,,,,,,
,,,,,,,,,,,,,,"Traffic And Transport","1",,,,,,,,,,
,,,,,,,,,,,,,,"Transportation","1",,,,,,,,,,
,,,,,,,,,,,,,,"Transportation Economics","1",,,,,,,,,,
,,,,,,,,,,,,,,"Truck Transport","1",,,,,,,,,,
,,,,,,,,,,,,,,"Trucks","1",,,,,,,,,,
,,,,,,,,,,,,,,"Wisconsinan","1",,,,,,,,,,
,,,,,,,,,,,,,,"Wood Chip","1",,,,,,,,,,
,,,,,,,,,,,,,,,,,,,,,,,,,
,,,,,,,,,,,,,,,,,,,,,,,,,
,,,,,,,,,,,,,,,,,,,,,,,,,
,,,,,,,,,,,,,,,,,,,,,,,,,
,,,,,,,,,,,,,,,,,,,,,,,,,
,,,,,,,,,,,,,,,,,,,,,,,,,
,,,,,,,,,,,,,,,,,,,,,,,,,
,,,,,,,,,,,,,,,,,,,,,,,,,
,,,,,,,,,,,,,,,,,,,,,,,,,
,,,,,,,,,,,,,,,,,,,,,,,,,
,,,,,,,,,,,,,,,,,,,,,,,,,
,,,,,,,,,,,,,,,,,,,,,,,,,
,,,,,,,,,,,,,,,,,,,,,,,,,
,,,,,,,,,,,,,,,,,,,,,,,,,
,,,,,,,,,,,,,,,,,,,,,,,,,
,,,,,,,,,,,,,,,,,,,,,,,,,
,,,,,,,,,,,,,,,,,,,,,,,,,
,,,,,,,,,,,,,,,,,,,,,,,,,
,,,,,,,,,,,,,,,,,,,,,,,,,
,,,,,,,,,,,,,,,,,,,,,,,,,
,,,,,,,,,,,,,,,,,,,,,,,,,
,,,,,,,,,,,,,,,,,,,,,,,,,
,,,,,,,,,,,,,,,,,,,,,,,,,
,,,,,,,,,,,,,,,,,,,,,,,,,
,,,,,,,,,,,,,,,,,,,,,,,,,
,,,,,,,,,,,,,,,,,,,,,,,,,
,,,,,,,,,,,,,,,,,,,,,,,,,
,,,,,,,,,,,,,,,,,,,,,,,,,
,,,,,,,,,,,,,,,,,,,,,,,,,
,,,,,,,,,,,,,,,,,,,,,,,,,
,,,,,,,,,,,,,,,,,,,,,,,,,
,,,,,,,,,,,,,,,,,,,,,,,,,
,,,,,,,,,,,,,,,,,,,,,,,,,
,,,,,,,,,,,,,,,,,,,,,,,,,
,,,,,,,,,,,,,,,,,,,,,,,,,
,,,,,,,,,,,,,,,,,,,,,,,,,
,,,,,,,,,,,,,,,,,,,,,,,,,
,,,,,,,,,,,,,,,,,,,,,,,,,
,,,,,,,,,,,,,,,,,,,,,,,,,
,,,,,,,,,,,,,,,,,,,,,,,,,
,,,,,,,,,,,,,,,,,,,,,,,,,
,,,,,,,,,,,,,,,,,,,,,,,,,
,,,,,,,,,,,,,,,,,,,,,,,,,
,,,,,,,,,,,,,,,,,,,,,,,,,
,,,,,,,,,,,,,,,,,,,,,,,,,
,,,,,,,,,,,,,,,,,,,,,,,,,
,,,,,,,,,,,,,,,,,,,,,,,,,
,,,,,,,,,,,,,,,,,,,,,,,,,
,,,,,,,,,,,,,,,,,,,,,,,,,
,,,,,,,,,,,,,,,,,,,,,,,,,
,,,,,,,,,,,,,,,,,,,,,,,,,
,,,,,,,,,,,,,,,,,,,,,,,,,
,,,,,,,,,,,,,,,,,,,,,,,,,
,,,,,,,,,,,,,,,,,,,,,,,,,
,,,,,,,,,,,,,,,,,,,,,,,,,
,,,,,,,,,,,,,,,,,,,,,,,,,
,,,,,,,,,,,,,,,,,,,,,,,,,
,,,,,,,,,,,,,,,,,,,,,,,,,
,,,,,,,,,,,,,,,,,,,,,,,,,
,,,,,,,,,,,,,,,,,,,,,,,,,
,,,,,,,,,,,,,,,,,,,,,,,,,
,,,,,,,,,,,,,,,,,,,,,,,,,
,,,,,,,,,,,,,,,,,,,,,,,,,
,,,,,,,,,,,,,,,,,,,,,,,,,
,,,,,,,,,,,,,,,,,,,,,,,,,
,,,,,,,,,,,,,,,,,,,,,,,,,
,,,,,,,,,,,,,,,,,,,,,,,,,
,,,,,,,,,,,,,,,,,,,,,,,,,
,,,,,,,,,,,,,,,,,,,,,,,,,
,,,,,,,,,,,,,,,,,,,,,,,,,
,,,,,,,,,,,,,,,,,,,,,,,,,
,,,,,,,,,,,,,,,,,,,,,,,,,
,,,,,,,,,,,,,,,,,,,,,,,,,
,,,,,,,,,,,,,,,,,,,,,,,,,
,,,,,,,,,,,,,,,,,,,,,,,,,
,,,,,,,,,,,,,,,,,,,,,,,,,
,,,,,,,,,,,,,,,,,,,,,,,,,
,,,,,,,,,,,,,,,,,,,,,,,,,
,,,,,,,,,,,,,,,,,,,,,,,,,
,,,,,,,,,,,,,,,,,,,,,,,,,
,,,,,,,,,,,,,,,,,,,,,,,,,
,,,,,,,,,,,,,,,,,,,,,,,,,
,,,,,,,,,,,,,,,,,,,,,,,,,
,,,,,,,,,,,,,,,,,,,,,,,,,
,,,,,,,,,,,,,,,,,,,,,,,,,
,,,,,,,,,,,,,,,,,,,,,,,,,
,,,,,,,,,,,,,,,,,,,,,,,,,
,,,,,,,,,,,,,,,,,,,,,,,,,
,,,,,,,,,,,,,,,,,,,,,,,,,
,,,,,,,,,,,,,,,,,,,,,,,,,
,,,,,,,,,,,,,,,,,,,,,,,,,
,,,,,,,,,,,,,,,,,,,,,,,,,
,,,,,,,,,,,,,,,,,,,,,,,,,
,,,,,,,,,,,,,,,,,,,,,,,,,
,,,,,,,,,,,,,,,,,,,,,,,,,
,,,,,,,,,,,,,,,,,,,,,,,,,
,,,,,,,,,,,,,,,,,,,,,,,,,
,,,,,,,,,,,,,,,,,,,,,,,,,
,,,,,,,,,,,,,,,,,,,,,,,,,
,,,,,,,,,,,,,,,,,,,,,,,,,
,,,,,,,,,,,,,,,,,,,,,,,,,
,,,,,,,,,,,,,,,,,,,,,,,,,
,,,,,,,,,,,,,,,,,,,,,,,,,
,,,,,,,,,,,,,,,,,,,,,,,,,
