﻿Scopus refine results values

"Your query : ((TITLE-ABS-KEY((Boreal OR {James Bay} OR James-Bay OR {Clay Belt} OR {canadian shield}) AND Quebec) AND PUBYEAR > 1999 AND PUBYEAR < 2020) AND (TITLE-ABS-KEY(Contamination OR Contaminant OR Pollut* OR  {acid rain} OR {nitrogen deposition} ) AND PUBYEAR > 1999 AND PUBYEAR < 2020) AND (TITLE-ABS-KEY( soil  OR  ground  OR  {woody debris}  OR  microtopography  OR  micro-topography  AND NOT  {sediment core}  OR  {breeding ground}  OR  {spawning ground} ) AND PUBYEAR > 1999 AND PUBYEAR < 2020))"


Number of results : 11

"ACCESS TYPE",,"YEAR",,"AUTHOR NAME",,"SUBJECT AREA",,"DOCUMENT TYPE",,"PUBLICATION STAGE",,"SOURCE TITLE",,"KEYWORD",,"AFFILIATION",,"FUNDING SPONSOR",,"COUNTRY",,"SOURCE TYPE",,"LANGUAGE",
"Open Access","1","2017","2","Houle, D.","2","Agricultural and Biological Sciences","2","Article","10","final","11","Science Of The Total Environment","4","Canada","10","McGill University","2","Natural Sciences and Engineering Research Council of Canada","3","Canada","11","Journals","11","English","11"
"Other","10","2015","2","Beauchamp, G.","1","Environmental Science","9","Conference Paper","1",,,"Archives Of Environmental Contamination And Toxicology","1","Quebec [Canada]","6","Université du Québec à Montréal","2","Hydro-QuÃ©bec","2","Burkina Faso","1",,,,
,,"2014","2","Benzaazoua, M.","1","Pharmacology, Toxicology and Pharmaceutics","1",,,,,"Ecological Modelling","1","Article","5","Université Laval","2","Canadian Foundation for Climate and Atmospheric Sciences","1","Finland","1",,,,
,,"2009","1","Bondu, R.","1",,,,,,,"Environmental Monitoring And Assessment","1","Boreal Forest","5","Consortium Ouranos, Canada","2","Fonds QuÃ©bÃ©cois de la Recherche sur la Nature et les Technologies","1","Spain","1",,,,
,,"2007","1","Bélanger, D.","1",,,,,,,"Environmental Toxicology And Chemistry","1","Priority Journal","5","Institut de l'Environnement et de Recherches Agricoles","1","Indigenous and Northern Affairs Canada","1","Sweden","1",,,,
,,"2006","2","Bélanger, N.","1",,,,,,,"Frontiers In Plant Science","1","Soil Pollution","5","Ministère des Forêts de la Faune et des Parcs","1","MinistÃ¨re des ForÃªts, de la Faune et des Parcs","1","United Kingdom","1",,,,
,,"2001","1","Cloutier, V.","1",,,,,,,"Geoderma","1","Concentration (parameters)","4","Ministère des Forêts","1","Undefined","6","United States","1",,,,
,,,,"Côté, B.","1",,,,,,,"Hydrological Processes","1","Environmental Monitoring","4","Environment Canada","1",,,,,,,,
,,,,"Dansereau, M.","1",,,,,,,,,"Forestry","4","Helsingin Yliopisto","1",,,,,,,,
,,,,"Dao, M.C.E.","1",,,,,,,,,"North America","4","Universite du Quebec en Abitibi-Temiscamingue","1",,,,,,,,
,,,,"Duchesne, L.","1",,,,,,,,,"Quebec","4","Canadian Forest Service","1",,,,,,,,
,,,,"D’Orangeville, L.","1",,,,,,,,,"Soils","4","CSIC - Instituto de Ciencias del Mar ICM","1",,,,,,,,
,,,,"Feisthauer, N.C.","1",,,,,,,,,"Animals","3","University of Montreal","1",,,,,,,,
,,,,"Fortin, C.","1",,,,,,,,,"Carbon","3","Oregon State University","1",,,,,,,,
,,,,"Hendershot, W.H.","1",,,,,,,,,"Concentration (process)","3","University of Saskatchewan","1",,,,,,,,
,,,,"Hutchins, R.H.S.","1",,,,,,,,,"Nonhuman","3","Université du Québec à Chicoutimi","1",,,,,,,,
,,,,"Kim, Y.","1",,,,,,,,,"Soil","3","Hydro-Quebec","1",,,,,,,,
,,,,"Larivière, N.","1",,,,,,,,,"Water Contamination","3","Natural Resources Canada","1",,,,,,,,
,,,,"Lucotte, M.","1",,,,,,,,,"Water Quality","3","Keele University","1",,,,,,,,
,,,,"Lévesque, D.","1",,,,,,,,,"Anthropogenic Effect","2","University of Alberta","1",,,,,,,,
,,,,"MacKenzie, M.D.","1",,,,,,,,,"Arsenic","2","Umeå Universitet","1",,,,,,,,
,,,,"Moore, T.R.","1",,,,,,,,,"Base Cations","2","Ministère de l‘Energie et des Ressources naturelles du Québec","1",,,,,,,,
,,,,"Morin, H.","1",,,,,,,,,"Calcium","2","Institut National de la Recherche Scientifique","1",,,,,,,,
,,,,"Munson, A.","1",,,,,,,,,"Canadian Shield","2","Stantec Inc., Canada","1",,,,,,,,
,,,,"Paré, D.","1",,,,,,,,,"Carbon Dioxide","2",,,,,,,,,,
,,,,"Plamondon, A.P.","1",,,,,,,,,"Chemical Analysis","2",,,,,,,,,,
,,,,"Princz, J.I.","1",,,,,,,,,"Climate Change","2",,,,,,,,,,
,,,,"Prévost, M.","1",,,,,,,,,"Concentration","2",,,,,,,,,,
,,,,"Quideau, S.A.","1",,,,,,,,,"Concentration (composition)","2",,,,,,,,,,
,,,,"Rasilo, T.","1",,,,,,,,,"Controlled Study","2",,,,,,,,,,
,,,,"Rosa, E.","1",,,,,,,,,"Ecosystem","2",,,,,,,,,,
,,,,"Rossi, S.","1",,,,,,,,,"Ecosystems","2",,,,,,,,,,
,,,,"Roulet, N.T.","1",,,,,,,,,"Environmental Disturbance","2",,,,,,,,,,
,,,,"Rousseau, A.N.","1",,,,,,,,,"Environmental Exposure","2",,,,,,,,,,
,,,,"Ruiz-González, C.","1",,,,,,,,,"Forest Soil","2",,,,,,,,,,
,,,,"Scroggins, R.P.","1",,,,,,,,,"Forests","2",,,,,,,,,,
,,,,"Soucémarianadin, L.N.","1",,,,,,,,,"Fresh Water","2",,,,,,,,,,
,,,,"Stephenson, G.L.","1",,,,,,,,,"Harvesting","2",,,,,,,,,,
,,,,"Surette, C.","1",,,,,,,,,"Invertebrata","2",,,,,,,,,,
,,,,"Thiffault, E.","1",,,,,,,,,"Invertebrate","2",,,,,,,,,,
,,,,"Tremblay, A.","1",,,,,,,,,"Mercury","2",,,,,,,,,,
,,,,"Tremblay, Y.","1",,,,,,,,,"Mercury (element)","2",,,,,,,,,,
,,,,"Ullah, S.","1",,,,,,,,,"Methane","2",,,,,,,,,,
,,,,"Walsh, D.","1",,,,,,,,,"Mineralization","2",,,,,,,,,,
,,,,"del Giorgio, P.A.","1",,,,,,,,,"Picea","2",,,,,,,,,,
,,,,,,,,,,,,,,"Podzol","2",,,,,,,,,,
,,,,,,,,,,,,,,"Sediments","2",,,,,,,,,,
,,,,,,,,,,,,,,"Soil Pollutants","2",,,,,,,,,,
,,,,,,,,,,,,,,"Taiga","2",,,,,,,,,,
,,,,,,,,,,,,,,"Temperature","2",,,,,,,,,,
,,,,,,,,,,,,,,"Trees","2",,,,,,,,,,
,,,,,,,,,,,,,,"Water Pollutants, Chemical","2",,,,,,,,,,
,,,,,,,,,,,,,,"Water Pollution","2",,,,,,,,,,
,,,,,,,,,,,,,,"Water Sampling","2",,,,,,,,,,
,,,,,,,,,,,,,,"Wildfire","2",,,,,,,,,,
,,,,,,,,,,,,,,"Abitibi","1",,,,,,,,,,
,,,,,,,,,,,,,,"Abitibi-Temiscamingue","1",,,,,,,,,,
,,,,,,,,,,,,,,"Acid Deposition","1",,,,,,,,,,
,,,,,,,,,,,,,,"Acidity","1",,,,,,,,,,
,,,,,,,,,,,,,,"Age","1",,,,,,,,,,
,,,,,,,,,,,,,,"Alkalinity","1",,,,,,,,,,
,,,,,,,,,,,,,,"Aluminum","1",,,,,,,,,,
,,,,,,,,,,,,,,"Analysis","1",,,,,,,,,,
,,,,,,,,,,,,,,"Animal Tissue","1",,,,,,,,,,
,,,,,,,,,,,,,,"Animalia","1",,,,,,,,,,
,,,,,,,,,,,,,,"Aquatic Community","1",,,,,,,,,,
,,,,,,,,,,,,,,"Aquatic Lives","1",,,,,,,,,,
,,,,,,,,,,,,,,"Aquifer","1",,,,,,,,,,
,,,,,,,,,,,,,,"Aquifers","1",,,,,,,,,,
,,,,,,,,,,,,,,"Arsenic Concentration","1",,,,,,,,,,
,,,,,,,,,,,,,,"Arsenic In Groundwater","1",,,,,,,,,,
,,,,,,,,,,,,,,"Atmospheric Deposition","1",,,,,,,,,,
,,,,,,,,,,,,,,"Atmospheric Pollution","1",,,,,,,,,,
,,,,,,,,,,,,,,"Atmospheric Temperature","1",,,,,,,,,,
,,,,,,,,,,,,,,"Autotrophy","1",,,,,,,,,,
,,,,,,,,,,,,,,"Balsam Fir","1",,,,,,,,,,
,,,,,,,,,,,,,,"Bedrock","1",,,,,,,,,,
,,,,,,,,,,,,,,"Best Management Practice","1",,,,,,,,,,
,,,,,,,,,,,,,,"Best Management Practices","1",,,,,,,,,,
,,,,,,,,,,,,,,"Bioaccumulation","1",,,,,,,,,,
,,,,,,,,,,,,,,"Biogeochemical Cycle","1",,,,,,,,,,
,,,,,,,,,,,,,,"Biomass","1",,,,,,,,,,
,,,,,,,,,,,,,,"Biomass Partitioning","1",,,,,,,,,,
,,,,,,,,,,,,,,"Biota","1",,,,,,,,,,
,,,,,,,,,,,,,,"Black Spruce","1",,,,,,,,,,
,,,,,,,,,,,,,,"Black Spruce Forests","1",,,,,,,,,,
,,,,,,,,,,,,,,"Boreal","1",,,,,,,,,,
,,,,,,,,,,,,,,"Boreal Forests","1",,,,,,,,,,
,,,,,,,,,,,,,,"Boreal Stream","1",,,,,,,,,,
,,,,,,,,,,,,,,"Brain","1",,,,,,,,,,
,,,,,,,,,,,,,,"CO2 Emissions","1",,,,,,,,,,
,,,,,,,,,,,,,,"Cadmium","1",,,,,,,,,,
,,,,,,,,,,,,,,"Cambial Activity","1",,,,,,,,,,
,,,,,,,,,,,,,,"Carbon Cycle","1",,,,,,,,,,
,,,,,,,,,,,,,,"Carbon Dioxide Production","1",,,,,,,,,,
,,,,,,,,,,,,,,"Carbon Footprint","1",,,,,,,,,,
,,,,,,,,,,,,,,"Carbon Mineralization","1",,,,,,,,,,
,,,,,,,,,,,,,,"Carbon Monoxide","1",,,,,,,,,,
,,,,,,,,,,,,,,"Carbon Sequestration","1",,,,,,,,,,
,,,,,,,,,,,,,,"Carbon Source","1",,,,,,,,,,
,,,,,,,,,,,,,,"Carbon Storage","1",,,,,,,,,,
,,,,,,,,,,,,,,"Carnivora","1",,,,,,,,,,
,,,,,,,,,,,,,,"Catchment","1",,,,,,,,,,
,,,,,,,,,,,,,,"Cations","1",,,,,,,,,,
,,,,,,,,,,,,,,"Chemistry","1",,,,,,,,,,
,,,,,,,,,,,,,,"Choristoneura Fumiferana","1",,,,,,,,,,
,,,,,,,,,,,,,,"Clearcutting","1",,,,,,,,,,
,,,,,,,,,,,,,,"Collembola","1",,,,,,,,,,
,,,,,,,,,,,,,,"Computer Simulation","1",,,,,,,,,,
,,,,,,,,,,,,,,"Conference Paper","1",,,,,,,,,,
,,,,,,,,,,,,,,"Coniferous Forest","1",,,,,,,,,,
,,,,,,,,,,,,,,"Coniferous Tree","1",,,,,,,,,,
,,,,,,,,,,,,,,"Contaminated Land","1",,,,,,,,,,
,,,,,,,,,,,,,,"Contaminated Site Soil","1",,,,,,,,,,
,,,,,,,,,,,,,,"Contamination","1",,,,,,,,,,
,,,,,,,,,,,,,,"Copper","1",,,,,,,,,,
,,,,,,,,,,,,,,"Deforestation","1",,,,,,,,,,
,,,,,,,,,,,,,,"Desorption","1",,,,,,,,,,
,,,,,,,,,,,,,,"Devices","1",,,,,,,,,,
,,,,,,,,,,,,,,"Dilution","1",,,,,,,,,,
,,,,,,,,,,,,,,"Dissolution","1",,,,,,,,,,
,,,,,,,,,,,,,,"Dissolved Organic C","1",,,,,,,,,,
,,,,,,,,,,,,,,"Dissolved Organic Carbon","1",,,,,,,,,,
,,,,,,,,,,,,,,"Dissolved Organic Matter","1",,,,,,,,,,
,,,,,,,,,,,,,,"Disturbance","1",,,,,,,,,,
,,,,,,,,,,,,,,"Diurnal Variations","1",,,,,,,,,,
,,,,,,,,,,,,,,"Dynamic Modelling","1",,,,,,,,,,
,,,,,,,,,,,,,,"Dynamics","1",,,,,,,,,,
,,,,,,,,,,,,,,"Ecology","1",,,,,,,,,,
,,,,,,,,,,,,,,"Ecotoxicity","1",,,,,,,,,,
,,,,,,,,,,,,,,"Eisenia Andrei","1",,,,,,,,,,
,,,,,,,,,,,,,,"Elymus Kronokensis Subalpinus","1",,,,,,,,,,
,,,,,,,,,,,,,,"Environment","1",,,,,,,,,,
,,,,,,,,,,,,,,"Environmental Factor","1",,,,,,,,,,
,,,,,,,,,,,,,,"Environmental Pollution","1",,,,,,,,,,
,,,,,,,,,,,,,,"Environmental Release","1",,,,,,,,,,
,,,,,,,,,,,,,,"Experimental Watersheds","1",,,,,,,,,,
,,,,,,,,,,,,,,"Favorable Conditions","1",,,,,,,,,,
,,,,,,,,,,,,,,"Ferric Hydroxide","1",,,,,,,,,,
,,,,,,,,,,,,,,"Fish","1",,,,,,,,,,
,,,,,,,,,,,,,,"Fishes","1",,,,,,,,,,
,,,,,,,,,,,,,,"Fishing","1",,,,,,,,,,
,,,,,,,,,,,,,,"Flooded Conditions","1",,,,,,,,,,
,,,,,,,,,,,,,,"Flooding","1",,,,,,,,,,
,,,,,,,,,,,,,,"Floods","1",,,,,,,,,,
,,,,,,,,,,,,,,"Floors","1",,,,,,,,,,
,,,,,,,,,,,,,,"Forest Buffers","1",,,,,,,,,,
,,,,,,,,,,,,,,"Forest Floor","1",,,,,,,,,,
,,,,,,,,,,,,,,"Fractured Bedrock Aquifer","1",,,,,,,,,,
,,,,,,,,,,,,,,"Geochemistry","1",,,,,,,,,,
,,,,,,,,,,,,,,"Geologic Sediments","1",,,,,,,,,,
,,,,,,,,,,,,,,"Ground Water","1",,,,,,,,,,
,,,,,,,,,,,,,,"Groundwater","1",,,,,,,,,,
,,,,,,,,,,,,,,"Groundwater Pollution","1",,,,,,,,,,
,,,,,,,,,,,,,,"Groundwater Quality","1",,,,,,,,,,
,,,,,,,,,,,,,,"Groundwater Resources","1",,,,,,,,,,
,,,,,,,,,,,,,,"Growth Kinetics","1",,,,,,,,,,
,,,,,,,,,,,,,,"Growth Rate","1",,,,,,,,,,
,,,,,,,,,,,,,,"Hair","1",,,,,,,,,,
,,,,,,,,,,,,,,"Headwater","1",,,,,,,,,,
