﻿Scopus refine results values

"Your query : ((TITLE-ABS-KEY((Boreal OR {James Bay} OR James-Bay OR {Clay Belt} OR {canadian shield}) AND Quebec) AND PUBYEAR > 1999 AND PUBYEAR < 2020) AND (TITLE-ABS-KEY(Species AND (Distribution OR Extinct* OR Invasi*  OR Transition Or exotic)) AND PUBYEAR > 1999 AND PUBYEAR < 2020) AND (TITLE-ABS-KEY((wildlife OR fish OR moose OR beaver OR caribou OR goose OR geese) AND  (health OR disease OR contamination OR {heavy metal} OR  parasite OR stress OR {heavy metal} OR Mercury OR  {persistent organic pollutant} OR Toxic* OR Arsenic OR Lead OR cadmium)) AND PUBYEAR > 1999 AND PUBYEAR < 2020))"


Number of results : 6

"ACCESS TYPE",,"YEAR",,"AUTHOR NAME",,"SUBJECT AREA",,"DOCUMENT TYPE",,"PUBLICATION STAGE",,"SOURCE TITLE",,"KEYWORD",,"AFFILIATION",,"FUNDING SPONSOR",,"COUNTRY",,"SOURCE TYPE",,"LANGUAGE",
"Open Access","3","2017","1","Babo, S.","1","Agricultural and Biological Sciences","3","Article","5","final","6","Plos One","2","Quebec","4","University of Montreal","2","Hydro-QuÃ©bec","1","Canada","6","Journals","6","English","5"
"Other","3","2014","1","Beauchesne, D.","1","Biochemistry, Genetics and Molecular Biology","2","Review","1",,,"American Naturalist","1","Animals","3","University of Alberta","2","Natural Sciences and Engineering Research Council of Canada","1","United States","2",,,"French","1"
,,"2013","2","Buono, P.L.","1","Environmental Science","3",,,,,"Environmental Reviews","1","Canada","3","QSAR Risk Assessment Service","1","Undefined","4","Finland","1",,,,
,,"2002","2","Cameron, E.K.","1","Multidisciplinary","2",,,,,"Human And Ecological Risk Assessment","1","Ecosystem","3","Castonguay and Dandenault Inc.","1",,,"Germany","1",,,,
,,,,"Carignan, R.","1",,,,,,,"Revue Des Sciences De L Eau","1","Reindeer","3","Ontario Tech University","1",,,,,,,,
,,,,"Carrier, G.","1",,,,,,,,,"Animal Distribution","2","Great Lakes Forestry Centre","1",,,,,,,,
,,,,"Courbin, N.","1",,,,,,,,,"Article","2","Helsingin Yliopisto","1",,,,,,,,
,,,,"Courtois, R.","1",,,,,,,,,"Boreal","2","Université du Québec à Rimouski","1",,,,,,,,
,,,,"DeMerchant, I.","1",,,,,,,,,"Conservation Of Natural Resources","2","Canadian Forest Service","1",,,,,,,,
,,,,"Dussault, C.","1",,,,,,,,,"Female","2","Harvard University","1",,,,,,,,
,,,,"Ferreira, C.","1",,,,,,,,,"Human","2","Ontario Ministry of Natural Resources","1",,,,,,,,
,,,,"Foottit, R.","1",,,,,,,,,"Nonhuman","2","University of Waterloo","1",,,,,,,,
,,,,"Fortin, A.","1",,,,,,,,,"Taiga","2","Washington State University Pullman","1",,,,,,,,
,,,,"Fortin, D.","1",,,,,,,,,"Tree","2","Helmholtz Zentrum für Umweltforschung","1",,,,,,,,
,,,,"Jaeger, J.A.G.","1",,,,,,,,,"Trees","2","Agriculture et Agroalimentaire Canada","1",,,,,,,,
,,,,"Langor, D.W.","1",,,,,,,,,"Abundance","1","Université du Québec à Trois-Rivières","1",,,,,,,,
,,,,"Loranger, S.","1",,,,,,,,,"Advection-diffusion Model","1","Hydro-Quebec","1",,,,,,,,
,,,,"MacQuarrie, C.J.K.","1",,,,,,,,,"Agricultural Landscapes","1","Natural Resources Canada","1",,,,,,,,
,,,,"Magnan, P.","1",,,,,,,,,"Animal","1","Université du Québec à Montréal","1",,,,,,,,
,,,,"Majchrzak, Y.N.","1",,,,,,,,,"Animal Behavior","1","Trent University","1",,,,,,,,
,,,,"McBeath, A.","1",,,,,,,,,"Animal Dispersal","1","Northern Forestry Centre","1",,,,,,,,
,,,,"McClay, A.","1",,,,,,,,,"Animal Movement","1","Pacific Forestry Centre","1",,,,,,,,
,,,,"Moorcroft, P.R.","1",,,,,,,,,"Anthropogenic Effect","1","Université Laval","1",,,,,,,,
,,,,"Murray, D.L.","1",,,,,,,,,"Bacillariophyta","1","Concordia University","1",,,,,,,,
,,,,"Peers, M.J.L.","1",,,,,,,,,"Behavior, Animal","1","Ministère de l‘Energie et des Ressources naturelles du Québec","1",,,,,,,,
,,,,"Peter, B.","1",,,,,,,,,"Biodiversity","1","Alberta Sustainable Resource Development","1",,,,,,,,
,,,,"Piché, L.","1",,,,,,,,,"Biological Controls","1","Panthera USA","1",,,,,,,,
,,,,"Pickles, R.S.A.","1",,,,,,,,,"Biological Invasion","1",,,,,,,,,,
,,,,"Pinel-Alloul, B.","1",,,,,,,,,"Biological Model","1",,,,,,,,,,
,,,,"Planas, D.","1",,,,,,,,,"Biomarker","1",,,,,,,,,,
,,,,"Plante, M.","1",,,,,,,,,"Biota","1",,,,,,,,,,
,,,,"Pohl, G.R.","1",,,,,,,,,"Boreal Forest","1",,,,,,,,,,
,,,,"Pybus, M.","1",,,,,,,,,"Catostomus Commersoni","1",,,,,,,,,,
,,,,"Ramsfield, T.","1",,,,,,,,,"Cellular Organisms","1",,,,,,,,,,
,,,,"Row, J.R.","1",,,,,,,,,"Climate","1",,,,,,,,,,
,,,,"Ryall, K.","1",,,,,,,,,"Climate Change","1",,,,,,,,,,
,,,,"Sauvé, S.","1",,,,,,,,,"Clinical Article","1",,,,,,,,,,
,,,,"Scarr, T.","1",,,,,,,,,"Community Structure","1",,,,,,,,,,
,,,,"Schetagne, R.","1",,,,,,,,,"Crustacea","1",,,,,,,,,,
,,,,"St-Laurent, M.H.","1",,,,,,,,,"Decision Making","1",,,,,,,,,,
,,,,"Thornton, D.H.","1",,,,,,,,,"Deer","1",,,,,,,,,,
,,,,"Tye Gingras, C.","1",,,,,,,,,"Disturbance","1",,,,,,,,,,
,,,,"Wehtje, M.","1",,,,,,,,,"Drainage","1",,,,,,,,,,
,,,,"Yemshanov, D.","1",,,,,,,,,"Driver","1",,,,,,,,,,
,,,,"Émard, B.","1",,,,,,,,,"Ecological Impact","1",,,,,,,,,,
,,,,,,,,,,,,,,"Ecological Impacts","1",,,,,,,,,,
,,,,,,,,,,,,,,"Ecology","1",,,,,,,,,,
,,,,,,,,,,,,,,"Ecosystems","1",,,,,,,,,,
,,,,,,,,,,,,,,"Edge Effects","1",,,,,,,,,,
,,,,,,,,,,,,,,"Endangered Species","1",,,,,,,,,,
,,,,,,,,,,,,,,"Environmental Protection","1",,,,,,,,,,
,,,,,,,,,,,,,,"Fire Hazards","1",,,,,,,,,,
,,,,,,,,,,,,,,"Fish Ingestion","1",,,,,,,,,,
,,,,,,,,,,,,,,"Food Web","1",,,,,,,,,,
,,,,,,,,,,,,,,"Foraging Behavior","1",,,,,,,,,,
,,,,,,,,,,,,,,"Forest","1",,,,,,,,,,
,,,,,,,,,,,,,,"Forest Fire","1",,,,,,,,,,
,,,,,,,,,,,,,,"Forest Fires","1",,,,,,,,,,
,,,,,,,,,,,,,,"Forest Management","1",,,,,,,,,,
,,,,,,,,,,,,,,"Forestry","1",,,,,,,,,,
,,,,,,,,,,,,,,"Geographic Information System","1",,,,,,,,,,
,,,,,,,,,,,,,,"Geographic Information Systems","1",,,,,,,,,,
,,,,,,,,,,,,,,"Geography","1",,,,,,,,,,
,,,,,,,,,,,,,,"Global Positioning System","1",,,,,,,,,,
,,,,,,,,,,,,,,"Grouse","1",,,,,,,,,,
,,,,,,,,,,,,,,"Habitat Availability","1",,,,,,,,,,
,,,,,,,,,,,,,,"Habitat Loss","1",,,,,,,,,,
,,,,,,,,,,,,,,"Habitat Quality","1",,,,,,,,,,
,,,,,,,,,,,,,,"Habitat Use","1",,,,,,,,,,
,,,,,,,,,,,,,,"Hair Concentration","1",,,,,,,,,,
,,,,,,,,,,,,,,"Harvesting","1",,,,,,,,,,
,,,,,,,,,,,,,,"Herbivore","1",,,,,,,,,,
,,,,,,,,,,,,,,"Human Disturbance","1",,,,,,,,,,
,,,,,,,,,,,,,,"Humans","1",,,,,,,,,,
,,,,,,,,,,,,,,"Industrial Development","1",,,,,,,,,,
,,,,,,,,,,,,,,"Lake Ecosystem","1",,,,,,,,,,
,,,,,,,,,,,,,,"Lakes","1",,,,,,,,,,
,,,,,,,,,,,,,,"Landscape","1",,,,,,,,,,
,,,,,,,,,,,,,,"Methylmercury Exposure","1",,,,,,,,,,
,,,,,,,,,,,,,,"Models, Biological","1",,,,,,,,,,
,,,,,,,,,,,,,,"Models, Statistical","1",,,,,,,,,,
,,,,,,,,,,,,,,"Models, Theoretical","1",,,,,,,,,,
,,,,,,,,,,,,,,"Nature Conservation","1",,,,,,,,,,
,,,,,,,,,,,,,,"Non-native Species","1",,,,,,,,,,
,,,,,,,,,,,,,,"Numerical Model","1",,,,,,,,,,
,,,,,,,,,,,,,,"Ontario","1",,,,,,,,,,
,,,,,,,,,,,,,,"Parameterization","1",,,,,,,,,,
,,,,,,,,,,,,,,"Perca Flavescens","1",,,,,,,,,,
,,,,,,,,,,,,,,"Plankton","1",,,,,,,,,,
,,,,,,,,,,,,,,"Plants (botany)","1",,,,,,,,,,
,,,,,,,,,,,,,,"Population Distribution","1",,,,,,,,,,
,,,,,,,,,,,,,,"Population Dynamics","1",,,,,,,,,,
,,,,,,,,,,,,,,"Population Model","1",,,,,,,,,,
,,,,,,,,,,,,,,"Predation Risk","1",,,,,,,,,,
,,,,,,,,,,,,,,"Probability","1",,,,,,,,,,
,,,,,,,,,,,,,,"Psychological Aspect","1",,,,,,,,,,
,,,,,,,,,,,,,,"Recreational Fishing","1",,,,,,,,,,
,,,,,,,,,,,,,,"Risk","1",,,,,,,,,,
,,,,,,,,,,,,,,"Risk Management","1",,,,,,,,,,
,,,,,,,,,,,,,,"Risks","1",,,,,,,,,,
,,,,,,,,,,,,,,"Rotifera","1",,,,,,,,,,
,,,,,,,,,,,,,,"Species Composition","1",,,,,,,,,,
,,,,,,,,,,,,,,"Species Distribution","1",,,,,,,,,,
,,,,,,,,,,,,,,"Species Diversity","1",,,,,,,,,,
,,,,,,,,,,,,,,"Spring","1",,,,,,,,,,
,,,,,,,,,,,,,,"Statistical Model","1",,,,,,,,,,
,,,,,,,,,,,,,,"Summer","1",,,,,,,,,,
,,,,,,,,,,,,,,"Surveying","1",,,,,,,,,,
,,,,,,,,,,,,,,"Telemetry","1",,,,,,,,,,
,,,,,,,,,,,,,,"Theoretical Model","1",,,,,,,,,,
,,,,,,,,,,,,,,"Time","1",,,,,,,,,,
,,,,,,,,,,,,,,"Toxicokinetic Model","1",,,,,,,,,,
,,,,,,,,,,,,,,"Urban Transportation","1",,,,,,,,,,
,,,,,,,,,,,,,,"Water Quality","1",,,,,,,,,,
,,,,,,,,,,,,,,"Watersheds","1",,,,,,,,,,
,,,,,,,,,,,,,,"Wildfines","1",,,,,,,,,,
,,,,,,,,,,,,,,"Winter","1",,,,,,,,,,
,,,,,,,,,,,,,,"Woodland Caribou","1",,,,,,,,,,
,,,,,,,,,,,,,,,,,,,,,,,,,
,,,,,,,,,,,,,,,,,,,,,,,,,
,,,,,,,,,,,,,,,,,,,,,,,,,
,,,,,,,,,,,,,,,,,,,,,,,,,
,,,,,,,,,,,,,,,,,,,,,,,,,
,,,,,,,,,,,,,,,,,,,,,,,,,
,,,,,,,,,,,,,,,,,,,,,,,,,
,,,,,,,,,,,,,,,,,,,,,,,,,
,,,,,,,,,,,,,,,,,,,,,,,,,
,,,,,,,,,,,,,,,,,,,,,,,,,
,,,,,,,,,,,,,,,,,,,,,,,,,
,,,,,,,,,,,,,,,,,,,,,,,,,
,,,,,,,,,,,,,,,,,,,,,,,,,
,,,,,,,,,,,,,,,,,,,,,,,,,
,,,,,,,,,,,,,,,,,,,,,,,,,
,,,,,,,,,,,,,,,,,,,,,,,,,
,,,,,,,,,,,,,,,,,,,,,,,,,
,,,,,,,,,,,,,,,,,,,,,,,,,
,,,,,,,,,,,,,,,,,,,,,,,,,
,,,,,,,,,,,,,,,,,,,,,,,,,
,,,,,,,,,,,,,,,,,,,,,,,,,
,,,,,,,,,,,,,,,,,,,,,,,,,
,,,,,,,,,,,,,,,,,,,,,,,,,
,,,,,,,,,,,,,,,,,,,,,,,,,
,,,,,,,,,,,,,,,,,,,,,,,,,
,,,,,,,,,,,,,,,,,,,,,,,,,
,,,,,,,,,,,,,,,,,,,,,,,,,
,,,,,,,,,,,,,,,,,,,,,,,,,
,,,,,,,,,,,,,,,,,,,,,,,,,
,,,,,,,,,,,,,,,,,,,,,,,,,
,,,,,,,,,,,,,,,,,,,,,,,,,
,,,,,,,,,,,,,,,,,,,,,,,,,
,,,,,,,,,,,,,,,,,,,,,,,,,
,,,,,,,,,,,,,,,,,,,,,,,,,
,,,,,,,,,,,,,,,,,,,,,,,,,
,,,,,,,,,,,,,,,,,,,,,,,,,
,,,,,,,,,,,,,,,,,,,,,,,,,
,,,,,,,,,,,,,,,,,,,,,,,,,
,,,,,,,,,,,,,,,,,,,,,,,,,
,,,,,,,,,,,,,,,,,,,,,,,,,
,,,,,,,,,,,,,,,,,,,,,,,,,
,,,,,,,,,,,,,,,,,,,,,,,,,
