﻿Scopus refine results values

"Your query : ((TITLE-ABS-KEY((Boreal OR {James Bay} OR James-Bay OR {Clay Belt} OR {canadian shield}) AND Quebec) AND PUBYEAR > 1999 AND PUBYEAR < 2020) AND (TITLE-ABS-KEY(weather OR   Season* OR meteo*) AND PUBYEAR > 1999 AND PUBYEAR < 2020) AND (TITLE-ABS-KEY( soil  OR  ground  OR  {woody debris}  OR  microtopography  OR  micro-topography  AND NOT  {sediment core}  OR  {breeding ground}  OR  {spawning ground} ) AND PUBYEAR > 1999 AND PUBYEAR < 2020))"


Number of results : 60

"ACCESS TYPE",,"YEAR",,"AUTHOR NAME",,"SUBJECT AREA",,"DOCUMENT TYPE",,"PUBLICATION STAGE",,"SOURCE TITLE",,"KEYWORD",,"AFFILIATION",,"FUNDING SPONSOR",,"COUNTRY",,"SOURCE TYPE",,"LANGUAGE",
"Open Access","12","2019","5","Bergeron, Y.","15","Agricultural and Biological Sciences","38","Article","53","final","60","Canadian Journal Of Forest Research","6","Canada","45","Universite du Quebec en Abitibi-Temiscamingue","16","Natural Sciences and Engineering Research Council of Canada","19","Canada","55","Journals","56","English","59"
"Other","48","2018","2","Morin, H.","9","Biochemistry, Genetics and Molecular Biology","7","Conference Paper","5",,,"Tree Physiology","4","Boreal Forest","36","Université Laval","13","Fonds QuÃ©bÃ©cois de la Recherche sur la Nature et les Technologies","4","United States","10","Conference Proceedings","3","French","1"
,,"2016","5","Houle, D.","8","Computer Science","3","Book Chapter","1",,,"Forest Ecology And Management","3","Quebec [Canada]","33","Canadian Forest Service","12","Environment Canada","2","Sweden","4","Books","1",,
,,"2015","5","Rossi, S.","5","Earth and Planetary Sciences","13","Review","1",,,"Applied Geochemistry","2","Forestry","23","Université du Québec à Montréal","12","Tembec","2","France","3",,,,
,,"2014","6","Bernier, M.","4","Environmental Science","40",,,,,"Dendrochronologia","2","Climate Change","21","Université du Québec à Chicoutimi","9","Canada Foundation for Innovation","1","Finland","2",,,,
,,"2013","4","Côté, B.","4","Multidisciplinary","2",,,,,"Ecological Modelling","2","Picea Mariana","19","Ministère de l‘Energie et des Ressources naturelles du Québec","9","Environment and Climate Change Canada","1","Germany","2",,,,
,,"2012","5","Deslauriers, A.","4","Pharmacology, Toxicology and Pharmaceutics","1",,,,,"Ecosystems","2","North America","15","McGill University","6","Fonds Québécois de la Recherche sur la Nature et les Technologies","1","Mexico","2",,,,
,,"2011","2","Duchesne, L.","4","Social Sciences","2",,,,,"Environmental Monitoring And Assessment","2","Growing Season","12","Institut National de la Recherche Scientifique","6","Fonds de recherche du QuÃ©bec â Nature et technologies","1","Argentina","1",,,,
,,"2010","6","Poulin, J.","4",,,,,,,"Global Change Biology","2","Coniferous Tree","11","Consortium Ouranos, Canada","6","HEC Montréal","1","Burkina Faso","1",,,,
,,"2009","3","D'Orangeville, L.","3",,,,,,,"International Geoscience And Remote Sensing Symposium IGARSS","2","Growth Rate","9","Environment Canada","5","Hydro-QuÃ©bec","1","China","1",,,,
,,"2008","3","Drobyshev, I.","3",,,,,,,"New Forests","2","Picea","9","INRS- Centre Eau, Terre &amp; Environnement","5","Institute of Infection and Immunity","1","Iran","1",,,,
,,"2007","2","Gauthier, S.","3",,,,,,,"Trees Structure And Function","2","Soil Moisture","9","Natural Resources Canada","4","Ministry of the Environment, Government of Japan","1","Italy","1",,,,
,,"2005","3","Girardin, M.P.","3",,,,,,,"Agricultural And Forest Meteorology","1","Soils","9","University of Alberta","4","MinistÃ¨re des ForÃªts, de la Faune et des Parcs","1","Norway","1",,,,
,,"2004","2","Kalantari, P.","3",,,,,,,"Ambio","1","Article","8","University of Montreal","3","Mitacs","1","South Africa","1",,,,
,,"2003","2","Messier, C.","3",,,,,,,"Annals Of Forest Science","1","Quebec","8","Ministère des Forêts de la Faune et des Parcs","2","National Aeronautics and Space Administration","1",,,,,,
,,"2002","1","Munson, A.D.","3",,,,,,,"Archives Of Environmental Contamination And Toxicology","1","Seasonal Variation","8","Le réseau de l'Université du Québec","2","Natural Resources Canada","1",,,,,,
,,"2001","3","Paré, D.","3",,,,,,,"Biogeosciences","1","Temperature","8","Helsingin Yliopisto","2","Swedish Foundation for International Cooperation in Research and Higher Education","1",,,,,,
,,"2000","1","Thiffault, N.","3",,,,,,,"Botany","1","Abies Balsamea","7","Universite de Moncton","2","UniversitÃ© du QuÃ©bec en Abitibi-TÃ©miscamingue","1",,,,,,
,,,,"Barr, A.G.","2",,,,,,,"Canadian Journal Of Zoology","1","Ecosystems","7","The University of British Columbia","2","Université du Québec à Chicoutimi","1",,,,,,
,,,,"Bergeron, O.","2",,,,,,,"Canadian Water Resources Journal","1","Black Spruce","6","Polytechnique Montréal","2","Undefined","37",,,,,,
,,,,"Berninger, F.","2",,,,,,,"Ecological Applications","1","Boreal Forests","6","Hydro-Quebec","2",,,,,,,,
,,,,"Black, T.A.","2",,,,,,,"Ecology","1","Climate","6","Sveriges lantbruksuniversitet","2",,,,,,,,
,,,,"Brais, S.","2",,,,,,,"Ecology And Evolution","1","Coniferous Forest","6","Conseil de recherches en sciences naturelles et en génie du Canada","2",,,,,,,,
,,,,"Béland, M.","2",,,,,,,"Forest Science","1","Drought","6","Universidad Nacional Autónoma de México","2",,,,,,,,
,,,,"Courchesne, F.","2",,,,,,,"Forestry Chronicle","1","Global Warming","6","McGill University, Macdonald Campus","2",,,,,,,,
,,,,"Cumming, S.G.","2",,,,,,,"Frontiers In Plant Science","1","Harvesting","6","Ministère des Forêts de la Faune et des Parcs du Québec","1",,,,,,,,
,,,,"Dunn, A.L.","2",,,,,,,"Global Biogeochemical Cycles","1","Nitrogen","6","Ministère des Forêts","1",,,,,,,,
,,,,"Flannigan, M.","2",,,,,,,"Hydrological Processes","1","Photosynthesis","6","Institut de l'Environnement et de Recherches Agricoles","1",,,,,,,,
,,,,"Gagnon, C.","2",,,,,,,"International Archives Of The Photogrammetry Remote Sensing And Spatial Information Sciences ISPRS Archives","1","Precipitation (climatology)","6","Southern Swedish Forest Research Centre","1",,,,,,,,
,,,,"Grant, R.F.","2",,,,,,,"Intraplate Earthquakes","1","Soil","6","Universit́ du Qúbec ̀ Rimouski","1",,,,,,,,
,,,,"Kneeshaw, D.","2",,,,,,,"Journal Of Biogeography","1","Tree","6","CUNY Environmental Crossroads Initiative","1",,,,,,,,
,,,,"Margolis, H.A.","2",,,,,,,"Journal Of Geophysical Research Atmospheres","1","Tree Ring","6","NSERC Northern Research Chair","1",,,,,,,,
,,,,"McDonal, K.C.","2",,,,,,,"Journal Of Geophysical Research Biogeosciences","1","Trees","6","Centre d’étude de la forêt CEF","1",,,,,,,,
,,,,"Messaoud, Y.","2",,,,,,,"Journal Of Hydrology","1","Abies","5","Ecl. Sup. d'Agriculture de Purpan","1",,,,,,,,
,,,,"Miquelajauregui, Y.","2",,,,,,,"Marine And Freshwater Research","1","Physiology","5","Ministère des Forêts","1",,,,,,,,
,,,,"Nadeau, D.F.","2",,,,,,,"Plant And Soil","1","Soil Temperature","5","CUNY Environmental Crossroads Initiative","1",,,,,,,,
,,,,"Rousseau, A.N.","2",,,,,,,"Plos One","1","Spruce","5","Consortium sur la climatologie régionale et l’adaptation aux changements climatiques","1",,,,,,,,
,,,,"Anctil, F.","1",,,,,,,"Remote Sensing","1","Vegetation","5","INRS","1",,,,,,,,
,,,,"Arseneault, D.","1",,,,,,,"Revue Des Sciences De L Eau","1","Carbon Dioxide","4","CUNY Environmental Crossroads Initiative","1",,,,,,,,
,,,,"Asselin, H.","1",,,,,,,"Science","1","Computer Simulation","4","University of Colorado Boulder","1",,,,,,,,
,,,,"Asselin, M.H.","1",,,,,,,"Tree Ring Research","1","Ecosystem","4","Università degli Studi di Padova","1",,,,,,,,
,,,,"Augustin, F.","1",,,,,,,,,"Eddy Covariance","4","Center for Ocean-Land-Atmosphere Studies","1",,,,,,,,
,,,,"Baconnet, M.","1",,,,,,,,,"Forests","4","Universidad Nacional de Tucuman UNT","1",,,,,,,,
,,,,"Beauchamp, G.","1",,,,,,,,,"Growth, Development And Aging","4","Université du Québec à Rimouski","1",,,,,,,,
,,,,"Belien, E.","1",,,,,,,,,"Limiting Factor","4","Sewanee: The University of the South","1",,,,,,,,
,,,,"Belleau, A.","1",,,,,,,,,"Logging (timber)","4","Harvard Forest","1",,,,,,,,
,,,,"Bernier, P.Y.","1",,,,,,,,,"Phenology","4","INRS Institut National de Recherche et de Sécurité","1",,,,,,,,
,,,,"Boudreau, S.","1",,,,,,,,,"Pinus Banksiana","4","Harvard University","1",,,,,,,,
,,,,"Brodeur, V.","1",,,,,,,,,"Plants (botany)","4","University of KwaZulu-Natal","1",,,,,,,,
,,,,"Bégin, Y.","1",,,,,,,,,"Populus Tremuloides","4","University at Albany","1",,,,,,,,
,,,,"Bélanger, D.","1",,,,,,,,,"Precipitation (meteorology)","4","University of Toronto","1",,,,,,,,
,,,,"Bélanger, L.","1",,,,,,,,,"Rain","4","University of Winnipeg","1",,,,,,,,
,,,,"Calmels, S.","1",,,,,,,,,"Remote Sensing","4","Carleton University","1",,,,,,,,
,,,,"Camire, M.","1",,,,,,,,,"Seasonality","4","Geological Survey of Canada","1",,,,,,,,
,,,,"Camiré, C.","1",,,,,,,,,"Seasons","4","Chinese Academy of Sciences","1",,,,,,,,
,,,,"Carcaillet, C.","1",,,,,,,,,"Seedling","4","Norwegian Institute for Nature Research","1",,,,,,,,
,,,,"Chalifour, D.","1",,,,,,,,,"Wildfire","4","Université du Québec en Outaouais","1",,,,,,,,
,,,,"Chokmani, K.","1",,,,,,,,,"Anatomy","3","Max Planck Institute for Biogeochemistry","1",,,,,,,,
,,,,"Cloutier, V.","1",,,,,,,,,"Atmospheric Deposition","3","Worcester State University","1",,,,,,,,
,,,,"Cloutier-Hurteau, B.","1",,,,,,,,,"Biological Model","3","Indiana University Bloomington","1",,,,,,,,
,,,,"Corbani, A.C.","1",,,,,,,,,"Catchments","3","University of Virginia","1",,,,,,,,
,,,,"Coursolle, C.","1",,,,,,,,,"Climate Effect","3","Université Claude Bernard Lyon 1","1",,,,,,,,
,,,,"Courtois, R.","1",,,,,,,,,"Climate Warming","3","École Pratique des Hautes Etudes","1",,,,,,,,
,,,,"Couture, S.","1",,,,,,,,,"Climatology","3","Umeå Universitet","1",,,,,,,,
,,,,"Couture, É.","1",,,,,,,,,"Cytology","3","Northern Forestry Centre","1",,,,,,,,
,,,,"Coyea, M.R.","1",,,,,,,,,"Deciduous Forest","3","University of Wisconsin-Madison","1",,,,,,,,
,,,,"Dabros, A.","1",,,,,,,,,"Dendrochronology","3","Concordia University","1",,,,,,,,
,,,,"Dansereau, M.","1",,,,,,,,,"Dendroclimatology","3","Forstliche Versuchs- und Forschungsanstalt Baden-Württemberg","1",,,,,,,,
,,,,"Dao, M.C.E.","1",,,,,,,,,"Environmental Monitoring","3","Leibniz-Zentrum für Agrarlandschaftsforschung ZALF e. V.","1",,,,,,,,
,,,,"De Barba, D.","1",,,,,,,,,"Forest Ecosystem","3","Woods Hole Research Center","1",,,,,,,,
,,,,"De Sève, D.","1",,,,,,,,,"Forest Floor","3",,,,,,,,,,
,,,,"Del Giorgio, P.A.","1",,,,,,,,,"Greenhouse Effect","3",,,,,,,,,,
,,,,"Denneler, B.","1",,,,,,,,,"Growth Response","3",,,,,,,,,,
,,,,"DesRochers, A.","1",,,,,,,,,"Isotopes","3",,,,,,,,,,
,,,,"Desrochers, A.","1",,,,,,,,,"Lake Duparquet","3",,,,,,,,,,
,,,,"Dufour, B.","1",,,,,,,,,"Meteorology","3",,,,,,,,,,
,,,,"D’Orangeville, L.","1",,,,,,,,,"Natural Regeneration","3",,,,,,,,,,
,,,,"Ensminger, I.","1",,,,,,,,,"Net Ecosystem Exchange","3",,,,,,,,,,
,,,,"Fortin, C.","1",,,,,,,,,"Nonhuman","3",,,,,,,,,,
,,,,"Fortin, D.","1",,,,,,,,,"Picea Glauca","3",,,,,,,,,,
,,,,"Fréchette, E.","1",,,,,,,,,"Reconstruction","3",,,,,,,,,,
,,,,"Fyles, J.W.","1",,,,,,,,,"Regression Analysis","3",,,,,,,,,,
,,,,"Garneau, M.","1",,,,,,,,,"Respiration","3",,,,,,,,,,
,,,,"Gauthier, Y.","1",,,,,,,,,"Runoff","3",,,,,,,,,,
,,,,"Genries, A.","1",,,,,,,,,"SMOS","3",,,,,,,,,,
,,,,"Gessler, A.","1",,,,,,,,,"Scarification","3",,,,,,,,,,
,,,,"Gewehr, S.","1",,,,,,,,,"Season","3",,,,,,,,,,
,,,,"Glaz, P.N.","1",,,,,,,,,"Soil Organic Matter","3",,,,,,,,,,
,,,,"Goudiaby, V.","1",,,,,,,,,"Soil Warming","3",,,,,,,,,,
,,,,"Greene, D.","1",,,,,,,,,"Solar Radiation","3",,,,,,,,,,
,,,,"Grondin, P.","1",,,,,,,,,"Spatiotemporal Analysis","3",,,,,,,,,,
,,,,"Hachey, M.H.","1",,,,,,,,,"Survival","3",,,,,,,,,,
,,,,"Hall, R.J.","1",,,,,,,,,"Taiga","3",,,,,,,,,,
,,,,"Hartmann, H.","1",,,,,,,,,"Thuja Occidentalis","3",,,,,,,,,,
,,,,"Harvey, B.D.","1",,,,,,,,,"Water","3",,,,,,,,,,
,,,,"Harvey, R.","1",,,,,,,,,"Water Stress","3",,,,,,,,,,
,,,,"Hofgaard, A.","1",,,,,,,,,"Weather","3",,,,,,,,,,
,,,,"Housset, J.M.","1",,,,,,,,,"Xylem","3",,,,,,,,,,
,,,,"Hély, C.","1",,,,,,,,,"Xylogenesis","3",,,,,,,,,,
,,,,"Isabelle, P.E.","1",,,,,,,,,"Abundance","2",,,,,,,,,,
,,,,"Jacome, A.","1",,,,,,,,,"Air Temperature","2",,,,,,,,,,
,,,,"Jobidon, R.","1",,,,,,,,,"Algorithms","2",,,,,,,,,,
,,,,"Jutras, S.","1",,,,,,,,,"Animals","2",,,,,,,,,,
,,,,"Lamontagne, M.","1",,,,,,,,,"Atmospheric Temperature","2",,,,,,,,,,
,,,,"Larivière, N.","1",,,,,,,,,"Balsam Fir","2",,,,,,,,,,
,,,,"Lauzon, E.","1",,,,,,,,,"Basal Area","2",,,,,,,,,,
,,,,"Lefebvre, R.","1",,,,,,,,,"Biodiversity","2",,,,,,,,,,
,,,,"Lieffers, V.J.","1",,,,,,,,,"Biogeochemical Cycle","2",,,,,,,,,,
,,,,"Lupi, C.","1",,,,,,,,,"Biology","2",,,,,,,,,,
,,,,"Lévesque, D.","1",,,,,,,,,"Biomass","2",,,,,,,,,,
,,,,"Marchand, W.","1",,,,,,,,,"Budget Control","2",,,,,,,,,,
,,,,"Marty, C.","1",,,,,,,,,"Calcium","2",,,,,,,,,,
,,,,"McDonald, K.C.","1",,,,,,,,,"Canadian Shield","2",,,,,,,,,,
,,,,"McRae, D.","1",,,,,,,,,"Canopy Architecture","2",,,,,,,,,,
,,,,"Mekonnen, Z.A.","1",,,,,,,,,"Carbon","2",,,,,,,,,,
,,,,"Minville, M.","1",,,,,,,,,"Carbon Flux","2",,,,,,,,,,
,,,,"Moore, T.R.","1",,,,,,,,,"Carbon Sequestration","2",,,,,,,,,,
,,,,"Morneau, C.","1",,,,,,,,,"Carbon Stocks","2",,,,,,,,,,
,,,,"Musselman, K.N.","1",,,,,,,,,"Cell Production","2",,,,,,,,,,
,,,,"Nozais, C.","1",,,,,,,,,"Cell-wall Thickness","2",,,,,,,,,,
,,,,"Oreiller, M.","1",,,,,,,,,"Cells","2",,,,,,,,,,
,,,,"Ouellet, J.P.","1",,,,,,,,,"Chamaecyparis","2",,,,,,,,,,
,,,,"Payette, S.","1",,,,,,,,,"Clay","2",,,,,,,,,,
,,,,"Pederson, N.","1",,,,,,,,,"Clay Soil","2",,,,,,,,,,
,,,,"Pelletier, L.","1",,,,,,,,,"Climate Models","2",,,,,,,,,,
,,,,"Pitre, N.","1",,,,,,,,,"Competition (ecology)","2",,,,,,,,,,
,,,,"Plamondon, A.P.","1",,,,,,,,,"Coniferophyta","2",,,,,,,,,,
,,,,"Plante, X.","1",,,,,,,,,"Controlled Study","2",,,,,,,,,,
,,,,"Prairie, Y.T.","1",,,,,,,,,"Correlation","2",,,,,,,,,,
,,,,"Quideau, S.A.","1",,,,,,,,,"Deciduous Tree","2",,,,,,,,,,
,,,,"Ranalli, G.","1",,,,,,,,,"Decomposition","2",,,,,,,,,,
,,,,"Rey, N.","1",,,,,,,,,"Dendroecology","2",,,,,,,,,,
,,,,"Rochon, P.","1",,,,,,,,,"Ecology","2",,,,,,,,,,
,,,,"Rosa, E.","1",,,,,,,,,"Ecosys","2",,,,,,,,,,
,,,,"Rousseau, A.N.","1",,,,,,,,,"Environmental Factor","2",,,,,,,,,,
,,,,"Schwalm, C.","1",,,,,,,,,"Environmental Factors","2",,,,,,,,,,
,,,,"Simard, M.","1",,,,,,,,,"Evergreen Tree","2",,,,,,,,,,
,,,,"Smith, C.K.","1",,,,,,,,,"Fire Behavior","2",,,,,,,,,,
,,,,"Soucémarianadin, L.N.","1",,,,,,,,,"Fire History","2",,,,,,,,,,
,,,,"Stadt, K.J.","1",,,,,,,,,"Fire Severity","2",,,,,,,,,,
,,,,"Tardif, J.","1",,,,,,,,,"Fires","2",,,,,,,,,,
,,,,"Teodoru, C.R.","1",,,,,,,,,"Forest","2",,,,,,,,,,
,,,,"Thiffault, E.","1",,,,,,,,,"Forest Fire","2",,,,,,,,,,
,,,,"Tremblay, Y.","1",,,,,,,,,"Forest Fires","2",,,,,,,,,,
,,,,"Trottier-Picard, A.","1",,,,,,,,,"Forest Management","2",,,,,,,,,,
,,,,"Turgeon, J.M.L.","1",,,,,,,,,"Forested Catchment","2",,,,,,,,,,
,,,,"Turmel, M.C.","1",,,,,,,,,"Forestry Production","2",,,,,,,,,,
,,,,"Vasseur, C.","1",,,,,,,,,"Freezing","2",,,,,,,,,,
,,,,"Walsh, D.","1",,,,,,,,,"Frozen Soil","2",,,,,,,,,,
,,,,"Wang, W.C.","1",,,,,,,,,"Frozen Soils","2",,,,,,,,,,
,,,,"Wasylishen, R.E.","1",,,,,,,,,"Heat","2",,,,,,,,,,
,,,,"Wei, J.","1",,,,,,,,,"Hot Temperature","2",,,,,,,,,,
,,,,"Wofsy, S.C.","1",,,,,,,,,"Humidity","2",,,,,,,,,,
,,,,"Zarnovican, R.","1",,,,,,,,,"Humus","2",,,,,,,,,,
,,,,"Zhang, J.","1",,,,,,,,,"Hydrology","2",,,,,,,,,,
,,,,,,,,,,,,,,"Latitudinal Gradient","2",,,,,,,,,,
,,,,,,,,,,,,,,"Metabolism","2",,,,,,,,,,
,,,,,,,,,,,,,,"Mineralization","2",,,,,,,,,,
,,,,,,,,,,,,,,"Minerals","2",,,,,,,,,,
,,,,,,,,,,,,,,"Mixed Forest","2",,,,,,,,,,
