﻿Scopus refine results values

"Your query : ((TITLE-ABS-KEY((Boreal OR {James Bay} OR James-Bay OR {Clay Belt} OR {canadian shield}) AND (Canada OR Quebec OR Ontario OR newfoundland OR Alberta OR British-Columbia) ) AND PUBYEAR > 1999 AND PUBYEAR < 2020) AND (TITLE-ABS-KEY(weather OR   Season* OR meteo*) AND PUBYEAR > 1999 AND PUBYEAR < 2020) AND (TITLE-ABS-KEY({Water temperature} OR  {lake temperature} OR {River temperature} OR {stream temperature}) AND PUBYEAR > 1999 AND PUBYEAR < 2020))"


Number of results : 15

"ACCESS TYPE",,"YEAR",,"AUTHOR NAME",,"SUBJECT AREA",,"DOCUMENT TYPE",,"PUBLICATION STAGE",,"SOURCE TITLE",,"KEYWORD",,"AFFILIATION",,"FUNDING SPONSOR",,"COUNTRY",,"SOURCE TYPE",,"LANGUAGE",
"Open Access","3","2019","1","Hartmann, H.","2","Agricultural and Biological Sciences","7","Article","15","final","15","Hydrological Processes","2","Canada","12","Environment Canada","3","Natural Sciences and Engineering Research Council of Canada","2","Canada","12","Journals","15","English","15"
"Other","12","2017","1","Tremblay, A.","2","Biochemistry, Genetics and Molecular Biology","1",,,,,"Journal Of Paleolimnology","2","Water Temperature","9","Université Laval","3","Bundesministerium fÃ¼r Bildung und Forschung","1","United States","6",,,,
,,"2016","1","Aherne, J.","1","Earth and Planetary Sciences","7",,,,,"Atmosphere Ocean","1","Ice Cover","5","Slippery Rock University","2","Global Institute for Water Security, University of Saskatchewan","1","New Zealand","1",,,,
,,"2015","1","Baulch, H.M.","1","Engineering","1",,,,,"Canadian Field Naturalist","1","Lake","5","University of Alaska Fairbanks","2","Hydro-QuÃ©bec","1",,,,,,
,,"2014","1","Bussières, N.","1","Environmental Science","6",,,,,"Global Change Biology","1","Lakes","5","Hydro-Quebec","2","National Science Foundation","1",,,,,,
,,"2013","1","Cavaliere, E.","1","Multidisciplinary","1",,,,,"International Journal Of Environmental Research","1","Climate Change","4","Université du Québec à Montréal","2","Schweizerischer Nationalfonds zur FÃ¶rderung der Wissenschaftlichen Forschung","1",,,,,,
,,"2012","1","Duguay, C.R.","1",,,,,,,"Journal Of Geophysical Research Atmospheres","1","North America","4","McGill University","1","University of Saskatchewan","1",,,,,,
,,"2010","1","Feierabend, D.","1",,,,,,,"Journal Of Hydrometeorology","1","Quebec [Canada]","4","The Ohio State University","1","Undefined","11",,,,,,
,,"2009","2","Flato, G.M.","1",,,,,,,"Limnology And Oceanography","1","United States","4","University of Waikato","1",,,,,,,,
,,"2007","2","Gibson, J.J.","1",,,,,,,"Limnology And Oceanography Methods","1","Air Temperature","3","University of Arkansas - Fayetteville","1",,,,,,,,
,,"2006","1","Graham, M.D.","1",,,,,,,"Plos One","1","Lake Water","3","Ontario Ministry of the Environment","1",,,,,,,,
,,"2003","1","Hamilton, D.P.","1",,,,,,,"Remote Sensing Of Environment","1","Seasonal Variation","3","National Research Council Canada","1",,,,,,,,
,,"2002","1","Hausmann, S.","1",,,,,,,"Science Of The Total Environment","1","Snow","3","Western University","1",,,,,,,,
,,,,"Jeffries, M.O.","1",,,,,,,,,"Alaska","2","University of Saskatchewan","1",,,,,,,,
,,,,"Kielland, K.","1",,,,,,,,,"Article","2","Alberta Research Council","1",,,,,,,,
,,,,"Livingston, J.","1",,,,,,,,,"Artificial Neural Network","2","University of Alberta","1",,,,,,,,
,,,,"MacKay, M.D.","1",,,,,,,,,"Calibration","2","Trent University","1",,,,,,,,
,,,,"MacPherson, J.I.","1",,,,,,,,,"Carbon Dioxide","2","McMaster University","1",,,,,,,,
,,,,"Morris, K.","1",,,,,,,,,"Carbon Emission","2","York University","1",,,,,,,,
,,,,"Moser, K.","1",,,,,,,,,"Concentration (composition)","2",,,,,,,,,,
,,,,"Ménard, P.","1",,,,,,,,,"Dissolved Organic Carbon","2",,,,,,,,,,
,,,,"Pienitz, R.","1",,,,,,,,,"Environmental Monitoring","2",,,,,,,,,,
,,,,"Porinchu, D.","1",,,,,,,,,"Great Lakes [North America]","2",,,,,,,,,,
,,,,"Prairie, Y.T.","1",,,,,,,,,"Ice","2",,,,,,,,,,
,,,,"Rasilo, T.","1",,,,,,,,,"James Bay","2",,,,,,,,,,
,,,,"Roehm, C.","1",,,,,,,,,"Lacustrine Environment","2",,,,,,,,,,
,,,,"Rolland, N.","1",,,,,,,,,"Lake Erie","2",,,,,,,,,,
,,,,"Roulet, N.T.","1",,,,,,,,,"Multiple Regression","2",,,,,,,,,,
,,,,"Rouse, W.R.","1",,,,,,,,,"New York [United States]","2",,,,,,,,,,
,,,,"Seabert, T.A.","1",,,,,,,,,"Organic Carbon","2",,,,,,,,,,
,,,,"Stapleton, M.G.","1",,,,,,,,,"Paleolimnology","2",,,,,,,,,,
,,,,"Strachan, I.B.","1",,,,,,,,,"Principal Component Analysis","2",,,,,,,,,,
,,,,"Tanentzap, A.J.","1",,,,,,,,,"Remote Sensing","2",,,,,,,,,,
,,,,"Verseghy, D.","1",,,,,,,,,"Reservoir","2",,,,,,,,,,
,,,,"Verseghy, D.L.","1",,,,,,,,,"Season","2",,,,,,,,,,
,,,,"Vinebrooke, R.D.","1",,,,,,,,,"Seasons","2",,,,,,,,,,
,,,,"Wang, W.","1",,,,,,,,,"Shallow Lakes","2",,,,,,,,,,
,,,,"Watmough, S.A.","1",,,,,,,,,"Surface Water","2",,,,,,,,,,
,,,,"Whitfield, C.J.","1",,,,,,,,,"Temperature","2",,,,,,,,,,
,,,,"Yan, N.D.","1",,,,,,,,,"Thermodynamics","2",,,,,,,,,,
,,,,"del Giorgio, P.A.","1",,,,,,,,,"AVHRR","1",,,,,,,,,,
,,,,,,,,,,,,,,"Abundance","1",,,,,,,,,,
,,,,,,,,,,,,,,"Air","1",,,,,,,,,,
,,,,,,,,,,,,,,"Air-water Interaction","1",,,,,,,,,,
,,,,,,,,,,,,,,"Alberta","1",,,,,,,,,,
,,,,,,,,,,,,,,"Alberta , Canada","1",,,,,,,,,,
,,,,,,,,,,,,,,"Ammonia","1",,,,,,,,,,
,,,,,,,,,,,,,,"Ammonium Compounds","1",,,,,,,,,,
,,,,,,,,,,,,,,"Ammonium Derivative","1",,,,,,,,,,
,,,,,,,,,,,,,,"Analysis","1",,,,,,,,,,
,,,,,,,,,,,,,,"Aquatic Ecology","1",,,,,,,,,,
,,,,,,,,,,,,,,"Arctic","1",,,,,,,,,,
,,,,,,,,,,,,,,"Arctic Oscillation","1",,,,,,,,,,
,,,,,,,,,,,,,,"Atmosphere-biosphere Interaction","1",,,,,,,,,,
,,,,,,,,,,,,,,"Atmosphere-land Interaction","1",,,,,,,,,,
,,,,,,,,,,,,,,"Atmospheric Chemistry","1",,,,,,,,,,
,,,,,,,,,,,,,,"Atmospheric Depositions","1",,,,,,,,,,
,,,,,,,,,,,,,,"Atmospheric Forcing","1",,,,,,,,,,
,,,,,,,,,,,,,,"Atmospheric Humidity","1",,,,,,,,,,
,,,,,,,,,,,,,,"Atmospheric Pollution","1",,,,,,,,,,
,,,,,,,,,,,,,,"Bacillariophyta","1",,,,,,,,,,
,,,,,,,,,,,,,,"Barrier","1",,,,,,,,,,
,,,,,,,,,,,,,,"Barrier (equipment)","1",,,,,,,,,,
,,,,,,,,,,,,,,"Base Cations","1",,,,,,,,,,
,,,,,,,,,,,,,,"Bioaccumulation","1",,,,,,,,,,
,,,,,,,,,,,,,,"Boreal","1",,,,,,,,,,
,,,,,,,,,,,,,,"Boreal Catchments","1",,,,,,,,,,
,,,,,,,,,,,,,,"Boreal Forest","1",,,,,,,,,,
,,,,,,,,,,,,,,"Boreal Forests","1",,,,,,,,,,
,,,,,,,,,,,,,,"Boreal Lakes","1",,,,,,,,,,
,,,,,,,,,,,,,,"Boreal Landscape","1",,,,,,,,,,
,,,,,,,,,,,,,,"Boreal Peatlands","1",,,,,,,,,,
,,,,,,,,,,,,,,"Boundary Layer","1",,,,,,,,,,
,,,,,,,,,,,,,,"Bowen Ratio","1",,,,,,,,,,
,,,,,,,,,,,,,,"Buffalo","1",,,,,,,,,,
,,,,,,,,,,,,,,"Canada Lynx","1",,,,,,,,,,
,,,,,,,,,,,,,,"Canadian Arctic","1",,,,,,,,,,
,,,,,,,,,,,,,,"Carbon","1",,,,,,,,,,
,,,,,,,,,,,,,,"Carbon Budget","1",,,,,,,,,,
,,,,,,,,,,,,,,"Carbon Emissions","1",,,,,,,,,,
,,,,,,,,,,,,,,"Catchments","1",,,,,,,,,,
,,,,,,,,,,,,,,"Cation Exchanges","1",,,,,,,,,,
,,,,,,,,,,,,,,"Chemical Analysis","1",,,,,,,,,,
,,,,,,,,,,,,,,"Chemistry","1",,,,,,,,,,
,,,,,,,,,,,,,,"Chironomidae","1",,,,,,,,,,
,,,,,,,,,,,,,,"Chironomids","1",,,,,,,,,,
,,,,,,,,,,,,,,"Churchill","1",,,,,,,,,,
,,,,,,,,,,,,,,"Climate","1",,,,,,,,,,
,,,,,,,,,,,,,,"Climate Conditions","1",,,,,,,,,,
,,,,,,,,,,,,,,"Climate Modeling","1",,,,,,,,,,
,,,,,,,,,,,,,,"Climate Models","1",,,,,,,,,,
,,,,,,,,,,,,,,"Climate Prediction","1",,,,,,,,,,
,,,,,,,,,,,,,,"Community Dynamics","1",,,,,,,,,,
,,,,,,,,,,,,,,"Computer Simulation","1",,,,,,,,,,
,,,,,,,,,,,,,,"Concentration (parameter)","1",,,,,,,,,,
,,,,,,,,,,,,,,"Controlled Study","1",,,,,,,,,,
,,,,,,,,,,,,,,"Copepoda","1",,,,,,,,,,
,,,,,,,,,,,,,,"Degassing","1",,,,,,,,,,
,,,,,,,,,,,,,,"Deuterium","1",,,,,,,,,,
,,,,,,,,,,,,,,"Deuterium Excess","1",,,,,,,,,,
,,,,,,,,,,,,,,"Diatom","1",,,,,,,,,,
,,,,,,,,,,,,,,"Diatoms","1",,,,,,,,,,
,,,,,,,,,,,,,,"Diffusion","1",,,,,,,,,,
,,,,,,,,,,,,,,"Dispersal","1",,,,,,,,,,
,,,,,,,,,,,,,,"Dissolution","1",,,,,,,,,,
,,,,,,,,,,,,,,"Dissolved Organic Matter","1",,,,,,,,,,
,,,,,,,,,,,,,,"Dynamics","1",,,,,,,,,,
,,,,,,,,,,,,,,"Eastmain-1 Reservoir","1",,,,,,,,,,
,,,,,,,,,,,,,,"Eddy Covariance","1",,,,,,,,,,
,,,,,,,,,,,,,,"Eddy Covariance Measurements","1",,,,,,,,,,
,,,,,,,,,,,,,,"Energy Balance Components","1",,,,,,,,,,
,,,,,,,,,,,,,,"Energy Flux","1",,,,,,,,,,
,,,,,,,,,,,,,,"Energy Transfer","1",,,,,,,,,,
,,,,,,,,,,,,,,"Environmental Factor","1",,,,,,,,,,
,,,,,,,,,,,,,,"Environmental Modeling","1",,,,,,,,,,
,,,,,,,,,,,,,,"Eutrophication","1",,,,,,,,,,
,,,,,,,,,,,,,,"Evaporative Concentration","1",,,,,,,,,,
,,,,,,,,,,,,,,"Fairbanks","1",,,,,,,,,,
,,,,,,,,,,,,,,"Felid","1",,,,,,,,,,
,,,,,,,,,,,,,,"Fen","1",,,,,,,,,,
,,,,,,,,,,,,,,"Fen Complexes","1",,,,,,,,,,
,,,,,,,,,,,,,,"Fly","1",,,,,,,,,,
,,,,,,,,,,,,,,"Forecasting Method","1",,,,,,,,,,
,,,,,,,,,,,,,,"Forest","1",,,,,,,,,,
,,,,,,,,,,,,,,"Forestry","1",,,,,,,,,,
,,,,,,,,,,,,,,"Fossil Assemblage","1",,,,,,,,,,
,,,,,,,,,,,,,,"Fossil Record","1",,,,,,,,,,
,,,,,,,,,,,,,,"GPS","1",,,,,,,,,,
,,,,,,,,,,,,,,"Genetic Structure","1",,,,,,,,,,
,,,,,,,,,,,,,,"Geography","1",,,,,,,,,,
,,,,,,,,,,,,,,"Geopotential","1",,,,,,,,,,
,,,,,,,,,,,,,,"Glacier Flow","1",,,,,,,,,,
,,,,,,,,,,,,,,"Global Change","1",,,,,,,,,,
,,,,,,,,,,,,,,"Great Lakes","1",,,,,,,,,,
,,,,,,,,,,,,,,"Great Plains","1",,,,,,,,,,
,,,,,,,,,,,,,,"Greenhouse Effect","1",,,,,,,,,,
,,,,,,,,,,,,,,"Greenhouse Gases (GHG)","1",,,,,,,,,,
,,,,,,,,,,,,,,"Ground Water Discharge","1",,,,,,,,,,
,,,,,,,,,,,,,,"Groundwater","1",,,,,,,,,,
,,,,,,,,,,,,,,"Habitat Fragmentation","1",,,,,,,,,,
,,,,,,,,,,,,,,"High Temporal Resolution","1",,,,,,,,,,
,,,,,,,,,,,,,,"Home Range","1",,,,,,,,,,
,,,,,,,,,,,,,,"Hydraulic Turbines","1",,,,,,,,,,
,,,,,,,,,,,,,,"Hydroelectric Power","1",,,,,,,,,,
,,,,,,,,,,,,,,"Hydroelectric Power Plant","1",,,,,,,,,,
,,,,,,,,,,,,,,"Hydroelectric Power Plants","1",,,,,,,,,,
,,,,,,,,,,,,,,"Hydroelectric Reservoirs","1",,,,,,,,,,
,,,,,,,,,,,,,,"Hydrology","1",,,,,,,,,,
,,,,,,,,,,,,,,"Hydrometeorology","1",,,,,,,,,,
,,,,,,,,,,,,,,"Hydropower","1",,,,,,,,,,
,,,,,,,,,,,,,,"Ice Thickness","1",,,,,,,,,,
,,,,,,,,,,,,,,"Ice-cover Variability","1",,,,,,,,,,
,,,,,,,,,,,,,,"In Situ Measurement","1",,,,,,,,,,
,,,,,,,,,,,,,,"Inference Model","1",,,,,,,,,,
,,,,,,,,,,,,,,"Influence Surfaces","1",,,,,,,,,,
,,,,,,,,,,,,,,"Infrared Radiation","1",,,,,,,,,,
,,,,,,,,,,,,,,"Interfacial Energy","1",,,,,,,,,,
,,,,,,,,,,,,,,"Isotopic Composition","1",,,,,,,,,,
,,,,,,,,,,,,,,"Isotopic Enrichment","1",,,,,,,,,,
,,,,,,,,,,,,,,"Kinetic Energy","1",,,,,,,,,,
