﻿Scopus refine results values

"Your query : ((TITLE-ABS-KEY((Boreal OR {James Bay} OR James-Bay OR {Clay Belt} OR {canadian shield}) AND (Canada OR Quebec OR Ontario OR newfoundland OR Alberta OR British-Columbia) ) AND PUBYEAR > 1999 AND PUBYEAR < 2020) AND (TITLE-ABS-KEY(Silvicultur* OR Intensive OR {Site preparation}   OR Plantation OR   {Tree planting}) AND PUBYEAR > 1999 AND PUBYEAR < 2020) AND (TITLE-ABS-KEY( soil  OR  ground  OR  {woody debris}  OR  microtopography  OR  micro-topography  AND NOT  {sediment core}  OR  {breeding ground}  OR  {spawning ground} ) AND PUBYEAR > 1999 AND PUBYEAR < 2020))"


Number of results : 181

"ACCESS TYPE",,"YEAR",,"AUTHOR NAME",,"SUBJECT AREA",,"DOCUMENT TYPE",,"PUBLICATION STAGE",,"SOURCE TITLE",,"KEYWORD",,"AFFILIATION",,"FUNDING SPONSOR",,"COUNTRY",,"SOURCE TYPE",,"LANGUAGE",
"Open Access","23","2019","9","Bergeron, Y.","18","Agricultural and Biological Sciences","163","Article","161","final","181","Forest Ecology And Management","44","Canada","144","Canadian Forest Service","46","Natural Sciences and Engineering Research Council of Canada","41","Canada","177","Journals","176","English","178"
"Other","158","2018","14","Thiffault, N.","14","Biochemistry, Genetics and Molecular Biology","4","Conference Paper","8",,,"Forestry Chronicle","25","Boreal Forest","107","University of Alberta","30","Natural Resources Canada","10","United States","15","Books","3","French","4"
,,"2017","7","Paré, D.","9","Computer Science","2","Review","8",,,"Canadian Journal Of Forest Research","24","Forestry","104","Universite du Quebec en Abitibi-Temiscamingue","25","Fonds QuÃ©bÃ©cois de la Recherche sur la Nature et les Technologies","9","China","5","Trade Publications","1","Spanish","1"
,,"2016","13","Chang, S.X.","8","Decision Sciences","4","Book Chapter","3",,,"New Forests","10","Silviculture","65","Université du Québec à Montréal","25","Ministry of Natural Resources","9","Germany","3","Conference Proceedings","1",,
,,"2015","8","Bedford, L.","7","Earth and Planetary Sciences","8","Short Survey","1",,,"Silva Fennica","5","Harvesting","49","Université Laval","19","Canadian Forest Service","7","Japan","3",,,,
,,"2014","5","Fenton, N.J.","6","Energy","3",,,,,"Ecoscience","4","Soils","48","Ontario Ministry of Natural Resources","18","National Aeronautics and Space Administration","4","Finland","2",,,,
,,"2013","6","Brais, S.","5","Engineering","3",,,,,"Forests","4","Ecosystems","45","Natural Resources Canada","18","University of Alberta","4","France","2",,,,
,,"2012","14","Lieffers, V.J.","5","Environmental Science","106",,,,,"Agricultural And Forest Meteorology","3","Forest Management","45","Great Lakes Forestry Centre","14","Weyerhaeuser Company","4","South Korea","2",,,,
,,"2011","8","Messier, C.","5","Immunology and Microbiology","4",,,,,"Canadian Journal Of Soil Science","3","North America","44","Ministry of Forests and Range","14","Association pour la Recherche sur les Tumeurs de la Prostate","3","United Kingdom","2",,,,
,,"2010","14","Van Rees, K.C.J.","5","Materials Science","2",,,,,"Ecological Indicators","3","Picea Mariana","43","Le réseau de l'Université du Québec","12","BIOCAP Canada","3","Argentina","1",,,,
,,"2009","9","Bell, F.W.","4","Medicine","1",,,,,"Environmental Reviews","3","Reforestation","38","Ontario Forest Research Institute","12","Forest Genetics Council of British Columbia","3","Australia","1",,,,
,,"2008","12","DesRochers, A.","4","Multidisciplinary","1",,,,,"Geoderma","3","Picea","37","Ministère de l‘Energie et des Ressources naturelles du Québec","12","Office of Energy Research and Development","3","Austria","1",,,,
,,"2007","7","Gauthier, S.","4",,,,,,,"Scandinavian Journal Of Forest Research","3","Boreal Forests","33","Northern Forestry Centre","10","Alberta Conservation Association","2","Bangladesh","1",,,,
,,"2006","8","Heineman, J.L.","4",,,,,,,"Soil Biology And Biochemistry","3","Regeneration","33","University of Saskatchewan","9","Alberta Innovates","2","Netherlands","1",,,,
,,"2005","10","Landhäusser, S.M.","4",,,,,,,"Hydrological Processes","2","Vegetation","31","University of Northern British Columbia","8","Canada Economic Development for Quebec Regions","2","Spain","1",,,,
,,"2004","7","Sutton, R.F.","4",,,,,,,"Northern Journal Of Applied Forestry","2","Coniferous Tree","30","Pacific Forestry Centre","8","Canadian Foundation for Climate and Atmospheric Sciences","2","Switzerland","1",,,,
,,"2003","9","Valeria, O.","4",,,,,,,"Plant And Soil","2","Picea Glauca","30","University of Guelph","7","Cenovus Energy","2","Undefined","1",,,,
,,"2002","9","Venier, L.","4",,,,,,,"Acta Oecologica","1","Coniferophyta","28","Lakehead University","7","ConocoPhillips","2",,,,,,
,,"2001","4","Boateng, J.O.","3",,,,,,,"Biodiversity And Conservation","1","Forests","28","University of Toronto","6","Environment Canada","2",,,,,,
,,"2000","8","Dacosta, J.","3",,,,,,,"Biology And Fertility Of Soils","1","Biodiversity","27","Centre d'étude de la forêt, Montreal","6","Luonnontieteiden ja Tekniikan Tutkimuksen Toimikunta","2",,,,,,
,,,,"Drapeau, P.","3",,,,,,,"Biology Of Rove Beetles Staphylinidae Life History Evolution Ecology And Distribution","1","Coniferous Forest","27","The University of British Columbia","5","Ministère des Ressources Naturelles et de la Faune","2",,,,,,
,,,,"Fenton, N.","3",,,,,,,"Biomass And Bioenergy","1","Alberta","24","J. Heineman Forestry Consulting","4","Ontario Ministry of Natural Resources and Forestry","2",,,,,,
,,,,"Handa, I.T.","3",,,,,,,"Canadian Entomologist","1","Biomass","24","Université du Québec à Rimouski","4","Research and Development","2",,,,,,
,,,,"Hébert, F.","3",,,,,,,"Canadian Field Naturalist","1","Growth","23","Université du Québec en Outaouais","4","Shell Canada","2",,,,,,
,,,,"Jobidon, R.","3",,,,,,,"Canadian Journal Of Remote Sensing","1","Ecology","22","Conseil de recherches en sciences naturelles et en génie du Canada","4","Suncor Energy Incorporated","2",,,,,,
,,,,"Lafleur, B.","3",,,,,,,"Canadian Journal Of Zoology","1","Growth Rate","22","Ministère des Forêts de la Faune et des Parcs du Québec","3","Alberta Biodiversity Monitoring Institute","1",,,,,,
,,,,"Leduc, A.","3",,,,,,,"Critical Reviews In Plant Sciences","1","Pinus Banksiana","22","Ministère des Forêts de la Faune et des Parcs","3","Alberta Environment and Parks","1",,,,,,
,,,,"Lord, D.","3",,,,,,,"Ecological Applications","1","Quebec [Canada]","22","Environment Canada","3","Alberta Ingenuity Centre for Water Research","1",,,,,,
,,,,"MacDonald, G.B.","3",,,,,,,"Ecological Modelling","1","Populus Tremuloides","21","University of Calgary","3","Beijing Forestry University","1",,,,,,
,,,,"Mallik, A.U.","3",,,,,,,"Environmental Research Letters","1","Stand Structure","19","McGill University","3","Canada Foundation for Innovation","1",,,,,,
,,,,"Margolis, H.A.","3",,,,,,,"Gcb Bioenergy","1","Clearcutting","18","Chiba University","3","Canadian Natural Resources Limited","1",,,,,,
,,,,"Massicotte, H.B.","3",,,,,,,"IAHS AISH Publication","1","Disturbance","18","NASA Goddard Space Flight Center","3","Fonds Québécois de la Recherche sur la Nature et les Technologies","1",,,,,,
,,,,"Matsushima, M.","3",,,,,,,"IEEE Transactions On Geoscience And Remote Sensing","1","Ontario [Canada]","18","Université du Québec à Chicoutimi","3","Fonds de recherche du QuÃ©bec â Nature et technologies","1",,,,,,
,,,,"Newmaster, S.G.","3",,,,,,,"Journal Of Biogeography","1","Site Preparation","18","McMaster University","3","Government of Alberta","1",,,,,,
,,,,"Ouellet, J.P.","3",,,,,,,"Journal Of Environmental Informatics","1","Survival","18","University of Wisconsin-Madison","3","Hydro-QuÃ©bec","1",,,,,,
,,,,"Rousseau, L.","3",,,,,,,"Journal Of Environmental Management","1","Plantation Forestry","17","International Statistics and Research Corporation","2","Indigenous and Northern Affairs Canada","1",,,,,,
,,,,"Ruel, J.C.","3",,,,,,,"Journal Of Field Ornithology","1","Climate Change","16","Wilfrid Laurier University","2","Institute of Infection and Immunity","1",,,,,,
,,,,"Simard, M.","3",,,,,,,"Journal Of Forest Research","1","Populus","16","Chonnam National University","2","Manitoba Hydro","1",,,,,,
,,,,"Thomas, B.R.","3",,,,,,,"Journal Of Forestry","1","Soil","16","Jet Propulsion Laboratory","2","Medicinska ForskningsrÃ¥det","1",,,,,,
,,,,"Titus, B.D.","3",,,,,,,"Journal Of Insect Conservation","1","Black Spruce","15","Western University","2","Ministry of Education of the People's Republic of China","1",,,,,,
,,,,"Amichev, B.Y.","2",,,,,,,"NCASI Technical Bulletin","1","British Columbia","15","University of Waterloo","2","MinistÃ¨re de l'Ãnergie et des Ressources Naturelles","1",,,,,,
,,,,"Anand, M.","2",,,,,,,"Pedobiologia","1","Plants","15","University of New Brunswick","2","MinistÃ¨re des ForÃªts, de la Faune et des Parcs","1",,,,,,
,,,,"Apps, M.J.","2",,,,,,,"Plantations Biodiversity Carbon Sequestration And Restoration","1","Plants (botany)","15","University of Winnipeg","2","Mitacs","1",,,,,,
,,,,"Arocena, J.M.","2",,,,,,,"Plos One","1","Forest Ecosystem","14","Carleton University","2","Parks Canada","1",,,,,,
,,,,"Baker, J.A.","2",,,,,,,"Recarbonization Of The Biosphere Ecosystems And The Global Carbon Cycle","1","Forest Floor","14","Memorial University of Newfoundland","2","Tembec","1",,,,,,
,,,,"Bernier, P.Y.","2",,,,,,,"Remote Sensing","1","Carbon Sequestration","13","Agriculture et Agroalimentaire Canada","2","University of Lethbridge","1",,,,,,
,,,,"Black, T.A.","2",,,,,,,"Remote Sensing Of Environment","1","Logging (timber)","13","California Institute of Technology","2","University of Maryland","1",,,,,,
,,,,"Bock, M.D.","2",,,,,,,"Restoration Ecology","1","Productivity","13","McGill University, Macdonald Campus","2","University of New Brunswick","1",,,,,,
,,,,"Boucher, J.F.","2",,,,,,,"Revue Francaise De Photogrammetrie Et De Teledetection","1","Seed","13","Alberta-Pacific Forest Industries Inc.","2","Western Canada Research Grid","1",,,,,,
,,,,"Brockley, R.P.","2",,,,,,,"Science Of The Total Environment","1","Seedling","13","McMaster University, Faculty of Science","2","Undefined","106",,,,,,
,,,,"Buddle, C.M.","2",,,,,,,"Soil Science And Plant Nutrition","1","Carbon","12","TÉLUQ University","2",,,,,,,,
,,,,"Bélanger, L.","2",,,,,,,"Soil Science Society Of America Journal","1","Deciduous Tree","12","Symbios Research and Restoration","1",,,,,,,,
,,,,"Bélanger, N.","2",,,,,,,"Tree Genetics And Genomes","1","Growing Season","12","Grande Prairie Regional College","1",,,,,,,,
,,,,"Chen, H.Y.H.","2",,,,,,,"Trees Structure And Function","1","Ontario","12","Newfoundland Forest Service","1",,,,,,,,
,,,,"Choi, W.J.","2",,,,,,,"Western Journal Of Applied Forestry","1","Soil Moisture","12","Skeena Forestry Consultants","1",,,,,,,,
,,,,"Comeau, P.G.","2",,,,,,,,,"Fire","11","NSERC-UQAT-UQAM Industrial Chair in Sustainable Forest Management","1",,,,,,,,
,,,,"Coursolle, C.","2",,,,,,,,,"Fires","11","NorthWind Land Resources Inc.","1",,,,,,,,
,,,,"Déchêne, A.D.","2",,,,,,,,,"Herbicides","11","Skyline Forestry Consultants, Ltd.","1",,,,,,,,
,,,,"Fleming, R.","2",,,,,,,,,"Mixed Forest","11","Iunctus Geomatics Corp.","1",,,,,,,,
,,,,"Fleming, R.L.","2",,,,,,,,,"Nutrients","11","Atlantic Forestry Centre","1",,,,,,,,
,,,,"Gordon, A.M.","2",,,,,,,,,"Scarification","11","Forest Establishment Officer","1",,,,,,,,
,,,,"Grismer, M.","2",,,,,,,,,"Soil Temperature","11","Groupe de Recherche en Écologic Forestière Inter-universitaire GREFi","1",,,,,,,,
,,,,"Haeussler, S.","2",,,,,,,,,"Understory","11","Industrielle CRSNG-UQAT-UQAM en Aménagement Forestier Durable","1",,,,,,,,
,,,,"Hazlett, P.","2",,,,,,,,,"Ecosystem Management","10","Valeur Nature","1",,,,,,,,
,,,,"Hazlett, P.W.","2",,,,,,,,,"Herbicide","10","Centre d’étude de la forêt","1",,,,,,,,
,,,,"Hunt, S.","2",,,,,,,,,"Mechanical Site Preparation","10","Measurement Systems Technology","1",,,,,,,,
,,,,"Kabzems, R.","2",,,,,,,,,"Paludification","10","Centre d'enseignement et de recherche en foresterie CERFO","1",,,,,,,,
,,,,"Klimaszewski, J.","2",,,,,,,,,"Plantation","10","Inspec-Sol Inc.","1",,,,,,,,
,,,,"Kurz, W.A.","2",,,,,,,,,"Abies Balsamea","9","Tree Physiologist Department","1",,,,,,,,
,,,,"Laamrani, A.","2",,,,,,,,,"Boreal","9","Forest Research Consultant","1",,,,,,,,
,,,,"Lamb, E.G.","2",,,,,,,,,"Bryophyta","9","Centre d’étude de la forêt CEF","1",,,,,,,,
,,,,"Lavoie, M.","2",,,,,,,,,"Community Composition","9","Ecl. Sup. d'Agriculture de Purpan","1",,,,,,,,
,,,,"Lecomte, N.","2",,,,,,,,,"Community Structure","9","FORREX Forum for Research and Extension in Natural Resources","1",,,,,,,,
,,,,"Leroy, C.","2",,,,,,,,,"Fertilizer Application","9","Fiducie de recherche sur la forêt des Cantons-de-l'Est/Eastern Townships Forest Research Trust","1",,,,,,,,
,,,,"Malcolm, J.R.","2",,,,,,,,,"Hybrid","9","Ministère des Forêts","1",,,,,,,,
,,,,"Mallik, A.","2",,,,,,,,,"Jack Pine","9","Institut de recherche en mines et en environnement IRME","1",,,,,,,,
,,,,"Man, R.","2",,,,,,,,,"Logging (forestry)","9","Institut de recherche sur les forêts IRF","1",,,,,,,,
,,,,"Mendoza, C.","2",,,,,,,,,"Mortality","9","Parc Canada","1",,,,,,,,
,,,,"Morris, D.","2",,,,,,,,,"Natural Regeneration","9","Little Creek Agroforestry","1",,,,,,,,
,,,,"Nemec, A.F.L.","2",,,,,,,,,"Nutrition","9","Manitoba Environmental Industries Association MEIA","1",,,,,,,,
,,,,"Nielsen, S.E.","2",,,,,,,,,"Pinus Contorta","9","BioForest","1",,,,,,,,
,,,,"Park, A.","2",,,,,,,,,"Remote Sensing","9","Ministère des Forêts de la Faune et des Parcs du Québec","1",,,,,,,,
,,,,"Payette, S.","2",,,,,,,,,"Seedling Establishment","9","Universidad de Castilla-La Mancha","1",,,,,,,,
,,,,"Peng, C.","2",,,,,,,,,"Species Diversity","9","Science Systems and Applications, Inc. SSAI","1",,,,,,,,
,,,,"Pitt, D.G.","2",,,,,,,,,"Animals","8","Universidad de Buenos Aires","1",,,,,,,,
,,,,"Prévost, M.","2",,,,,,,,,"Ecological Impact","8","Royal Alberta Museum","1",,,,,,,,
,,,,"Rutherford, P.M.","2",,,,,,,,,"Environmental Disturbance","8","Universities Space Research Association","1",,,,,,,,
,,,,"Smith, S.M.","2",,,,,,,,,"Fertilization","8","Eastern Cereal and Oilseed Research Centre","1",,,,,,,,
,,,,"Smyth, C.","2",,,,,,,,,"Kalmia","8","Helsingin Yliopisto","1",,,,,,,,
,,,,"Stordeur, L.","2",,,,,,,,,"Kalmia Angustifolia","8","University of Victoria","1",,,,,,,,
,,,,"Strong, W.L.","2",,,,,,,,,"Quebec","8","USDA Forest Service","1",,,,,,,,
,,,,"Tarroux, E.","2",,,,,,,,,"Silvicultural Treatments","8","Wageningen University and Research Centre","1",,,,,,,,
,,,,"Thompson, I.D.","2",,,,,,,,,"Soil Property","8","Forestry Tasmania","1",,,,,,,,
,,,,"Timmer, V.R.","2",,,,,,,,,"Species Richness","8","Mount Saint Vincent University","1",,,,,,,,
,,,,"Work, T.T.","2",,,,,,,,,"Stand Dynamics","8","Yale University","1",,,,,,,,
,,,,"Acton, C.","1",,,,,,,,,"Sustainable Development","8","Canada Centre for Remote Sensing","1",,,,,,,,
,,,,"Adamowicz, W.L.","1",,,,,,,,,"Sustainable Forest Management","8","Alberta Agriculture and Rural Development","1",,,,,,,,
,,,,"Allard, J.","1",,,,,,,,,"Sustainable Forestry","8","Beijing Forestry University","1",,,,,,,,
,,,,"Amiro, B.D.","1",,,,,,,,,"Tree Planting","8","Canadian Space Agency","1",,,,,,,,
,,,,"Anderson, J.A.","1",,,,,,,,,"Weed Control","8","Goethe-Universität Frankfurt am Main","1",,,,,,,,
,,,,"Arain, M.A.","1",,,,,,,,,"White Spruce","8","CNRS Centre National de la Recherche Scientifique","1",,,,,,,,
,,,,"Archibold, O.W.","1",,,,,,,,,"Wood","8","University of Maine","1",,,,,,,,
,,,,"Armleder, H.M.","1",,,,,,,,,"Woody Debris","8","Eidgenössische Forschungsanstalt fur Wald, Schnee Und Landschaft Eth-Bereichs","1",,,,,,,,
,,,,"Armstrong, G.W.","1",,,,,,,,,"Abies","7","University of Wyoming","1",,,,,,,,
,,,,"Ashton, M.S.","1",,,,,,,,,"Calamagrostis Canadensis","7","Colorado State University","1",,,,,,,,
,,,,"Asselin, H.","1",,,,,,,,,"Chronosequence","7","University of Montreal","1",,,,,,,,
,,,,"Aubin, I.","1",,,,,,,,,"Conservation","7","University of Manitoba","1",,,,,,,,
,,,,"Auger, I.","1",,,,,,,,,"Forest Dynamics","7","Universite de Moncton","1",,,,,,,,
,,,,"Baldwin, K.A.","1",,,,,,,,,"Forest Fire","7","Université de Sherbrooke","1",,,,,,,,
,,,,"Barr, A.G.","1",,,,,,,,,"Fungi","7","Laurentian University","1",,,,,,,,
,,,,"Bedford, L.","1",,,,,,,,,"Growth Kinetics","7","Oregon State University","1",,,,,,,,
,,,,"Bell, W.F.","1",,,,,,,,,"Hardwoods","7","Chinese Academy of Forestry","1",,,,,,,,
,,,,"Belleau, A.","1",,,,,,,,,"Interspecific Competition","7","Anhui Agricultural University","1",,,,,,,,
,,,,"Bellocq, M.I.","1",,,,,,,,,"Land Use","7","Queen's University, Kingston","1",,,,,,,,
,,,,"Benomar, L.","1",,,,,,,,,"Landforms","7","National Aeronautics and Space Administration","1",,,,,,,,
,,,,"Bhatti, J.","1",,,,,,,,,"Logging","7","European Forest Institute Finland","1",,,,,,,,
,,,,"Bhatti, J.S.","1",,,,,,,,,"Mixedwood","7","Technische Universität Dresden","1",,,,,,,,
,,,,"Bielech, J.P.","1",,,,,,,,,"Nitrogen","7","South Dakota School of Mines &amp; Technology","1",,,,,,,,
,,,,"Bilodeau-Gauthier, S.","1",,,,,,,,,"Organic Matter","7","International Institute for Applied Systems Analysis, Laxenburg","1",,,,,,,,
,,,,"Birdsey, R.A.","1",,,,,,,,,"Peatland","7","Chinese Academy of Sciences","1",,,,,,,,
,,,,"Bjelanovic, I.","1",,,,,,,,,"Picea Engelmannii","7","Boston University","1",,,,,,,,
,,,,"Blanton, S.","1",,,,,,,,,"Plant Community","7","University of Birmingham","1",,,,,,,,
,,,,"Blenis, P.","1",,,,,,,,,"Soil Nitrogen","7","Technical University of Munich","1",,,,,,,,
,,,,"Bocking, E.","1",,,,,,,,,"Sphagnum","7","University of Maryland","1",,,,,,,,
,,,,"Boisvenue, C.","1",,,,,,,,,"Succession","7","North China Electric Power University","1",,,,,,,,
,,,,"Bouchard, H.","1",,,,,,,,,"Sustainability","7","Hydro-Quebec","1",,,,,,,,
,,,,"Bouchard, M.","1",,,,,,,,,"Temperature","7","Northern Arizona University","1",,,,,,,,
,,,,"Bouchard, S.","1",,,,,,,,,"Wetlands","7","Portland State University","1",,,,,,,,
,,,,"Boutin, S.","1",,,,,,,,,"Afforestation","6","Carnegie Institution of Washington","1",,,,,,,,
,,,,"Bradley, R.L.","1",,,,,,,,,"Biological Materials","6","University of Lethbridge","1",,,,,,,,
,,,,"Braverman, M.","1",,,,,,,,,"Carbon Dioxide","6","University of Edinburgh","1",,,,,,,,
,,,,"Briand, Y.","1",,,,,,,,,"Coarse Woody Debris","6","Museum National d'Histoire Naturelle","1",,,,,,,,
,,,,"Brodeur, V.","1",,,,,,,,,"Debris","6","Nipissing University","1",,,,,,,,
,,,,"Bronson, D.R.","1",,,,,,,,,"Deciduous Forest","6","National Ice Center","1",,,,,,,,
,,,,"Brown, S.","1",,,,,,,,,"Decomposition","6","University of Regina","1",,,,,,,,
,,,,"Brunke, A.J.","1",,,,,,,,,"Deer","6","Applied Mammal Research Institute","1",,,,,,,,
,,,,"Buitrago, M.","1",,,,,,,,,"Evergreen Tree","6","University of Chittagong","1",,,,,,,,
,,,,"Burton, P.","1",,,,,,,,,"Fertilizers","6","Concordia University","1",,,,,,,,
,,,,"Burton, P.J.","1",,,,,,,,,"Forest Canopy","6","Zemkon Inc.","1",,,,,,,,
,,,,"Butterworth, E.","1",,,,,,,,,"Forest Soil","6","Government of Alberta","1",,,,,,,,
,,,,"Béland, M.","1",,,,,,,,,"Hybrid Poplar","6","Alberta Sustainable Resource Development","1",,,,,,,,
,,,,"Calmels, S.","1",,,,,,,,,"Moisture","6","Ducks Unlimited Canada","1",,,,,,,,
,,,,"Carleton, T.J.","1",,,,,,,,,"Organic Compounds","6","Nova Scotia Community College","1",,,,,,,,
,,,,"Castilla, G.","1",,,,,,,,,"Oribatida","6","Soilcon Laboratories Ltd., Canada","1",,,,,,,,
,,,,"Chalifour, D.","1",,,,,,,,,"Plantations","6","Applied Geomatics Research Group","1",,,,,,,,
,,,,"Charette, L.","1",,,,,,,,,"Rangifer Tarandus","6","Manning Diversified Forest Products Ltd.","1",,,,,,,,
,,,,"Charron, L.","1",,,,,,,,,"Rangifer Tarandus Caribou","6","National Council for Air and Stream Improvement Inc., Canada","1",,,,,,,,
,,,,"Chasmer, L.","1",,,,,,,,,"Silvicultural Practices","6","Ministry of Transport of the People's Republic of China","1",,,,,,,,
,,,,"Chen, B.","1",,,,,,,,,"Trembling Aspen","6","Woods Hole Research Center","1",,,,,,,,
,,,,"Chen, J.M.","1",,,,,,,,,"Vegetation Cover","6",,,,,,,,,,
,,,,"Chen, S.","1",,,,,,,,,"Vegetation Dynamics","6",,,,,,,,,,
,,,,"Cheng, L.Z.","1",,,,,,,,,"Wildfire","6",,,,,,,,,,
,,,,"Cherry, M.L.","1",,,,,,,,,"Agriculture","5",,,,,,,,,,
,,,,"Chisholm, C.E.","1",,,,,,,,,"Boreal Mixedwoods","5",,,,,,,,,,
,,,,"Cihlar, J.","1",,,,,,,,,"Canadian Boreal Forest","5",,,,,,,,,,
,,,,"Cimon-Morin, J.","1",,,,,,,,,"Competition","5",,,,,,,,,,
,,,,"Cobb, T.P.","1",,,,,,,,,"Competition (ecology)","5",,,,,,,,,,
,,,,"Cooper, D.J.","1",,,,,,,,,"Dominance","5",,,,,,,,,,
,,,,"Corbett, D.","1",,,,,,,,,"Dynamics","5",,,,,,,,,,
,,,,"Courtois, R.","1",,,,,,,,,"Environmental Impact","5",,,,,,,,,,
