﻿Scopus refine results values

"Your query : ((TITLE-ABS-KEY((Boreal OR {James Bay} OR James-Bay OR {Clay Belt} OR {canadian shield}) AND (Canada OR Quebec OR Ontario OR newfoundland OR Alberta OR British-Columbia) ) AND PUBYEAR > 1999 AND PUBYEAR < 2020) AND (TITLE-ABS-KEY(weather OR   Season* OR meteo*) AND PUBYEAR > 1999 AND PUBYEAR < 2020) AND (TITLE-ABS-KEY((species AND diversity) OR biodiversity)))"


Number of results : 60

"ACCESS TYPE",,"YEAR",,"AUTHOR NAME",,"SUBJECT AREA",,"DOCUMENT TYPE",,"PUBLICATION STAGE",,"SOURCE TITLE",,"KEYWORD",,"AFFILIATION",,"FUNDING SPONSOR",,"COUNTRY",,"SOURCE TYPE",,"LANGUAGE",
"Open Access","11","2019","3","Bergeron, Y.","4","Agricultural and Biological Sciences","51","Article","54","final","60","Forest Ecology And Management","11","Canada","46","University of Alberta","14","Natural Sciences and Engineering Research Council of Canada","15","Canada","57","Journals","58","English","60"
"Other","49","2018","5","Coops, N.C.","4","Biochemistry, Genetics and Molecular Biology","6","Conference Paper","3",,,"Canadian Journal Of Forest Research","6","Biodiversity","39","Canadian Forest Service","12","Fonds de recherche du QuÃ©bec â Nature et technologies","4","United States","11","Books","1","French","1"
,,"2017","5","Nelson, T.A.","3","Computer Science","1","Review","2",,,"Plos One","3","Boreal Forest","31","The University of British Columbia","7","Luonnontieteiden ja Tekniikan Tutkimuksen Toimikunta","2","France","2","Trade Publications","1",,
,,"2016","4","Wulder, M.A.","3","Earth and Planetary Sciences","5","Book Chapter","1",,,"Biodiversity And Conservation","2","Forestry","23","Université du Québec à Montréal","7","Alberta Agriculture and Forestry","1","Norway","1",,,,
,,"2015","1","Boutin, S.","2","Engineering","1",,,,,"Canadian Journal Of Fisheries And Aquatic Sciences","2","North America","13","Environment Canada","5","Alberta Conservation Association","1","Spain","1",,,,
,,"2014","3","Bélanger, L.","2","Environmental Science","38",,,,,"Canadian Journal Of Zoology","2","Species Diversity","10","University of Victoria","5","Alberta Innovates","1","Switzerland","1",,,,
,,"2013","5","Comeau, P.G.","2","Multidisciplinary","3",,,,,"Ecological Applications","2","Species Richness","10","Université Laval","4","Arctic Institute of North America","1",,,,,,
,,"2012","2","Drever, C.R.","2","Neuroscience","1",,,,,"Environmental Monitoring And Assessment","2","Article","9","Université du Québec à Rimouski","3","Association pour la Recherche sur les Tumeurs de la Prostate","1",,,,,,
,,"2011","5","Fontana, F.","2","Social Sciences","1",,,,,"Arctic","1","Ecosystems","9","University of Montreal","3","Canada Foundation for Innovation","1",,,,,,
,,"2010","1","Kershaw, G.P.","2","Veterinary","1",,,,,"Arctic Antarctic And Alpine Research","1","Forest Management","9","Queen's University, Kingston","3","Canadian Forest Service","1",,,,,,
,,"2009","3","Krebs, C.J.","2",,,,,,,"Avian Conservation And Ecology","1","Ontario","9","Natural Resources Canada","3","Canadian Space Agency","1",,,,,,
,,"2008","2","Perez, L.","2",,,,,,,"Biological Invasions","1","Aves","8","McGill University","2","Chicken Farmers of Saskatchewan","1",,,,,,
,,"2007","1","Spence, J.R.","2",,,,,,,"Canadian Entomologist","1","Climate Change","8","Great Lakes Forestry Centre","2","Cooper Foundation","1",,,,,,
,,"2006","5","Tardif, J.","2",,,,,,,"Canadian Field Naturalist","1","Forests","8","Universite du Quebec en Abitibi-Temiscamingue","2","Department of Foreign Affairs and Trade","1",,,,,,
,,"2005","3","Alexander, M.E.","1",,,,,,,"Canadian Journal Of Animal Science","1","Harvesting","8","USDA Forest Service","2","Entomological Society of Canada","1",,,,,,
,,"2004","2","Alexander, M.J.","1",,,,,,,"Diversity","1","Picea Glauca","8","Ontario Ministry of the Environment","2","Environment Canada","1",,,,,,
,,"2003","1","Alexander-Trusiak, A.C.","1",,,,,,,"Ecological Modelling","1","Coniferous Tree","7","Ontario Ministry of Natural Resources","2","Environmental Protection Agency","1",,,,,,
,,"2002","4","Ali, A.A.","1",,,,,,,"Ecoscience","1","Ecology","7","Alberta Research Council","2","Fisheries and Oceans Canada","1",,,,,,
,,"2001","5","Amiro, B.D.","1",,,,,,,"Ecosphere","1","Seasonal Variation","7","University of Winnipeg","2","Fonds QuÃ©bÃ©cois de la Recherche sur la Nature et les Technologies","1",,,,,,
,,,,"Angers, V.A.","1",,,,,,,"Encyclopedia Of Inland Waters","1","Boreal Forests","6","Nature Conservancy","2","Fonds Québécois de la Recherche sur la Nature et les Technologies","1",,,,,,
,,,,"Arain, M.A.","1",,,,,,,"Forestry Chronicle","1","Disturbance","6","Ontario Forest Research Institute","2","Fonds de recherche du Québec – Nature et technologies","1",,,,,,
,,,,"Archambault, P.","1",,,,,,,"Forests","1","Mammalia","6","Université du Québec à Chicoutimi","2","Government of Canada","1",,,,,,
,,,,"Asselin, H.","1",,,,,,,"Hydrological Processes","1","Nonhuman","6","Lakehead University","2","Health Canada","1",,,,,,
,,,,"Baird, D.J.","1",,,,,,,"International Journal Of Digital Earth","1","Picea","6","Northern Forestry Centre","2","Institute of Infection and Immunity","1",,,,,,
,,,,"Baltzer, J.L.","1",,,,,,,"International Journal Of Wildland Fire","1","Plants","6","Pacific Forestry Centre","2","Janssen Research and Development","1",,,,,,
,,,,"Bao, T.","1",,,,,,,"Journal Of Arachnology","1","Abies Balsamea","5","Ministry of Forests and Range","2","McGill University","1",,,,,,
,,,,"Barrette, M.","1",,,,,,,"Journal Of Mammalogy","1","Abundance","5","Institute for Bird Populations","1","Memorial University of Newfoundland","1",,,,,,
,,,,"Bayne, E.M.","1",,,,,,,"Journal Of Phycology","1","Alberta","5","Ministère des Forêts de la Faune et des Parcs du Québec","1","Ministry of Environment","1",,,,,,
,,,,"Becker, M.","1",,,,,,,"Microbial Ecology","1","Boreal","5","Birch Point Enterprises","1","Ministry of Natural Resources","1",,,,,,
,,,,"Bedford, L.","1",,,,,,,"NCASI Technical Bulletin","1","Community Composition","5","Ontario Parks","1","MinistÃ¨re de l'Ãconomie, de lâInnovation et des Exportations du QuÃ©bec","1",,,,,,
,,,,"Bell, A.J.","1",,,,,,,"New Forests","1","Controlled Study","5","Raincoast Conservation Foundation","1","Ministère des Ressources Naturelles et de la Faune","1",,,,,,
,,,,"Bell, F.W.","1",,,,,,,"Peerj","1","Lake","5","Millar Western Forest Products Ltd.","1","National Aeronautics and Space Administration","1",,,,,,
,,,,"Boateng, J.O.","1",,,,,,,"Polar Biology","1","Lakes","5","Northern Bioscience Ecological Consulting","1","National Fish and Wildlife Foundation","1",,,,,,
,,,,"Boonstra, R.","1",,,,,,,"Progress In Oceanography","1","Mixed Forest","5","Water Security Agency of Saskatchewan","1","National Science Foundation","1",,,,,,
,,,,"Bork, E.W.","1",,,,,,,"Progress In Physical Geography","1","Picea Mariana","5","TRoutreach Saskatchewan","1","Nature Conservancy of Canada","1",,,,,,
,,,,"Borrego, C.M.","1",,,,,,,"Remote Sensing Of Environment","1","Pinus Banksiana","5","Alberta Biodiversity Monitoring Institute","1","Newfoundland and Labrador Arts Council","1",,,,,,
,,,,"Bouchard, M.","1",,,,,,,"Restoration Ecology","1","Quebec [Canada]","5","TerraFauna Wildlife Consulting, Inc.","1","Northern Research Station","1",,,,,,
,,,,"Bradbury, S.M.","1",,,,,,,"Silva Fennica","1","Reforestation","5","Ausable River Association","1","Research and Development Corporation of Newfoundland and Labrador","1",,,,,,
,,,,"Brockley, R.","1",,,,,,,,,"Tree","5","Owl Moon Environmental Inc.","1","Richard Ivey Foundation","1",,,,,,
,,,,"Buddle, C.M.","1",,,,,,,,,"Vegetation","5","InnoTech Alberta","1","Sustainable Forestry Initiative","1",,,,,,
,,,,"Burton, T.M.","1",,,,,,,,,"Abies","4","Pender Island","1","University of British Columbia","1",,,,,,
,,,,"Bélisle, A.C.","1",,,,,,,,,"Climate","4","Wilfrid Laurier University","1","W. Garfield Weston Foundation","1",,,,,,
,,,,"Cahill, J.F.","1",,,,,,,,,"Fires","4","Royal Alberta Museum","1","Undefined","35",,,,,,
,,,,"Caners, R.T.","1",,,,,,,,,"Meteorology","4","USDA Forest Service Rocky Mountain Research Station","1",,,,,,,,
,,,,"Carlyle, C.N.","1",,,,,,,,,"Physiology","4","Alberta Agriculture and Rural Development","1",,,,,,,,
,,,,"Carrier, P.","1",,,,,,,,,"Plantation","4","University of Wisconsin-Whitewater","1",,,,,,,,
,,,,"Carrière, S.","1",,,,,,,,,"Populus Tremuloides","4","Freshwater Institute, Fisheries and Oceans Canada","1",,,,,,,,
,,,,"Chalifour, D.","1",,,,,,,,,"Precipitation (meteorology)","4","University of Wisconsin-Green Bay","1",,,,,,,,
,,,,"Chastain, R.A.","1",,,,,,,,,"Rangifer Tarandus Caribou","4","USDA ARS Corvallis Forestry Sciences Laboratory","1",,,,,,,,
,,,,"Cohen, W.B.","1",,,,,,,,,"Remote Sensing","4","Northern Illinois University","1",,,,,,,,
,,,,"Connor, S.J.","1",,,,,,,,,"Sampling","4","University of Manitoba","1",,,,,,,,
,,,,"Correia, D.L.P.","1",,,,,,,,,"Silviculture","4","Universitat de Girona","1",,,,,,,,
,,,,"Cortini, F.","1",,,,,,,,,"Site Preparation","4","Fisheries and Oceans Canada","1",,,,,,,,
,,,,"Cottrell, M.T.","1",,,,,,,,,"Spatiotemporal Analysis","4","Western University","1",,,,,,,,
,,,,"Cowcill, K.","1",,,,,,,,,"Understory","4","University of Northern British Columbia","1",,,,,,,,
,,,,"Craig, A.","1",,,,,,,,,"White Spruce","4","Institute of Ocean Sciences, Fisheries and Oceans Canada","1",,,,,,,,
,,,,"Cumming, B.F.","1",,,,,,,,,"Wildfire","4","University of Waterloo","1",,,,,,,,
,,,,"Cumming, S.G.","1",,,,,,,,,"Animals","3","University of Saskatchewan","1",,,,,,,,
,,,,"Cyr, D.","1",,,,,,,,,"Birds","3","University of Washington, Seattle","1",,,,,,,,
,,,,"Côté, M.","1",,,,,,,,,"British Columbia","3","University of Guelph","1",,,,,,,,
,,,,"Day, N.J.","1",,,,,,,,,"Bryophyta","3","Université de Picardie Jules Verne","1",,,,,,,,
,,,,"De Grandpré, L.","1",,,,,,,,,"Clethrionomys","3","University of Toronto","1",,,,,,,,
,,,,"Del Giorgio, P.A.","1",,,,,,,,,"Clethrionomys Gapperi","3","University of New Brunswick","1",,,,,,,,
,,,,"Demaere, C.","1",,,,,,,,,"Climate Effect","3","Carleton University","1",,,,,,,,
,,,,"Desgranges, J.L.","1",,,,,,,,,"Climatology","3","College of Earth, Ocean and Environment","1",,,,,,,,
,,,,"Draney, M.L.","1",,,,,,,,,"Coniferophyta","3","Wisconsin Department Natural Resources","1",,,,,,,,
,,,,"Drapeau, P.","1",,,,,,,,,"Drought","3","Memorial University of Newfoundland","1",,,,,,,,
,,,,"Drouin, A.","1",,,,,,,,,"Ecosystem Resilience","3","Agriculture et Agroalimentaire Canada","1",,,,,,,,
,,,,"Dumas, P.","1",,,,,,,,,"Forest","3","Norwegian Institute for Nature Research","1",,,,,,,,
,,,,"Eaton, B.","1",,,,,,,,,"Forest Fires","3","Université du Québec en Outaouais","1",,,,,,,,
,,,,"El-Din, M.G.","1",,,,,,,,,"Growing Season","3","University of Maryland","1",,,,,,,,
,,,,"Ellen Macdonald, S.","1",,,,,,,,,"Growth Rate","3","University of Delaware","1",,,,,,,,
,,,,"Emslie, K.","1",,,,,,,,,"Growth Response","3","Portland State University","1",,,,,,,,
,,,,"Euler, D.","1",,,,,,,,,"Habitat Fragmentation","3","Conseil de recherches en sciences naturelles et en génie du Canada","1",,,,,,,,
,,,,"Farr, D.","1",,,,,,,,,"Herbicide","3","École Pratique des Hautes Etudes","1",,,,,,,,
,,,,"Fauchald, P.","1",,,,,,,,,"Metabolism","3","Federal Office of Meteorology and Climatology MeteoSwiss","1",,,,,,,,
,,,,"Fauteux, L.","1",,,,,,,,,"Mortality","3","Trent University","1",,,,,,,,
,,,,"Filotas, É.","1",,,,,,,,,"Muridae","3","Michigan State University","1",,,,,,,,
,,,,"Findlay, D.","1",,,,,,,,,"Phosphorus","3","McMaster University","1",,,,,,,,
,,,,"Findlay, D.L.","1",,,,,,,,,"Pinus Contorta","3","United States Department of Agriculture","1",,,,,,,,
,,,,"Fitterer, J.","1",,,,,,,,,"Plant Community","3","Institut National de Sante Publique Du Québec","1",,,,,,,,
,,,,"Fitterer, J.L.","1",,,,,,,,,"Population Dynamics","3","York University","1",,,,,,,,
,,,,"Flannigan, M.","1",,,,,,,,,"Population Statistics","3","Ministère de l‘Energie et des Ressources naturelles du Québec","1",,,,,,,,
,,,,"Flannigan, M.D.","1",,,,,,,,,"Populus","3","McGill University, Macdonald Campus","1",,,,,,,,
,,,,"Foster, K.R.","1",,,,,,,,,"Precipitation","3","Government of Alberta","1",,,,,,,,
,,,,"Foster, R.F.","1",,,,,,,,,"Quebec","3","Government of the Northwest Territories","1",,,,,,,,
,,,,"Fraser, E.C.","1",,,,,,,,,"Rangifer Tarandus","3","Lesser Slave Lake Bird Observatory","1",,,,,,,,
,,,,"Galbraith, M.","1",,,,,,,,,"Regeneration","3","ArborVitae Environmental Services Ltd.","1",,,,,,,,
,,,,"Garcia-Chaves, M.C.","1",,,,,,,,,"Spatial Distribution","3","McMaster University, Faculty of Science","1",,,,,,,,
,,,,"Gauthier, S.","1",,,,,,,,,"Succession","3","Université de Montpellier","1",,,,,,,,
,,,,"Girardin, M.P.","1",,,,,,,,,"Survival","3","TÉLUQ University","1",,,,,,,,
,,,,"Godwin, C.M.","1",,,,,,,,,"Temperature","3","Institut des sciences de la mer de Rimouski","1",,,,,,,,
,,,,"Goldblum, D.","1",,,,,,,,,"Time Series","3",,,,,,,,,,
,,,,"Gormanson, D.D.","1",,,,,,,,,"Wetland","3",,,,,,,,,,
,,,,"Gévry, M.F.","1",,,,,,,,,"Winter","3",,,,,,,,,,
,,,,"Haché, S.","1",,,,,,,,,"Wood","3",,,,,,,,,,
,,,,"Hannon, S.","1",,,,,,,,,"Zooplankton","3",,,,,,,,,,
,,,,"Healey, S.P.","1",,,,,,,,,"Agriculture","2",,,,,,,,,,
,,,,"Hobson, K.A.","1",,,,,,,,,"Algal Community","2",,,,,,,,,,
,,,,"Holmes, S.B.","1",,,,,,,,,"Amphibia","2",,,,,,,,,,
,,,,"Honsberger, T.","1",,,,,,,,,"Anas Platyrhynchos","2",,,,,,,,,,
,,,,"Housman, I.W.","1",,,,,,,,,"Animal","2",,,,,,,,,,
,,,,"Huang, C.","1",,,,,,,,,"Animalia","2",,,,,,,,,,
,,,,"Hély, C.","1",,,,,,,,,"Anthropogenic Effect","2",,,,,,,,,,
,,,,"James, P.M.A.","1",,,,,,,,,"Araneae","2",,,,,,,,,,
,,,,"Kershaw, L.J.","1",,,,,,,,,"Arctic","2",,,,,,,,,,
,,,,"Kincaid, K.","1",,,,,,,,,"Arthropoda","2",,,,,,,,,,
,,,,"Kirchman, D.L.","1",,,,,,,,,"Beetle","2",,,,,,,,,,
,,,,"Klimaszewski, J.","1",,,,,,,,,"Biomass","2",,,,,,,,,,
,,,,"Krikun, R.","1",,,,,,,,,"Bird","2",,,,,,,,,,
,,,,"Lamont, M.M.","1",,,,,,,,,"Breeding","2",,,,,,,,,,
,,,,"Lamoureux, E.D.R.","1",,,,,,,,,"Breeding Season","2",,,,,,,,,,
,,,,"Langor, D.","1",,,,,,,,,"Canopy","2",,,,,,,,,,
,,,,"Langor, D.W.","1",,,,,,,,,"Cervidae","2",,,,,,,,,,
,,,,"LeBlanc, A.","1",,,,,,,,,"Chlorophyll A","2",,,,,,,,,,
,,,,"Leblanc, M.L.","1",,,,,,,,,"Choristoneura Fumiferana","2",,,,,,,,,,
,,,,"Leclerc, M.","1",,,,,,,,,"Clearcutting","2",,,,,,,,,,
,,,,"Legault, S.","1",,,,,,,,,"Climates","2",,,,,,,,,,
,,,,"Lieffers, V.J.","1",,,,,,,,,"Coleoptera","2",,,,,,,,,,
,,,,"MacDonald, G.B.","1",,,,,,,,,"Community Dynamics","2",,,,,,,,,,
,,,,"Macdonald, S.E.","1",,,,,,,,,"Conservation Management","2",,,,,,,,,,
,,,,"Machtans, C.S.","1",,,,,,,,,"Conservation Planning","2",,,,,,,,,,
,,,,"Mackas, D.L.","1",,,,,,,,,"DHI","2",,,,,,,,,,
,,,,"Macumber, A.L.","1",,,,,,,,,"Deciduous Forest","2",,,,,,,,,,
,,,,"Mahony, N.A.","1",,,,,,,,,"Deciduous Tree","2",,,,,,,,,,
,,,,"Marrec, R.","1",,,,,,,,,"Deer","2",,,,,,,,,,
,,,,"Martin, E.S.","1",,,,,,,,,"Demography","2",,,,,,,,,,
,,,,"Martin, I.D.","1",,,,,,,,,"Dendrochronology","2",,,,,,,,,,
,,,,"McAllister, T.A.","1",,,,,,,,,"Diatom","2",,,,,,,,,,
,,,,"McCaughey, J.H.","1",,,,,,,,,"Diatoms","2",,,,,,,,,,
,,,,"McClarnon, J.","1",,,,,,,,,"Drought Stress","2",,,,,,,,,,
,,,,"McCready, T.","1",,,,,,,,,"Dynamics","2",,,,,,,,,,
,,,,"McLaren, B.E.","1",,,,,,,,,"Ecological Impact","2",,,,,,,,,,
,,,,"Messier, F.","1",,,,,,,,,"Ecosystem Management","2",,,,,,,,,,
,,,,"Morgan, J.L.","1",,,,,,,,,"Environmental Disturbance","2",,,,,,,,,,
,,,,"Morin, H.","1",,,,,,,,,"Environmental Factor","2",,,,,,,,,,
,,,,"Moses, R.A.","1",,,,,,,,,"Environmental Indicator","2",,,,,,,,,,
,,,,"Mosley, E.","1",,,,,,,,,"Environmental Monitoring","2",,,,,,,,,,
,,,,"Nealis, V.G.","1",,,,,,,,,"Experimental Lakes Area","2",,,,,,,,,,
,,,,"Nelson, M.D.","1",,,,,,,,,"FPAR","2",,,,,,,,,,
,,,,"Nelson, T.","1",,,,,,,,,"Fire Behavior","2",,,,,,,,,,
,,,,"Neville, L.A.","1",,,,,,,,,"Food Availability","2",,,,,,,,,,
,,,,"Nielsen, S.E.","1",,,,,,,,,"Forest Canopy","2",,,,,,,,,,
,,,,"Nol, E.","1",,,,,,,,,"Forest Cover","2",,,,,,,,,,
,,,,"Nordell, C.J.","1",,,,,,,,,"Forest Ecosystem","2",,,,,,,,,,
,,,,"Nour, M.H.","1",,,,,,,,,"Forest Fire","2",,,,,,,,,,
,,,,"Nowak, S.","1",,,,,,,,,"Forestry Production","2",,,,,,,,,,
,,,,"Ouarmim, S.","1",,,,,,,,,"Great Lakes [North America]","2",,,,,,,,,,
,,,,"Paquin, P.","1",,,,,,,,,"Growth","2",,,,,,,,,,
,,,,"Parker, K.L.","1",,,,,,,,,"Growth Kinetics","2",,,,,,,,,,
,,,,"Paszkowski, C.","1",,,,,,,,,"Habitat Use","2",,,,,,,,,,
,,,,"Paterson, A.M.","1",,,,,,,,,"Hardwoods","2",,,,,,,,,,
,,,,"Patterson, R.T.","1",,,,,,,,,"Herb","2",,,,,,,,,,
,,,,"Pejam, M.R.","1",,,,,,,,,"Herbicides","2",,,,,,,,,,
,,,,"Perry, C.H.","1",,,,,,,,,"Insecta","2",,,,,,,,,,
,,,,"Phillips, I.D.","1",,,,,,,,,"Invertebrata","2",,,,,,,,,,
,,,,"Pinna, S.","1",,,,,,,,,"Lake Ecosystem","2",,,,,,,,,,
,,,,"Pinzon, J.","1",,,,,,,,,"Land Use","2",,,,,,,,,,
,,,,"Pohl, G.","1",,,,,,,,,"Life Cycle","2",,,,,,,,,,
,,,,"Pontbriand-Pare, O.","1",,,,,,,,,"Life History","2",,,,,,,,,,
