﻿Scopus refine results values

"Your query : ((TITLE-ABS-KEY((Boreal OR {James Bay} OR James-Bay OR {Clay Belt} OR {canadian shield}) AND Quebec) AND PUBYEAR > 1999 AND PUBYEAR < 2020) AND (TITLE-ABS-KEY(weather OR   Season* OR meteo*) AND PUBYEAR > 1999 AND PUBYEAR < 2020) AND (TITLE-ABS-KEY(Road  AND (Density OR Network)) AND PUBYEAR > 1999 AND PUBYEAR < 2020))"


Number of results : 5

"ACCESS TYPE",,"YEAR",,"AUTHOR NAME",,"SUBJECT AREA",,"DOCUMENT TYPE",,"PUBLICATION STAGE",,"SOURCE TITLE",,"KEYWORD",,"AFFILIATION",,"FUNDING SPONSOR",,"COUNTRY",,"SOURCE TYPE",,"LANGUAGE",
"Open Access","1","2019","1","Cumming, S.G.","2","Agricultural and Biological Sciences","5","Article","5","final","5","Biological Conservation","1","Boreal Forest","3","Canadian Forest Service","3","Natural Sciences and Engineering Research Council of Canada","3","Canada","5","Journals","5","English","5"
"Other","4","2017","1","McIntire, E.J.B.","2","Biochemistry, Genetics and Molecular Biology","2",,,,,"Ecography","1","Canada","3","Université du Québec à Rimouski","2","Concordia University","1","Norway","1",,,,
,,"2014","1","St-Laurent, M.H.","2","Environmental Science","3",,,,,"Forest Science","1","Anthropogenic Effect","2","Pacific Forestry Centre","2","Fonds QuÃ©bÃ©cois de la Recherche sur la Nature et les Technologies","1",,,,,,
,,"2013","1","Beauchesne, D.","1","Multidisciplinary","1",,,,,"Journal Of Mammalogy","1","Climate","2","Université Laval","2","Fonds de recherche du Québec – Nature et technologies","1",,,,,,
,,"2003","1","Beguin, J.","1",,,,,,,"Plos One","1","Quebec [Canada]","2","Raincoast Conservation Foundation","1","Gouvernement du Burundi","1",,,,,,
,,,,"Bergeron, Y.","1",,,,,,,,,"Activity Pattern","1","University of Victoria","1","MinistÃ¨re des Ressources Naturelles et de la Faune","1",,,,,,
,,,,"Dussault, C.","1",,,,,,,,,"Agriculture","1","Universite du Quebec en Abitibi-Temiscamingue","1","Undefined","1",,,,,,
,,,,"Fauchald, P.","1",,,,,,,,,"Animal","1","Norwegian Institute for Nature Research","1",,,,,,,,
,,,,"Fortin, D.","1",,,,,,,,,"Animal Dispersal","1","Natural Resources Canada","1",,,,,,,,
,,,,"Gauthier, S.","1",,,,,,,,,"Animal Distribution","1","Université du Québec à Montréal","1",,,,,,,,
,,,,"Jaeger, J.A.G.","1",,,,,,,,,"Animals","1","Concordia University","1",,,,,,,,
,,,,"Leclerc, M.","1",,,,,,,,,"Article","1","Ministère de l‘Energie et des Ressources naturelles du Québec","1",,,,,,,,
,,,,"Lefort, P.","1",,,,,,,,,"Biotelemetry","1","Institut des sciences de la mer de Rimouski","1",,,,,,,,
,,,,"Marchal, J.","1",,,,,,,,,"Boreal Caribou","1",,,,,,,,,,
,,,,"Racine, P.","1",,,,,,,,,"Bottom-up Approach","1",,,,,,,,,,
,,,,"Raulier, F.","1",,,,,,,,,"Canadian Boreal Forest","1",,,,,,,,,,
,,,,"Stien, A.","1",,,,,,,,,"Climate Change","1",,,,,,,,,,
,,,,"Tarroux, A.","1",,,,,,,,,"Climate Effect","1",,,,,,,,,,
,,,,"Tveraa, T.","1",,,,,,,,,"Conservation Of Natural Resources","1",,,,,,,,,,
,,,,,,,,,,,,,,"Conservation Planning","1",,,,,,,,,,
,,,,,,,,,,,,,,"Deer","1",,,,,,,,,,
,,,,,,,,,,,,,,"Disturbance Threshold","1",,,,,,,,,,
,,,,,,,,,,,,,,"Ecosystem","1",,,,,,,,,,
,,,,,,,,,,,,,,"Ecotype","1",,,,,,,,,,
,,,,,,,,,,,,,,"Endangered Species","1",,,,,,,,,,
,,,,,,,,,,,,,,"Environmental Disturbance","1",,,,,,,,,,
,,,,,,,,,,,,,,"Environmental Modeling","1",,,,,,,,,,
,,,,,,,,,,,,,,"Environmental Protection","1",,,,,,,,,,
,,,,,,,,,,,,,,"Environmental Response","1",,,,,,,,,,
,,,,,,,,,,,,,,"FWI","1",,,,,,,,,,
,,,,,,,,,,,,,,"Fire","1",,,,,,,,,,
,,,,,,,,,,,,,,"Fire Behavior","1",,,,,,,,,,
,,,,,,,,,,,,,,"Fire Hazards","1",,,,,,,,,,
,,,,,,,,,,,,,,"Fire Size","1",,,,,,,,,,
,,,,,,,,,,,,,,"First-passage Time","1",,,,,,,,,,
,,,,,,,,,,,,,,"Forest Fire","1",,,,,,,,,,
,,,,,,,,,,,,,,"Forest Harvesting","1",,,,,,,,,,
,,,,,,,,,,,,,,"Forestry","1",,,,,,,,,,
,,,,,,,,,,,,,,"Frequency Analysis","1",,,,,,,,,,
,,,,,,,,,,,,,,"GPS","1",,,,,,,,,,
,,,,,,,,,,,,,,"GPS-tracking","1",,,,,,,,,,
,,,,,,,,,,,,,,"Geographic Distribution","1",,,,,,,,,,
,,,,,,,,,,,,,,"Geography","1",,,,,,,,,,
,,,,,,,,,,,,,,"Global Change","1",,,,,,,,,,
,,,,,,,,,,,,,,"Habitat Selection","1",,,,,,,,,,
,,,,,,,,,,,,,,"Habitat Use","1",,,,,,,,,,
,,,,,,,,,,,,,,"Herbivore","1",,,,,,,,,,
,,,,,,,,,,,,,,"Home Range","1",,,,,,,,,,
,,,,,,,,,,,,,,"Human Behavior","1",,,,,,,,,,
,,,,,,,,,,,,,,"Lakes","1",,,,,,,,,,
,,,,,,,,,,,,,,"Land Cover","1",,,,,,,,,,
,,,,,,,,,,,,,,"Landscape","1",,,,,,,,,,
,,,,,,,,,,,,,,"Landscapes","1",,,,,,,,,,
,,,,,,,,,,,,,,"Linear Models","1",,,,,,,,,,
,,,,,,,,,,,,,,"Logging","1",,,,,,,,,,
,,,,,,,,,,,,,,"Movement","1",,,,,,,,,,
,,,,,,,,,,,,,,"Nonhuman","1",,,,,,,,,,
,,,,,,,,,,,,,,"Physiology","1",,,,,,,,,,
,,,,,,,,,,,,,,"Poisson Ratio","1",,,,,,,,,,
,,,,,,,,,,,,,,"Population Dynamics","1",,,,,,,,,,
,,,,,,,,,,,,,,"Prediction","1",,,,,,,,,,
,,,,,,,,,,,,,,"Procedures","1",,,,,,,,,,
,,,,,,,,,,,,,,"Quebec","1",,,,,,,,,,
,,,,,,,,,,,,,,"Range Expansion","1",,,,,,,,,,
,,,,,,,,,,,,,,"Rangifer Tarandus Caribou","1",,,,,,,,,,
,,,,,,,,,,,,,,"Reindeer","1",,,,,,,,,,
,,,,,,,,,,,,,,"Residence Time","1",,,,,,,,,,
,,,,,,,,,,,,,,"Residency Time","1",,,,,,,,,,
,,,,,,,,,,,,,,"Roads","1",,,,,,,,,,
,,,,,,,,,,,,,,"Season","1",,,,,,,,,,
,,,,,,,,,,,,,,"Seasonal Variation","1",,,,,,,,,,
,,,,,,,,,,,,,,"Seasons","1",,,,,,,,,,
,,,,,,,,,,,,,,"Settlement","1",,,,,,,,,,
,,,,,,,,,,,,,,"Space Use","1",,,,,,,,,,
,,,,,,,,,,,,,,"Statistical Model","1",,,,,,,,,,
,,,,,,,,,,,,,,"Suppression","1",,,,,,,,,,
,,,,,,,,,,,,,,"Top-down Approach","1",,,,,,,,,,
,,,,,,,,,,,,,,"Tracking","1",,,,,,,,,,
,,,,,,,,,,,,,,"Ungulata","1",,,,,,,,,,
,,,,,,,,,,,,,,"Ungulate","1",,,,,,,,,,
,,,,,,,,,,,,,,"Weather","1",,,,,,,,,,
,,,,,,,,,,,,,,"Winter","1",,,,,,,,,,
,,,,,,,,,,,,,,"Woodland","1",,,,,,,,,,
,,,,,,,,,,,,,,,,,,,,,,,,,
,,,,,,,,,,,,,,,,,,,,,,,,,
,,,,,,,,,,,,,,,,,,,,,,,,,
,,,,,,,,,,,,,,,,,,,,,,,,,
,,,,,,,,,,,,,,,,,,,,,,,,,
,,,,,,,,,,,,,,,,,,,,,,,,,
,,,,,,,,,,,,,,,,,,,,,,,,,
,,,,,,,,,,,,,,,,,,,,,,,,,
,,,,,,,,,,,,,,,,,,,,,,,,,
,,,,,,,,,,,,,,,,,,,,,,,,,
,,,,,,,,,,,,,,,,,,,,,,,,,
,,,,,,,,,,,,,,,,,,,,,,,,,
,,,,,,,,,,,,,,,,,,,,,,,,,
,,,,,,,,,,,,,,,,,,,,,,,,,
,,,,,,,,,,,,,,,,,,,,,,,,,
,,,,,,,,,,,,,,,,,,,,,,,,,
,,,,,,,,,,,,,,,,,,,,,,,,,
,,,,,,,,,,,,,,,,,,,,,,,,,
,,,,,,,,,,,,,,,,,,,,,,,,,
,,,,,,,,,,,,,,,,,,,,,,,,,
,,,,,,,,,,,,,,,,,,,,,,,,,
,,,,,,,,,,,,,,,,,,,,,,,,,
,,,,,,,,,,,,,,,,,,,,,,,,,
,,,,,,,,,,,,,,,,,,,,,,,,,
,,,,,,,,,,,,,,,,,,,,,,,,,
,,,,,,,,,,,,,,,,,,,,,,,,,
,,,,,,,,,,,,,,,,,,,,,,,,,
,,,,,,,,,,,,,,,,,,,,,,,,,
,,,,,,,,,,,,,,,,,,,,,,,,,
,,,,,,,,,,,,,,,,,,,,,,,,,
,,,,,,,,,,,,,,,,,,,,,,,,,
,,,,,,,,,,,,,,,,,,,,,,,,,
,,,,,,,,,,,,,,,,,,,,,,,,,
,,,,,,,,,,,,,,,,,,,,,,,,,
,,,,,,,,,,,,,,,,,,,,,,,,,
,,,,,,,,,,,,,,,,,,,,,,,,,
,,,,,,,,,,,,,,,,,,,,,,,,,
,,,,,,,,,,,,,,,,,,,,,,,,,
,,,,,,,,,,,,,,,,,,,,,,,,,
,,,,,,,,,,,,,,,,,,,,,,,,,
,,,,,,,,,,,,,,,,,,,,,,,,,
,,,,,,,,,,,,,,,,,,,,,,,,,
,,,,,,,,,,,,,,,,,,,,,,,,,
,,,,,,,,,,,,,,,,,,,,,,,,,
,,,,,,,,,,,,,,,,,,,,,,,,,
,,,,,,,,,,,,,,,,,,,,,,,,,
,,,,,,,,,,,,,,,,,,,,,,,,,
,,,,,,,,,,,,,,,,,,,,,,,,,
,,,,,,,,,,,,,,,,,,,,,,,,,
,,,,,,,,,,,,,,,,,,,,,,,,,
,,,,,,,,,,,,,,,,,,,,,,,,,
,,,,,,,,,,,,,,,,,,,,,,,,,
,,,,,,,,,,,,,,,,,,,,,,,,,
,,,,,,,,,,,,,,,,,,,,,,,,,
,,,,,,,,,,,,,,,,,,,,,,,,,
,,,,,,,,,,,,,,,,,,,,,,,,,
,,,,,,,,,,,,,,,,,,,,,,,,,
,,,,,,,,,,,,,,,,,,,,,,,,,
,,,,,,,,,,,,,,,,,,,,,,,,,
,,,,,,,,,,,,,,,,,,,,,,,,,
,,,,,,,,,,,,,,,,,,,,,,,,,
,,,,,,,,,,,,,,,,,,,,,,,,,
,,,,,,,,,,,,,,,,,,,,,,,,,
,,,,,,,,,,,,,,,,,,,,,,,,,
,,,,,,,,,,,,,,,,,,,,,,,,,
,,,,,,,,,,,,,,,,,,,,,,,,,
,,,,,,,,,,,,,,,,,,,,,,,,,
,,,,,,,,,,,,,,,,,,,,,,,,,
,,,,,,,,,,,,,,,,,,,,,,,,,
,,,,,,,,,,,,,,,,,,,,,,,,,
,,,,,,,,,,,,,,,,,,,,,,,,,
,,,,,,,,,,,,,,,,,,,,,,,,,
,,,,,,,,,,,,,,,,,,,,,,,,,
,,,,,,,,,,,,,,,,,,,,,,,,,
,,,,,,,,,,,,,,,,,,,,,,,,,
,,,,,,,,,,,,,,,,,,,,,,,,,
,,,,,,,,,,,,,,,,,,,,,,,,,
