﻿Scopus refine results values

"Your query : ((TITLE-ABS-KEY((Boreal OR {James Bay} OR James-Bay OR {Clay Belt} OR {canadian shield}) AND (Canada OR Quebec OR Ontario OR newfoundland OR Alberta OR British-Columbia) ) AND PUBYEAR > 1999 AND PUBYEAR < 2020) AND (TITLE-ABS-KEY(Silvicultur* OR Intensive OR {Site preparation}   OR Plantation OR   {Tree planting}) AND PUBYEAR > 1999 AND PUBYEAR < 2020) AND (TITLE-ABS-KEY({Age structure}  OR  old-growth) AND PUBYEAR > 1999 AND PUBYEAR < 2020))"


Number of results : 37

"ACCESS TYPE",,"YEAR",,"AUTHOR NAME",,"SUBJECT AREA",,"DOCUMENT TYPE",,"PUBLICATION STAGE",,"SOURCE TITLE",,"KEYWORD",,"AFFILIATION",,"FUNDING SPONSOR",,"COUNTRY",,"SOURCE TYPE",,"LANGUAGE",
"Open Access","6","2017","2","Bergeron, Y.","7","Agricultural and Biological Sciences","34","Article","29","final","37","Forestry Chronicle","8","Canada","35","Université Laval","15","Natural Sciences and Engineering Research Council of Canada","7","Canada","37","Journals","36","English","35"
"Other","31","2016","1","Fortin, D.","6","Biochemistry, Genetics and Molecular Biology","2","Conference Paper","5",,,"Canadian Journal Of Forest Research","6","Boreal Forest","32","Canadian Forest Service","8","Fonds QuÃ©bÃ©cois de la Recherche sur la Nature et les Technologies","2","Finland","1","Books","1","French","2"
,,"2015","1","Ruel, J.C.","6","Decision Sciences","1","Review","2",,,"Forest Ecology And Management","5","Forestry","24","Université du Québec à Montréal","8","MinistÃ¨re des Ressources Naturelles et de la Faune","2","United States","1",,,,
,,"2014","1","Gauthier, S.","5","Environmental Science","22","Book Chapter","1",,,"Ecoscience","3","Silviculture","22","Universite du Quebec en Abitibi-Temiscamingue","7","Canada Economic Development for Quebec Regions","1",,,,,,
,,"2013","3","Leduc, A.","4","Multidisciplinary","1",,,,,"Forestry","2","Forest Management","21","Ministère de l‘Energie et des Ressources naturelles du Québec","6","Ministry of Forests, Lands and Natural Resource Operations","1",,,,,,
,,"2012","4","Bélanger, L.","3",,,,,,,"Silva Fennica","2","Biodiversity","16","Natural Resources Canada","5","MinistÃ¨re de l'Ãcologie, du DÃ©veloppement Durable et de l'Ãnergie","1",,,,,,
,,"2011","5","Harvey, B.D.","3",,,,,,,"Canadian Entomologist","1","Harvesting","16","University of Alberta","4","University of Alberta","1",,,,,,
,,"2010","2","Pothier, D.","3",,,,,,,"Canadian Journal Of Botany","1","Old-growth Forest","16","Le réseau de l'Université du Québec","3","UniversitÃ© Laval","1",,,,,,
,,"2009","1","Raulier, F.","3",,,,,,,"Canadian Journal Of Zoology","1","Ecosystems","15","The University of British Columbia","3","Weyerhaeuser Company","1",,,,,,
,,"2008","4","Anyomi, K.A.","2",,,,,,,"Conservation Biology","1","Quebec [Canada]","13","University of Toronto","3","Undefined","27",,,,,,
,,"2006","1","Bouchard, M.","2",,,,,,,"Ecological Applications","1","Picea Mariana","12","Conseil de recherches en sciences naturelles et en génie du Canada","3",,,,,,,,
,,"2004","3","Garet, J.","2",,,,,,,"Ecological Indicators","1","North America","9","Université du Québec à Rimouski","2",,,,,,,,
,,"2003","3","Hodson, J.","2",,,,,,,"Ecological Modelling","1","Disturbance","8","Treeline Ecological Research","1",,,,,,,,
,,"2002","5","Hébert, C.","2",,,,,,,"Journal Of Biogeography","1","Ecology","8","Département des Sciences Biologiques","1",,,,,,,,
,,"2001","1","Kneeshaw, D.D.","2",,,,,,,"Journal Of Forest Research","1","Boreal Forests","7","Centre d’étude de la forêt CEF","1",,,,,,,,
,,,,"Légaré, J.P.","2",,,,,,,"Plos One","1","Coniferophyta","7","Aquila Conservation and Environmental Consulting","1",,,,,,,,
,,,,"Ouellet, J.P.","2",,,,,,,"Woodlands Ecology Management And Conservation","1","Picea","7","Ecological Logistics and Research Ltd.","1",,,,,,,,
,,,,"Alvarez, P.E.","1",,,,,,,,,"Stand Structure","7","Ministère des Forêts de la Faune et des Parcs","1",,,,,,,,
,,,,"Archambault, L.","1",,,,,,,,,"Abies Balsamea","6","Environment Canada","1",,,,,,,,
,,,,"Archibald, D.J.","1",,,,,,,,,"Clearcutting","6","Oulun Yliopisto","1",,,,,,,,
,,,,"Azeria, E.T.","1",,,,,,,,,"Coniferous Tree","6","Ontario Forest Research Institute","1",,,,,,,,
,,,,"Blanc, M.L.L.","1",,,,,,,,,"Fires","6","Simon Fraser University","1",,,,,,,,
,,,,"Boucher, Y.","1",,,,,,,,,"Forests","6","Lakehead University","1",,,,,,,,
,,,,"Bouthillier, L.","1",,,,,,,,,"Abundance","5","Applied Mammal Research Institute","1",,,,,,,,
,,,,"Brodeur, V.","1",,,,,,,,,"Fire","5","University of Wisconsin-Madison","1",,,,,,,,
,,,,"Brunet, G.","1",,,,,,,,,"Logging (timber)","5","McGill University, Macdonald Campus","1",,,,,,,,
,,,,"Buddle, C.M.","1",,,,,,,,,"Age Structure","4","Ministry of Forests and Range","1",,,,,,,,
,,,,"Carleton, T.J.","1",,,,,,,,,"Aves","4","Ministére du Développement durable, de l'Environnement et des Parcs","1",,,,,,,,
,,,,"Chen, J.","1",,,,,,,,,"Bryophyta","4","Ducks Unlimited Canada","1",,,,,,,,
,,,,"Colombo, S.J.","1",,,,,,,,,"Ecological Impact","4","Bowater Canadian Forest Products Inc, Canada","1",,,,,,,,
,,,,"Courbin, N.","1",,,,,,,,,"Environmental Disturbance","4",,,,,,,,,,
,,,,"Courtois, R.","1",,,,,,,,,"Forest Canopy","4",,,,,,,,,,
,,,,"Couturier, S.","1",,,,,,,,,"Forestry Production","4",,,,,,,,,,
,,,,"Cumming, S.G.","1",,,,,,,,,"Habitat Use","4",,,,,,,,,,
,,,,"Darveau, M.","1",,,,,,,,,"Ontario [Canada]","4",,,,,,,,,,
,,,,"Deans, A.M.","1",,,,,,,,,"Quebec","4",,,,,,,,,,
,,,,"Deshaies, D.","1",,,,,,,,,"Selection Cutting","4",,,,,,,,,,
,,,,"Desponts, M.","1",,,,,,,,,"Species Diversity","4",,,,,,,,,,
,,,,"Desrochers, A.","1",,,,,,,,,"Sustainable Development","4",,,,,,,,,,
,,,,"Drapeau, P.","1",,,,,,,,,"Abies","3",,,,,,,,,,
,,,,"Dussault, C.","1",,,,,,,,,"Animalia","3",,,,,,,,,,
,,,,"Fall, A.","1",,,,,,,,,"Animals","3",,,,,,,,,,
,,,,"Fenton, N.J.","1",,,,,,,,,"Balsam Fir","3",,,,,,,,,,
,,,,"Ferguson, S.H.","1",,,,,,,,,"Coniferous Forest","3",,,,,,,,,,
,,,,"Fortin, M.J.","1",,,,,,,,,"Ecosystem Management","3",,,,,,,,,,
,,,,"Gendreau-Berthiaume, B.","1",,,,,,,,,"Experimental Study","3",,,,,,,,,,
,,,,"Godbout, G.","1",,,,,,,,,"Forest Ecosystem","3",,,,,,,,,,
,,,,"Grondin, P.","1",,,,,,,,,"Logging","3",,,,,,,,,,
,,,,"Hannon, S.J.","1",,,,,,,,,"Natural Disturbance","3",,,,,,,,,,
,,,,"Harper, B.G.","1",,,,,,,,,"Old-growth","3",,,,,,,,,,
,,,,"Hoyt, J.S.","1",,,,,,,,,"Ontario","3",,,,,,,,,,
,,,,"Imbeau, L.","1",,,,,,,,,"Partial Cutting","3",,,,,,,,,,
,,,,"Innes, J.","1",,,,,,,,,"Pinus Banksiana","3",,,,,,,,,,
,,,,"Jastrebski, C.","1",,,,,,,,,"Populus Tremuloides","3",,,,,,,,,,
,,,,"Kirk, D.A.","1",,,,,,,,,"Reforestation","3",,,,,,,,,,
,,,,"Krcmar, E.","1",,,,,,,,,"Regeneration","3",,,,,,,,,,
,,,,"Landhäusser, S.M.","1",,,,,,,,,"Timber","3",,,,,,,,,,
,,,,"Le Blanc, M.L.","1",,,,,,,,,"Age Class","2",,,,,,,,,,
,,,,"LeBlanc, M.L.","1",,,,,,,,,"Agriculture","2",,,,,,,,,,
,,,,"Lemaître, J.","1",,,,,,,,,"Araneae","2",,,,,,,,,,
,,,,"Lesieur, D.","1",,,,,,,,,"Atmospheric Humidity","2",,,,,,,,,,
,,,,"Lieffers, V.J.","1",,,,,,,,,"Avifauna","2",,,,,,,,,,
,,,,"Lindgren, P.M.F.","1",,,,,,,,,"Basal Area","2",,,,,,,,,,
,,,,"Maclean, H.L.","1",,,,,,,,,"Betula Papyrifera","2",,,,,,,,,,
,,,,"Malcolm, J.R.","1",,,,,,,,,"Betula Pendula","2",,,,,,,,,,
,,,,"Mathey, A.H.","1",,,,,,,,,"Biomass","2",,,,,,,,,,
,,,,"Mckechnie, J.","1",,,,,,,,,"Bird","2",,,,,,,,,,
,,,,"Messier, C.","1",,,,,,,,,"Black Spruce","2",,,,,,,,,,
,,,,"Mitchell, S.J.","1",,,,,,,,,"Boreal","2",,,,,,,,,,
,,,,"Mönkkönen, M.","1",,,,,,,,,"British Columbia","2",,,,,,,,,,
,,,,"Ouzennou, H.","1",,,,,,,,,"Certhia Americana","2",,,,,,,,,,
,,,,"Paradis, S.","1",,,,,,,,,"Climatology","2",,,,,,,,,,
,,,,"Ransome, D.B.","1",,,,,,,,,"Community Structure","2",,,,,,,,,,
,,,,"Renaud-Roy, E.","1",,,,,,,,,"Competition (ecology)","2",,,,,,,,,,
,,,,"Savard, J.P.","1",,,,,,,,,"Conservation","2",,,,,,,,,,
,,,,"Shorthouse, D.P.","1",,,,,,,,,"Conservation Management","2",,,,,,,,,,
,,,,"Simard, M.","1",,,,,,,,,"Deciduous Forest","2",,,,,,,,,,
,,,,"Smith, S.M.","1",,,,,,,,,"Dicotyledon","2",,,,,,,,,,
,,,,"Smyth, C.","1",,,,,,,,,"Dominance","2",,,,,,,,,,
,,,,"Sullivan, D.S.","1",,,,,,,,,"Ecosystem","2",,,,,,,,,,
,,,,"Sullivan, T.P.","1",,,,,,,,,"Ecosystem Function","2",,,,,,,,,,
,,,,"Swiston, K.","1",,,,,,,,,"Environmental Impact","2",,,,,,,,,,
,,,,"Ter-Mikaelian, M.T.","1",,,,,,,,,"Fire History","2",,,,,,,,,,
,,,,"Thompson, I.D.","1",,,,,,,,,"Fire Management","2",,,,,,,,,,
,,,,"Timoney, K.P.","1",,,,,,,,,"Forest","2",,,,,,,,,,
,,,,"Vertinsky, I.","1",,,,,,,,,"Forest Age","2",,,,,,,,,,
,,,,"Vijayakumar, D.B.I.P.","1",,,,,,,,,"Forest Dynamics","2",,,,,,,,,,
,,,,"Work, T.T.","1",,,,,,,,,"Forest Resource","2",,,,,,,,,,
,,,,"Yamasaki, S.H.","1",,,,,,,,,"Fragmentation","2",,,,,,,,,,
,,,,"Zhao, Q.","1",,,,,,,,,"Growth Rate","2",,,,,,,,,,
,,,,,,,,,,,,,,"Habitat Fragmentation","2",,,,,,,,,,
,,,,,,,,,,,,,,"Habitat Selection","2",,,,,,,,,,
,,,,,,,,,,,,,,"Habitats","2",,,,,,,,,,
,,,,,,,,,,,,,,"Heterogeneity","2",,,,,,,,,,
,,,,,,,,,,,,,,"Hexapoda","2",,,,,,,,,,
,,,,,,,,,,,,,,"Home Range","2",,,,,,,,,,
,,,,,,,,,,,,,,"Insecta","2",,,,,,,,,,
,,,,,,,,,,,,,,"Landscape","2",,,,,,,,,,
,,,,,,,,,,,,,,"Landscape Ecology","2",,,,,,,,,,
,,,,,,,,,,,,,,"Lodgepole Pine","2",,,,,,,,,,
,,,,,,,,,,,,,,"Mauricie","2",,,,,,,,,,
,,,,,,,,,,,,,,"Mixed Forest","2",,,,,,,,,,
,,,,,,,,,,,,,,"Multivariate Analysis","2",,,,,,,,,,
,,,,,,,,,,,,,,"Natural Disturbances","2",,,,,,,,,,
,,,,,,,,,,,,,,"Optimization","2",,,,,,,,,,
,,,,,,,,,,,,,,"Partial Cuts","2",,,,,,,,,,
,,,,,,,,,,,,,,"Picea Glauca","2",,,,,,,,,,
,,,,,,,,,,,,,,"Pinus Contorta","2",,,,,,,,,,
,,,,,,,,,,,,,,"Productivity","2",,,,,,,,,,
,,,,,,,,,,,,,,"Sampling","2",,,,,,,,,,
,,,,,,,,,,,,,,"Selective Logging","2",,,,,,,,,,
,,,,,,,,,,,,,,"Soils","2",,,,,,,,,,
,,,,,,,,,,,,,,"Species Richness","2",,,,,,,,,,
,,,,,,,,,,,,,,"Spider","2",,,,,,,,,,
,,,,,,,,,,,,,,"Stand Dynamics","2",,,,,,,,,,
,,,,,,,,,,,,,,"Stem","2",,,,,,,,,,
,,,,,,,,,,,,,,"Structural Complexity","2",,,,,,,,,,
,,,,,,,,,,,,,,"Succession","2",,,,,,,,,,
,,,,,,,,,,,,,,"Sustainability","2",,,,,,,,,,
,,,,,,,,,,,,,,"Temperate Forest","2",,,,,,,,,,
,,,,,,,,,,,,,,"Thinning","2",,,,,,,,,,
,,,,,,,,,,,,,,"Trees","2",,,,,,,,,,
,,,,,,,,,,,,,,"Vegetation","2",,,,,,,,,,
,,,,,,,,,,,,,,"Wildlife","2",,,,,,,,,,
,,,,,,,,,,,,,,"Wind Velocity","2",,,,,,,,,,
,,,,,,,,,,,,,,"Windthrow","2",,,,,,,,,,
,,,,,,,,,,,,,,"(West)","1",,,,,,,,,,
,,,,,,,,,,,,,,"Abies Amabilis","1",,,,,,,,,,
,,,,,,,,,,,,,,"Alternative Harvesting Methods","1",,,,,,,,,,
,,,,,,,,,,,,,,"Altitude","1",,,,,,,,,,
,,,,,,,,,,,,,,"Altitude Control","1",,,,,,,,,,
,,,,,,,,,,,,,,"American Marten","1",,,,,,,,,,
,,,,,,,,,,,,,,"Animal Communities","1",,,,,,,,,,
,,,,,,,,,,,,,,"Anthropogenic Effect","1",,,,,,,,,,
,,,,,,,,,,,,,,"Article","1",,,,,,,,,,
,,,,,,,,,,,,,,"Aspen","1",,,,,,,,,,
,,,,,,,,,,,,,,"Avian Communities","1",,,,,,,,,,
,,,,,,,,,,,,,,"Back Spruce","1",,,,,,,,,,
,,,,,,,,,,,,,,"Balsam-fir","1",,,,,,,,,,
,,,,,,,,,,,,,,"Bear","1",,,,,,,,,,
,,,,,,,,,,,,,,"Beetle","1",,,,,,,,,,
,,,,,,,,,,,,,,"Bio-energy","1",,,,,,,,,,
,,,,,,,,,,,,,,"Bioclimatology","1",,,,,,,,,,
,,,,,,,,,,,,,,"Bioenergy","1",,,,,,,,,,
,,,,,,,,,,,,,,"Bioindicator","1",,,,,,,,,,
,,,,,,,,,,,,,,"Biological Indicators","1",,,,,,,,,,
,,,,,,,,,,,,,,"Bird Communities","1",,,,,,,,,,
,,,,,,,,,,,,,,"Birds","1",,,,,,,,,,
,,,,,,,,,,,,,,"Black Spruce Boreal Forests","1",,,,,,,,,,
,,,,,,,,,,,,,,"Blackburnian Warblers","1",,,,,,,,,,
,,,,,,,,,,,,,,"Boreal Mixedwoods","1",,,,,,,,,,
,,,,,,,,,,,,,,"Browse History","1",,,,,,,,,,
,,,,,,,,,,,,,,"Browsing","1",,,,,,,,,,
,,,,,,,,,,,,,,"Calendula","1",,,,,,,,,,
,,,,,,,,,,,,,,"Canadian Boreal Forest","1",,,,,,,,,,
,,,,,,,,,,,,,,"Canadian Rocky Mountains","1",,,,,,,,,,
,,,,,,,,,,,,,,"Canopy Gap","1",,,,,,,,,,
,,,,,,,,,,,,,,"Canopy Opening","1",,,,,,,,,,
,,,,,,,,,,,,,,"Carbon","1",,,,,,,,,,
,,,,,,,,,,,,,,"Carbon Neutral","1",,,,,,,,,,
