﻿Scopus refine results values

"Your query : ((TITLE-ABS-KEY((Boreal OR {James Bay} OR James-Bay OR {Clay Belt} OR {canadian shield}) AND (Canada OR Quebec OR Ontario OR newfoundland OR Alberta OR British-Columbia) ) AND PUBYEAR > 1999 AND PUBYEAR < 2020) AND (TITLE-ABS-KEY(Silvicultur* OR Intensive OR {Site preparation}   OR Plantation OR   {Tree planting}) AND PUBYEAR > 1999 AND PUBYEAR < 2020) AND (TITLE-ABS-KEY(Road  AND (Density OR Network)) AND PUBYEAR > 1999 AND PUBYEAR < 2020))"


Number of results : 4

"ACCESS TYPE",,"YEAR",,"AUTHOR NAME(filtered by По количеству результатов)",,"SUBJECT AREA(filtered by Alphabet)",,"DOCUMENT TYPE",,"PUBLICATION STAGE",,"SOURCE TITLE(filtered by По количеству результатов)",,"KEYWORD(filtered by По количеству результатов)",,"AFFILIATION",,"FUNDING SPONSOR",,"COUNTRY(filtered by По количеству результатов)",,"SOURCE TYPE",,"LANGUAGE(filtered by По количеству результатов)",
"Other","4","2012","2","Leclerc, M.","2","Agricultural and Biological Sciences","4","Article","4","final","4","Ecoscience","1","Boreal Forest","3","Université du Québec à Rimouski","3","Fonds de recherche du QuÃ©bec â Nature et technologies","1","Canada","4","Journals","4","English","4"
,,"2008","1","St-Laurent, M.H.","2","Environmental Science","4",,,,,"Forest Ecology And Management","1","Canada","3","Université Laval","2","Natural Sciences and Engineering Research Council of Canada","1","Chile","1",,,,
,,"2005","1","Acuña, M.A.","1",,,,,,,"Journal Of Wildlife Management","1","Quebec","3","Ministère de l‘Energie et des Ressources naturelles du Québec","2","Undefined","3","United States","1",,,,
,,,,"Cui, W.","1",,,,,,,"USDA Forest Service General Technical Report PNW","1","Quebec [Canada]","3","Universidad de Chile","1",,,,,,,,
,,,,"Dussault, C.","1",,,,,,,,,"Deer","2","Oregon State University","1",,,,,,,,
,,,,"Godbout, G.","1",,,,,,,,,"Food Availability","2","University of Toronto","1",,,,,,,,
,,,,"Lamoureux, J.","1",,,,,,,,,"Forest Management","2","Pontificia Universidad Católica de Chile","1",,,,,,,,
,,,,"Martell, D.L.","1",,,,,,,,,"Habitat Selection","2",,,,,,,,,,
,,,,"Ouellet, J.P.","1",,,,,,,,,"Home Range","2",,,,,,,,,,
,,,,"Palma, C.D.","1",,,,,,,,,"Limiting Factor","2",,,,,,,,,,
,,,,"Weintraub, A.","1",,,,,,,,,"Logging (timber)","2",,,,,,,,,,
,,,,,,,,,,,,,,"Abies","1",,,,,,,,,,
,,,,,,,,,,,,,,"Abies Balsamea","1",,,,,,,,,,
,,,,,,,,,,,,,,"Aerial Survey","1",,,,,,,,,,
,,,,,,,,,,,,,,"Aerial Surveys","1",,,,,,,,,,
,,,,,,,,,,,,,,"Alces Alces","1",,,,,,,,,,
,,,,,,,,,,,,,,"American Marten","1",,,,,,,,,,
,,,,,,,,,,,,,,"Anthropogenic Disturbance","1",,,,,,,,,,
,,,,,,,,,,,,,,"Balsam Fir","1",,,,,,,,,,
,,,,,,,,,,,,,,"Bas Saint Laurent","1",,,,,,,,,,
,,,,,,,,,,,,,,"Basal Area","1",,,,,,,,,,
,,,,,,,,,,,,,,"Biotelemetry","1",,,,,,,,,,
,,,,,,,,,,,,,,"Black Spruce","1",,,,,,,,,,
,,,,,,,,,,,,,,"Black Spruce Plantations","1",,,,,,,,,,
,,,,,,,,,,,,,,"Boreal Forests","1",,,,,,,,,,
,,,,,,,,,,,,,,"Calving","1",,,,,,,,,,
,,,,,,,,,,,,,,"Caribou Habitats","1",,,,,,,,,,
,,,,,,,,,,,,,,"Carnivore","1",,,,,,,,,,
,,,,,,,,,,,,,,"Clear-cuts","1",,,,,,,,,,
,,,,,,,,,,,,,,"Clearcutting","1",,,,,,,,,,
,,,,,,,,,,,,,,"Coarse To Fine","1",,,,,,,,,,
,,,,,,,,,,,,,,"Coniferous Forest","1",,,,,,,,,,
,,,,,,,,,,,,,,"Coniferous Tree","1",,,,,,,,,,
,,,,,,,,,,,,,,"Cutovers","1",,,,,,,,,,
,,,,,,,,,,,,,,"Ecosystems","1",,,,,,,,,,
,,,,,,,,,,,,,,"Fire Management","1",,,,,,,,,,
,,,,,,,,,,,,,,"Food Resources","1",,,,,,,,,,
,,,,,,,,,,,,,,"Foraging Behavior","1",,,,,,,,,,
,,,,,,,,,,,,,,"Forest Planning","1",,,,,,,,,,
,,,,,,,,,,,,,,"Forest Stand","1",,,,,,,,,,
,,,,,,,,,,,,,,"Forestry","1",,,,,,,,,,
,,,,,,,,,,,,,,"Forestry Practice","1",,,,,,,,,,
,,,,,,,,,,,,,,"Forests","1",,,,,,,,,,
,,,,,,,,,,,,,,"GPS","1",,,,,,,,,,
,,,,,,,,,,,,,,"GPS Telemetry","1",,,,,,,,,,
,,,,,,,,,,,,,,"Habitat Type","1",,,,,,,,,,
,,,,,,,,,,,,,,"Habitat Use","1",,,,,,,,,,
,,,,,,,,,,,,,,"Harvesting","1",,,,,,,,,,
,,,,,,,,,,,,,,"Heuristics","1",,,,,,,,,,
,,,,,,,,,,,,,,"Hierarchical Habitat Selection","1",,,,,,,,,,
,,,,,,,,,,,,,,"High Elevation","1",,,,,,,,,,
,,,,,,,,,,,,,,"Human Activity","1",,,,,,,,,,
,,,,,,,,,,,,,,"Integrated Approach","1",,,,,,,,,,
,,,,,,,,,,,,,,"Intensive Management","1",,,,,,,,,,
,,,,,,,,,,,,,,"Limiting Factors","1",,,,,,,,,,
,,,,,,,,,,,,,,"Maps","1",,,,,,,,,,
,,,,,,,,,,,,,,"Martes Americana","1",,,,,,,,,,
,,,,,,,,,,,,,,"Mixed Integer Programming","1",,,,,,,,,,
,,,,,,,,,,,,,,"Moose Distribution","1",,,,,,,,,,
,,,,,,,,,,,,,,"Multiscales","1",,,,,,,,,,
,,,,,,,,,,,,,,"Nest Site","1",,,,,,,,,,
,,,,,,,,,,,,,,"North America","1",,,,,,,,,,
,,,,,,,,,,,,,,"Odocoileus Virginianus","1",,,,,,,,,,
,,,,,,,,,,,,,,"Partial Logging","1",,,,,,,,,,
,,,,,,,,,,,,,,"Picea Mariana","1",,,,,,,,,,
,,,,,,,,,,,,,,"Planning Practice","1",,,,,,,,,,
,,,,,,,,,,,,,,"Plantation Forestry","1",,,,,,,,,,
,,,,,,,,,,,,,,"Population Decline","1",,,,,,,,,,
,,,,,,,,,,,,,,"Population Density","1",,,,,,,,,,
,,,,,,,,,,,,,,"Population Distribution","1",,,,,,,,,,
,,,,,,,,,,,,,,"Precommercial Thinning","1",,,,,,,,,,
,,,,,,,,,,,,,,"Predation Risk","1",,,,,,,,,,
,,,,,,,,,,,,,,"Rangifer Tarandus","1",,,,,,,,,,
,,,,,,,,,,,,,,"Rangifer Tarandus Caribou","1",,,,,,,,,,
,,,,,,,,,,,,,,"Resource Selection Function","1",,,,,,,,,,
,,,,,,,,,,,,,,"Road Density","1",,,,,,,,,,
,,,,,,,,,,,,,,"Road Transport","1",,,,,,,,,,
,,,,,,,,,,,,,,"Site Selection","1",,,,,,,,,,
,,,,,,,,,,,,,,"Small Mammal","1",,,,,,,,,,
,,,,,,,,,,,,,,"Spatial Scale","1",,,,,,,,,,
,,,,,,,,,,,,,,"Thinning","1",,,,,,,,,,
,,,,,,,,,,,,,,"Timber","1",,,,,,,,,,
,,,,,,,,,,,,,,"Topographic Map","1",,,,,,,,,,
,,,,,,,,,,,,,,"Topographic Mapping","1",,,,,,,,,,
,,,,,,,,,,,,,,"Winter","1",,,,,,,,,,
,,,,,,,,,,,,,,"Woodland","1",,,,,,,,,,
,,,,,,,,,,,,,,"Woodland Caribou","1",,,,,,,,,,
,,,,,,,,,,,,,,,,,,,,,,,,,
,,,,,,,,,,,,,,,,,,,,,,,,,
,,,,,,,,,,,,,,,,,,,,,,,,,
,,,,,,,,,,,,,,,,,,,,,,,,,
,,,,,,,,,,,,,,,,,,,,,,,,,
,,,,,,,,,,,,,,,,,,,,,,,,,
,,,,,,,,,,,,,,,,,,,,,,,,,
,,,,,,,,,,,,,,,,,,,,,,,,,
,,,,,,,,,,,,,,,,,,,,,,,,,
,,,,,,,,,,,,,,,,,,,,,,,,,
,,,,,,,,,,,,,,,,,,,,,,,,,
,,,,,,,,,,,,,,,,,,,,,,,,,
,,,,,,,,,,,,,,,,,,,,,,,,,
,,,,,,,,,,,,,,,,,,,,,,,,,
,,,,,,,,,,,,,,,,,,,,,,,,,
,,,,,,,,,,,,,,,,,,,,,,,,,
,,,,,,,,,,,,,,,,,,,,,,,,,
,,,,,,,,,,,,,,,,,,,,,,,,,
,,,,,,,,,,,,,,,,,,,,,,,,,
,,,,,,,,,,,,,,,,,,,,,,,,,
,,,,,,,,,,,,,,,,,,,,,,,,,
,,,,,,,,,,,,,,,,,,,,,,,,,
,,,,,,,,,,,,,,,,,,,,,,,,,
,,,,,,,,,,,,,,,,,,,,,,,,,
,,,,,,,,,,,,,,,,,,,,,,,,,
,,,,,,,,,,,,,,,,,,,,,,,,,
,,,,,,,,,,,,,,,,,,,,,,,,,
,,,,,,,,,,,,,,,,,,,,,,,,,
,,,,,,,,,,,,,,,,,,,,,,,,,
,,,,,,,,,,,,,,,,,,,,,,,,,
,,,,,,,,,,,,,,,,,,,,,,,,,
,,,,,,,,,,,,,,,,,,,,,,,,,
,,,,,,,,,,,,,,,,,,,,,,,,,
,,,,,,,,,,,,,,,,,,,,,,,,,
,,,,,,,,,,,,,,,,,,,,,,,,,
,,,,,,,,,,,,,,,,,,,,,,,,,
,,,,,,,,,,,,,,,,,,,,,,,,,
,,,,,,,,,,,,,,,,,,,,,,,,,
,,,,,,,,,,,,,,,,,,,,,,,,,
,,,,,,,,,,,,,,,,,,,,,,,,,
,,,,,,,,,,,,,,,,,,,,,,,,,
,,,,,,,,,,,,,,,,,,,,,,,,,
,,,,,,,,,,,,,,,,,,,,,,,,,
,,,,,,,,,,,,,,,,,,,,,,,,,
,,,,,,,,,,,,,,,,,,,,,,,,,
,,,,,,,,,,,,,,,,,,,,,,,,,
,,,,,,,,,,,,,,,,,,,,,,,,,
,,,,,,,,,,,,,,,,,,,,,,,,,
,,,,,,,,,,,,,,,,,,,,,,,,,
,,,,,,,,,,,,,,,,,,,,,,,,,
,,,,,,,,,,,,,,,,,,,,,,,,,
,,,,,,,,,,,,,,,,,,,,,,,,,
,,,,,,,,,,,,,,,,,,,,,,,,,
,,,,,,,,,,,,,,,,,,,,,,,,,
,,,,,,,,,,,,,,,,,,,,,,,,,
,,,,,,,,,,,,,,,,,,,,,,,,,
,,,,,,,,,,,,,,,,,,,,,,,,,
,,,,,,,,,,,,,,,,,,,,,,,,,
,,,,,,,,,,,,,,,,,,,,,,,,,
,,,,,,,,,,,,,,,,,,,,,,,,,
,,,,,,,,,,,,,,,,,,,,,,,,,
,,,,,,,,,,,,,,,,,,,,,,,,,
,,,,,,,,,,,,,,,,,,,,,,,,,
,,,,,,,,,,,,,,,,,,,,,,,,,
,,,,,,,,,,,,,,,,,,,,,,,,,
,,,,,,,,,,,,,,,,,,,,,,,,,
,,,,,,,,,,,,,,,,,,,,,,,,,
,,,,,,,,,,,,,,,,,,,,,,,,,
,,,,,,,,,,,,,,,,,,,,,,,,,
,,,,,,,,,,,,,,,,,,,,,,,,,
,,,,,,,,,,,,,,,,,,,,,,,,,
,,,,,,,,,,,,,,,,,,,,,,,,,
,,,,,,,,,,,,,,,,,,,,,,,,,
