﻿Scopus refine results values

"Your query : ((TITLE-ABS-KEY((Boreal OR {James Bay} OR James-Bay OR {Clay Belt} OR {canadian shield}) AND (Canada OR Quebec OR Ontario OR newfoundland OR Alberta OR British-Columbia) ) AND PUBYEAR > 1999 AND PUBYEAR < 2020) AND (TITLE-ABS-KEY((Forest AND Fire) OR ""Wildfire"" OR ""crown fire"" OR ""Wildland fire"" ) AND PUBYEAR > 1999 AND PUBYEAR < 2020) AND (TITLE-ABS-KEY({tree composition} OR {tree species composition} OR {Stand composition} OR {tree assemblage} OR {tree species assemblage}  ) AND PUBYEAR > 1999 AND PUBYEAR < 2020))"


Number of results : 36

"ACCESS TYPE",,"YEAR",,"AUTHOR NAME",,"SUBJECT AREA",,"DOCUMENT TYPE",,"PUBLICATION STAGE",,"SOURCE TITLE",,"KEYWORD",,"AFFILIATION",,"FUNDING SPONSOR",,"COUNTRY",,"SOURCE TYPE",,"LANGUAGE",
"Open Access","4","2019","2","Bergeron, Y.","15","Agricultural and Biological Sciences","33","Article","35","final","36","Forest Ecology And Management","9","Canada","31","Canadian Forest Service","11","Natural Sciences and Engineering Research Council of Canada","6","Canada","34","Journals","36","English","36"
"Other","32","2017","1","Chen, H.Y.H.","5","Biochemistry, Genetics and Molecular Biology","1","Review","1",,,"Journal Of Vegetation Science","7","Boreal Forest","26","Universite du Quebec en Abitibi-Temiscamingue","10","Canadian Forest Service","2","United States","8",,,,
,,"2016","1","Lecomte, N.","5","Environmental Science","30",,,,,"Canadian Journal Of Forest Research","2","Quebec [Canada]","12","Université du Québec à Montréal","9","Natural Resources Canada","2","France","3",,,,
,,"2015","3","Bartels, S.F.","4","Social Sciences","2",,,,,"Ecology","2","Succession","12","Natural Resources Canada","7","Aurora Research Institute","1","Finland","1",,,,
,,"2014","3","Gauthier, S.","3",,,,,,,"Ecoscience","2","Fire","11","Université Laval","7","Canadian Space Agency","1","Germany","1",,,,
,,"2013","5","Johnstone, J.F.","3",,,,,,,"Ecosphere","2","Fires","11","Le réseau de l'Université du Québec","6","Environment and Natural Resources, Northwest Territories","1","Switzerland","1",,,,
,,"2012","1","Simard, M.","3",,,,,,,"Landscape Ecology","2","Picea Mariana","11","Lakehead University","6","Fonds QuÃ©bÃ©cois de la Recherche sur la Nature et les Technologies","1",,,,,,
,,"2011","3","Belleau, A.","2",,,,,,,"Canadian Journal Of Botany","1","Reforestation","11","University of Saskatchewan","3","Fonds de recherche du QuÃ©bec â Nature et technologies","1",,,,,,
,,"2010","3","Bouchard, M.","2",,,,,,,"Ecosystems","1","Forestry","10","University of Toronto","3","Gwich'in Renewable Resources Board","1",,,,,,
,,"2008","1","Hély, C.","2",,,,,,,"Forest Science","1","Disturbance","9","Northern Forestry Centre","3","Joint Fire Science Program","1",,,,,,
,,"2006","5","Ali, A.A.","1",,,,,,,"Forestry Chronicle","1","North America","9","McGill University","2","National Aeronautics and Space Administration","1",,,,,,
,,"2005","3","Arseneault, D.","1",,,,,,,"Global Change Biology","1","Regeneration","9","CNRS Centre National de la Recherche Scientifique","2","National Science Foundation","1",,,,,,
,,"2003","1","Asnong, H.","1",,,,,,,"Global Ecology And Biogeography","1","Abies Balsamea","8","University of Montreal","2","Ohio State University","1",,,,,,
,,"2001","1","Asselin, H.","1",,,,,,,"International Journal Of Wildland Fire","1","Coniferophyta","8","Ontario Ministry of Natural Resources","2","Pacific Northwest Research Station","1",,,,,,
,,"2000","3","Auger, I.","1",,,,,,,"Microbial Ecology","1","Coniferous Tree","8","University of Alaska Fairbanks","2","Undefined","25",,,,,,
,,,,"Baltzer, J.L.","1",,,,,,,"New Forests","1","Forest Fire","8","University of Guelph","2",,,,,,,,
,,,,"Blarquez, O.","1",,,,,,,"New Phytologist","1","Pinus Banksiana","8","University of Alberta","2",,,,,,,,
,,,,"Boiffin, J.","1",,,,,,,,,"Community Composition","7","University of Wisconsin-Madison","2",,,,,,,,
,,,,"Bokalo, M.","1",,,,,,,,,"Forest Management","7","Concordia University","2",,,,,,,,
,,,,"Boucher, D.","1",,,,,,,,,"Stand Structure","7","Seney National Wildlife Refuge","1",,,,,,,,
,,,,"Boucher, Y.","1",,,,,,,,,"Betula Papyrifera","6","Ecl. Sup. d'Agriculture de Purpan","1",,,,,,,,
,,,,"Bradley, R.","1",,,,,,,,,"Black Spruce","6","Valeur Nature","1",,,,,,,,
,,,,"Brice, M.H.","1",,,,,,,,,"Coniferous Forest","6","Wilfrid Laurier University","1",,,,,,,,
,,,,"Béland, M.","1",,,,,,,,,"Environmental Disturbance","6","USDA Forest Service","1",,,,,,,,
,,,,"Calmels, S.","1",,,,,,,,,"Picea","6","The Ohio State University","1",,,,,,,,
,,,,"Carcaillet, C.","1",,,,,,,,,"Populus Tremuloides","6","Université du Québec à Rimouski","1",,,,,,,,
,,,,"Cazelles, K.","1",,,,,,,,,"Quebec","6","Eidgenössische Forschungsanstalt fur Wald, Schnee Und Landschaft Eth-Bereichs","1",,,,,,,,
,,,,"Chen, J.","1",,,,,,,,,"Wildfire","6","Universite de Moncton","1",,,,,,,,
,,,,"Cimon-Morin, J.","1",,,,,,,,,"Abies","5","Université de Sherbrooke","1",,,,,,,,
,,,,"Colombo, S.J.","1",,,,,,,,,"Abundance","5","Centre Européen de Recherche et d'Enseignement des Géosciences de l'Environnement","1",,,,,,,,
,,,,"Corace, R.G.","1",,,,,,,,,"Biodiversity","5","Ohio Agricultural Research and Development Center","1",,,,,,,,
,,,,"Dang, Q.L.","1",,,,,,,,,"Boreal Forests","5","University of Winnipeg","1",,,,,,,,
,,,,"Darveau, M.","1",,,,,,,,,"Chronosequence","5","Carleton University","1",,,,,,,,
,,,,"Day, N.J.","1",,,,,,,,,"Ontario [Canada]","5","Ontario Forest Research Institute","1",,,,,,,,
,,,,"De Grandpré, L.","1",,,,,,,,,"Picea Glauca","5","University of Maryland","1",,,,,,,,
,,,,"DeBellis, T.","1",,,,,,,,,"Understory","5","University of Virginia","1",,,,,,,,
,,,,"Drobyshev, I.","1",,,,,,,,,"Community Structure","4","Université Paul Cézanne Aix-Marseille III","1",,,,,,,,
,,,,"Dunfield, K.E.","1",,,,,,,,,"Dendrochronology","4","Northern Arizona University","1",,,,,,,,
,,,,"Dupuis, S.","1",,,,,,,,,"Dominance","4","Universität Freiburg im Breisgau","1",,,,,,,,
,,,,"Elkie, P.C.","1",,,,,,,,,"Fire Behavior","4","Clemson University","1",,,,,,,,
,,,,"Errington, R.C.","1",,,,,,,,,"Fire History","4","Conseil de recherches en sciences naturelles et en génie du Canada","1",,,,,,,,
,,,,"Fenton, N.","1",,,,,,,,,"Forest Fires","4","École Pratique des Hautes Etudes","1",,,,,,,,
,,,,"Flannigan, M.","1",,,,,,,,,"Forest Succession","4","Pacific Forestry Centre","1",,,,,,,,
,,,,"Flannigan, M.D.","1",,,,,,,,,"Forests","4","Ministère de l‘Energie et des Ressources naturelles du Québec","1",,,,,,,,
,,,,"Fortin, M.J.","1",,,,,,,,,"Harvesting","4","Government of Alberta","1",,,,,,,,
,,,,"Fourrier, A.","1",,,,,,,,,"Lichen","4","Itä-Suomen yliopisto","1",,,,,,,,
,,,,"Genries, A.","1",,,,,,,,,"Logging","4","Université de Montpellier","1",,,,,,,,
,,,,"Girardin, M.P.","1",,,,,,,,,"Populus","4",,,,,,,,,,
,,,,"Goebel, P.C.","1",,,,,,,,,"Species Diversity","4",,,,,,,,,,
,,,,"Greene, D.F.","1",,,,,,,,,"Stand Dynamics","4",,,,,,,,,,
,,,,"Grondin, P.","1",,,,,,,,,"Article","3",,,,,,,,,,
,,,,"Gärtner, S.M.","1",,,,,,,,,"Balsam Fir","3",,,,,,,,,,
,,,,"Heath, L.S.","1",,,,,,,,,"Betula","3",,,,,,,,,,
,,,,"Heĺy, C.","1",,,,,,,,,"Bryophyta","3",,,,,,,,,,
,,,,"Hix, D.M.","1",,,,,,,,,"Choristoneura Fumiferana","3",,,,,,,,,,
,,,,"Junninen, K.","1",,,,,,,,,"Climate Change","3",,,,,,,,,,
,,,,"Kafka, V.","1",,,,,,,,,"Comparative Study","3",,,,,,,,,,
,,,,"Kasischke, E.S.","1",,,,,,,,,"Ecology","3",,,,,,,,,,
,,,,"Kemball, K.J.","1",,,,,,,,,"Ecosystem","3",,,,,,,,,,
,,,,"Kernaghan, G.","1",,,,,,,,,"Ecosystems","3",,,,,,,,,,
,,,,"Kielland, K.","1",,,,,,,,,"Forest","3",,,,,,,,,,
,,,,"King, G.","1",,,,,,,,,"Forest Ecosystem","3",,,,,,,,,,
,,,,"Kneeshaw, D.","1",,,,,,,,,"Forest Floor","3",,,,,,,,,,
,,,,"Kouki, J.","1",,,,,,,,,"Forest Regeneration","3",,,,,,,,,,
,,,,"Kumar, P.","1",,,,,,,,,"Jack Pine","3",,,,,,,,,,
,,,,"Larouche, A.","1",,,,,,,,,"Mixed Forest","3",,,,,,,,,,
,,,,"Leduc, A.","1",,,,,,,,,"Overstory","3",,,,,,,,,,
,,,,"Legendre, P.","1",,,,,,,,,"Paleoecology","3",,,,,,,,,,
,,,,"MacLean, H.L.","1",,,,,,,,,"Paludification","3",,,,,,,,,,
,,,,"Macdonald, S.E.","1",,,,,,,,,"Sustainability","3",,,,,,,,,,
,,,,"Mack, M.C.","1",,,,,,,,,"Tree","3",,,,,,,,,,
,,,,"McIntire, E.J.B.","1",,,,,,,,,"Trees","3",,,,,,,,,,
,,,,"McKechnie, J.","1",,,,,,,,,"Alberta","2",,,,,,,,,,
,,,,"Munson, A.D.","1",,,,,,,,,"Anthropogenic Effect","2",,,,,,,,,,
,,,,"Noël, J.","1",,,,,,,,,"Boreal","2",,,,,,,,,,
,,,,"Pasanen, H.","1",,,,,,,,,"Bryophyte","2",,,,,,,,,,
,,,,"Pedersen, E.J.","1",,,,,,,,,"Bryophytes","2",,,,,,,,,,
,,,,"Pinno, B.D.","1",,,,,,,,,"Burn Severity","2",,,,,,,,,,
,,,,"Pisaric, M.J.F.","1",,,,,,,,,"Clay","2",,,,,,,,,,
,,,,"Pothier, D.","1",,,,,,,,,"Clay Belt","2",,,,,,,,,,
,,,,"Rehu, V.","1",,,,,,,,,"Clearcutting","2",,,,,,,,,,
,,,,"Richard, P.J.H.","1",,,,,,,,,"Coarse Woody Debris","2",,,,,,,,,,
,,,,"Ruel, J.C.","1",,,,,,,,,"Conservation","2",,,,,,,,,,
,,,,"Semko-Duncan, M.E.","1",,,,,,,,,"Debris","2",,,,,,,,,,
,,,,"Shahi, C.","1",,,,,,,,,"Deciduous Tree","2",,,,,,,,,,
,,,,"Shenoy, A.","1",,,,,,,,,"Dendroecology","2",,,,,,,,,,
,,,,"Sirois, L.","1",,,,,,,,,"Epiphyte","2",,,,,,,,,,
,,,,"Stadt, K.","1",,,,,,,,,"Fire Hazards","2",,,,,,,,,,
,,,,"Ter-Mikaelian, M.T.","1",,,,,,,,,"Fire Management","2",,,,,,,,,,
,,,,"Terrier, A.","1",,,,,,,,,"Fire Severity","2",,,,,,,,,,
,,,,"Thomas, S.C.","1",,,,,,,,,"Forest Canopy","2",,,,,,,,,,
,,,,"Thompson, D.K.","1",,,,,,,,,"Forest Dynamics","2",,,,,,,,,,
,,,,"Turetsky, M.R.","1",,,,,,,,,"Forestry Production","2",,,,,,,,,,
,,,,"Walker, X.J.","1",,,,,,,,,"Fungi","2",,,,,,,,,,
,,,,"Wang, G.G.","1",,,,,,,,,"Growth Rate","2",,,,,,,,,,
,,,,"White, A.L.","1",,,,,,,,,"Heterogeneity","2",,,,,,,,,,
,,,,"White, J.C.","1",,,,,,,,,"Insecta","2",,,,,,,,,,
,,,,"Widden, P.","1",,,,,,,,,"Logging (forestry)","2",,,,,,,,,,
,,,,"Wulder, M.A.","1",,,,,,,,,"Management","2",,,,,,,,,,
,,,,,,,,,,,,,,"Mixedwood","2",,,,,,,,,,
,,,,,,,,,,,,,,"Mortality","2",,,,,,,,,,
,,,,,,,,,,,,,,"Multivariate Analysis","2",,,,,,,,,,
,,,,,,,,,,,,,,"Mycorrhiza","2",,,,,,,,,,
,,,,,,,,,,,,,,"Natural Disturbances","2",,,,,,,,,,
,,,,,,,,,,,,,,"Paragnetina","2",,,,,,,,,,
,,,,,,,,,,,,,,"Pest Outbreak","2",,,,,,,,,,
,,,,,,,,,,,,,,"Physiology","2",,,,,,,,,,
,,,,,,,,,,,,,,"Plants","2",,,,,,,,,,
,,,,,,,,,,,,,,"Post-fire","2",,,,,,,,,,
,,,,,,,,,,,,,,"Post-fire Regeneration","2",,,,,,,,,,
,,,,,,,,,,,,,,"Principal Component Analysis","2",,,,,,,,,,
,,,,,,,,,,,,,,"Reconstruction","2",,,,,,,,,,
,,,,,,,,,,,,,,"Recruitment (population Dynamics)","2",,,,,,,,,,
,,,,,,,,,,,,,,"Resilience","2",,,,,,,,,,
,,,,,,,,,,,,,,"Restoration Ecology","2",,,,,,,,,,
,,,,,,,,,,,,,,"Shrub","2",,,,,,,,,,
,,,,,,,,,,,,,,"Soil","2",,,,,,,,,,
,,,,,,,,,,,,,,"Soils","2",,,,,,,,,,
,,,,,,,,,,,,,,"Species Richness","2",,,,,,,,,,
,,,,,,,,,,,,,,"Spruce Budworm","2",,,,,,,,,,
,,,,,,,,,,,,,,"Stand-replacing Fire","2",,,,,,,,,,
,,,,,,,,,,,,,,"Sustainable Forest Management","2",,,,,,,,,,
,,,,,,,,,,,,,,"Thuja Occidentalis","2",,,,,,,,,,
,,,,,,,,,,,,,,"Tree Species Composition","2",,,,,,,,,,
,,,,,,,,,,,,,,"United States","2",,,,,,,,,,
,,,,,,,,,,,,,,"Vegetation Cover","2",,,,,,,,,,
,,,,,,,,,,,,,,"Β-diversity","1",,,,,,,,,,
,,,,,,,,,,,,,,"ABS Resins","1",,,,,,,,,,
,,,,,,,,,,,,,,"Abies Amabilis","1",,,,,,,,,,
,,,,,,,,,,,,,,"Accumulation","1",,,,,,,,,,
,,,,,,,,,,,,,,"Acer","1",,,,,,,,,,
,,,,,,,,,,,,,,"Acer Spp.","1",,,,,,,,,,
,,,,,,,,,,,,,,"Adaptation","1",,,,,,,,,,
,,,,,,,,,,,,,,"Aerial Photography","1",,,,,,,,,,
,,,,,,,,,,,,,,"Aerial Seedbank Species","1",,,,,,,,,,
,,,,,,,,,,,,,,"Age Class","1",,,,,,,,,,
,,,,,,,,,,,,,,"Age Structure","1",,,,,,,,,,
,,,,,,,,,,,,,,"Age-class Structures","1",,,,,,,,,,
,,,,,,,,,,,,,,"Aging","1",,,,,,,,,,
,,,,,,,,,,,,,,"Aging Of Materials","1",,,,,,,,,,
,,,,,,,,,,,,,,"Alaska","1",,,,,,,,,,
,,,,,,,,,,,,,,"Albedo","1",,,,,,,,,,
,,,,,,,,,,,,,,"Alternative Stable States","1",,,,,,,,,,
,,,,,,,,,,,,,,"Among-site Heterogeneity","1",,,,,,,,,,
,,,,,,,,,,,,,,"Analytical Method","1",,,,,,,,,,
,,,,,,,,,,,,,,"Animal","1",,,,,,,,,,
,,,,,,,,,,,,,,"Animals","1",,,,,,,,,,
,,,,,,,,,,,,,,"Anthropogenic Impact","1",,,,,,,,,,
,,,,,,,,,,,,,,"Aspen","1",,,,,,,,,,
,,,,,,,,,,,,,,"Average Rate","1",,,,,,,,,,
,,,,,,,,,,,,,,"BEHAVE Prediction System","1",,,,,,,,,,
,,,,,,,,,,,,,,"Bas Saint Laurent","1",,,,,,,,,,
,,,,,,,,,,,,,,"Basidiomycota","1",,,,,,,,,,
,,,,,,,,,,,,,,"Bedrock","1",,,,,,,,,,
,,,,,,,,,,,,,,"Benchmarking","1",,,,,,,,,,
,,,,,,,,,,,,,,"Betula Pendula","1",,,,,,,,,,
,,,,,,,,,,,,,,"Biomass","1",,,,,,,,,,
,,,,,,,,,,,,,,"Biomass Accumulation","1",,,,,,,,,,
,,,,,,,,,,,,,,"Biomass Allocation","1",,,,,,,,,,
,,,,,,,,,,,,,,"Biomass Partitioning","1",,,,,,,,,,
