﻿Scopus refine results values

"Your query : ((TITLE-ABS-KEY((Boreal OR {James Bay} OR James-Bay OR {Clay Belt} OR {canadian shield}) AND (Canada OR Quebec OR Ontario OR newfoundland OR Alberta OR British-Columbia) ) AND PUBYEAR > 1999 AND PUBYEAR < 2020) AND (TITLE-ABS-KEY(weather OR   Season* OR meteo*) AND PUBYEAR > 1999 AND PUBYEAR < 2020) AND (TITLE-ABS-KEY(Predat* ) AND PUBYEAR > 1999 AND PUBYEAR < 2020))"


Number of results : 50

"ACCESS TYPE",,"YEAR",,"AUTHOR NAME",,"SUBJECT AREA",,"DOCUMENT TYPE",,"PUBLICATION STAGE",,"SOURCE TITLE",,"KEYWORD",,"AFFILIATION",,"FUNDING SPONSOR",,"COUNTRY",,"SOURCE TYPE",,"LANGUAGE",
"Open Access","13","2019","2","Krebs, C.J.","9","Agricultural and Biological Sciences","46","Article","47","final","50","Canadian Journal Of Zoology","8","Canada","38","University of Alberta","16","Natural Sciences and Engineering Research Council of Canada","11","Canada","45","Journals","49","English","50"
"Other","37","2018","7","Boonstra, R.","8","Biochemistry, Genetics and Molecular Biology","4","Review","2",,,"Journal Of Animal Ecology","7","Boreal Forest","20","The University of British Columbia","8","Arctic Institute of North America","2","United States","8","Trade Publications","1",,
,,"2017","3","Boutin, S.","7","Earth and Planetary Sciences","2","Conference Paper","1",,,"Biological Conservation","3","Rangifer Tarandus","17","University of Toronto","8","Ministry of Natural Resources","2","New Zealand","3",,,,
,,"2016","1","Courtois, R.","4","Engineering","1",,,,,"Ecoscience","3","Predation","16","Université du Québec à Rimouski","7","Alberta Conservation Association","1","Norway","2",,,,
,,"2015","2","Fortin, D.","4","Environmental Science","16",,,,,"Oecologia","3","Rangifer Tarandus Caribou","16","Université Laval","7","Alberta Environment and Parks","1","Austria","1",,,,
,,"2014","6","St-Laurent, M.H.","4","Multidisciplinary","3",,,,,"Plos One","3","Animal","14","Ontario Ministry of Natural Resources","6","BC Oil and Gas Research and Innovation Society","1","China","1",,,,
,,"2013","5","Avgar, T.","3",,,,,,,"Ecography","2","Animals","14","Ministère de l‘Energie et des Ressources naturelles du Québec","5","CRC Health Group","1","Czech Republic","1",,,,
,,"2011","6","Boyce, M.S.","3",,,,,,,"Animal Behaviour","1","Physiology","12","United States Geological Survey","4","Cameco","1","United Kingdom","1",,,,
,,"2010","2","Brown, G.S.","3",,,,,,,"Arctic","1","Deer","11","University of Guelph","4","Canada Economic Development for Quebec Regions","1",,,,,,
,,"2009","3","Dussault, C.","3",,,,,,,"Ardea","1","Habitat Selection","11","Canadian Forest Service","3","Canadian Forest Service","1",,,,,,
,,"2008","1","Fryxell, J.M.","3",,,,,,,"Basic And Applied Ecology","1","Predation Risk","11","University of Calgary","2","Canadian Wildlife Federation","1",,,,,,
,,"2007","1","Mosser, A.","3",,,,,,,"Biological Invasions","1","Ecosystem","9","Colorado State University","2","Colorado Parks and Wildlife","1",,,,,,
,,"2006","2","Ouellet, J.P.","3",,,,,,,"Ecology","1","North America","9","University of Manitoba","2","Concordia University","1",,,,,,
,,"2005","3","Baker, J.A.","2",,,,,,,"Ecosphere","1","Season","9","Universitetet i Oslo","2","EJLB Foundation","1",,,,,,
,,"2004","2","Hagens, J.","2",,,,,,,"Forest Ecology And Management","1","Seasons","9","Fisheries and Oceans Canada","2","Environment Canada","1",,,,,,
,,"2003","1","Karels, T.J.","2",,,,,,,"Forestry Chronicle","1","Article","8","University of Alaska Fairbanks","2","Fonds QuÃ©bÃ©cois de la Recherche sur la Nature et les Technologies","1",,,,,,
,,"2001","1","Latham, A.D.M.","2",,,,,,,"Freshwater Biology","1","Canidae","8","University of Saskatchewan","2","Fonds de recherche du QuÃ©bec â Nature et technologies","1",,,,,,
,,"2000","2","Latham, M.C.","2",,,,,,,"Global Change Biology","1","Canis Lupus","8","Queen's University, Kingston","2","Garfield Weston Foundation","1",,,,,,
,,,,"Lavergne, S.G.","2",,,,,,,"Journal Of Applied Ecology","1","Yukon Territory","8","US National Park Service","2","Ministry of Forests, Lands and Natural Resource Operations","1",,,,,,
,,,,"Messier, F.","2",,,,,,,"Journal Of Ecology","1","GPS","7","Manaaki Whenua - Landcare Research","2","MinistÃ¨re des ForÃªts, de la Faune et des Parcs","1",,,,,,
,,,,"Patterson, B.R.","2",,,,,,,"Journal Of Mammalogy","1","Home Range","7","University of Minnesota","2","MinistÃ¨re des Ressources Naturelles et de la Faune","1",,,,,,
,,,,"Reid, D.E.B.","2",,,,,,,"Journal Of Plankton Research","1","Lepus Americanus","7","Institut des sciences de la mer de Rimouski","2","National Park Service","1",,,,,,
,,,,"Rettie, W.J.","2",,,,,,,"Limnology And Oceanography","1","Population Decline","7","501 University Crescent","1","Polar Knowledge Canada","1",,,,,,
,,,,"Rodgers, A.R.","2",,,,,,,"Mammalian Biology","1","Population Dynamics","7","Ministère des Forêts de la Faune et des Parcs du Québec","1","TD Friends of the Environment Foundation","1",,,,,,
,,,,"Shuter, J.","2",,,,,,,"NCASI Technical Bulletin","1","Predatory Behavior","7","Wildlife Conservation Society Canada","1","University of Manitoba","1",,,,,,
,,,,"Street, G.M.","2",,,,,,,"Oikos","1","Rodent","7","Yukon Department of Environment","1","University of Northern British Columbia","1",,,,,,
,,,,"Thompson, I.D.","2",,,,,,,"Ore Geology Reviews","1","Survival","7","Birch Point Enterprises","1","Wildlife Conservation Society","1",,,,,,
,,,,"Abrahams, M.V.","1",,,,,,,"Wildlife Research","1","Abundance","6","Wildlife Infometrics Inc.","1","World Wildlife Fund","1",,,,,,
,,,,"Adams, L.G.","1",,,,,,,,,"Animalia","6","Mayo","1","Undefined","33",,,,,,
,,,,"Amburgey, S.M.","1",,,,,,,,,"Anthropogenic Effect","6","Colorado Parks and Wildlife","1",,,,,,,,
,,,,"Anderson, M.","1",,,,,,,,,"Canid","6","Wildlife Conservation Society Canada","1",,,,,,,,
,,,,"Archambault, P.","1",,,,,,,,,"Female","6","Wildlife Dynamics Consulting","1",,,,,,,,
,,,,"Arnott, S.E.","1",,,,,,,,,"Hare","6","Omnia Ecological Services","1",,,,,,,,
,,,,"Bailey, L.L.","1",,,,,,,,,"Movement","6","Naturrestaurering AS","1",,,,,,,,
,,,,"Balicki, B.","1",,,,,,,,,"Ursus Americanus","6","Environment Canada","1",,,,,,,,
,,,,"Barclay, R.M.R.","1",,,,,,,,,"Woodland","6","Great Lakes Forestry Centre","1",,,,,,,,
,,,,"Bayley, S.E.","1",,,,,,,,,"Aves","5","Universite du Quebec en Abitibi-Temiscamingue","1",,,,,,,,
,,,,"Beauchesne, D.","1",,,,,,,,,"Climate Change","5","Veterinarmedizinische Universitat Wien","1",,,,,,,,
,,,,"Berg, N.","1",,,,,,,,,"Conservation Management","5","UK Centre for Ecology &amp; Hydrology","1",,,,,,,,
,,,,"Blanchfield, P.J.","1",,,,,,,,,"Hares","5","Universitetet for miljø- og biovitenskap","1",,,,,,,,
,,,,"Bodony, K.","1",,,,,,,,,"Lagomorph","5","Freshwater Institute, Fisheries and Oceans Canada","1",,,,,,,,
,,,,"Bouchard, M.","1",,,,,,,,,"Lynx","5","Wrangell St. Elias National Park and Preserve","1",,,,,,,,
,,,,"Boutin, S.","1",,,,,,,,,"Mammalia","5","Ontario Veterinary College","1",,,,,,,,
,,,,"Briand, Y.","1",,,,,,,,,"Mortality","5","University of Wyoming","1",,,,,,,,
,,,,"Brodeur, V.","1",,,,,,,,,"Predator","5","US Fish &amp; Wildlife Service","1",,,,,,,,
,,,,"Bromley, C.K.","1",,,,,,,,,"Predator-prey Interaction","5","Ontario Ministry of the Environment","1",,,,,,,,
,,,,"Brook, R.W.","1",,,,,,,,,"Quebec [Canada]","5","Alaska Department of Game and Fisheries","1",,,,,,,,
,,,,"Bryant, J.","1",,,,,,,,,"Saskatchewan","5","University of Northern British Columbia","1",,,,,,,,
,,,,"Buderman, F.E.","1",,,,,,,,,"Ungulate","5","Université de Sherbrooke","1",,,,,,,,
,,,,"Burke, T.","1",,,,,,,,,"Wolves","5","Laurentian University","1",,,,,,,,
,,,,"Byrom, A.E.","1",,,,,,,,,"Alberta","4","Tetlin National Wildlife Refuge","1",,,,,,,,
,,,,"Carriere, S.","1",,,,,,,,,"Behavioral Response","4","University of Washington, Seattle","1",,,,,,,,
,,,,"Charlebois, M.L.","1",,,,,,,,,"Connectivity","4","Dalhousie University","1",,,,,,,,
,,,,"Clark, J.A.","1",,,,,,,,,"Disturbance","4","University of Otago","1",,,,,,,,
,,,,"Clark, R.G.","1",,,,,,,,,"Endangered Species","4","Geological Survey of Canada","1",,,,,,,,
,,,,"Colman, J.E.","1",,,,,,,,,"Food Availability","4","Memorial University of Newfoundland","1",,,,,,,,
,,,,"Correia, D.L.P.","1",,,,,,,,,"Foraging Behavior","4","Western Fisheries Research Center","1",,,,,,,,
,,,,"Courbin, N.","1",,,,,,,,,"Forest Harvesting","4","Chinese Academy of Sciences","1",,,,,,,,
,,,,"Côté, S.D.","1",,,,,,,,,"Forestry","4","Kenai National Wildlife Refuge","1",,,,,,,,
,,,,"DeMars, C.A.","1",,,,,,,,,"Habitat Fragmentation","4","Université du Québec à Chicoutimi","1",,,,,,,,
,,,,"DiFolco, D.","1",,,,,,,,,"Habitat Use","4","Natural Resources Canada","1",,,,,,,,
,,,,"Dickie, M.","1",,,,,,,,,"Lepus","4","University of Nebraska–Lincoln","1",,,,,,,,
,,,,"Doyle, F.","1",,,,,,,,,"Lynx Canadensis","4","University of Chinese Academy of Sciences","1",,,,,,,,
,,,,"Drapeau, P.","1",,,,,,,,,"Male","4","Conseil de recherches en sciences naturelles et en génie du Canada","1",,,,,,,,
,,,,"Droghini, A.","1",,,,,,,,,"Ontario [Canada]","4","Université du Québec à Montréal","1",,,,,,,,
,,,,"Drouin, A.","1",,,,,,,,,"Picea","4","Institute of Zoology Chinese Academy of Sciences","1",,,,,,,,
,,,,"Dussault, C.","1",,,,,,,,,"Reindeer","4","Bedford Institute of Oceanography, Fisheries and Oceans Canada","1",,,,,,,,
,,,,"Eftestol, S.","1",,,,,,,,,"Reproduction","4","Trent University","1",,,,,,,,
,,,,"Elkie, P.C.","1",,,,,,,,,"Seasonal Variation","4","Fort Collins Science Center","1",,,,,,,,
,,,,"Epners, C.A.","1",,,,,,,,,"Seasonality","4","Concordia University","1",,,,,,,,
,,,,"Euler, D.","1",,,,,,,,,"Space Use","4","York University","1",,,,,,,,
,,,,"Faille, G.","1",,,,,,,,,"Ungulata","4","Institute of Hydrobiology, Biology Centre of the Academy of Sciences of the Czech Republic","1",,,,,,,,
,,,,"Fargeot, V.","1",,,,,,,,,"United States","4","Government of the Northwest Territories","1",,,,,,,,
,,,,"Fayek, M.","1",,,,,,,,,"Weather","4","Ducks Unlimited Canada","1",,,,,,,,
,,,,"Ferguson, S.H.","1",,,,,,,,,"Wolf","4","Cameco Corporation","1",,,,,,,,
,,,,"Festa-Bianchet, M.","1",,,,,,,,,"Alaska","3","ArborVitae Environmental Services Ltd.","1",,,,,,,,
,,,,"Flydal, K.","1",,,,,,,,,"Alces Alces","3","Warner College of Natural Resources","1",,,,,,,,
,,,,"Funk, W.C.","1",,,,,,,,,"Bear","3",,,,,,,,,,
,,,,"Gandhi, S.S.","1",,,,,,,,,"Boreal Shield","3",,,,,,,,,,
,,,,"Gillis, E.A.","1",,,,,,,,,"Breeding Season","3",,,,,,,,,,
,,,,"Gingras, A.","1",,,,,,,,,"Canis Familiaris","3",,,,,,,,,,
,,,,"Golden, H.","1",,,,,,,,,"Conservation Planning","3",,,,,,,,,,
,,,,"Graham, M.D.","1",,,,,,,,,"Ecological Modeling","3",,,,,,,,,,
,,,,"Gunn, A.","1",,,,,,,,,"Food Chain","3",,,,,,,,,,
,,,,"Gustine, D.D.","1",,,,,,,,,"Forage","3",,,,,,,,,,
,,,,"Hik, D.S.","1",,,,,,,,,"Forest Management","3",,,,,,,,,,
,,,,"Hood, G.A.","1",,,,,,,,,"Global Warming","3",,,,,,,,,,
,,,,"Hooten, M.B.","1",,,,,,,,,"Greenhouse Effect","3",,,,,,,,,,
,,,,"Ivan, J.S.","1",,,,,,,,,"Habitat Conservation","3",,,,,,,,,,
,,,,"Iwachewski, E.","1",,,,,,,,,"Habitat Quality","3",,,,,,,,,,
,,,,"Jaeger, J.A.G.","1",,,,,,,,,"Heterogeneity","3",,,,,,,,,,
,,,,"Jefferies, R.L.","1",,,,,,,,,"Lakes","3",,,,,,,,,,
,,,,"Jung, T.S.","1",,,,,,,,,"Mammal","3",,,,,,,,,,
,,,,"Kansas, J.L.","1",,,,,,,,,"Models, Theoretical","3",,,,,,,,,,
,,,,"Keller, W.","1",,,,,,,,,"Moose","3",,,,,,,,,,
,,,,"Kenney, A.","1",,,,,,,,,"Ontario","3",,,,,,,,,,
,,,,"Kenney, A.J.","1",,,,,,,,,"Population Density","3",,,,,,,,,,
,,,,"Kielland, K.","1",,,,,,,,,"Population Structure","3",,,,,,,,,,
,,,,"Kittle, A.M.","1",,,,,,,,,"Prey Availability","3",,,,,,,,,,
,,,,"Kittle, A.W.","1",,,,,,,,,"Sciuridae","3",,,,,,,,,,
,,,,"Lafontaine, A.","1",,,,,,,,,"Silviculture","3",,,,,,,,,,
,,,,"Lamontagne, J.M.","1",,,,,,,,,"Site Fidelity","3",,,,,,,,,,
,,,,"MacPhee, S.A.","1",,,,,,,,,"Sublethal Effect","3",,,,,,,,,,
,,,,"Maier, J.A.K.","1",,,,,,,,,"Synchrony","3",,,,,,,,,,
,,,,"Mallon, E.E.","1",,,,,,,,,"Time Factors","3",,,,,,,,,,
,,,,"Martel, V.","1",,,,,,,,,"Trees","3",,,,,,,,,,
,,,,"McGowan, P.O.","1",,,,,,,,,"Waterfowl","3",,,,,,,,,,
,,,,"McGreer, M.T.","1",,,,,,,,,"Western Hemisphere","3",,,,,,,,,,
,,,,"McNay, R.S.","1",,,,,,,,,"Woodland Caribou","3",,,,,,,,,,
,,,,"Milakovic, B.","1",,,,,,,,,"World","3",,,,,,,,,,
,,,,"Moffatt, S.","1",,,,,,,,,"Zooplankton","3",,,,,,,,,,
,,,,"Murphy, M.","1",,,,,,,,,"Adaptation","2",,,,,,,,,,
,,,,"Muths, E.","1",,,,,,,,,"Amphibia","2",,,,,,,,,,
,,,,"Newmaster, S.G.","1",,,,,,,,,"Anatidae","2",,,,,,,,,,
,,,,"Newton, I.","1",,,,,,,,,"Animal Behavior","2",,,,,,,,,,
,,,,"O'Donoghue, M.","1",,,,,,,,,"Anser","2",,,,,,,,,,
,,,,"Palme, R.","1",,,,,,,,,"Anthropogenic Disturbance","2",,,,,,,,,,
,,,,"Parker, K.L.","1",,,,,,,,,"Autocorrelation","2",,,,,,,,,,
,,,,"Plumb, J.M.","1",,,,,,,,,"Beaver","2",,,,,,,,,,
,,,,"Potter, E.G.","1",,,,,,,,,"Beetle","2",,,,,,,,,,
,,,,"Putera, J.","1",,,,,,,,,"Biodiversity","2",,,,,,,,,,
,,,,"Quellet, J.P.","1",,,,,,,,,"Biotelemetry","2",,,,,,,,,,
,,,,"Randall, L.A.","1",,,,,,,,,"British Columbia","2",,,,,,,,,,
,,,,"Ray, J.C.","1",,,,,,,,,"Canis","2",,,,,,,,,,
,,,,"Reid, D.G.","1",,,,,,,,,"Canis Latrans","2",,,,,,,,,,
,,,,"Reid, M.L.","1",,,,,,,,,"Carduelis Pinus","2",,,,,,,,,,
,,,,"Ricard, D.","1",,,,,,,,,"Caribou","2",,,,,,,,,,
,,,,"Ruess, R.W.","1",,,,,,,,,"Castor Canadensis","2",,,,,,,,,,
,,,,"Régnière, J.","1",,,,,,,,,"Clethrionomys","2",,,,,,,,,,
,,,,"Scrafford, M.A.","1",,,,,,,,,"Coleoptera","2",,,,,,,,,,
,,,,"Serrouya, R.","1",,,,,,,,,"Colorado","2",,,,,,,,,,
,,,,"Shackell, N.L.","1",,,,,,,,,"Coniferophyta","2",,,,,,,,,,
,,,,"Shenk, T.M.","1",,,,,,,,,"Controlled Study","2",,,,,,,,,,
,,,,"Sheriff, M.J.","1",,,,,,,,,"Demography","2",,,,,,,,,,
,,,,"Sirois, P.","1",,,,,,,,,"Ecology","2",,,,,,,,,,
,,,,"Skatter, H.G.","1",,,,,,,,,"Ecosystems","2",,,,,,,,,,
,,,,"Smith, K.","1",,,,,,,,,"Encounter Rate","2",,,,,,,,,,
,,,,"Stenseth, N.C.","1",,,,,,,,,"Energy Metabolism","2",,,,,,,,,,
,,,,"Stortini, C.","1",,,,,,,,,"Environmental Conditions","2",,,,,,,,,,
,,,,"Strecker, A.L.","1",,,,,,,,,"Feces","2",,,,,,,,,,
,,,,"Suzuki, N.","1",,,,,,,,,"Felid","2",,,,,,,,,,
,,,,"Tape, K.D.","1",,,,,,,,,"Fitness","2",,,,,,,,,,
,,,,"Therrien, P.","1",,,,,,,,,"Forests","2",,,,,,,,,,
,,,,"Thompson, J.E.","1",,,,,,,,,"GPS Telemetry","2",,,,,,,,,,
,,,,"Timm, H.K.","1",,,,,,,,,"Growing Season","2",,,,,,,,,,
,,,,"Tonn, W.M.","1",,,,,,,,,"Habitat Management","2",,,,,,,,,,
,,,,"Tsegaye, D.","1",,,,,,,,,"Habitat Type","2",,,,,,,,,,
,,,,"Turetsky, M.J.","1",,,,,,,,,"Harvesting","2",,,,,,,,,,
,,,,"Vander Vennen, L.M.","1",,,,,,,,,"Herbivory","2",,,,,,,,,,
,,,,"Vennen, L.M.V.","1",,,,,,,,,"Hexapoda","2",,,,,,,,,,
,,,,"Vinebrooke, R.D.","1",,,,,,,,,"Hormone","2",,,,,,,,,,
,,,,"Wedeles, C.","1",,,,,,,,,"Human Activity","2",,,,,,,,,,
,,,,"Wiebe, P.A.","1",,,,,,,,,"Individual Variation","2",,,,,,,,,,
,,,,"Yan, C.","1",,,,,,,,,"Invertebrata","2",,,,,,,,,,
,,,,"Yan, N.D.","1",,,,,,,,,"Lake Ecosystem","2",,,,,,,,,,
,,,,"Young, J.D.","1",,,,,,,,,"Landscape Ecology","2",,,,,,,,,,
,,,,"Zhang, Z.","1",,,,,,,,,"Larva","2",,,,,,,,,,
,,,,,,,,,,,,,,"Limiting Factor","2",,,,,,,,,,
,,,,,,,,,,,,,,"Linear Features","2",,,,,,,,,,
,,,,,,,,,,,,,,"Logging (timber)","2",,,,,,,,,,
