﻿Scopus refine results values

"Your query : ((TITLE-ABS-KEY((Boreal OR {James Bay} OR James-Bay OR {Clay Belt} OR {canadian shield}) AND (Canada OR Quebec OR Ontario OR newfoundland OR Alberta OR British-Columbia) ) AND PUBYEAR > 1999 AND PUBYEAR < 2020) AND (TITLE-ABS-KEY(weather OR   Season* OR meteo*) AND PUBYEAR > 1999 AND PUBYEAR < 2020) AND (TITLE-ABS-KEY((wildlife OR fish OR moose OR beaver OR caribou OR goose OR geese) AND  (health OR disease OR contamination OR {heavy metal} OR  parasite OR stress OR {heavy metal} OR Mercury OR  {persistent organic pollutant} OR Toxic* OR Arsenic OR Lead OR cadmium)) AND PUBYEAR > 1999 AND PUBYEAR < 2020))"


Number of results : 12

"ACCESS TYPE",,"YEAR",,"AUTHOR NAME(filtered by По количеству результатов)",,"SUBJECT AREA(filtered by Alphabet)",,"DOCUMENT TYPE",,"PUBLICATION STAGE",,"SOURCE TITLE(filtered by По количеству результатов)",,"KEYWORD(filtered by По количеству результатов)",,"AFFILIATION",,"FUNDING SPONSOR",,"COUNTRY(filtered by По количеству результатов)",,"SOURCE TYPE",,"LANGUAGE(filtered by По количеству результатов)",
"Other","12","2017","2","Tsuji, L.J.S.","2","Agricultural and Biological Sciences","5","Article","12","final","12","Science Of The Total Environment","3","Canada","11","University of Saskatchewan","3","Government of Canada","1","Canada","12","Journals","12","English","12"
,,"2016","1","Abercrombie, B.","1","Environmental Science","9",,,,,"Environmental Monitoring And Assessment","2","Animals","9","University of Montreal","2","Health Canada","1",,,,,,
,,"2013","1","Adamczewski, J.","1","Health Professions","1",,,,,"Forest Ecology And Management","2","Article","8","Ontario Ministry of Natural Resources","2","Luonnontieteiden ja Tekniikan Tutkimuksen Toimikunta","1",,,,,,
,,"2012","4","Anderson, M.","1","Immunology and Microbiology","1",,,,,"Arctic","1","Controlled Study","5","University of Waterloo","2","Ministry of Natural Resources","1",,,,,,
,,"2010","1","Andrews, T.D.","1","Medicine","1",,,,,"Avian Pathology","1","Male","5","University of Alberta","2","Natural Sciences and Engineering Research Council of Canada","1",,,,,,
,,"2008","1","Avgar, T.","1","Social Sciences","1",,,,,"Environmental Management","1","Nonhuman","5","Georgian College","1","Organization of American States","1",,,,,,
,,"2007","2","Baltzer, J.L.","1","Veterinary","1",,,,,"Journal Of Wildlife Diseases","1","Animal","4","Prince of Wales Northern Heritage Centre","1","Undefined","8",,,,,,
,,,,"Bhavsar, S.P.","1",,,,,,,"Rural And Remote Health","1","Boreal Forest","4","Lorax Environmental","1",,,,,,,,
,,,,"Bowyer, V.E.","1",,,,,,,,,"Environmental Monitoring","4","GNWT","1",,,,,,,,
,,,,"Boyce, M.S.","1",,,,,,,,,"Seasons","4","Explor","1",,,,,,,,
,,,,"Carignan, R.","1",,,,,,,,,"Bioaccumulation","3","Animal Damage Control","1",,,,,,,,
,,,,"Carrière, S.","1",,,,,,,,,"Female","3","fRI Research","1",,,,,,,,
,,,,"Cattet, M.R.L.","1",,,,,,,,,"Fish","3","Wilfrid Laurier University","1",,,,,,,,
,,,,"Cranston, J.","1",,,,,,,,,"Food Contamination","3","Environment Canada","1",,,,,,,,
,,,,"Dallaire, A.D.","1",,,,,,,,,"Forestry","3","University of Calgary","1",,,,,,,,
,,,,"Day, N.J.","1",,,,,,,,,"Forests","3","Geological Survey of Canada Calgary","1",,,,,,,,
,,,,"Dumas, P.","1",,,,,,,,,"Human","3","Ontario Ministry of the Environment","1",,,,,,,,
,,,,"Elliott, J.E.","1",,,,,,,,,"Lakes","3","Laurentian University","1",,,,,,,,
,,,,"Finnegan, L.","1",,,,,,,,,"North America","3","University of Toronto","1",,,,,,,,
,,,,"Galloway, J.M.","1",,,,,,,,,"Ontario","3","University of Ottawa, Canada","1",,,,,,,,
,,,,"Garcia, E.","1",,,,,,,,,"Priority Journal","3","Ryerson University","1",,,,,,,,
,,,,"Gough, W.A.","1",,,,,,,,,"Rangifer Tarandus","3","Trent University","1",,,,,,,,
,,,,"Gunn, J.M.","1",,,,,,,,,"Seasonal Variation","3","Institut National de Sante Publique Du Québec","1",,,,,,,,
,,,,"Harris, M.L.","1",,,,,,,,,"Alberta","2","Golder Associates Ltd.","1",,,,,,,,
,,,,"Ho-Foong, E.","1",,,,,,,,,"Anas","2","Jacques Whitford Ltd.","1",,,,,,,,
,,,,"Hori, Y.","1",,,,,,,,,"Animal Disease","2","Government of the Northwest Territories","1",,,,,,,,
,,,,"Hursky, O.","1",,,,,,,,,"Animal Tissue","2","AECOM Technology Corporation, Canada","1",,,,,,,,
,,,,"Johnston, T.A.","1",,,,,,,,,"Animals, Wild","2",,,,,,,,,,
,,,,"Karagatzides, J.D.","1",,,,,,,,,"Annual Variation","2",,,,,,,,,,
,,,,"Kutz, S.J.","1",,,,,,,,,"Anthropogenic Effect","2",,,,,,,,,,
,,,,"Lair, S.","1",,,,,,,,,"Aves","2",,,,,,,,,,
,,,,"Larrat, S.","1",,,,,,,,,"Biodiversity","2",,,,,,,,,,
,,,,"LeBlanc, A.","1",,,,,,,,,"Birds","2",,,,,,,,,,
,,,,"Lean, D.R.S.","1",,,,,,,,,"Cadmium","2",,,,,,,,,,
,,,,"Liberda, E.N.","1",,,,,,,,,"Climate Change","2",,,,,,,,,,
,,,,"MacKay, G.","1",,,,,,,,,"Conservation Of Natural Resources","2",,,,,,,,,,
,,,,"MacNearney, D.","1",,,,,,,,,"Contaminants","2",,,,,,,,,,
,,,,"Martin, E.S.","1",,,,,,,,,"Deer","2",,,,,,,,,,
,,,,"Martin, I.D.","1",,,,,,,,,"Ducks And Geese","2",,,,,,,,,,
,,,,"Meulendyk, T.","1",,,,,,,,,"Ecosystem","2",,,,,,,,,,
,,,,"Moorman, B.J.","1",,,,,,,,,"Ecosystems","2",,,,,,,,,,
,,,,"Obbard, M.E.","1",,,,,,,,,"Fires","2",,,,,,,,,,
,,,,"Pietrock, M.","1",,,,,,,,,"Fishes","2",,,,,,,,,,
,,,,"Pigeon, K.E.","1",,,,,,,,,"Food Intake","2",,,,,,,,,,
,,,,"Schock, D.M.","1",,,,,,,,,"Forest Fires","2",,,,,,,,,,
,,,,"Scrafford, M.A.","1",,,,,,,,,"Fresh Water","2",,,,,,,,,,
,,,,"Stenhouse, G.","1",,,,,,,,,"Harvesting","2",,,,,,,,,,
,,,,"Tam, B.","1",,,,,,,,,"Health","2",,,,,,,,,,
,,,,"Tang, R.W.K.","1",,,,,,,,,"Humans","2",,,,,,,,,,
,,,,"Tigner, J.","1",,,,,,,,,"Impurities","2",,,,,,,,,,
,,,,"Trudeau, S.F.","1",,,,,,,,,"Indians, North American","2",,,,,,,,,,
,,,,"Wilson, L.K.","1",,,,,,,,,"James Bay","2",,,,,,,,,,
,,,,,,,,,,,,,,"Lake Ecosystem","2",,,,,,,,,,
,,,,,,,,,,,,,,"Lake Pollution","2",,,,,,,,,,
,,,,,,,,,,,,,,"Mercury","2",,,,,,,,,,
,,,,,,,,,,,,,,"Mercury (element)","2",,,,,,,,,,
,,,,,,,,,,,,,,"Mercury (metal)","2",,,,,,,,,,
,,,,,,,,,,,,,,"Mountain Region","2",,,,,,,,,,
,,,,,,,,,,,,,,"Muscle, Skeletal","2",,,,,,,,,,
,,,,,,,,,,,,,,"Northwest Territories","2",,,,,,,,,,
,,,,,,,,,,,,,,"Paleoecology","2",,,,,,,,,,
,,,,,,,,,,,,,,"Plant Community","2",,,,,,,,,,
,,,,,,,,,,,,,,"Polychlorinated Biphenyls","2",,,,,,,,,,
,,,,,,,,,,,,,,"Reforestation","2",,,,,,,,,,
,,,,,,,,,,,,,,"Road","2",,,,,,,,,,
,,,,,,,,,,,,,,"Season","2",,,,,,,,,,
,,,,,,,,,,,,,,"Seismic Lines","2",,,,,,,,,,
,,,,,,,,,,,,,,"Seismology","2",,,,,,,,,,
,,,,,,,,,,,,,,"Species Comparison","2",,,,,,,,,,
,,,,,,,,,,,,,,"Temporal Variation","2",,,,,,,,,,
,,,,,,,,,,,,,,"Tissue","2",,,,,,,,,,
,,,,,,,,,,,,,,"Transportation","2",,,,,,,,,,
,,,,,,,,,,,,,,"Water Pollutants, Chemical","2",,,,,,,,,,
,,,,,,,,,,,,,,"Waterfowl","2",,,,,,,,,,
,,,,,,,,,,,,,,"Wild Animal","2",,,,,,,,,,
,,,,,,,,,,,,,,"Zinc","2",,,,,,,,,,
,,,,,,,,,,,,,,"1,1 Dichloro 2,2 Bis(4 Chlorophenyl)ethylene","1",,,,,,,,,,
,,,,,,,,,,,,,,"Abdominal Fat","1",,,,,,,,,,
,,,,,,,,,,,,,,"Aboriginal Issues","1",,,,,,,,,,
,,,,,,,,,,,,,,"Adrenergic Alpha-Agonists","1",,,,,,,,,,
,,,,,,,,,,,,,,"Agriculture","1",,,,,,,,,,
,,,,,,,,,,,,,,"All-terrain Vehicle","1",,,,,,,,,,
,,,,,,,,,,,,,,"Alpha Adrenergic Receptor Stimulating Agent","1",,,,,,,,,,
,,,,,,,,,,,,,,"Alpine Environment","1",,,,,,,,,,
,,,,,,,,,,,,,,"Aluminum","1",,,,,,,,,,
,,,,,,,,,,,,,,"American Indian","1",,,,,,,,,,
,,,,,,,,,,,,,,"Anas Acuta","1",,,,,,,,,,
,,,,,,,,,,,,,,"Anas Platyrhynchos","1",,,,,,,,,,
,,,,,,,,,,,,,,"Anatidae","1",,,,,,,,,,
,,,,,,,,,,,,,,"Anesthesia","1",,,,,,,,,,
,,,,,,,,,,,,,,"Anesthetic Agent","1",,,,,,,,,,
,,,,,,,,,,,,,,"Anesthetics, Combined","1",,,,,,,,,,
,,,,,,,,,,,,,,"Anesthetics, Dissociative","1",,,,,,,,,,
,,,,,,,,,,,,,,"Animalia","1",,,,,,,,,,
,,,,,,,,,,,,,,"Anser","1",,,,,,,,,,
,,,,,,,,,,,,,,"Anseriformes","1",,,,,,,,,,
,,,,,,,,,,,,,,"Archaeology","1",,,,,,,,,,
,,,,,,,,,,,,,,"Aroclor 1260","1",,,,,,,,,,
,,,,,,,,,,,,,,"Arsenic","1",,,,,,,,,,
,,,,,,,,,,,,,,"Artifact","1",,,,,,,,,,
,,,,,,,,,,,,,,"Atmospheric Deposition","1",,,,,,,,,,
,,,,,,,,,,,,,,"Atmospheric Depositions","1",,,,,,,,,,
,,,,,,,,,,,,,,"Bacteria (microorganisms)","1",,,,,,,,,,
,,,,,,,,,,,,,,"Bear","1",,,,,,,,,,
,,,,,,,,,,,,,,"Benthivores","1",,,,,,,,,,
,,,,,,,,,,,,,,"Benthivory","1",,,,,,,,,,
,,,,,,,,,,,,,,"Benthos","1",,,,,,,,,,
,,,,,,,,,,,,,,"Beryllium","1",,,,,,,,,,
,,,,,,,,,,,,,,"Biochemistry","1",,,,,,,,,,
,,,,,,,,,,,,,,"Biological Organs","1",,,,,,,,,,
,,,,,,,,,,,,,,"Biological Uptake","1",,,,,,,,,,
,,,,,,,,,,,,,,"Biomarkers","1",,,,,,,,,,
,,,,,,,,,,,,,,"Bird Disease","1",,,,,,,,,,
,,,,,,,,,,,,,,"Bird Diseases","1",,,,,,,,,,
,,,,,,,,,,,,,,"Blood Vessel","1",,,,,,,,,,
,,,,,,,,,,,,,,"Blood Vessels","1",,,,,,,,,,
,,,,,,,,,,,,,,"Body Burden","1",,,,,,,,,,
,,,,,,,,,,,,,,"Body Mass","1",,,,,,,,,,
,,,,,,,,,,,,,,"Boreal Forests","1",,,,,,,,,,
,,,,,,,,,,,,,,"Boreal Lakes","1",,,,,,,,,,
,,,,,,,,,,,,,,"Boron","1",,,,,,,,,,
,,,,,,,,,,,,,,"Branta Canadensis","1",,,,,,,,,,
,,,,,,,,,,,,,,"Breast Portion","1",,,,,,,,,,
,,,,,,,,,,,,,,"Breeding","1",,,,,,,,,,
,,,,,,,,,,,,,,"British Columbia","1",,,,,,,,,,
,,,,,,,,,,,,,,"Bryophyta","1",,,,,,,,,,
,,,,,,,,,,,,,,"Bryophyte","1",,,,,,,,,,
,,,,,,,,,,,,,,"Bryophytes","1",,,,,,,,,,
,,,,,,,,,,,,,,"Carex","1",,,,,,,,,,
,,,,,,,,,,,,,,"Castoridae","1",,,,,,,,,,
,,,,,,,,,,,,,,"Catchment","1",,,,,,,,,,
,,,,,,,,,,,,,,"Catering Service","1",,,,,,,,,,
,,,,,,,,,,,,,,"Cestode","1",,,,,,,,,,
,,,,,,,,,,,,,,"Chemical Compounds","1",,,,,,,,,,
,,,,,,,,,,,,,,"Chemical Contaminants","1",,,,,,,,,,
,,,,,,,,,,,,,,"Chemical Immobilization","1",,,,,,,,,,
,,,,,,,,,,,,,,"Chemical Pollutant","1",,,,,,,,,,
,,,,,,,,,,,,,,"Chemical Substance","1",,,,,,,,,,
,,,,,,,,,,,,,,"Chen","1",,,,,,,,,,
,,,,,,,,,,,,,,"Chen Caerulescens","1",,,,,,,,,,
,,,,,,,,,,,,,,"Chlorphenotane","1",,,,,,,,,,
,,,,,,,,,,,,,,"Chromatography, Gas","1",,,,,,,,,,
,,,,,,,,,,,,,,"Chromium","1",,,,,,,,,,
,,,,,,,,,,,,,,"Circannual Rhythm","1",,,,,,,,,,
,,,,,,,,,,,,,,"Coastal Zones","1",,,,,,,,,,
,,,,,,,,,,,,,,"Cobalt","1",,,,,,,,,,
,,,,,,,,,,,,,,"Community Dynamics","1",,,,,,,,,,
,,,,,,,,,,,,,,"Concentration (composition)","1",,,,,,,,,,
,,,,,,,,,,,,,,"Concentration (parameters)","1",,,,,,,,,,
,,,,,,,,,,,,,,"Coniferous Tree","1",,,,,,,,,,
,,,,,,,,,,,,,,"Contaminated Fish","1",,,,,,,,,,
,,,,,,,,,,,,,,"Contamination","1",,,,,,,,,,
,,,,,,,,,,,,,,"Copper","1",,,,,,,,,,
,,,,,,,,,,,,,,"Copropalynology","1",,,,,,,,,,
,,,,,,,,,,,,,,"Coregonus Clupeaformis","1",,,,,,,,,,
,,,,,,,,,,,,,,"Correlation Function","1",,,,,,,,,,
,,,,,,,,,,,,,,"Cryosphere","1",,,,,,,,,,
,,,,,,,,,,,,,,"Cultural Anthropology","1",,,,,,,,,,
,,,,,,,,,,,,,,"Culture","1",,,,,,,,,,
,,,,,,,,,,,,,,"Cytology","1",,,,,,,,,,
