﻿Scopus refine results values

"Your query : ((TITLE-ABS-KEY((Boreal OR {James Bay} OR James-Bay OR {Clay Belt} OR {canadian shield}) AND (Canada OR Quebec OR Ontario OR newfoundland OR Alberta OR British-Columbia) ) AND PUBYEAR > 1999 AND PUBYEAR < 2020) AND (TITLE-ABS-KEY(Harvest* OR Logging OR Cut OR Clear-cut  OR Clearcut OR {Clear Cut}) AND PUBYEAR > 1999 AND PUBYEAR < 2020) AND (TITLE-ABS-KEY({Water temperature} OR  {lake temperature} OR {River temperature} OR {stream temperature}) AND PUBYEAR > 1999 AND PUBYEAR < 2020))"


Number of results : 9

"ACCESS TYPE",,"YEAR",,"AUTHOR NAME",,"SUBJECT AREA",,"DOCUMENT TYPE",,"PUBLICATION STAGE",,"SOURCE TITLE",,"KEYWORD",,"AFFILIATION",,"FUNDING SPONSOR",,"COUNTRY",,"SOURCE TYPE",,"LANGUAGE",
"Open Access","1","2013","1","France, R.L.","2","Agricultural and Biological Sciences","5","Article","7","final","9","Canadian Journal Of Fisheries And Aquatic Sciences","2","Canada","7","Fisheries and Oceans Canada","2","Undefined","9","Canada","8","Journals","8","English","8"
"Other","8","2012","1","Macdonald, J.S.","2","Engineering","1","Conference Paper","1",,,"Canadian Journal Of Forest Research","1","Clearcutting","3","Simon Fraser University","2",,,"United States","1","Trade Publications","1","French","1"
,,"2006","1","Ball, M.","1","Environmental Science","5","Review","1",,,"Crustaceana","1","Forestry","3","Pierre Beaudry and Associates Ltd.","1",,,"Undefined","1",,,,
,,"2005","2","Bayley, S.E.","1","Immunology and Microbiology","1",,,,,"Folia Parasitologica","1","Harvesting","3","Environment Canada","1",,,,,,,,
,,"2003","1","Beaudry, L.J.","1",,,,,,,"Forest Ecology And Management","1","Water Temperature","3","University of Montreal","1",,,,,,,,
,,"2002","1","Beaudry, P.G.","1",,,,,,,"NCASI Technical Bulletin","1","Boreal Forest","2","The University of British Columbia","1",,,,,,,,
,,"2001","2","Herunter, H.E.","1",,,,,,,"Revue Des Sciences De L Eau","1","Copepoda","2","Ontario Ministry of Natural Resources","1",,,,,,,,
,,,,"Hinch, S.G.","1",,,,,,,"Wetlands","1","Ecological Impact","2","University of Northern British Columbia","1",,,,,,,,
,,,,"Jalal, W.","1",,,,,,,,,"Ecosystems","2","Dalhousie University","1",,,,,,,,
,,,,"Krauskopf, P.N.","1",,,,,,,,,"Headwater","2","Southern Illinois University at Carbondale","1",,,,,,,,
,,,,"Kushneriuk, R.S.","1",,,,,,,,,"Lake","2","University of Alberta","1",,,,,,,,
,,,,"Lankester, M.W.","1",,,,,,,,,"North America","2","Ministry of Forests and Range","1",,,,,,,,
,,,,"Locky, D.A.","1",,,,,,,,,"Riparia","2","Canadian Forest Products Ltd.","1",,,,,,,,
,,,,"MacIsaac, E.A.","1",,,,,,,,,"Riparian Zone","2",,,,,,,,,,
,,,,"Maloney, D.A.","1",,,,,,,,,"Stream","2",,,,,,,,,,
,,,,"Marcogliese, D.J.","1",,,,,,,,,"Stream Flow","2",,,,,,,,,,
,,,,"Mellina, E.","1",,,,,,,,,"Timber Harvesting","2",,,,,,,,,,
,,,,"Moore, R.D.","1",,,,,,,,,"Water Quality","2",,,,,,,,,,
,,,,"Méthot, G.","1",,,,,,,,,"Water Sheds","2",,,,,,,,,,
,,,,"Pearson, G.","1",,,,,,,,,"Watershed","2",,,,,,,,,,
,,,,"Pinel-Alloul, B.","1",,,,,,,,,"Abundance","1",,,,,,,,,,
,,,,"Rex, J.F.","1",,,,,,,,,"Acadian Forest","1",,,,,,,,,,
,,,,"Steedman, R.J.","1",,,,,,,,,"Acidification","1",,,,,,,,,,
,,,,"Vitt, D.H.","1",,,,,,,,,"Air Temperature","1",,,,,,,,,,
,,,,"Undefined","1",,,,,,,,,"Algae","1",,,,,,,,,,
,,,,,,,,,,,,,,"Allocreadium","1",,,,,,,,,,
,,,,,,,,,,,,,,"Amphibia","1",,,,,,,,,,
,,,,,,,,,,,,,,"Animal","1",,,,,,,,,,
,,,,,,,,,,,,,,"Animalia","1",,,,,,,,,,
,,,,,,,,,,,,,,"Animals","1",,,,,,,,,,
,,,,,,,,,,,,,,"Article","1",,,,,,,,,,
,,,,,,,,,,,,,,"Atmospheric Temperature","1",,,,,,,,,,
,,,,,,,,,,,,,,"Biomass","1",,,,,,,,,,
,,,,,,,,,,,,,,"Biomonitoring","1",,,,,,,,,,
,,,,,,,,,,,,,,"Black Spruce Swamp","1",,,,,,,,,,
,,,,,,,,,,,,,,"Bog","1",,,,,,,,,,
,,,,,,,,,,,,,,"Boreal","1",,,,,,,,,,
,,,,,,,,,,,,,,"British Columbia","1",,,,,,,,,,
,,,,,,,,,,,,,,"Bryophyta","1",,,,,,,,,,
,,,,,,,,,,,,,,"Bryophyte","1",,,,,,,,,,
,,,,,,,,,,,,,,"Bryophytes","1",,,,,,,,,,
,,,,,,,,,,,,,,"Buffer","1",,,,,,,,,,
,,,,,,,,,,,,,,"Buffer Zone","1",,,,,,,,,,
,,,,,,,,,,,,,,"Buffers","1",,,,,,,,,,
,,,,,,,,,,,,,,"Calamagrostis Canadensis","1",,,,,,,,,,
,,,,,,,,,,,,,,"Calanoida","1",,,,,,,,,,
,,,,,,,,,,,,,,"Catostomus Commersoni","1",,,,,,,,,,
,,,,,,,,,,,,,,"Cellular Organisms","1",,,,,,,,,,
,,,,,,,,,,,,,,"Cladocera","1",,,,,,,,,,
,,,,,,,,,,,,,,"Classification","1",,,,,,,,,,
,,,,,,,,,,,,,,"Clinostomum Complanatum","1",,,,,,,,,,
,,,,,,,,,,,,,,"Community Structure","1",,,,,,,,,,
,,,,,,,,,,,,,,"Coniferophyta","1",,,,,,,,,,
,,,,,,,,,,,,,,"Connecticut","1",,,,,,,,,,
,,,,,,,,,,,,,,"Conservation Of Natural Resources","1",,,,,,,,,,
,,,,,,,,,,,,,,"Cornus","1",,,,,,,,,,
,,,,,,,,,,,,,,"Cornus Canadensis","1",,,,,,,,,,
,,,,,,,,,,,,,,"Crayfish","1",,,,,,,,,,
,,,,,,,,,,,,,,"Crustacea","1",,,,,,,,,,
,,,,,,,,,,,,,,"Cyclopoida","1",,,,,,,,,,
,,,,,,,,,,,,,,"Cyprinid","1",,,,,,,,,,
,,,,,,,,,,,,,,"Cyprinidae","1",,,,,,,,,,
,,,,,,,,,,,,,,"Cypriniformes","1",,,,,,,,,,
,,,,,,,,,,,,,,"Dactylogyrus","1",,,,,,,,,,
,,,,,,,,,,,,,,"Depression Wetland","1",,,,,,,,,,
,,,,,,,,,,,,,,"Drepanocladus Aduncus","1",,,,,,,,,,
,,,,,,,,,,,,,,"Duck Mountain Provincial Park","1",,,,,,,,,,
,,,,,,,,,,,,,,"Ecological Functions","1",,,,,,,,,,
,,,,,,,,,,,,,,"Ecological Impacts","1",,,,,,,,,,
,,,,,,,,,,,,,,"Ecology","1",,,,,,,,,,
,,,,,,,,,,,,,,"Ecotones","1",,,,,,,,,,
,,,,,,,,,,,,,,"Edge Effects","1",,,,,,,,,,
,,,,,,,,,,,,,,"Energy Transfer","1",,,,,,,,,,
,,,,,,,,,,,,,,"Environmental Protection","1",,,,,,,,,,
,,,,,,,,,,,,,,"Eos","1",,,,,,,,,,
,,,,,,,,,,,,,,"Ephemeroptera","1",,,,,,,,,,
,,,,,,,,,,,,,,"Equisetum","1",,,,,,,,,,
,,,,,,,,,,,,,,"Equisetum Arvense","1",,,,,,,,,,
,,,,,,,,,,,,,,"Equisetum Fluviatile","1",,,,,,,,,,
,,,,,,,,,,,,,,"Equisetum Sylvaticum","1",,,,,,,,,,
,,,,,,,,,,,,,,"Ergasilus Lizae","1",,,,,,,,,,
,,,,,,,,,,,,,,"Etiology","1",,,,,,,,,,
,,,,,,,,,,,,,,"Eutrophication","1",,,,,,,,,,
,,,,,,,,,,,,,,"Fen","1",,,,,,,,,,
,,,,,,,,,,,,,,"Fires","1",,,,,,,,,,
,,,,,,,,,,,,,,"Fish","1",,,,,,,,,,
,,,,,,,,,,,,,,"Forest Canopy","1",,,,,,,,,,
,,,,,,,,,,,,,,"Forest Fire","1",,,,,,,,,,
,,,,,,,,,,,,,,"Forest Fires","1",,,,,,,,,,
,,,,,,,,,,,,,,"Forest Harvesting","1",,,,,,,,,,
,,,,,,,,,,,,,,"Forest Management","1",,,,,,,,,,
,,,,,,,,,,,,,,"Forested Catchment","1",,,,,,,,,,
,,,,,,,,,,,,,,"Fresh Water","1",,,,,,,,,,
,,,,,,,,,,,,,,"Geocaulon Lividum","1",,,,,,,,,,
,,,,,,,,,,,,,,"Groundwater","1",,,,,,,,,,
,,,,,,,,,,,,,,"Growth, Development And Aging","1",,,,,,,,,,
,,,,,,,,,,,,,,"Gyrodactylus","1",,,,,,,,,,
,,,,,,,,,,,,,,"Habitat Conservation","1",,,,,,,,,,
,,,,,,,,,,,,,,"Headwater Streams","1",,,,,,,,,,
,,,,,,,,,,,,,,"Helodium Blandowii","1",,,,,,,,,,
,,,,,,,,,,,,,,"Hydrology","1",,,,,,,,,,
,,,,,,,,,,,,,,"Hylocomium Splendens","1",,,,,,,,,,
,,,,,,,,,,,,,,"Impacts","1",,,,,,,,,,
,,,,,,,,,,,,,,"Insect Control","1",,,,,,,,,,
,,,,,,,,,,,,,,"Insecta","1",,,,,,,,,,
,,,,,,,,,,,,,,"Invertebrata","1",,,,,,,,,,
,,,,,,,,,,,,,,"Keratella Taurocephala","1",,,,,,,,,,
,,,,,,,,,,,,,,"Lake Ecosystem","1",,,,,,,,,,
,,,,,,,,,,,,,,"Lakes","1",,,,,,,,,,
,,,,,,,,,,,,,,"Land Use Change","1",,,,,,,,,,
,,,,,,,,,,,,,,"Lichen","1",,,,,,,,,,
,,,,,,,,,,,,,,"Linnaea Borealis","1",,,,,,,,,,
,,,,,,,,,,,,,,"Listera Cordata","1",,,,,,,,,,
,,,,,,,,,,,,,,"Logging","1",,,,,,,,,,
,,,,,,,,,,,,,,"Logging (forestry)","1",,,,,,,,,,
,,,,,,,,,,,,,,"Logging (timber)","1",,,,,,,,,,
,,,,,,,,,,,,,,"Maine","1",,,,,,,,,,
,,,,,,,,,,,,,,"Manitoba","1",,,,,,,,,,
,,,,,,,,,,,,,,"Massachusetts","1",,,,,,,,,,
,,,,,,,,,,,,,,"Mertensia Paniculata","1",,,,,,,,,,
,,,,,,,,,,,,,,"Microclimate","1",,,,,,,,,,
,,,,,,,,,,,,,,"Microclimates","1",,,,,,,,,,
,,,,,,,,,,,,,,"Moneses Uniflora","1",,,,,,,,,,
,,,,,,,,,,,,,,"Monogenea","1",,,,,,,,,,
,,,,,,,,,,,,,,"Myxobolus","1",,,,,,,,,,
,,,,,,,,,,,,,,"Myxobolus Sp.","1",,,,,,,,,,
,,,,,,,,,,,,,,"Myxozoa","1",,,,,,,,,,
,,,,,,,,,,,,,,"Nematoda","1",,,,,,,,,,
,,,,,,,,,,,,,,"Nematode","1",,,,,,,,,,
,,,,,,,,,,,,,,"New Brunswick","1",,,,,,,,,,
,,,,,,,,,,,,,,"New Hampshire","1",,,,,,,,,,
,,,,,,,,,,,,,,"New York","1",,,,,,,,,,
,,,,,,,,,,,,,,"Northern Redbelly Dace","1",,,,,,,,,,
,,,,,,,,,,,,,,"Nova Scotia","1",,,,,,,,,,
,,,,,,,,,,,,,,"Ontario","1",,,,,,,,,,
,,,,,,,,,,,,,,"Ornithodiplostomum Ptychocheilus","1",,,,,,,,,,
,,,,,,,,,,,,,,"Overstory","1",,,,,,,,,,
,,,,,,,,,,,,,,"PH","1",,,,,,,,,,
,,,,,,,,,,,,,,"Parasite Prevalence","1",,,,,,,,,,
,,,,,,,,,,,,,,"Parasites","1",,,,,,,,,,
,,,,,,,,,,,,,,"Parasitism","1",,,,,,,,,,
,,,,,,,,,,,,,,"Parasitology","1",,,,,,,,,,
,,,,,,,,,,,,,,"Peatland","1",,,,,,,,,,
,,,,,,,,,,,,,,"Perca Flavescens","1",,,,,,,,,,
,,,,,,,,,,,,,,"Petasites","1",,,,,,,,,,
,,,,,,,,,,,,,,"Petasites Frigidus","1",,,,,,,,,,
,,,,,,,,,,,,,,"Phoxinus Eos","1",,,,,,,,,,
,,,,,,,,,,,,,,"Picea Mariana","1",,,,,,,,,,
,,,,,,,,,,,,,,"Plagiochila Porelloides","1",,,,,,,,,,
,,,,,,,,,,,,,,"Plankton","1",,,,,,,,,,
,,,,,,,,,,,,,,"Plants","1",,,,,,,,,,
,,,,,,,,,,,,,,"Plants (botany)","1",,,,,,,,,,
,,,,,,,,,,,,,,"Pleurozium Schreberi","1",,,,,,,,,,
,,,,,,,,,,,,,,"Polyarthra Vulgaris","1",,,,,,,,,,
,,,,,,,,,,,,,,"Prince Edward Island","1",,,,,,,,,,
,,,,,,,,,,,,,,"Protozoa","1",,,,,,,,,,
,,,,,,,,,,,,,,"Protozoon","1",,,,,,,,,,
,,,,,,,,,,,,,,"Ptychocheilus","1",,,,,,,,,,
,,,,,,,,,,,,,,"Quebec","1",,,,,,,,,,
,,,,,,,,,,,,,,"Quebec [Canada]","1",,,,,,,,,,
