﻿Scopus refine results values

"Your query : ((TITLE-ABS-KEY((Boreal OR {James Bay} OR James-Bay OR {Clay Belt} OR {canadian shield}) AND Quebec) AND PUBYEAR > 1999 AND PUBYEAR < 2020) AND (TITLE-ABS-KEY(weather OR   Season* OR meteo*) AND PUBYEAR > 1999 AND PUBYEAR < 2020) AND (TITLE-ABS-KEY(Water AND  (quality OR lake OR river OR stream)) AND PUBYEAR > 1999 AND PUBYEAR < 2020))"


Number of results : 35

"ACCESS TYPE",,"YEAR",,"AUTHOR NAME",,"SUBJECT AREA",,"DOCUMENT TYPE",,"PUBLICATION STAGE",,"SOURCE TITLE",,"KEYWORD",,"AFFILIATION",,"FUNDING SPONSOR",,"COUNTRY",,"SOURCE TYPE",,"LANGUAGE",
"Open Access","5","2018","2","Del Giorgio, P.A.","3","Agricultural and Biological Sciences","10","Article","33","final","35","Applied Geochemistry","2","Canada","25","Université du Québec à Montréal","13","Natural Sciences and Engineering Research Council of Canada","9","Canada","35","Journals","33","English","33"
"Other","30","2017","1","Rousseau, A.N.","3","Biochemistry, Genetics and Molecular Biology","1","Book Chapter","1",,,"Biogeochemistry","2","Quebec [Canada]","16","Université Laval","7","Fonds QuÃ©bÃ©cois de la Recherche sur la Nature et les Technologies","5","United States","4","Books","1","French","2"
,,"2016","1","Bergeron, Y.","2","Earth and Planetary Sciences","16","Conference Paper","1",,,"Ecoscience","2","North America","10","Hydro-Quebec","6","Environment Canada","2","France","3","Conference Proceedings","1",,
,,"2015","4","Bernier, M.","2","Engineering","1",,,,,"Hydrological Processes","2","Lakes","7","Environment Canada","5","National Science Foundation","2","Belgium","1",,,,
,,"2014","2","Bégin, Y.","2","Environmental Science","20",,,,,"Journal Of Hydrology","2","Boreal Forest","6","University of Montreal","5","Academy of Natural Sciences of Drexel University","1","Spain","1",,,,
,,"2013","2","Cossa, D.","2","Immunology and Microbiology","1",,,,,"Archives Of Environmental Contamination And Toxicology","1","Climate Change","6","INRS- Centre Eau, Terre &amp; Environnement","5","Bundesministerium fÃ¼r Bildung und Forschung","1","United Kingdom","1",,,,
,,"2012","5","Courchesne, F.","2","Multidisciplinary","1",,,,,"Biogeosciences","1","Quebec","6","Institut National de la Recherche Scientifique","4","Canada Research Chairs","1",,,,,,
,,"2011","2","Couture, S.","2","Pharmacology, Toxicology and Pharmaceutics","1",,,,,"Canadian Journal Of Earth Sciences","1","Article","5","McGill University","3","Fonds de recherche du QuÃ©bec â Nature et technologies","1",,,,,,
,,"2010","2","Gagnon, C.","2",,,,,,,"Canadian Water Resources Journal","1","Fen","5","Ministère de l‘Energie et des Ressources naturelles du Québec","3","Foundation for Community Association Research","1",,,,,,
,,"2009","2","Garneau, M.","2",,,,,,,"Chemical Geology","1","Hydrology","5","Consortium Ouranos, Canada","3","Government of Canada","1",,,,,,
,,"2008","2","Hausmann, S.","2",,,,,,,"Environmental Microbiology","1","James Bay","5","University of Arkansas - Fayetteville","2","Hydro-QuÃ©bec","1",,,,,,
,,"2007","2","Houle, D.","2",,,,,,,"Environmental Science And Pollution Research","1","Lake","5","Université de Sherbrooke","2","Luonnontieteiden ja Tekniikan Tutkimuksen Toimikunta","1",,,,,,
,,"2005","4","Jutras, S.","2",,,,,,,"Geochimica Et Cosmochimica Acta","1","Rivers","5","Geological Survey of Canada","2","Office of Science","1",,,,,,
,,"2001","2","Lucotte, M.","2",,,,,,,"Global Biogeochemical Cycles","1","Seasonal Variation","5","IFREMER Institut Francais de Recherche pour l'Exploitation de la Mer","2","Schweizerischer Nationalfonds zur FÃ¶rderung der Wissenschaftlichen Forschung","1",,,,,,
,,"2000","2","Pelletier, L.","2",,,,,,,"Global Change Biology","1","Seasonality","5","Deline Uranium Team","1","Schweizerischer Nationalfonds zur Förderung der Wissenschaftlichen Forschung","1",,,,,,
,,,,"Pienitz, R.","2",,,,,,,"Houille Blanche","1","Aqualysis","4","LaSalle Consulting Group","1","UniversitÃ© du QuÃ©bec Ã  MontrÃ©al","1",,,,,,
,,,,"Prairie, Y.T.","2",,,,,,,"Hydrobiologia","1","Carbon","4","Groupe de recherche interuniversitaire en limnologie et en environnement aquatique GRIL","1","Undefined","21",,,,,,
,,,,"St-Hilaire, A.","2",,,,,,,"Hydrology Research","1","Carbon Dioxide","4","Groundwater Research Group GRES - Groupe de Recherche sur l'Eau Souterraine-RIME","1",,,,,,,,
,,,,"Arseneault, D.","1",,,,,,,"Intraplate Earthquakes","1","Catchments","4","Universite de Liege","1",,,,,,,,
,,,,"Augustin, F.","1",,,,,,,"Journal Of Hydrometeorology","1","Climate","4","Le réseau de l'Université du Québec","1",,,,,,,,
,,,,"Bastien, J.","1",,,,,,,"Journal Of Marine Systems","1","Concentration (composition)","4","Universite du Quebec en Abitibi-Temiscamingue","1",,,,,,,,
,,,,"Beauchamp, G.","1",,,,,,,"Journal Of Paleolimnology","1","Dissolved Organic Carbon","4","Université du Québec à Rimouski","1",,,,,,,,
,,,,"Beisner, B.E.","1",,,,,,,"Microbial Ecology","1","Environmental Factor","4","Universitat de Girona","1",,,,,,,,
,,,,"Berninger, F.","1",,,,,,,"Nature Geoscience","1","Forestry","4","National Oceanography Centre Southampton","1",,,,,,,,
,,,,"Boreux, J.J.","1",,,,,,,"Plos One","1","La Grande River","4","University of Northern British Columbia","1",,,,,,,,
,,,,"Borrego, C.M.","1",,,,,,,"Proceedings Of The International Conference On Cold Regions Engineering","1","Methane","4","Centre Européen de Recherche et d'Enseignement des Géosciences de l'Environnement","1",,,,,,,,
,,,,"Brown, R.","1",,,,,,,"Remote Sensing","1","Precipitation (meteorology)","4","Woods Hole Oceanographic Institution","1",,,,,,,,
,,,,"Bégin, C.","1",,,,,,,"Revue Des Sciences De L Eau","1","Regression Analysis","4","University of Toronto","1",,,,,,,,
,,,,"Bélanger, D.","1",,,,,,,"Science Of The Total Environment","1","Stream Flow","4","University of New Brunswick","1",,,,,,,,
,,,,"Camire, M.","1",,,,,,,"Tree Ring Research","1","Streamflow","4","Carleton University","1",,,,,,,,
,,,,"Carrer, G.","1",,,,,,,,,"Water Chemistry","4","College of Earth, Ocean and Environment","1",,,,,,,,
,,,,"Chokmani, K.","1",,,,,,,,,"Watersheds","4","Polytechnique Montréal","1",,,,,,,,
,,,,"Clark, T.","1",,,,,,,,,"Budget Control","3","Université du Québec à Chicoutimi","1",,,,,,,,
,,,,"Cliche Trudeau, N.","1",,,,,,,,,"Canadian Shield","3","University of Delaware","1",,,,,,,,
,,,,"Cloutier-Hurteau, B.","1",,,,,,,,,"Carbon Budget","3","University of Southampton","1",,,,,,,,
,,,,"Cottrell, M.T.","1",,,,,,,,,"Catchment","3","Concordia University","1",,,,,,,,
,,,,"Dansereau, M.","1",,,,,,,,,"Chlorophyll","3","Ministére du Développement durable, de l'Environnement et des Parcs","1",,,,,,,,
,,,,"David, J.","1",,,,,,,,,"Chlorophyll A","3",,,,,,,,,,
,,,,"Demarty, M.","1",,,,,,,,,"Environmental Monitoring","3",,,,,,,,,,
,,,,"Denneler, B.","1",,,,,,,,,"Geochemistry","3",,,,,,,,,,
,,,,"Dribault, Y.","1",,,,,,,,,"Groundwater","3",,,,,,,,,,
,,,,"Déry, S.J.","1",,,,,,,,,"Hydroelectric Power","3",,,,,,,,,,
,,,,"Fauteux, L.","1",,,,,,,,,"Ice Cover","3",,,,,,,,,,
,,,,"Feyte, S.","1",,,,,,,,,"Landforms","3",,,,,,,,,,
,,,,"Filion, Y.","1",,,,,,,,,"Mercury (element)","3",,,,,,,,,,
,,,,"Fortin, C.","1",,,,,,,,,"Organic Carbon","3",,,,,,,,,,
,,,,"Gagnon, P.","1",,,,,,,,,"Peatland","3",,,,,,,,,,
,,,,"Garcia-Chaves, M.C.","1",,,,,,,,,"Reservoir","3",,,,,,,,,,
,,,,"Girardin, M.P.","1",,,,,,,,,"River Water","3",,,,,,,,,,
,,,,"Gobeil, A.","1",,,,,,,,,"Runoff","3",,,,,,,,,,
,,,,"Gobeil, C.","1",,,,,,,,,"Season","3",,,,,,,,,,
,,,,"Guiot, J.","1",,,,,,,,,"Seasons","3",,,,,,,,,,
,,,,"Hernández-Henríquez, M.A.","1",,,,,,,,,"Snow","3",,,,,,,,,,
,,,,"Hillaire-Marcel, C.","1",,,,,,,,,"Temperature","3",,,,,,,,,,
,,,,"Huot, Y.","1",,,,,,,,,"Water Pollutants, Chemical","3",,,,,,,,,,
,,,,"Hélie, J.F.","1",,,,,,,,,"Watershed","3",,,,,,,,,,
,,,,"Khawasik, O.","1",,,,,,,,,"Wetlands","3",,,,,,,,,,
,,,,"Kirchman, D.L.","1",,,,,,,,,"Animals","2",,,,,,,,,,
,,,,"Lamontagne, M.","1",,,,,,,,,"Annual Balance","2",,,,,,,,,,
,,,,"Larivière, N.","1",,,,,,,,,"Annual Variation","2",,,,,,,,,,
,,,,"Lesage, L.","1",,,,,,,,,"Bacillariophyta","2",,,,,,,,,,
,,,,"Levasseur, M.","1",,,,,,,,,"Chemical Analysis","2",,,,,,,,,,
,,,,"Levrel, G.","1",,,,,,,,,"Chemistry","2",,,,,,,,,,
,,,,"Lévesque, D.","1",,,,,,,,,"Clearcutting","2",,,,,,,,,,
,,,,"Maranger, R.","1",,,,,,,,,"Climate Modeling","2",,,,,,,,,,
,,,,"Minville, M.","1",,,,,,,,,"Climate Models","2",,,,,,,,,,
,,,,"Mlynowski, T.J.","1",,,,,,,,,"Climates","2",,,,,,,,,,
,,,,"Montgomery, S.","1",,,,,,,,,"Concentration (parameters)","2",,,,,,,,,,
,,,,"Nadeau, D.F.","1",,,,,,,,,"Controlled Study","2",,,,,,,,,,
,,,,"Nicault, A.","1",,,,,,,,,"Dendrochronology","2",,,,,,,,,,
,,,,"Oreiller, M.","1",,,,,,,,,"Deposition","2",,,,,,,,,,
,,,,"Payette, S.","1",,,,,,,,,"Diatom","2",,,,,,,,,,
,,,,"Pearce, C.R.","1",,,,,,,,,"Diatoms","2",,,,,,,,,,
,,,,"Perreault, L.","1",,,,,,,,,"Diffusion","2",,,,,,,,,,
,,,,"Pham, T.T.","1",,,,,,,,,"Discharge","2",,,,,,,,,,
,,,,"Plamondon, A.P.","1",,,,,,,,,"Discharge (fluid Mechanics)","2",,,,,,,,,,
,,,,"Planas, D.","1",,,,,,,,,"Dissolved Organic Matter","2",,,,,,,,,,
,,,,"Proulx-McInnis, S.","1",,,,,,,,,"Emission Inventory","2",,,,,,,,,,
,,,,"Ramachandran, A.","1",,,,,,,,,"Evapotranspiration","2",,,,,,,,,,
,,,,"Ranalli, G.","1",,,,,,,,,"Flood","2",,,,,,,,,,
,,,,"Rasilo, T.","1",,,,,,,,,"Flux Measurement","2",,,,,,,,,,
,,,,"Rautio, M.","1",,,,,,,,,"Forested Catchment","2",,,,,,,,,,
,,,,"Reed, A.","1",,,,,,,,,"Fresh Water","2",,,,,,,,,,
,,,,"Rheault, I.","1",,,,,,,,,"Greenhouse Gas","2",,,,,,,,,,
,,,,"Rondeau, B.","1",,,,,,,,,"Growing Season","2",,,,,,,,,,
,,,,"Rosa, E.","1",,,,,,,,,"Hydroelectric Reservoirs","2",,,,,,,,,,
,,,,"Roy, A.","1",,,,,,,,,"Hydrological Model","2",,,,,,,,,,
,,,,"Roy, R.","1",,,,,,,,,"Hydrological Modeling","2",,,,,,,,,,
,,,,"Royer, A.","1",,,,,,,,,"Iron","2",,,,,,,,,,
,,,,"Savard, J.P.L.","1",,,,,,,,,"Lacustrine Deposit","2",,,,,,,,,,
,,,,"Savard, M.M.","1",,,,,,,,,"Lacustrine Environment","2",,,,,,,,,,
,,,,"Soued, C.","1",,,,,,,,,"Lake Duparquet","2",,,,,,,,,,
,,,,"Stevenson, R.","1",,,,,,,,,"Lake Water","2",,,,,,,,,,
,,,,"Straneo, F.","1",,,,,,,,,"Laurentian Mountains","2",,,,,,,,,,
,,,,"Surette, C.","1",,,,,,,,,"Lichen","2",,,,,,,,,,
,,,,"Tadonléké, R.D.","1",,,,,,,,,"Little Ice Age","2",,,,,,,,,,
,,,,"Taha, W.","1",,,,,,,,,"MODIS","2",,,,,,,,,,
,,,,"Tardif, J.","1",,,,,,,,,"Mercury","2",,,,,,,,,,
,,,,"Tardif, S.","1",,,,,,,,,"Metabolism","2",,,,,,,,,,
,,,,"Teodoru, C.R.","1",,,,,,,,,"Methylmercury","2",,,,,,,,,,
,,,,"Tessier, A.","1",,,,,,,,,"Microbial Community","2",,,,,,,,,,
,,,,"Tran, P.","1",,,,,,,,,"Microbiology","2",,,,,,,,,,
,,,,"Tremblay, A.","1",,,,,,,,,"Multivariant Analysis","2",,,,,,,,,,
,,,,"Tremblay, Y.","1",,,,,,,,,"Multivariate Statistics","2",,,,,,,,,,
,,,,"Trudeau, N.C.","1",,,,,,,,,"Nonhuman","2",,,,,,,,,,
,,,,"Turcotte, R.","1",,,,,,,,,"Partial Pressure","2",,,,,,,,,,
,,,,"Turgeon, J.M.L.","1",,,,,,,,,"Phosphorus","2",,,,,,,,,,
,,,,"Turmel, M.C.","1",,,,,,,,,"Phytoplankton","2",,,,,,,,,,
,,,,"Verseghy, D.","1",,,,,,,,,"Pools","2",,,,,,,,,,
,,,,"Walsh, D.A.","1",,,,,,,,,"Precipitation (climatology)","2",,,,,,,,,,
,,,,"Wang, L.","1",,,,,,,,,"Priority Journal","2",,,,,,,,,,
,,,,"del Giorgio, P.A.","1",,,,,,,,,"Remote Sensing","2",,,,,,,,,,
,,,,,,,,,,,,,,"River Discharge","2",,,,,,,,,,
,,,,,,,,,,,,,,"River Diversion","2",,,,,,,,,,
,,,,,,,,,,,,,,"Sediment Trap","2",,,,,,,,,,
,,,,,,,,,,,,,,"Sediment Traps","2",,,,,,,,,,
,,,,,,,,,,,,,,"Snow Cover","2",,,,,,,,,,
,,,,,,,,,,,,,,"Snow Melting Systems","2",,,,,,,,,,
,,,,,,,,,,,,,,"Snow Water Equivalent","2",,,,,,,,,,
,,,,,,,,,,,,,,"Stable Isotope","2",,,,,,,,,,
,,,,,,,,,,,,,,"Sulfate","2",,,,,,,,,,
,,,,,,,,,,,,,,"Summer","2",,,,,,,,,,
,,,,,,,,,,,,,,"Temperate Environment","2",,,,,,,,,,
,,,,,,,,,,,,,,"Temporal Variation","2",,,,,,,,,,
,,,,,,,,,,,,,,"Tundra","2",,,,,,,,,,
,,,,,,,,,,,,,,"Water Analysis","2",,,,,,,,,,
,,,,,,,,,,,,,,"Water Level","2",,,,,,,,,,
,,,,,,,,,,,,,,"Water Levels","2",,,,,,,,,,
,,,,,,,,,,,,,,"Water Microbiology","2",,,,,,,,,,
,,,,,,,,,,,,,,"Water Resources","2",,,,,,,,,,
,,,,,,,,,,,,,,"Water Supply","2",,,,,,,,,,
,,,,,,,,,,,,,,"Water Table","2",,,,,,,,,,
,,,,,,,,,,,,,,"Weathering","2",,,,,,,,,,
,,,,,,,,,,,,,,"Woodland","2",,,,,,,,,,
,,,,,,,,,,,,,,"Acidity","1",,,,,,,,,,
,,,,,,,,,,,,,,"Aerobic Anoxygenic Phototrophic Bacteria","1",,,,,,,,,,
,,,,,,,,,,,,,,"Aerobic Bacterium","1",,,,,,,,,,
,,,,,,,,,,,,,,"Age","1",,,,,,,,,,
,,,,,,,,,,,,,,"Air Temperature","1",,,,,,,,,,
,,,,,,,,,,,,,,"Air-water Interaction","1",,,,,,,,,,
,,,,,,,,,,,,,,"Altitude","1",,,,,,,,,,
,,,,,,,,,,,,,,"Amenagement Du Bassin Versant","1",,,,,,,,,,
,,,,,,,,,,,,,,"Analysis","1",,,,,,,,,,
,,,,,,,,,,,,,,"Anatidae","1",,,,,,,,,,
,,,,,,,,,,,,,,"Animal","1",,,,,,,,,,
,,,,,,,,,,,,,,"Animal Tissue","1",,,,,,,,,,
,,,,,,,,,,,,,,"Animalia","1",,,,,,,,,,
,,,,,,,,,,,,,,"Anoxic Conditions","1",,,,,,,,,,
,,,,,,,,,,,,,,"Anthropogenic Source","1",,,,,,,,,,
,,,,,,,,,,,,,,"Aquatic Ecology","1",,,,,,,,,,
,,,,,,,,,,,,,,"Aquatic Ecosystem","1",,,,,,,,,,
,,,,,,,,,,,,,,"Arctic","1",,,,,,,,,,
,,,,,,,,,,,,,,"Arctic Regions","1",,,,,,,,,,
,,,,,,,,,,,,,,"Areal Coverage","1",,,,,,,,,,
,,,,,,,,,,,,,,"Assessment Method","1",,,,,,,,,,
,,,,,,,,,,,,,,"Atmospheric Chemistry","1",,,,,,,,,,
,,,,,,,,,,,,,,"Atmospheric Deposition","1",,,,,,,,,,
,,,,,,,,,,,,,,"Atmospheric Depositions","1",,,,,,,,,,
,,,,,,,,,,,,,,"Atmospheric Forcing","1",,,,,,,,,,
,,,,,,,,,,,,,,"Atmospheric Temperature","1",,,,,,,,,,
