﻿Scopus refine results values

"Your query : ((TITLE-ABS-KEY((Boreal OR {James Bay} OR James-Bay OR {Clay Belt} OR {canadian shield}) AND (Canada OR Quebec OR Ontario OR newfoundland OR Alberta OR British-Columbia) ) AND PUBYEAR > 1999 AND PUBYEAR < 2020) AND (TITLE-ABS-KEY((Forest AND Fire) OR ""Wildfire"" OR ""crown fire"" OR ""Wildland fire"" ) AND PUBYEAR > 1999 AND PUBYEAR < 2020) AND (TITLE-ABS-KEY((wildlife OR fish OR moose OR beaver OR caribou OR goose OR geese) AND  (health OR disease OR contamination OR {heavy metal} OR  parasite OR stress OR {heavy metal} OR Mercury OR  {persistent organic pollutant} OR Toxic* OR Arsenic OR Lead OR cadmium)) AND PUBYEAR > 1999 AND PUBYEAR < 2020))"


Number of results : 9

"ACCESS TYPE",,"YEAR",,"AUTHOR NAME",,"SUBJECT AREA",,"DOCUMENT TYPE",,"PUBLICATION STAGE",,"SOURCE TITLE",,"KEYWORD",,"AFFILIATION",,"FUNDING SPONSOR",,"COUNTRY",,"SOURCE TYPE",,"LANGUAGE",
"Open Access","2","2019","1","Carignan, R.","3","Agricultural and Biological Sciences","4","Article","8","final","9","Canadian Journal Of Fisheries And Aquatic Sciences","1","Canada","7","University of Montreal","3","Aboriginal Affairs and Northern Development Canada","1","Canada","9","Journals","9","English","8"
"Other","7","2018","1","Garcia, E.","2","Environmental Science","7","Conference Paper","1",,,"Cogent Social Sciences","1","Climate Change","4","University of Northern British Columbia","3","Organization of American States","1","United States","1",,,"French","1"
,,"2017","1","Johnson, C.J.","2","Social Sciences","1",,,,,"Ecosphere","1","Forest Fire","4","University of Alberta","2","Undefined","7",,,,,,
,,"2015","1","Allen, E.W.","1",,,,,,,"Environmental Monitoring And Assessment","1","Lakes","4","Health Surveillance Branch","1",,,,,,,,
,,"2007","1","Arseneault, D.","1",,,,,,,"Environmental Toxicology And Chemistry","1","Boreal Forest","3","Teslin Tlingit Council","1",,,,,,,,
,,"2005","2","Baltzer, J.L.","1",,,,,,,"Forest Ecology And Management","1","Fire","3","Wilfrid Laurier University","1",,,,,,,,
,,"2002","1","Barber, Q.E.","1",,,,,,,"Journal Of Vegetation Science","1","Fires","3","Environment Canada","1",,,,,,,,
,,"2000","1","Carrière, S.","1",,,,,,,"Revue Des Sciences De L Eau","1","Forest Fires","3","Great Lakes Forestry Centre","1",,,,,,,,
,,,,"Day, N.J.","1",,,,,,,"Water Air And Soil Pollution","1","Forestry","3","Université du Québec à Rimouski","1",,,,,,,,
,,,,"DeLancey, E.R.","1",,,,,,,,,"Lake Ecosystem","3","Canadian Forest Service","1",,,,,,,,
,,,,"Flannigan, M.D.","1",,,,,,,,,"North America","3","Harvard University","1",,,,,,,,
,,,,"France, R.L.","1",,,,,,,,,"Water Contamination","3","The University of British Columbia","1",,,,,,,,
,,,,"Gabos, S.","1",,,,,,,,,"Water Quality","3","Ontario Ministry of Natural Resources","1",,,,,,,,
,,,,"Green, S.","1",,,,,,,,,"Watersheds","3","Université du Québec à Trois-Rivières","1",,,,,,,,
,,,,"Grinde, A.","1",,,,,,,,,"Animals","2","Lakehead University","1",,,,,,,,
,,,,"Karim, M.N.","1",,,,,,,,,"Annual Variation","2","Université du Québec à Montréal","1",,,,,,,,
,,,,"Lean, D.R.S.","1",,,,,,,,,"Article","2","University of Ottawa, Canada","1",,,,,,,,
,,,,"Lewis, K.J.","1",,,,,,,,,"Bioaccumulation","2","Northern Forestry Centre","1",,,,,,,,
,,,,"Magnan, P.","1",,,,,,,,,"Catchment","2","Jacques Whitford Ltd.","1",,,,,,,,
,,,,"Parisien, M.A.","1",,,,,,,,,"Conservation Of Natural Resources","2","Government of the Northwest Territories","1",,,,,,,,
,,,,"Pinel-Alloul, B.","1",,,,,,,,,"Controlled Study","2","Government of Yukon","1",,,,,,,,
,,,,"Planas, D.","1",,,,,,,,,"Disturbance","2",,,,,,,,,,
,,,,"Prepas, E.E.","1",,,,,,,,,"Ecology","2",,,,,,,,,,
,,,,"Price, D.T.","1",,,,,,,,,"Environmental Monitoring","2",,,,,,,,,,
,,,,"Sharples, R.","1",,,,,,,,,"Fish","2",,,,,,,,,,
,,,,"St-Laurent, M.H.","1",,,,,,,,,"Forest","2",,,,,,,,,,
,,,,"Steedman, R.J.","1",,,,,,,,,"Forests","2",,,,,,,,,,
,,,,"Strachan, W.M.J.","1",,,,,,,,,"Fresh Water","2",,,,,,,,,,
,,,,"Stralberg, D.","1",,,,,,,,,"Harvesting","2",,,,,,,,,,
,,,,"Timko, J.","1",,,,,,,,,"Lake","2",,,,,,,,,,
,,,,"Wang, X.","1",,,,,,,,,"Lake Water","2",,,,,,,,,,
,,,,"Whitman, E.","1",,,,,,,,,"Methylmercury","2",,,,,,,,,,
,,,,"Zhang, W.","1",,,,,,,,,"Nonhuman","2",,,,,,,,,,
,,,,,,,,,,,,,,"Northwest Territories","2",,,,,,,,,,
,,,,,,,,,,,,,,"Organic Carbon","2",,,,,,,,,,
,,,,,,,,,,,,,,"Plankton","2",,,,,,,,,,
,,,,,,,,,,,,,,"Seasonal Variation","2",,,,,,,,,,
,,,,,,,,,,,,,,"Water Sampling","2",,,,,,,,,,
,,,,,,,,,,,,,,"Water Sheds","2",,,,,,,,,,
,,,,,,,,,,,,,,"Wildfire","2",,,,,,,,,,
,,,,,,,,,,,,,,"Aeolian Sediment","1",,,,,,,,,,
,,,,,,,,,,,,,,"Algae","1",,,,,,,,,,
,,,,,,,,,,,,,,"Analytic Method","1",,,,,,,,,,
,,,,,,,,,,,,,,"Animalia","1",,,,,,,,,,
,,,,,,,,,,,,,,"Aquatic Habitat","1",,,,,,,,,,
,,,,,,,,,,,,,,"Bacillariophyta","1",,,,,,,,,,
,,,,,,,,,,,,,,"Barren-ground Caribou","1",,,,,,,,,,
,,,,,,,,,,,,,,"Bathurst Caribou Herd","1",,,,,,,,,,
,,,,,,,,,,,,,,"Benthos","1",,,,,,,,,,
,,,,,,,,,,,,,,"Bioavailability","1",,,,,,,,,,
,,,,,,,,,,,,,,"Biodiversity","1",,,,,,,,,,
,,,,,,,,,,,,,,"Biomagnification","1",,,,,,,,,,
,,,,,,,,,,,,,,"Biota","1",,,,,,,,,,
,,,,,,,,,,,,,,"Body Size","1",,,,,,,,,,
,,,,,,,,,,,,,,"Boreal","1",,,,,,,,,,
,,,,,,,,,,,,,,"Boreal Forests","1",,,,,,,,,,
,,,,,,,,,,,,,,"Canadian Boreal Lakes","1",,,,,,,,,,
,,,,,,,,,,,,,,"Canadian Shield","1",,,,,,,,,,
,,,,,,,,,,,,,,"Carbon","1",,,,,,,,,,
,,,,,,,,,,,,,,"Catchments","1",,,,,,,,,,
,,,,,,,,,,,,,,"Catostomus Commersoni","1",,,,,,,,,,
,,,,,,,,,,,,,,"Cellular Organisms","1",,,,,,,,,,
,,,,,,,,,,,,,,"Circannual Rhythm","1",,,,,,,,,,
,,,,,,,,,,,,,,"Clear-cut","1",,,,,,,,,,
,,,,,,,,,,,,,,"Clearcuts","1",,,,,,,,,,
,,,,,,,,,,,,,,"Community Dynamics","1",,,,,,,,,,
,,,,,,,,,,,,,,"Community Structure","1",,,,,,,,,,
,,,,,,,,,,,,,,"Community-driven Research","1",,,,,,,,,,
,,,,,,,,,,,,,,"Concentration (parameters)","1",,,,,,,,,,
,,,,,,,,,,,,,,"Conference Paper","1",,,,,,,,,,
,,,,,,,,,,,,,,"Coniferous Tree","1",,,,,,,,,,
,,,,,,,,,,,,,,"Correlation Analysis","1",,,,,,,,,,
,,,,,,,,,,,,,,"Correlation Function","1",,,,,,,,,,
,,,,,,,,,,,,,,"Crustacea","1",,,,,,,,,,
,,,,,,,,,,,,,,"Debris","1",,,,,,,,,,
,,,,,,,,,,,,,,"Deer","1",,,,,,,,,,
,,,,,,,,,,,,,,"Deforestation","1",,,,,,,,,,
,,,,,,,,,,,,,,"Deposition","1",,,,,,,,,,
,,,,,,,,,,,,,,"Dissolved Organic Carbon","1",,,,,,,,,,
,,,,,,,,,,,,,,"Dissolved Organic Matter","1",,,,,,,,,,
,,,,,,,,,,,,,,"Disturbance Modeling","1",,,,,,,,,,
,,,,,,,,,,,,,,"Drainage","1",,,,,,,,,,
,,,,,,,,,,,,,,"Dynamics","1",,,,,,,,,,
,,,,,,,,,,,,,,"Ecological Impact","1",,,,,,,,,,
,,,,,,,,,,,,,,"Ecoregion","1",,,,,,,,,,
,,,,,,,,,,,,,,"Ecosystem Resilience","1",,,,,,,,,,
,,,,,,,,,,,,,,"Environmental Exposure","1",,,,,,,,,,
,,,,,,,,,,,,,,"Environmental Impact","1",,,,,,,,,,
,,,,,,,,,,,,,,"Environmental Temperature","1",,,,,,,,,,
,,,,,,,,,,,,,,"Eolian Deposit","1",,,,,,,,,,
,,,,,,,,,,,,,,"Eolian Process","1",,,,,,,,,,
,,,,,,,,,,,,,,"Erosion","1",,,,,,,,,,
,,,,,,,,,,,,,,"Esox Lucius","1",,,,,,,,,,
,,,,,,,,,,,,,,"Fire Hazards","1",,,,,,,,,,
,,,,,,,,,,,,,,"Fire Severity","1",,,,,,,,,,
,,,,,,,,,,,,,,"Fishes","1",,,,,,,,,,
,,,,,,,,,,,,,,"Food Chain","1",,,,,,,,,,
,,,,,,,,,,,,,,"Forage","1",,,,,,,,,,
,,,,,,,,,,,,,,"Forest Harvesting","1",,,,,,,,,,
,,,,,,,,,,,,,,"Forest Management","1",,,,,,,,,,
,,,,,,,,,,,,,,"Geochemistry","1",,,,,,,,,,
,,,,,,,,,,,,,,"Insects","1",,,,,,,,,,
,,,,,,,,,,,,,,"Invertebrata","1",,,,,,,,,,
,,,,,,,,,,,,,,"Isotopes","1",,,,,,,,,,
,,,,,,,,,,,,,,"Lake Pollution","1",,,,,,,,,,
,,,,,,,,,,,,,,"Lichen","1",,,,,,,,,,
,,,,,,,,,,,,,,"Logging","1",,,,,,,,,,
,,,,,,,,,,,,,,"Logging (forestry)","1",,,,,,,,,,
,,,,,,,,,,,,,,"Lota Lota","1",,,,,,,,,,
,,,,,,,,,,,,,,"Macroinvertebrate","1",,,,,,,,,,
,,,,,,,,,,,,,,"Mercury","1",,,,,,,,,,
,,,,,,,,,,,,,,"Mercury (element)","1",,,,,,,,,,
,,,,,,,,,,,,,,"Mercury (metal)","1",,,,,,,,,,
,,,,,,,,,,,,,,"Methyl Mercury","1",,,,,,,,,,
,,,,,,,,,,,,,,"Methylmercury Compounds","1",,,,,,,,,,
,,,,,,,,,,,,,,"Muscles","1",,,,,,,,,,
,,,,,,,,,,,,,,"Natural Water Geochemistry","1",,,,,,,,,,
,,,,,,,,,,,,,,"Nitrogen","1",,,,,,,,,,
,,,,,,,,,,,,,,"Nitrogen Isotope","1",,,,,,,,,,
,,,,,,,,,,,,,,"Nitrogen Isotopes","1",,,,,,,,,,
,,,,,,,,,,,,,,"Nonpicivorous Species","1",,,,,,,,,,
,,,,,,,,,,,,,,"Organic Compounds","1",,,,,,,,,,
,,,,,,,,,,,,,,"Organic Matter","1",,,,,,,,,,
,,,,,,,,,,,,,,"Paleoecology","1",,,,,,,,,,
,,,,,,,,,,,,,,"Participatory Research","1",,,,,,,,,,
,,,,,,,,,,,,,,"Perca Flavescens","1",,,,,,,,,,
,,,,,,,,,,,,,,"Picea Mariana","1",,,,,,,,,,
,,,,,,,,,,,,,,"Pinus Banksiana","1",,,,,,,,,,
,,,,,,,,,,,,,,"Plant Community","1",,,,,,,,,,
,,,,,,,,,,,,,,"Plant Species Composition","1",,,,,,,,,,
,,,,,,,,,,,,,,"Pollution Monitoring","1",,,,,,,,,,
,,,,,,,,,,,,,,"Predation Risk","1",,,,,,,,,,
,,,,,,,,,,,,,,"Priority Journal","1",,,,,,,,,,
,,,,,,,,,,,,,,"Quebec","1",,,,,,,,,,
,,,,,,,,,,,,,,"Rangifer Tarandus","1",,,,,,,,,,
,,,,,,,,,,,,,,"Reconstruction","1",,,,,,,,,,
,,,,,,,,,,,,,,"Reforestation","1",,,,,,,,,,
,,,,,,,,,,,,,,"Resilience","1",,,,,,,,,,
,,,,,,,,,,,,,,"Riparia","1",,,,,,,,,,
,,,,,,,,,,,,,,"Rotifera","1",,,,,,,,,,
,,,,,,,,,,,,,,"Seasons","1",,,,,,,,,,
,,,,,,,,,,,,,,"Sediment","1",,,,,,,,,,
,,,,,,,,,,,,,,"Sediment Transport","1",,,,,,,,,,
,,,,,,,,,,,,,,"Sedimentation","1",,,,,,,,,,
,,,,,,,,,,,,,,"Soil Erosion","1",,,,,,,,,,
,,,,,,,,,,,,,,"Species Richness","1",,,,,,,,,,
,,,,,,,,,,,,,,"Spring","1",,,,,,,,,,
,,,,,,,,,,,,,,"Stable Isotope","1",,,,,,,,,,
,,,,,,,,,,,,,,"Stizostedion Vitreum","1",,,,,,,,,,
,,,,,,,,,,,,,,"Subarctic Boreal Forest","1",,,,,,,,,,
,,,,,,,,,,,,,,"Sulfate","1",,,,,,,,,,
,,,,,,,,,,,,,,"Summer","1",,,,,,,,,,
,,,,,,,,,,,,,,"Taiga Shield","1",,,,,,,,,,
,,,,,,,,,,,,,,"Technique","1",,,,,,,,,,
,,,,,,,,,,,,,,"Temporal Dynamics","1",,,,,,,,,,
,,,,,,,,,,,,,,"Temporal Trends","1",,,,,,,,,,
,,,,,,,,,,,,,,"Temporal Variation","1",,,,,,,,,,
,,,,,,,,,,,,,,"Trace Elements","1",,,,,,,,,,
,,,,,,,,,,,,,,"Tracheophyta","1",,,,,,,,,,
,,,,,,,,,,,,,,"Traditional And Local Knowledge","1",,,,,,,,,,
