﻿Scopus refine results values

"Your query : ((TITLE-ABS-KEY((Boreal OR {James Bay} OR James-Bay OR {Clay Belt} OR {canadian shield}) AND (Canada OR Quebec OR Ontario OR newfoundland OR Alberta OR British-Columbia) ) AND PUBYEAR > 1999 AND PUBYEAR < 2020) AND (TITLE-ABS-KEY(Species AND (Distribution OR Extinct* OR Invasi*  OR Transition Or exotic)) AND PUBYEAR > 1999 AND PUBYEAR < 2020) AND (TITLE-ABS-KEY( soil  OR  ground  OR  {woody debris}  OR  microtopography  OR  micro-topography  AND NOT  {sediment core}  OR  {breeding ground}  OR  {spawning ground} ) AND PUBYEAR > 1999 AND PUBYEAR < 2020))"


Number of results : 140

"ACCESS TYPE",,"YEAR",,"AUTHOR NAME",,"SUBJECT AREA",,"DOCUMENT TYPE",,"PUBLICATION STAGE",,"SOURCE TITLE",,"KEYWORD",,"AFFILIATION",,"FUNDING SPONSOR",,"COUNTRY",,"SOURCE TYPE",,"LANGUAGE",
"Open Access","24","2019","6","Bergeron, Y.","13","Agricultural and Biological Sciences","110","Article","126","final","140","Forest Ecology And Management","24","Canada","106","Canadian Forest Service","26","Natural Sciences and Engineering Research Council of Canada","35","Canada","128","Journals","136","English","139"
"Other","116","2018","6","Payette, S.","7","Arts and Humanities","1","Conference Paper","6",,,"Canadian Journal Of Forest Research","8","Boreal Forest","76","University of Alberta","23","Alberta Conservation Association","4","United States","24","Book Series","3","French","2"
,,"2017","12","Spence, J.R.","6","Biochemistry, Genetics and Molecular Biology","11","Review","6",,,"Ecoscience","6","Forestry","47","Université Laval","21","Fonds QuÃ©bÃ©cois de la Recherche sur la Nature et les Technologies","4","France","6","Books","1",,
,,"2016","10","Thiffault, N.","6","Chemistry","1","Book Chapter","2",,,"Plos One","5","North America","27","University of Saskatchewan","13","Natural Resources Canada","3","United Kingdom","5",,,,
,,"2015","11","Bayne, E.M.","4","Earth and Planetary Sciences","12",,,,,"Botany","3","Biodiversity","23","Université du Québec à Montréal","13","Association pour la Recherche sur les Tumeurs de la Prostate","2","Finland","3",,,,
,,"2014","6","Chen, H.Y.H.","4","Energy","1",,,,,"Canadian Entomologist","3","Picea Mariana","23","Universite du Quebec en Abitibi-Temiscamingue","12","Canadian Forest Service","2","Germany","3",,,,
,,"2013","12","Fenton, N.J.","4","Engineering","1",,,,,"Ecology","3","Disturbance","22","Natural Resources Canada","12","Canadian Natural Resources Limited","2","Argentina","1",,,,
,,"2012","14","Kranabetter, J.M.","4","Environmental Science","90",,,,,"Journal Of Biogeography","3","Boreal Forests","21","Environment Canada","8","Deutscher Akademischer Austauschdienst","2","Belgium","1",,,,
,,"2011","6","Bradley, R.L.","3","Health Professions","1",,,,,"Journal Of Environmental Quality","3","Soils","21","Northern Forestry Centre","8","Environment Canada","2","Iceland","1",,,,
,,"2010","6","Buddle, C.M.","3","Immunology and Microbiology","4",,,,,"Soil Biology And Biochemistry","3","Coniferous Tree","19","Lakehead University","7","Government of Alberta","2","Japan","1",,,,
,,"2009","9","Cameron, E.K.","3","Materials Science","1",,,,,"Water Air And Soil Pollution","3","Picea","19","Ontario Ministry of Natural Resources","6","National Aeronautics and Space Administration","2","Norway","1",,,,
,,"2008","7","Langor, D.W.","3","Medicine","3",,,,,"Atmospheric Chemistry And Physics","2","Pinus Banksiana","19","University of Toronto","6","Parks Canada","2","Russian Federation","1",,,,
,,"2007","5","Macdonald, S.E.","3","Multidisciplinary","5",,,,,"Biodiversity And Conservation","2","Picea Glauca","18","Great Lakes Forestry Centre","5","Suncor Energy Incorporated","2","Sweden","1",,,,
,,"2006","2","Munson, A.D.","3","Pharmacology, Toxicology and Pharmaceutics","1",,,,,"Biological Invasions","2","Alberta","17","Université du Québec à Rimouski","5","Alberta Ingenuity","1","Switzerland","1",,,,
,,"2005","5","Pinno, B.D.","3","Social Sciences","2",,,,,"Canadian Field Naturalist","2","Article","17","University of Montreal","5","Association of Canadian Universities for Northern Studies","1","Undefined","1",,,,
,,"2004","6","Sirois, L.","3",,,,,,,"Canadian Journal Of Zoology","2","Coniferophyta","17","Memorial University of Newfoundland","5","Biotechnology and Biological Sciences Research Council","1",,,,,,
,,"2003","7","Addison, J.A.","2",,,,,,,"Ecosystems","2","Ecosystems","17","Ministère de l‘Energie et des Ressources naturelles du Québec","5","Canada Research Chairs","1",,,,,,
,,"2002","3","Anand, M.","2",,,,,,,"Forestry Chronicle","2","Forests","17","Ministry of Forests and Range","5","Canadian Foundation for Climate and Atmospheric Sciences","1",,,,,,
,,"2001","4","Aubin, I.","2",,,,,,,"Journal Of Vegetation Science","2","Soil","17","Le réseau de l'Université du Québec","4","Canadian Space Agency","1",,,,,,
,,"2000","3","Bell, A.J.","2",,,,,,,"Mycorrhiza","2","Climate Change","16","McGill University","4","European Research Council","1",,,,,,
,,,,"Bell, F.W.","2",,,,,,,"Agricultural And Forest Meteorology","1","Spatial Distribution","16","Université de Sherbrooke","4","Fonds de recherche du QuÃ©bec â Nature et technologies","1",,,,,,
,,,,"Bernath, P.F.","2",,,,,,,"Agriculture Ecosystems And Environment","1","Beetle","15","University of Guelph","4","Government of Canada","1",,,,,,
,,,,"Bélanger, N.","2",,,,,,,"Annals Of Forest Science","1","Coleoptera","15","Ontario Forest Research Institute","4","Hydro-QuÃ©bec","1",,,,,,
,,,,"Chen, N.","2",,,,,,,"Applied Vegetation Science","1","Forest Management","14","York University","4","Janssen Research and Development","1",,,,,,
,,,,"De Grandpré, L.","2",,,,,,,"Arboriculture And Urban Forestry","1","Biological Invasion","13","USDA Forest Service","3","Manitoba Hydro","1",,,,,,
,,,,"Delwaide, A.","2",,,,,,,"Archives Of Environmental Contamination And Toxicology","1","Ecology","13","University of Waterloo","3","Memorial University of Newfoundland","1",,,,,,
,,,,"Drapeau, P.","2",,,,,,,"Avian Conservation And Ecology","1","Fire","13","Water Security Agency of Saskatchewan","2","Ministry of Environment","1",,,,,,
,,,,"Farrell, R.E.","2",,,,,,,"Boreas","1","Quebec [Canada]","13","TRoutreach Saskatchewan","2","MinistÃ¨re des ForÃªts, de la Faune et des Parcs","1",,,,,,
,,,,"Feng, R.","2",,,,,,,"Canadian Journal Of Soil Science","1","Community Composition","12","Royal Alberta Museum","2","National Museum of Natural History","1",,,,,,
,,,,"Fournier, R.A.","2",,,,,,,"Developments In Environmental Science","1","Coniferous Forest","12","University of Calgary","2","National Science Foundation","1",,,,,,
,,,,"Haeussler, S.","2",,,,,,,"Ecography","1","Harvesting","11","Helsingin Yliopisto","2","Networks of Centres of Excellence of Canada","1",,,,,,
,,,,"Hamilton, J.G.","2",,,,,,,"Ecological Impacts Of Non Native Invertebrates And Fungi On Terrestrial Ecosystems","1","Nonhuman","11","Purdue University","2","Northern Michigan University","1",,,,,,
,,,,"Hermanutz, L.","2",,,,,,,"Ecological Modelling","1","Regeneration","11","University of Manitoba","2","Ontario Ministry of Natural Resources and Forestry","1",,,,,,
,,,,"Hébert, F.","2",,,,,,,"Ecological Processes","1","Stand Structure","11","The University of British Columbia","2","Pacific Northwest Research Station","1",,,,,,
,,,,"Imbeau, L.","2",,,,,,,"Ecology And Evolution","1","Understory","11","Oregon State University","2","Shell Canada","1",,,,,,
,,,,"Jobidon, R.","2",,,,,,,"Ecology And Society","1","Abundance","10","Royal Roads University","2","University of Alberta","1",,,,,,
,,,,"Johnstone, J.F.","2",,,,,,,"Ecosphere","1","Populus Tremuloides","10","Queen's University, Kingston","2","University of British Columbia","1",,,,,,
,,,,"Lamb, E.G.","2",,,,,,,"Environmental Research Letters","1","Species Richness","10","University of York","2","University of New Brunswick","1",,,,,,
,,,,"Larouche, A.","2",,,,,,,"Environmental Reviews","1","Succession","10","University of Winnipeg","2","UniversitÃ© Laval","1",,,,,,
,,,,"Lee, S.I.","2",,,,,,,"Environmental Toxicology And Chemistry","1","Abies","9","Agriculture et Agroalimentaire Canada","2","York University","1",,,,,,
,,,,"Machtans, C.S.","2",,,,,,,"Forests","1","Animals","9","Université du Québec à Chicoutimi","2","Undefined","89",,,,,,
,,,,"Mallik, A.U.","2",,,,,,,"Functional Ecology","1","Biomass","9","Montana State University","2",,,,,,,,
,,,,"Mamet, S.D.","2",,,,,,,"Geochemistry Exploration Environment Analysis","1","Chronosequence","9","École Pratique des Hautes Etudes","2",,,,,,,,
,,,,"McKenney, D.","2",,,,,,,"Geochimica Et Cosmochimica Acta","1","Coarse Woody Debris","9","College of Science","2",,,,,,,,
,,,,"Nielsen, S.E.","2",,,,,,,"Geoderma","1","Forest Fire","9","Trent University","2",,,,,,,,
,,,,"Paré, D.","2",,,,,,,"Global Ecology And Biogeography","1","Forest Floor","9","McGill University, Macdonald Campus","2",,,,,,,,
,,,,"Peak, D.","2",,,,,,,"Human And Ecological Risk Assessment","1","Forest Soil","9","Government of Alberta","2",,,,,,,,
,,,,"Pearce, J.L.","2",,,,,,,"Hydrological Processes","1","Plant Community","9","Alberta Sustainable Resource Development","2",,,,,,,,
,,,,"Pedlar, J.","2",,,,,,,"IEEE Transactions On Geoscience And Remote Sensing","1","Quebec","9","Soc. la Faune et des Parcs du Que.","1",,,,,,,,
,,,,"Phillips, I.D.","2",,,,,,,"International Journal Of Applied Earth Observation And Geoinformation","1","Sphagnum","9","Ministère des Forêts de la Faune et des Parcs du Québec","1",,,,,,,,
,,,,"Pilon, V.","2",,,,,,,"International Journal Of Climate Change Impacts And Responses","1","Vegetation","9","High Desert Ecological Research Institute","1",,,,,,,,
,,,,"Ramsfield, T.","2",,,,,,,"Invasive Plant Science And Management","1","Abies Balsamea","8","Alpha Wildlife Research and Management Ltd.","1",,,,,,,,
,,,,"Reid, J.","2",,,,,,,"Journal Of Advances In Modeling Earth Systems","1","Alaska","8","Yukon College","1",,,,,,,,
,,,,"Taylor, A.R.","2",,,,,,,"Journal Of Ecology","1","Black Spruce","8","Corporate Executive Board","1",,,,,,,,
,,,,"Tremblay, J.P.","2",,,,,,,"Journal Of Forestry Research","1","Controlled Study","8","Ducks Unlimited","1",,,,,,,,
,,,,"Venier, L.A.","2",,,,,,,"Journal Of Wildlife Management","1","Forest","8","QSAR Risk Assessment Service","1",,,,,,,,
,,,,"Yemshanov, D.","2",,,,,,,"Karstenia","1","Forest Ecosystem","8","Soc. la Faune et des Parcs du Quebec","1",,,,,,,,
,,,,"Aakala, T.","1",,,,,,,"Landscape Ecology","1","Plants","8","Soc. la Faune et des Parcs du Quebec","1",,,,,,,,
,,,,"Abele, S.E.","1",,,,,,,"Mammalian Species","1","Population Distribution","8","Smithers","1",,,,,,,,
,,,,"Adams, B.","1",,,,,,,"Marine Ecology Progress Series","1","Species Diversity","8","Bureau 200","1",,,,,,,,
,,,,"Aherne, J.","1",,,,,,,"Natural Areas Journal","1","Tundra","8","Forestry Branch","1",,,,,,,,
,,,,"Ali, A.A.","1",,,,,,,"New Forests","1","United States","8","Réseau Québécois de Calcul de Haute Performance","1",,,,,,,,
,,,,"Anderson, J.A.","1",,,,,,,"Northern Journal Of Applied Forestry","1","Boreal","7","Nova Scotia Museum","1",,,,,,,,
,,,,"Andreassi, C.","1",,,,,,,"Oecologia","1","Deciduous Forest","7","Castonguay and Dandenault Inc.","1",,,,,,,,
,,,,"Andrew, F.","1",,,,,,,"Organic Geochemistry","1","Deciduous Tree","7","Mycology Resources","1",,,,,,,,
,,,,"Andrew, L.","1",,,,,,,"Phytocoenologia","1","Ecosystem","7","Jodi Friesen Ecological Consulting","1",,,,,,,,
,,,,"Anholt, B.R.","1",,,,,,,"Plant And Soil","1","Fire History","7","Centre d'enseignement et de recherche en foresterie CERFO","1",,,,,,,,
,,,,"Anne Naeth, M.","1",,,,,,,"Polar Biology","1","Growth Rate","7","425 boul. du Collège","1",,,,,,,,
,,,,"Arsenault, A.","1",,,,,,,"Restoration Ecology","1","Manitoba","7","Applied Geochemistry Solutions","1",,,,,,,,
,,,,"Asnong, H.","1",,,,,,,"Rhodora","1","Nitrogen","7","Catalina Island Conservancy","1",,,,,,,,
,,,,"Asselin, H.","1",,,,,,,"Rural And Remote Health","1","Plants (botany)","7","445 Boul. de l'Université","1",,,,,,,,
,,,,"Auger, I.","1",,,,,,,"Silva Fennica","1","Populus","7","Bulkley Valley Research Centre","1",,,,,,,,
,,,,"Babo, S.","1",,,,,,,"Studies In Avian Biology","1","Silviculture","7","Allion Science and Technology","1",,,,,,,,
,,,,"Bachand, M.","1",,,,,,,"Taxon","1","Survival","7","Institut de Recherche en Biologie Végé Tale","1",,,,,,,,
,,,,"Baconnet, M.","1",,,,,,,"Tree Physiology","1","Tracheophyta","7","REFLEX Geochemistry","1",,,,,,,,
,,,,"Bailey, S.W.","1",,,,,,,"Waterbirds","1","Trees","7","Ministère des Forêts de la Faune et des Parcs","1",,,,,,,,
,,,,"Baker, E.","1",,,,,,,"Zookeys","1","Aves","6","Délınę Land Corporation","1",,,,,,,,
,,,,"Baker, J.A.","1",,,,,,,"Zootaxa","1","Betula Papyrifera","6","Owl Moon Environmental Inc.","1",,,,,,,,
,,,,"Baldwin, K.A.","1",,,,,,,,,"British Columbia","6","EcoDiverse Ecological Services","1",,,,,,,,
,,,,"Barkley, E.P.","1",,,,,,,,,"Bryophyta","6","Délınę Ɂehdzo Got’ınę","1",,,,,,,,
,,,,"Barr, A.G.","1",,,,,,,,,"Carabidae","6","Ɂehdzo Got’ınę Gots’ę́ Nákedı","1",,,,,,,,
,,,,"Barry, A.N.N.","1",,,,,,,,,"Carbon","6","Ministère des Forêts de la Faune et des Parcs du Québec","1",,,,,,,,
,,,,"Bauce, É.","1",,,,,,,,,"Chemistry","6","Wood Buffalo Environmental Association","1",,,,,,,,
,,,,"Bayha, W.","1",,,,,,,,,"Earthworm","6","Vertex Resource Group Ltd","1",,,,,,,,
,,,,"Beauchamp, G.","1",,,,,,,,,"Ecosystem Management","6","Bowdoin College","1",,,,,,,,
,,,,"Beazley, L.","1",,,,,,,,,"Fires","6","Université libre de Bruxelles ULB","1",,,,,,,,
,,,,"Bedford, L.","1",,,,,,,,,"Population Decline","6","Westfälische Wilhelms-Universität Münster","1",,,,,,,,
,,,,"Bello, R.","1",,,,,,,,,"Population Density","6","Marine Biological Laboratory","1",,,,,,,,
,,,,"Bellocq, M.I.","1",,,,,,,,,"Reforestation","6","Wilfrid Laurier University","1",,,,,,,,
,,,,"Benscoter, B.W.","1",,,,,,,,,"Tree","6","NASA Langley Research Center","1",,,,,,,,
,,,,"Bergeron, J.A.C.","1",,,,,,,,,"White Spruce","6","INRAE's Occitanie-Montpellier Centre","1",,,,,,,,
,,,,"Berthiaume, R.","1",,,,,,,,,"Woody Debris","6","Sorbonne Universite","1",,,,,,,,
,,,,"Biswas, S.R.","1",,,,,,,,,"Arctic","5","Universidad de Buenos Aires","1",,,,,,,,
,,,,"Blarquez, O.","1",,,,,,,,,"Classification","5","Rothamsted Research","1",,,,,,,,
,,,,"Bokalo, M.","1",,,,,,,,,"Conservation","5","Princeton University","1",,,,,,,,
,,,,"Boone, C.D.","1",,,,,,,,,"Dominance","5","USDA Forest Service Pacific Northwest Research Station","1",,,,,,,,
,,,,"Boulangeat, I.","1",,,,,,,,,"Ectomycorrhiza","5","Consejo Nacional de Investigaciones Científicas y Técnicas","1",,,,,,,,
,,,,"Boulanger, Y.","1",,,,,,,,,"Environmental Disturbance","5","Turun yliopisto","1",,,,,,,,
,,,,"Bousquet, Y.","1",,,,,,,,,"Environmental Factor","5","Freshwater Institute, Fisheries and Oceans Canada","1",,,,,,,,
,,,,"Bowden, J.J.","1",,,,,,,,,"Fungi","5","Old Dominion University","1",,,,,,,,
,,,,"Boyd, W.S.","1",,,,,,,,,"Growth","5","The University of Texas at El Paso","1",,,,,,,,
,,,,"Brais, S.","1",,,,,,,,,"Human Activity","5","Eidgenössische Forschungsanstalt fur Wald, Schnee Und Landschaft Eth-Bereichs","1",,,,,,,,
,,,,"Brassard, B.W.","1",,,,,,,,,"Invasion","5","US Fish &amp; Wildlife Service","1",,,,,,,,
,,,,"Breton, L.","1",,,,,,,,,"Kalmia Angustifolia","5","Universite Paul-Valery Montpellier III","1",,,,,,,,
,,,,"Brossier, B.","1",,,,,,,,,"Microhabitat","5","Ontario Ministry of the Environment","1",,,,,,,,
,,,,"Brousseau, M.","1",,,,,,,,,"Mixed Forest","5","Universite de Moncton","1",,,,,,,,
,,,,"Buss, J.","1",,,,,,,,,"Oil Sands","5","Universitetet i Oslo","1",,,,,,,,
,,,,"Bussière, B.","1",,,,,,,,,"Ontario","5","Fisheries and Oceans Canada","1",,,,,,,,
,,,,"Butler, R.A.","1",,,,,,,,,"Ontario [Canada]","5","Technische Universität Darmstadt","1",,,,,,,,
,,,,"Béland, M.","1",,,,,,,,,"Peatland","5","United States Geological Survey","1",,,,,,,,
,,,,"Béland, M.","1",,,,,,,,,"Population Abundance","5","Anglo American plc","1",,,,,,,,
,,,,"Bélanger, D.","1",,,,,,,,,"Reclamation","5","University of Northern British Columbia","1",,,,,,,,
,,,,"Cadorette-Breton, Y.","1",,,,,,,,,"Saskatchewan","5","University of Alaska Fairbanks","1",,,,,,,,
,,,,"Calvo-Polanco, M.","1",,,,,,,,,"Seed","5","University of British Columbia Okanagan","1",,,,,,,,
,,,,"Camill, P.","1",,,,,,,,,"Shrub","5","Carleton College, USA","1",,,,,,,,
,,,,"Caners, R.T.","1",,,,,,,,,"Soil Organic Matter","5","University of Florida","1",,,,,,,,
,,,,"Carcaillet, C.","1",,,,,,,,,"Taiga","5","Georgia College &amp; State University","1",,,,,,,,
,,,,"Cardou, F.","1",,,,,,,,,"Yukon Territory","5","Abo Akademi University","1",,,,,,,,
,,,,"Carey, S.K.","1",,,,,,,,,"Animalia","4","Dalhousie University","1",,,,,,,,
,,,,"Carrier, G.","1",,,,,,,,,"Aspen","4","Göteborgs Universitet","1",,,,,,,,
,,,,"Cavard, X.","1",,,,,,,,,"Carbon Sequestration","4","University of New Brunswick","1",,,,,,,,
,,,,"Chang, S.X.","1",,,,,,,,,"Community Structure","4","Saskatchewan Research Council","1",,,,,,,,
,,,,"Charette, L.","1",,,,,,,,,"Comparative Study","4","Northern Michigan University","1",,,,,,,,
,,,,"Chen, J.M.","1",,,,,,,,,"Concentration (composition)","4","Carleton University","1",,,,,,,,
,,,,"Chidambara-vasi, E.","1",,,,,,,,,"Deer","4","Florida Atlantic University","1",,,,,,,,
,,,,"Chihara, L.","1",,,,,,,,,"Dispersal","4","Yokohama National University","1",,,,,,,,
,,,,"Chun, K.P.","1",,,,,,,,,"Earthworms","4","Simon Fraser University","1",,,,,,,,
,,,,"Clerbaux, C.","1",,,,,,,,,"Ericaceous Shrubs","4","Binghamton University State University of New York","1",,,,,,,,
,,,,"Cogbill, C.V.","1",,,,,,,,,"Floors","4","Université du Québec en Outaouais","1",,,,,,,,
,,,,"Coheur, P.F.","1",,,,,,,,,"Forest Canopy","4","University of Maryland","1",,,,,,,,
,,,,"Coluccy, J.M.","1",,,,,,,,,"Forest Fires","4","Harvard-Smithsonian Center for Astrophysics","1",,,,,,,,
,,,,"Comeau, P.","1",,,,,,,,,"Genetics","4","West Virginia University","1",,,,,,,,
,,,,"Comeau, P.G.","1",,,,,,,,,"Germination","4","Russian Academy of Sciences","1",,,,,,,,
,,,,"Constible, J.M.","1",,,,,,,,,"Habitat Fragmentation","4","United States Environmental Protection Agency","1",,,,,,,,
,,,,"Coops, N.C.","1",,,,,,,,,"Habitat Use","4","Universität Potsdam","1",,,,,,,,
,,,,"Couillard, P.L.","1",,,,,,,,,"Interspecific Competition","4","Hydro-Quebec","1",,,,,,,,
,,,,"Courtois, R.","1",,,,,,,,,"Invasive Species","4","National Zoo","1",,,,,,,,
,,,,"Cripps, C.L.","1",,,,,,,,,"Invertebrata","4","USDA ARS Rocky Mountain Research Station","1",,,,,,,,
,,,,"Crisfield, V.E.","1",,,,,,,,,"Jack Pine","4","Wilkes University","1",,,,,,,,
,,,,"Croft, H.","1",,,,,,,,,"Land Reclamation","4","Université Claude Bernard Lyon 1","1",,,,,,,,
,,,,"Cyr, G.","1",,,,,,,,,"Landscape","4","Portland State University","1",,,,,,,,
,,,,"Côté, S.D.","1",,,,,,,,,"Lumbricus Terrestris","4","University of Oxford","1",,,,,,,,
,,,,"Dacosta, J.","1",,,,,,,,,"Microbiology","4","Florida Museum of Natural History","1",,,,,,,,
,,,,"Daniëls, F.J.A.","1",,,,,,,,,"Mining","4","Conseil de recherches en sciences naturelles et en génie du Canada","1",,,,,,,,
,,,,"Dansereau, M.","1",,,,,,,,,"Northwest Territories","4","Atlantic Food and Horticulture Research Centre","1",,,,,,,,
,,,,"Davis, C.S.","1",,,,,,,,,"PH","4","University of Ottawa, Canada","1",,,,,,,,
,,,,"DeMerchant, I.","1",,,,,,,,,"Physiology","4","Eastern Oregon Agricultural Research Center","1",,,,,,,,
,,,,"Debortoli, L.A.","1",,,,,,,,,"Pinus Contorta","4","University of Minnesota","1",,,,,,,,
,,,,"Delagrange, S.","1",,,,,,,,,"Plant","4","Universite de Versailles Saint-Quentin-en-Yvelines","1",,,,,,,,
,,,,"Desrochers, A.","1",,,,,,,,,"Population Dynamics","4","University of Regina","1",,,,,,,,
,,,,"Drezner, T.D.","1",,,,,,,,,"Productivity","4","National Zoological Park","1",,,,,,,,
,,,,"Dungait, J.A.J.","1",,,,,,,,,"Range Expansion","4","Bedford Institute of Oceanography, Fisheries and Oceans Canada","1",,,,,,,,
,,,,"Durall, D.M.","1",,,,,,,,,"Rangifer Tarandus","4","McMaster University","1",,,,,,,,
,,,,"Dussault, C.","1",,,,,,,,,"Recruitment (population Dynamics)","4","Pacific Forestry Centre","1",,,,,,,,
,,,,"Déchêne, A.D.","1",,,,,,,,,"Relative Abundance","4","Universite de Nantes","1",,,,,,,,
,,,,"Eccles, G.","1",,,,,,,,,"Soil Moisture","4","University of Wisconsin-Madison","1",,,,,,,,
,,,,"Eddy, B.","1",,,,,,,,,"Soil Pollution","4","United States Department of Agriculture","1",,,,,,,,
,,,,"Eisenhauer, N.","1",,,,,,,,,"Soil Property","4","University of Alberta Augustana Campus","1",,,,,,,,
,,,,"Ellen Macdonald, S.","1",,,,,,,,,"Species Composition","4","Centre d'Ecologie Fonctionnelle et Evolutive","1",,,,,,,,
,,,,"Elliot, T.","1",,,,,,,,,"Stand Dynamics","4","Komarov Botanical Institute, Russian Academy of Sciences","1",,,,,,,,
