﻿Scopus refine results values

"Your query : ((TITLE-ABS-KEY((Boreal OR {James Bay} OR James-Bay OR {Clay Belt} OR {canadian shield}) AND Quebec) AND PUBYEAR > 1999 AND PUBYEAR < 2020) AND (TITLE-ABS-KEY(Silvicultur* OR Intensive OR {Site preparation}   OR Plantation OR   {Tree planting}) AND PUBYEAR > 1999 AND PUBYEAR < 2020) AND (TITLE-ABS-KEY({Age structure}  OR  old-growth) AND PUBYEAR > 1999 AND PUBYEAR < 2020))"


Number of results : 18

"ACCESS TYPE",,"YEAR",,"AUTHOR NAME",,"SUBJECT AREA",,"DOCUMENT TYPE",,"PUBLICATION STAGE",,"SOURCE TITLE",,"KEYWORD",,"AFFILIATION",,"FUNDING SPONSOR",,"COUNTRY",,"SOURCE TYPE",,"LANGUAGE",
"Open Access","2","2017","1","Bergeron, Y.","5","Agricultural and Biological Sciences","16","Article","13","final","18","Canadian Journal Of Forest Research","3","Canada","17","Université Laval","11","Natural Sciences and Engineering Research Council of Canada","4","Canada","18","Journals","17","English","16"
"Other","16","2016","1","Fortin, D.","4","Biochemistry, Genetics and Molecular Biology","1","Conference Paper","3",,,"Forestry Chronicle","3","Boreal Forest","15","Université du Québec à Montréal","7","Fonds QuÃ©bÃ©cois de la Recherche sur la Nature et les Technologies","2","United States","1","Books","1","French","2"
,,"2015","1","Gauthier, S.","4","Decision Sciences","1","Book Chapter","1",,,"Ecoscience","2","Quebec [Canada]","13","Universite du Quebec en Abitibi-Temiscamingue","5","Canada Economic Development for Quebec Regions","1",,,,,,
,,"2013","1","Ruel, J.C.","4","Environmental Science","10","Review","1",,,"Canadian Entomologist","1","Forest Management","12","Canadian Forest Service","5","MinistÃ¨re de l'Ãcologie, du DÃ©veloppement Durable et de l'Ãnergie","1",,,,,,
,,"2012","2","Bélanger, L.","3",,,,,,,"Canadian Journal Of Botany","1","Old-growth Forest","11","Ministère de l‘Energie et des Ressources naturelles du Québec","4","MinistÃ¨re des Ressources Naturelles et de la Faune","1",,,,,,
,,"2011","3","Leduc, A.","3",,,,,,,"Canadian Journal Of Zoology","1","Silviculture","11","Natural Resources Canada","3","Undefined","14",,,,,,
,,"2009","1","Pothier, D.","3",,,,,,,"Ecological Indicators","1","Ecosystems","10","Le réseau de l'Université du Québec","2",,,,,,,,
,,"2008","3","Raulier, F.","3",,,,,,,"Ecological Modelling","1","Forestry","10","Université du Québec à Rimouski","2",,,,,,,,
,,"2004","2","Anyomi, K.A.","2",,,,,,,"Forest Ecology And Management","1","Harvesting","10","Conseil de recherches en sciences naturelles et en génie du Canada","2",,,,,,,,
,,"2003","1","Hodson, J.","2",,,,,,,"Forestry","1","Biodiversity","9","Centre d’étude de la forêt CEF","1",,,,,,,,
,,"2002","2","Ouellet, J.P.","2",,,,,,,"Journal Of Forest Research","1","Picea Mariana","9","Environment Canada","1",,,,,,,,
,,,,"Alvarez, P.E.","1",,,,,,,"Silva Fennica","1","North America","6","The University of British Columbia","1",,,,,,,,
,,,,"Archambault, L.","1",,,,,,,"Woodlands Ecology Management And Conservation","1","Stand Structure","5","University of Toronto","1",,,,,,,,
,,,,"Bouchard, M.","1",,,,,,,,,"Abies Balsamea","4","Simon Fraser University","1",,,,,,,,
,,,,"Bouthillier, L.","1",,,,,,,,,"Clearcutting","4","University of Alberta","1",,,,,,,,
,,,,"Brodeur, V.","1",,,,,,,,,"Coniferous Tree","4","University of Wisconsin-Madison","1",,,,,,,,
,,,,"Brunet, G.","1",,,,,,,,,"Ecology","4","McGill University, Macdonald Campus","1",,,,,,,,
,,,,"Buddle, C.M.","1",,,,,,,,,"Fires","4","Ministére du Développement durable, de l'Environnement et des Parcs","1",,,,,,,,
,,,,"Courbin, N.","1",,,,,,,,,"Quebec","4",,,,,,,,,,
,,,,"Courtois, R.","1",,,,,,,,,"Age Structure","3",,,,,,,,,,
,,,,"Couturier, S.","1",,,,,,,,,"Balsam Fir","3",,,,,,,,,,
,,,,"Cumming, S.G.","1",,,,,,,,,"Disturbance","3",,,,,,,,,,
,,,,"Desponts, M.","1",,,,,,,,,"Experimental Study","3",,,,,,,,,,
,,,,"Drapeau, P.","1",,,,,,,,,"Fire","3",,,,,,,,,,
,,,,"Dussault, C.","1",,,,,,,,,"Forests","3",,,,,,,,,,
,,,,"Fall, A.","1",,,,,,,,,"Habitat Use","3",,,,,,,,,,
,,,,"Fenton, N.J.","1",,,,,,,,,"Sustainable Development","3",,,,,,,,,,
,,,,"Fortin, M.J.","1",,,,,,,,,"Abies","2",,,,,,,,,,
,,,,"Garet, J.","1",,,,,,,,,"Age Class","2",,,,,,,,,,
,,,,"Godbout, G.","1",,,,,,,,,"Animals","2",,,,,,,,,,
,,,,"Harvey, B.D.","1",,,,,,,,,"Araneae","2",,,,,,,,,,
,,,,"Hébert, C.","1",,,,,,,,,"Boreal Forests","2",,,,,,,,,,
,,,,"Kneeshaw, D.D.","1",,,,,,,,,"Bryophyta","2",,,,,,,,,,
,,,,"LeBlanc, M.L.","1",,,,,,,,,"Ecosystem Function","2",,,,,,,,,,
,,,,"Lesieur, D.","1",,,,,,,,,"Ecosystem Management","2",,,,,,,,,,
,,,,"Légaré, J.P.","1",,,,,,,,,"Environmental Disturbance","2",,,,,,,,,,
,,,,"Messier, C.","1",,,,,,,,,"Forestry Production","2",,,,,,,,,,
,,,,"Mitchell, S.J.","1",,,,,,,,,"Habitat Selection","2",,,,,,,,,,
,,,,"Ouzennou, H.","1",,,,,,,,,"Home Range","2",,,,,,,,,,
,,,,"Paradis, S.","1",,,,,,,,,"Logging (timber)","2",,,,,,,,,,
,,,,"Renaud-Roy, E.","1",,,,,,,,,"Mauricie","2",,,,,,,,,,
,,,,"Savard, J.P.","1",,,,,,,,,"Natural Disturbance","2",,,,,,,,,,
,,,,"Shorthouse, D.P.","1",,,,,,,,,"Natural Disturbances","2",,,,,,,,,,
,,,,"Simard, M.","1",,,,,,,,,"Old-growth","2",,,,,,,,,,
,,,,"Smyth, C.","1",,,,,,,,,"Partial Cutting","2",,,,,,,,,,
,,,,"Swiston, K.","1",,,,,,,,,"Picea","2",,,,,,,,,,
,,,,"Vijayakumar, D.B.I.P.","1",,,,,,,,,"Pinus Banksiana","2",,,,,,,,,,
,,,,"Work, T.T.","1",,,,,,,,,"Selection Cutting","2",,,,,,,,,,
,,,,"Yamasaki, S.H.","1",,,,,,,,,"Species Diversity","2",,,,,,,,,,
,,,,,,,,,,,,,,"Spider","2",,,,,,,,,,
,,,,,,,,,,,,,,"Sustainability","2",,,,,,,,,,
,,,,,,,,,,,,,,"Thinning","2",,,,,,,,,,
,,,,,,,,,,,,,,"Windthrow","2",,,,,,,,,,
,,,,,,,,,,,,,,"Abies Amabilis","1",,,,,,,,,,
,,,,,,,,,,,,,,"Abundance","1",,,,,,,,,,
,,,,,,,,,,,,,,"American Marten","1",,,,,,,,,,
,,,,,,,,,,,,,,"Animalia","1",,,,,,,,,,
,,,,,,,,,,,,,,"Atmospheric Humidity","1",,,,,,,,,,
,,,,,,,,,,,,,,"Aves","1",,,,,,,,,,
,,,,,,,,,,,,,,"Avifauna","1",,,,,,,,,,
,,,,,,,,,,,,,,"Back Spruce","1",,,,,,,,,,
,,,,,,,,,,,,,,"Balsam-fir","1",,,,,,,,,,
,,,,,,,,,,,,,,"Basal Area","1",,,,,,,,,,
,,,,,,,,,,,,,,"Bear","1",,,,,,,,,,
,,,,,,,,,,,,,,"Betula Papyrifera","1",,,,,,,,,,
,,,,,,,,,,,,,,"Betula Pendula","1",,,,,,,,,,
,,,,,,,,,,,,,,"Bioindicator","1",,,,,,,,,,
,,,,,,,,,,,,,,"Biological Indicators","1",,,,,,,,,,
,,,,,,,,,,,,,,"Bird Communities","1",,,,,,,,,,
,,,,,,,,,,,,,,"Black Spruce","1",,,,,,,,,,
,,,,,,,,,,,,,,"Black Spruce Boreal Forests","1",,,,,,,,,,
,,,,,,,,,,,,,,"Browse History","1",,,,,,,,,,
,,,,,,,,,,,,,,"Browsing","1",,,,,,,,,,
,,,,,,,,,,,,,,"Carnivore","1",,,,,,,,,,
,,,,,,,,,,,,,,"Cells","1",,,,,,,,,,
,,,,,,,,,,,,,,"Chronosequence","1",,,,,,,,,,
,,,,,,,,,,,,,,"Chronosequences","1",,,,,,,,,,
,,,,,,,,,,,,,,"Clear-cuts","1",,,,,,,,,,
,,,,,,,,,,,,,,"Climate Models","1",,,,,,,,,,
,,,,,,,,,,,,,,"Climatology","1",,,,,,,,,,
,,,,,,,,,,,,,,"Coarse Filter","1",,,,,,,,,,
,,,,,,,,,,,,,,"Coarse Filter Conservation","1",,,,,,,,,,
,,,,,,,,,,,,,,"Cohort Analysis","1",,,,,,,,,,
,,,,,,,,,,,,,,"Community Structure","1",,,,,,,,,,
,,,,,,,,,,,,,,"Coniferous Boreal Forest","1",,,,,,,,,,
,,,,,,,,,,,,,,"Coniferous Forest","1",,,,,,,,,,
,,,,,,,,,,,,,,"Conservation","1",,,,,,,,,,
,,,,,,,,,,,,,,"Conservation Management","1",,,,,,,,,,
,,,,,,,,,,,,,,"Cutting","1",,,,,,,,,,
,,,,,,,,,,,,,,"Cytology","1",,,,,,,,,,
,,,,,,,,,,,,,,"Dead Wood","1",,,,,,,,,,
,,,,,,,,,,,,,,"Deciduous Forest","1",,,,,,,,,,
,,,,,,,,,,,,,,"Decision Support Systems","1",,,,,,,,,,
,,,,,,,,,,,,,,"Dicotyledon","1",,,,,,,,,,
,,,,,,,,,,,,,,"Disasters","1",,,,,,,,,,
,,,,,,,,,,,,,,"Dominance","1",,,,,,,,,,
,,,,,,,,,,,,,,"Eastern North America","1",,,,,,,,,,
,,,,,,,,,,,,,,"Ecological Impact","1",,,,,,,,,,
,,,,,,,,,,,,,,"Ecological Modeling","1",,,,,,,,,,
,,,,,,,,,,,,,,"Economic Analysis","1",,,,,,,,,,
,,,,,,,,,,,,,,"Ecoregion","1",,,,,,,,,,
,,,,,,,,,,,,,,"Ecosystem Resilience","1",,,,,,,,,,
,,,,,,,,,,,,,,"Ecosystem-based Forest Managements","1",,,,,,,,,,
,,,,,,,,,,,,,,"Empirical Model","1",,,,,,,,,,
,,,,,,,,,,,,,,"Environmental Impact","1",,,,,,,,,,
,,,,,,,,,,,,,,"Even-age Management","1",,,,,,,,,,
,,,,,,,,,,,,,,"Evergreen Tree","1",,,,,,,,,,
,,,,,,,,,,,,,,"Experimentation","1",,,,,,,,,,
,,,,,,,,,,,,,,"Experiments","1",,,,,,,,,,
,,,,,,,,,,,,,,"Fire Cycle","1",,,,,,,,,,
,,,,,,,,,,,,,,"Fire History","1",,,,,,,,,,
,,,,,,,,,,,,,,"Fire Management","1",,,,,,,,,,
,,,,,,,,,,,,,,"Forest Age","1",,,,,,,,,,
,,,,,,,,,,,,,,"Forest Age Structure","1",,,,,,,,,,
,,,,,,,,,,,,,,"Forest Canopy","1",,,,,,,,,,
,,,,,,,,,,,,,,"Forest Cover","1",,,,,,,,,,
,,,,,,,,,,,,,,"Forest Dynamics","1",,,,,,,,,,
,,,,,,,,,,,,,,"Forest Fire","1",,,,,,,,,,
,,,,,,,,,,,,,,"Forest Fires","1",,,,,,,,,,
,,,,,,,,,,,,,,"Forest Management Planning","1",,,,,,,,,,
,,,,,,,,,,,,,,"Forest Resource","1",,,,,,,,,,
,,,,,,,,,,,,,,"ForestGALES","1",,,,,,,,,,
,,,,,,,,,,,,,,"Fungi","1",,,,,,,,,,
,,,,,,,,,,,,,,"Future Prospect","1",,,,,,,,,,
,,,,,,,,,,,,,,"Gaspe Peninsula","1",,,,,,,,,,
,,,,,,,,,,,,,,"Habitat Management","1",,,,,,,,,,
,,,,,,,,,,,,,,"Habitat Potential","1",,,,,,,,,,
,,,,,,,,,,,,,,"Habitats","1",,,,,,,,,,
,,,,,,,,,,,,,,"Hardwoods","1",,,,,,,,,,
,,,,,,,,,,,,,,"Harvest Pattern","1",,,,,,,,,,
,,,,,,,,,,,,,,"Heterogeneity","1",,,,,,,,,,
,,,,,,,,,,,,,,"Historic Variability","1",,,,,,,,,,
,,,,,,,,,,,,,,"Humid Boreal Fir Forest","1",,,,,,,,,,
,,,,,,,,,,,,,,"Humidity","1",,,,,,,,,,
,,,,,,,,,,,,,,"Industry","1",,,,,,,,,,
,,,,,,,,,,,,,,"Insecta","1",,,,,,,,,,
,,,,,,,,,,,,,,"Insects","1",,,,,,,,,,
,,,,,,,,,,,,,,"Integrated Approach","1",,,,,,,,,,
,,,,,,,,,,,,,,"Intensive Agriculture","1",,,,,,,,,,
,,,,,,,,,,,,,,"Lagomorph","1",,,,,,,,,,
,,,,,,,,,,,,,,"Land Use","1",,,,,,,,,,
,,,,,,,,,,,,,,"Landscape","1",,,,,,,,,,
,,,,,,,,,,,,,,"Landscape Patterns","1",,,,,,,,,,
,,,,,,,,,,,,,,"Laurentian Mountains","1",,,,,,,,,,
,,,,,,,,,,,,,,"Laurentides Wildlife Reserve","1",,,,,,,,,,
,,,,,,,,,,,,,,"Lepus","1",,,,,,,,,,
,,,,,,,,,,,,,,"Lepus Americanus","1",,,,,,,,,,
,,,,,,,,,,,,,,"Longevity","1",,,,,,,,,,
,,,,,,,,,,,,,,"Lycosidae","1",,,,,,,,,,
,,,,,,,,,,,,,,"Management Practice","1",,,,,,,,,,
,,,,,,,,,,,,,,"Marchantiophyta","1",,,,,,,,,,
,,,,,,,,,,,,,,"Martes Americana","1",,,,,,,,,,
,,,,,,,,,,,,,,"Mixed Forest","1",,,,,,,,,,
,,,,,,,,,,,,,,"Mixedwood Forest","1",,,,,,,,,,
,,,,,,,,,,,,,,"Mixedwood Forests","1",,,,,,,,,,
,,,,,,,,,,,,,,"Modelling","1",,,,,,,,,,
,,,,,,,,,,,,,,"Models","1",,,,,,,,,,
,,,,,,,,,,,,,,"Multicohort Management","1",,,,,,,,,,
,,,,,,,,,,,,,,"Multiscale","1",,,,,,,,,,
,,,,,,,,,,,,,,"Multivariate Analysis","1",,,,,,,,,,
