﻿Scopus refine results values

"Your query : ((TITLE-ABS-KEY((Boreal OR {James Bay} OR James-Bay OR {Clay Belt} OR {canadian shield}) AND (Canada OR Quebec OR Ontario OR newfoundland OR Alberta OR British-Columbia) ) AND PUBYEAR > 1999 AND PUBYEAR < 2020) AND (TITLE-ABS-KEY(Contamination OR Contaminant OR Pollut* OR  {acid rain} OR {nitrogen deposition} ) AND PUBYEAR > 1999 AND PUBYEAR < 2020) AND (TITLE-ABS-KEY((species AND diversity) OR biodiversity)))"


Number of results : 15

"ACCESS TYPE",,"YEAR",,"AUTHOR NAME",,"SUBJECT AREA",,"DOCUMENT TYPE",,"PUBLICATION STAGE",,"SOURCE TITLE",,"KEYWORD",,"AFFILIATION",,"FUNDING SPONSOR",,"COUNTRY",,"SOURCE TYPE",,"LANGUAGE",
"Open Access","4","2019","3","Alahuhta, J.","1","Agricultural and Biological Sciences","6","Article","12","final","15","Applied And Environmental Microbiology","2","Canada","10","Environment Canada","2","Natural Sciences and Engineering Research Council of Canada","2","Canada","14","Journals","15","English","15"
"Other","11","2017","2","Benedetti-Cecchi, L.","1","Biochemistry, Genetics and Molecular Biology","3","Review","2",,,"Environmental Reviews","2","Article","7","University of Waterloo","2","Alberta Biodiversity Monitoring Institute","1","United States","3",,,,
,,"2013","2","Bérubé, J.A.","1","Earth and Planetary Sciences","1","Conference Paper","1",,,"Botany","1","Biodiversity","7","University of Cape Town","1","Alberta Environment and Parks","1","Germany","2",,,,
,,"2011","1","Clarke, K.R.","1","Environmental Science","12",,,,,"Bulletin Of The American Meteorological Society","1","Ecology","6","United States Air Force","1","Canadian Wildlife Federation","1","Finland","1",,,,
,,"2010","1","Cloutier, V.B.","1","Immunology and Microbiology","2",,,,,"Ecological Engineering","1","Species Diversity","5","Canadian Forest Service","1","Deutscher Akademischer Austauschdienst","1","Italy","1",,,,
,,"2009","1","Cobbaert, D.","1","Medicine","1",,,,,"Ecotoxicology And Environmental Safety","1","Animals","4","Suffolk University","1","Fonds de Recherche du Québec - Nature et Technologies","1","Japan","1",,,,
,,"2008","1","Cruz-Motta, J.J.","1","Multidisciplinary","1",,,,,"Environmental Monitoring And Assessment","1","Controlled Study","4","University of Montreal","1","Government of Canada","1","Kenya","1",,,,
,,"2006","2","Desrochers, A.","1","Social Sciences","1",,,,,"Forestry Chronicle","1","Ecosystem","4","The University of British Columbia","1","Health Canada","1","South Africa","1",,,,
,,"2005","1","Doig, L.E.","1",,,,,,,"Journal Of Environmental Radioactivity","1","Forestry","4","Plymouth Marine Laboratory","1","Ministère des Forêts, de la Faune et des Parcs","1","United Kingdom","1",,,,
,,"2004","1","Dumas, P.","1",,,,,,,"Landscape Ecology","1","Nonhuman","4","Kyoto University","1","University of Waterloo","1","Venezuela","1",,,,
,,,,"Durocher, S.","1",,,,,,,"Microbial Ecology","1","North America","4","University of Alaska Fairbanks","1","Undefined","10",,,,,,
,,,,"Ficken, C.D.","1",,,,,,,"Plos One","1","Animalia","3","Oulun Yliopisto","1",,,,,,,,
,,,,"Fortin, J.A.","1",,,,,,,"Science Of The Total Environment","1","Classification","3","University of Saskatchewan","1",,,,,,,,
,,,,"Fulthorpe, R.R.","1",,,,,,,,,"Ecosystems","3","Marine Biological Association","1",,,,,,,,
,,,,"Glémet, H.","1",,,,,,,,,"Environmental Monitoring","3","University of Toronto","1",,,,,,,,
,,,,"Graves, S.D.","1",,,,,,,,,"Ontario","3","Carleton University","1",,,,,,,,
,,,,"Grayston, S.J.","1",,,,,,,,,"Pollution","3","Université du Québec à Trois-Rivières","1",,,,,,,,
,,,,"Greene, D.F.","1",,,,,,,,,"Alberta","2","Universität Potsdam","1",,,,,,,,
,,,,"Heathcott, M.","1",,,,,,,,,"Animal","2","Finnish Environment Institute","1",,,,,,,,
,,,,"Hecker, M.","1",,,,,,,,,"Arctic","2","Universidad Simón Bolívar","1",,,,,,,,
,,,,"Heino, J.","1",,,,,,,,,"Bacterium","2","Université du Québec à Montréal","1",,,,,,,,
,,,,"Hjort, J.","1",,,,,,,,,"Biodegradation","2","Università di Pisa","1",,,,,,,,
,,,,"Iken, K.","1",,,,,,,,,"Bioremediation","2","Tyndall Air Force Base","1",,,,,,,,
,,,,"Janz, D.M.","1",,,,,,,,,"Boreal Forest","2","University of Regina","1",,,,,,,,
,,,,"Jänsch, S.","1",,,,,,,,,"Boreal Forests","2","Bedford Institute of Oceanography, Fisheries and Oceans Canada","1",,,,,,,,
,,,,"Kalin, M.","1",,,,,,,,,"Branta Canadensis","2","Michigan State University","1",,,,,,,,
,,,,"Kimani, E.","1",,,,,,,,,"Chemistry","2","Université Laval","1",,,,,,,,
,,,,"Knowlton, A.","1",,,,,,,,,"Contamination","2","Concordia University","1",,,,,,,,
,,,,"Konar, B.","1",,,,,,,,,"Deciduous Tree","2","Institut National de Sante Publique Du Québec","1",,,,,,,,
,,,,"Kyle, P.","1",,,,,,,,,"Degradation","2","Kenya Marine and Fisheries Research Institute","1",,,,,,,,
,,,,"Kärnä, O.M.","1",,,,,,,,,"Diet","2","Huntsman Marine Science Centre","1",,,,,,,,
,,,,"Köchy, M.","1",,,,,,,,,"Environmental Exposure","2","ECT Oekotoxikologie GmbH","1",,,,,,,,
,,,,"Lamoureux, E.D.R.","1",,,,,,,,,"Environmental Factor","2","Government of Alberta","1",,,,,,,,
,,,,"LeBlanc, A.","1",,,,,,,,,"Female","2","Boojum Research Limited","1",,,,,,,,
,,,,"Leinonen, K.","1",,,,,,,,,"Fire","2","Institut international du développement durable","1",,,,,,,,
,,,,"Liber, K.","1",,,,,,,,,"Fires","2","ECOMatters Inc","1",,,,,,,,
,,,,"Long, J.M.","1",,,,,,,,,"Fungi","2",,,,,,,,,,
,,,,"Macumber, A.L.","1",,,,,,,,,"Genetics","2",,,,,,,,,,
,,,,"Martin, E.S.","1",,,,,,,,,"Harvesting","2",,,,,,,,,,
,,,,"Martin, I.D.","1",,,,,,,,,"Invertebrata","2",,,,,,,,,,
,,,,"Masse, J.","1",,,,,,,,,"Isolation And Purification","2",,,,,,,,,,
,,,,"Mead, A.","1",,,,,,,,,"Lake","2",,,,,,,,,,
,,,,"Mieszkowska, N.","1",,,,,,,,,"Lakes","2",,,,,,,,,,
,,,,"Milne, R.","1",,,,,,,,,"Land Use","2",,,,,,,,,,
,,,,"Miloslavich, P.","1",,,,,,,,,"Metabolism","2",,,,,,,,,,
,,,,"Neville, L.A.","1",,,,,,,,,"Microbiology","2",,,,,,,,,,
,,,,"Olaveson, M.M.","1",,,,,,,,,"Oil Sand","2",,,,,,,,,,
,,,,"Palace, V.","1",,,,,,,,,"Oil Sands","2",,,,,,,,,,
,,,,"Patterson, R.T.","1",,,,,,,,,"Phylogeny","2",,,,,,,,,,
,,,,"Piché, Y.","1",,,,,,,,,"Plant Community","2",,,,,,,,,,
,,,,"Pohle, G.","1",,,,,,,,,"Sand","2",,,,,,,,,,
,,,,"Prescott, C.E.","1",,,,,,,,,"Small Mammal","2",,,,,,,,,,
,,,,"Renaut, S.","1",,,,,,,,,"Soil","2",,,,,,,,,,
,,,,"Rhodes, A.N.","1",,,,,,,,,"Soil Microbiology","2",,,,,,,,,,
,,,,"Rocha, M.P.","1",,,,,,,,,"Soil Microorganism","2",,,,,,,,,,
,,,,"Rooney, R.C.","1",,,,,,,,,"Soils","2",,,,,,,,,,
,,,,"Römbke, J.","1",,,,,,,,,"Species Richness","2",,,,,,,,,,
,,,,"Saint-Germain, M.","1",,,,,,,,,"Tree","2",,,,,,,,,,
,,,,"Sanipelli, B.","1",,,,,,,,,"Trees","2",,,,,,,,,,
,,,,"Scroggins, R.","1",,,,,,,,,"United States","2",,,,,,,,,,
,,,,"Sheppard, S.C.","1",,,,,,,,,"Water Pollutant","2",,,,,,,,,,
,,,,"Shirayama, Y.","1",,,,,,,,,"Water Pollutants, Chemical","2",,,,,,,,,,
,,,,"Tamburello, L.","1",,,,,,,,,"Water Quality","2",,,,,,,,,,
,,,,"Terrat, Y.","1",,,,,,,,,"1,1 Dichloro 2,2 Bis(4 Chlorophenyl)ethylene","1",,,,,,,,,,
,,,,"Tiedje, J.M.","1",,,,,,,,,"129 I","1",,,,,,,,,,
,,,,"Tolonen, K.E.","1",,,,,,,,,"2 ,4-dichlorophenoxyacetic Acid","1",,,,,,,,,,
,,,,"Tolonen, K.T.","1",,,,,,,,,"3 Chlorobenzoic Acid","1",,,,,,,,,,
,,,,"Trott, T.","1",,,,,,,,,"3-chlorobenzoic Acid","1",,,,,,,,,,
,,,,"Tsuji, L.J.S.","1",,,,,,,,,"36 Cl","1",,,,,,,,,,
,,,,"Vilmi, A.","1",,,,,,,,,"Abdominal Fat","1",,,,,,,,,,
,,,,"Wheeler, W.N.","1",,,,,,,,,"Acari","1",,,,,,,,,,
,,,,"Wiens, B.J.","1",,,,,,,,,"Acid","1",,,,,,,,,,
,,,,"Wilson, S.D.","1",,,,,,,,,"Acid Mine Drainage","1",,,,,,,,,,
,,,,"Wong, M.","1",,,,,,,,,"Acids","1",,,,,,,,,,
,,,,,,,,,,,,,,"Adaptation","1",,,,,,,,,,
,,,,,,,,,,,,,,"After Fires","1",,,,,,,,,,
,,,,,,,,,,,,,,"Agriculture","1",,,,,,,,,,
,,,,,,,,,,,,,,"Air Pollution","1",,,,,,,,,,
,,,,,,,,,,,,,,"Air Quality","1",,,,,,,,,,
,,,,,,,,,,,,,,"Alces","1",,,,,,,,,,
,,,,,,,,,,,,,,"Algae","1",,,,,,,,,,
,,,,,,,,,,,,,,"Algal Biodiversity","1",,,,,,,,,,
,,,,,,,,,,,,,,"Amoeba (genus)","1",,,,,,,,,,
,,,,,,,,,,,,,,"Amoebida","1",,,,,,,,,,
,,,,,,,,,,,,,,"Amoebozoa","1",,,,,,,,,,
,,,,,,,,,,,,,,"Anas","1",,,,,,,,,,
,,,,,,,,,,,,,,"Anas Acuta","1",,,,,,,,,,
,,,,,,,,,,,,,,"Anas Platyrhynchos","1",,,,,,,,,,
,,,,,,,,,,,,,,"Anatidae","1",,,,,,,,,,
,,,,,,,,,,,,,,"Animal Tissue","1",,,,,,,,,,
,,,,,,,,,,,,,,"Anser","1",,,,,,,,,,
,,,,,,,,,,,,,,"Anthropogenic Chemicals","1",,,,,,,,,,
,,,,,,,,,,,,,,"Anthropogenic Stress","1",,,,,,,,,,
,,,,,,,,,,,,,,"Anthropogenic Stressors","1",,,,,,,,,,
,,,,,,,,,,,,,,"Aquatic Chemistry","1",,,,,,,,,,
,,,,,,,,,,,,,,"Aquatic Organisms","1",,,,,,,,,,
,,,,,,,,,,,,,,"Aquatic Species","1",,,,,,,,,,
,,,,,,,,,,,,,,"Aqueous Solution","1",,,,,,,,,,
,,,,,,,,,,,,,,"Arcella Vulgaris","1",,,,,,,,,,
,,,,,,,,,,,,,,"Archaea","1",,,,,,,,,,
,,,,,,,,,,,,,,"Archaeon","1",,,,,,,,,,
,,,,,,,,,,,,,,"Aroclor 1260","1",,,,,,,,,,
,,,,,,,,,,,,,,"Arthropod Community","1",,,,,,,,,,
,,,,,,,,,,,,,,"Ascomycota","1",,,,,,,,,,
,,,,,,,,,,,,,,"Aspen Parkland","1",,,,,,,,,,
,,,,,,,,,,,,,,"Assessment","1",,,,,,,,,,
,,,,,,,,,,,,,,"Asterionella","1",,,,,,,,,,
,,,,,,,,,,,,,,"Athabasca Oil Sands","1",,,,,,,,,,
,,,,,,,,,,,,,,"Atmospheric Deposition","1",,,,,,,,,,
,,,,,,,,,,,,,,"Atmospheric Humidity","1",,,,,,,,,,
,,,,,,,,,,,,,,"Australia","1",,,,,,,,,,
,,,,,,,,,,,,,,"Aves","1",,,,,,,,,,
,,,,,,,,,,,,,,"Bacillariophyta","1",,,,,,,,,,
,,,,,,,,,,,,,,"Bacteria","1",,,,,,,,,,
,,,,,,,,,,,,,,"Bait","1",,,,,,,,,,
,,,,,,,,,,,,,,"Basidiomycota","1",,,,,,,,,,
,,,,,,,,,,,,,,"Behavioral Response","1",,,,,,,,,,
,,,,,,,,,,,,,,"Benthic Fauna","1",,,,,,,,,,
,,,,,,,,,,,,,,"Benthos","1",,,,,,,,,,
,,,,,,,,,,,,,,"Bioaccumulation","1",,,,,,,,,,
,,,,,,,,,,,,,,"Biodegradation, Environmental","1",,,,,,,,,,
,,,,,,,,,,,,,,"Biological Invasion","1",,,,,,,,,,
,,,,,,,,,,,,,,"Biomass","1",,,,,,,,,,
,,,,,,,,,,,,,,"Biota","1",,,,,,,,,,
,,,,,,,,,,,,,,"Biotransformation","1",,,,,,,,,,
,,,,,,,,,,,,,,"Birds","1",,,,,,,,,,
,,,,,,,,,,,,,,"Bison","1",,,,,,,,,,
,,,,,,,,,,,,,,"Blueberry","1",,,,,,,,,,
,,,,,,,,,,,,,,"Blueberry Plant","1",,,,,,,,,,
,,,,,,,,,,,,,,"Body Burden","1",,,,,,,,,,
,,,,,,,,,,,,,,"Boreal","1",,,,,,,,,,
,,,,,,,,,,,,,,"Boreal Forest Soil","1",,,,,,,,,,
,,,,,,,,,,,,,,"Breast Portion","1",,,,,,,,,,
,,,,,,,,,,,,,,"California","1",,,,,,,,,,
,,,,,,,,,,,,,,"Canadian Shield","1",,,,,,,,,,
,,,,,,,,,,,,,,"Canopy Architecture","1",,,,,,,,,,
,,,,,,,,,,,,,,"Carabidae","1",,,,,,,,,,
,,,,,,,,,,,,,,"Caribbean Islands","1",,,,,,,,,,
,,,,,,,,,,,,,,"Catabolism","1",,,,,,,,,,
,,,,,,,,,,,,,,"Cervidae","1",,,,,,,,,,
,,,,,,,,,,,,,,"Cervus Elaphus","1",,,,,,,,,,
,,,,,,,,,,,,,,"Chemical Contamination","1",,,,,,,,,,
,,,,,,,,,,,,,,"Chen","1",,,,,,,,,,
,,,,,,,,,,,,,,"Chen Caerulescens","1",,,,,,,,,,
,,,,,,,,,,,,,,"Chile","1",,,,,,,,,,
,,,,,,,,,,,,,,"Chironomidae","1",,,,,,,,,,
,,,,,,,,,,,,,,"Chlamydomonas","1",,,,,,,,,,
,,,,,,,,,,,,,,"Chlorine","1",,,,,,,,,,
,,,,,,,,,,,,,,"Chlorine 36","1",,,,,,,,,,
,,,,,,,,,,,,,,"Chlorobenzoates","1",,,,,,,,,,
,,,,,,,,,,,,,,"Chlorobenzoic Acid Derivative","1",,,,,,,,,,
,,,,,,,,,,,,,,"Chlorophyta","1",,,,,,,,,,
,,,,,,,,,,,,,,"Chlorphenotane","1",,,,,,,,,,
,,,,,,,,,,,,,,"Chrysophyceae","1",,,,,,,,,,
,,,,,,,,,,,,,,"Chytridiomycota","1",,,,,,,,,,
,,,,,,,,,,,,,,"Clethrionomys","1",,,,,,,,,,
,,,,,,,,,,,,,,"Climate Change","1",,,,,,,,,,
,,,,,,,,,,,,,,"Climatology","1",,,,,,,,,,
,,,,,,,,,,,,,,"Cluster Analysis","1",,,,,,,,,,
,,,,,,,,,,,,,,"Coefficient Of Conservatism","1",,,,,,,,,,
