﻿Scopus refine results values

"Your query : ((TITLE-ABS-KEY((Boreal OR {James Bay} OR James-Bay OR {Clay Belt} OR {canadian shield}) AND (Canada OR Quebec OR Ontario OR newfoundland OR Alberta OR British-Columbia) ) AND PUBYEAR > 1999 AND PUBYEAR < 2020) AND (TITLE-ABS-KEY(Road AND (construction OR Closure)  ) AND PUBYEAR > 1999 AND PUBYEAR < 2020) AND (TITLE-ABS-KEY( soil  OR  ground  OR  {woody debris}  OR  microtopography  OR  micro-topography  AND NOT  {sediment core}  OR  {breeding ground}  OR  {spawning ground} ) AND PUBYEAR > 1999 AND PUBYEAR < 2020))"


Number of results : 4

"ACCESS TYPE",,"YEAR",,"AUTHOR NAME",,"SUBJECT AREA",,"DOCUMENT TYPE",,"PUBLICATION STAGE",,"SOURCE TITLE",,"KEYWORD",,"AFFILIATION",,"FUNDING SPONSOR",,"COUNTRY",,"SOURCE TYPE",,"LANGUAGE",
"Other","4","2015","1","Andersen, R.","1","Agricultural and Biological Sciences","3","Article","3","final","4","Botany","1","Canada","3","University of Guelph","1","Natural Sciences and Engineering Research Council of Canada","1","Canada","4","Journals","3","English","4"
,,"2014","1","Arshad, M.A.","1","Engineering","1","Conference Paper","1",,,"Canadian Journal Of Soil Science","1","Boreal Forest","2","Florida Atlantic University","1","Undefined","3","United Kingdom","1","Conference Proceedings","1",,
,,"2011","1","Benscoter, B.W.","1","Environmental Science","2",,,,,"Proceedings Of The Biennial International Pipeline Conference IPC","1","Bryophyta","2","Agriculture et Agroalimentaire Canada","1",,,"United States","1",,,,
,,"2000","1","Bentham, P.","1","Materials Science","1",,,,,"Wetlands Ecology And Management","1","Lichen","2","Université Laval","1",,,,,,,,
,,,,"Coupal, B.","1",,,,,,,,,"Pipelines","2","Golder Associates Ltd.","1",,,,,,,,
,,,,"Hugron, S.","1",,,,,,,,,"Restoration","2","The James Hutton Institute","1",,,,,,,,
,,,,"Miller, C.A.","1",,,,,,,,,"Road Construction","2",,,,,,,,,,
,,,,"Mills, P.","1",,,,,,,,,"Access Control","1",,,,,,,,,,
,,,,"Poulin, M.","1",,,,,,,,,"Alberta","1",,,,,,,,,,
,,,,"Rice, W.A.","1",,,,,,,,,"Black Spruce","1",,,,,,,,,,
,,,,"Rochefort, L.","1",,,,,,,,,"Boreal","1",,,,,,,,,,
,,,,"Soon, Y.K.","1",,,,,,,,,"Bryophyte","1",,,,,,,,,,
,,,,"Turetsky, M.R.","1",,,,,,,,,"Bryophytes","1",,,,,,,,,,
,,,,,,,,,,,,,,"Carbon Sequestration","1",,,,,,,,,,
,,,,,,,,,,,,,,"Chemical Properties","1",,,,,,,,,,
,,,,,,,,,,,,,,"Climate Change","1",,,,,,,,,,
,,,,,,,,,,,,,,"Climatic Region","1",,,,,,,,,,
,,,,,,,,,,,,,,"Colonization","1",,,,,,,,,,
,,,,,,,,,,,,,,"Community Composition","1",,,,,,,,,,
,,,,,,,,,,,,,,"Coniferous Tree","1",,,,,,,,,,
,,,,,,,,,,,,,,"Construction","1",,,,,,,,,,
,,,,,,,,,,,,,,"Construction Technique","1",,,,,,,,,,
,,,,,,,,,,,,,,"Coordinated Actions","1",,,,,,,,,,
,,,,,,,,,,,,,,"Decadal Variation","1",,,,,,,,,,
,,,,,,,,,,,,,,"Drainage","1",,,,,,,,,,
,,,,,,,,,,,,,,"Dry Season","1",,,,,,,,,,
,,,,,,,,,,,,,,"Drying","1",,,,,,,,,,
,,,,,,,,,,,,,,"Ecosystems","1",,,,,,,,,,
,,,,,,,,,,,,,,"Environmental Factor","1",,,,,,,,,,
,,,,,,,,,,,,,,"Exchangeable Cations","1",,,,,,,,,,
,,,,,,,,,,,,,,"Experimental Study","1",,,,,,,,,,
,,,,,,,,,,,,,,"Fen","1",,,,,,,,,,
,,,,,,,,,,,,,,"Fragmented Landscapes","1",,,,,,,,,,
,,,,,,,,,,,,,,"Habitat Restoration","1",,,,,,,,,,
,,,,,,,,,,,,,,"Hordeum Vulgare Subsp. Vulgare","1",,,,,,,,,,
,,,,,,,,,,,,,,"Land Use Change","1",,,,,,,,,,
,,,,,,,,,,,,,,"Landscape Fragmentation","1",,,,,,,,,,
,,,,,,,,,,,,,,"Long-term Change","1",,,,,,,,,,
,,,,,,,,,,,,,,"Moss","1",,,,,,,,,,
,,,,,,,,,,,,,,"Net Primary Production","1",,,,,,,,,,
,,,,,,,,,,,,,,"Nurse Plant","1",,,,,,,,,,
,,,,,,,,,,,,,,"Overstory","1",,,,,,,,,,
,,,,,,,,,,,,,,"Peatland","1",,,,,,,,,,
,,,,,,,,,,,,,,"Physical Properties","1",,,,,,,,,,
,,,,,,,,,,,,,,"Physicochemical Property","1",,,,,,,,,,
,,,,,,,,,,,,,,"Phytomass","1",,,,,,,,,,
,,,,,,,,,,,,,,"Picea Mariana","1",,,,,,,,,,
,,,,,,,,,,,,,,"Pioneer Species","1",,,,,,,,,,
,,,,,,,,,,,,,,"Pipeline","1",,,,,,,,,,
,,,,,,,,,,,,,,"Plant Community","1",,,,,,,,,,
,,,,,,,,,,,,,,"Plants (botany)","1",,,,,,,,,,
,,,,,,,,,,,,,,"Polytrichum Piliferum","1",,,,,,,,,,
,,,,,,,,,,,,,,"Predator-prey Dynamics","1",,,,,,,,,,
,,,,,,,,,,,,,,"Primary Succession","1",,,,,,,,,,
,,,,,,,,,,,,,,"Quebec [Canada]","1",,,,,,,,,,
,,,,,,,,,,,,,,"Recovery","1",,,,,,,,,,
,,,,,,,,,,,,,,"Recovery Strategies","1",,,,,,,,,,
,,,,,,,,,,,,,,"Regeneration","1",,,,,,,,,,
,,,,,,,,,,,,,,"Regression Analysis","1",,,,,,,,,,
,,,,,,,,,,,,,,"Restoration Ecology","1",,,,,,,,,,
,,,,,,,,,,,,,,"Restoration Techniques","1",,,,,,,,,,
,,,,,,,,,,,,,,"Revegetation","1",,,,,,,,,,
,,,,,,,,,,,,,,"Roads","1",,,,,,,,,,
,,,,,,,,,,,,,,"Roadside","1",,,,,,,,,,
,,,,,,,,,,,,,,"Roadside Environment","1",,,,,,,,,,
,,,,,,,,,,,,,,"Shrubs","1",,,,,,,,,,
,,,,,,,,,,,,,,"Site Rehabilitation","1",,,,,,,,,,
,,,,,,,,,,,,,,"Soil Chemistry","1",,,,,,,,,,
,,,,,,,,,,,,,,"Soil Conservation","1",,,,,,,,,,
,,,,,,,,,,,,,,"Soil Property","1",,,,,,,,,,
,,,,,,,,,,,,,,"Soil Surface","1",,,,,,,,,,
,,,,,,,,,,,,,,"Soil Water","1",,,,,,,,,,
,,,,,,,,,,,,,,"Soil-water","1",,,,,,,,,,
,,,,,,,,,,,,,,"Species Inventory","1",,,,,,,,,,
,,,,,,,,,,,,,,"Spontaneous Regeneration","1",,,,,,,,,,
,,,,,,,,,,,,,,"Stereocaulon","1",,,,,,,,,,
,,,,,,,,,,,,,,"Sulphate","1",,,,,,,,,,
,,,,,,,,,,,,,,"Tracheophyta","1",,,,,,,,,,
,,,,,,,,,,,,,,"Trapeliopsis Granulosa","1",,,,,,,,,,
,,,,,,,,,,,,,,"Understory","1",,,,,,,,,,
,,,,,,,,,,,,,,"Upland Region","1",,,,,,,,,,
,,,,,,,,,,,,,,"Vegetation Cover","1",,,,,,,,,,
,,,,,,,,,,,,,,"Water Table","1",,,,,,,,,,
,,,,,,,,,,,,,,,,,,,,,,,,,
,,,,,,,,,,,,,,,,,,,,,,,,,
,,,,,,,,,,,,,,,,,,,,,,,,,
,,,,,,,,,,,,,,,,,,,,,,,,,
,,,,,,,,,,,,,,,,,,,,,,,,,
,,,,,,,,,,,,,,,,,,,,,,,,,
,,,,,,,,,,,,,,,,,,,,,,,,,
,,,,,,,,,,,,,,,,,,,,,,,,,
,,,,,,,,,,,,,,,,,,,,,,,,,
,,,,,,,,,,,,,,,,,,,,,,,,,
,,,,,,,,,,,,,,,,,,,,,,,,,
,,,,,,,,,,,,,,,,,,,,,,,,,
,,,,,,,,,,,,,,,,,,,,,,,,,
,,,,,,,,,,,,,,,,,,,,,,,,,
,,,,,,,,,,,,,,,,,,,,,,,,,
,,,,,,,,,,,,,,,,,,,,,,,,,
,,,,,,,,,,,,,,,,,,,,,,,,,
,,,,,,,,,,,,,,,,,,,,,,,,,
,,,,,,,,,,,,,,,,,,,,,,,,,
,,,,,,,,,,,,,,,,,,,,,,,,,
,,,,,,,,,,,,,,,,,,,,,,,,,
,,,,,,,,,,,,,,,,,,,,,,,,,
,,,,,,,,,,,,,,,,,,,,,,,,,
,,,,,,,,,,,,,,,,,,,,,,,,,
,,,,,,,,,,,,,,,,,,,,,,,,,
,,,,,,,,,,,,,,,,,,,,,,,,,
,,,,,,,,,,,,,,,,,,,,,,,,,
,,,,,,,,,,,,,,,,,,,,,,,,,
,,,,,,,,,,,,,,,,,,,,,,,,,
,,,,,,,,,,,,,,,,,,,,,,,,,
,,,,,,,,,,,,,,,,,,,,,,,,,
,,,,,,,,,,,,,,,,,,,,,,,,,
,,,,,,,,,,,,,,,,,,,,,,,,,
,,,,,,,,,,,,,,,,,,,,,,,,,
,,,,,,,,,,,,,,,,,,,,,,,,,
,,,,,,,,,,,,,,,,,,,,,,,,,
,,,,,,,,,,,,,,,,,,,,,,,,,
,,,,,,,,,,,,,,,,,,,,,,,,,
,,,,,,,,,,,,,,,,,,,,,,,,,
,,,,,,,,,,,,,,,,,,,,,,,,,
,,,,,,,,,,,,,,,,,,,,,,,,,
,,,,,,,,,,,,,,,,,,,,,,,,,
,,,,,,,,,,,,,,,,,,,,,,,,,
,,,,,,,,,,,,,,,,,,,,,,,,,
,,,,,,,,,,,,,,,,,,,,,,,,,
,,,,,,,,,,,,,,,,,,,,,,,,,
,,,,,,,,,,,,,,,,,,,,,,,,,
,,,,,,,,,,,,,,,,,,,,,,,,,
,,,,,,,,,,,,,,,,,,,,,,,,,
,,,,,,,,,,,,,,,,,,,,,,,,,
,,,,,,,,,,,,,,,,,,,,,,,,,
,,,,,,,,,,,,,,,,,,,,,,,,,
,,,,,,,,,,,,,,,,,,,,,,,,,
,,,,,,,,,,,,,,,,,,,,,,,,,
,,,,,,,,,,,,,,,,,,,,,,,,,
,,,,,,,,,,,,,,,,,,,,,,,,,
,,,,,,,,,,,,,,,,,,,,,,,,,
,,,,,,,,,,,,,,,,,,,,,,,,,
,,,,,,,,,,,,,,,,,,,,,,,,,
,,,,,,,,,,,,,,,,,,,,,,,,,
,,,,,,,,,,,,,,,,,,,,,,,,,
,,,,,,,,,,,,,,,,,,,,,,,,,
,,,,,,,,,,,,,,,,,,,,,,,,,
,,,,,,,,,,,,,,,,,,,,,,,,,
,,,,,,,,,,,,,,,,,,,,,,,,,
,,,,,,,,,,,,,,,,,,,,,,,,,
,,,,,,,,,,,,,,,,,,,,,,,,,
,,,,,,,,,,,,,,,,,,,,,,,,,
,,,,,,,,,,,,,,,,,,,,,,,,,
,,,,,,,,,,,,,,,,,,,,,,,,,
,,,,,,,,,,,,,,,,,,,,,,,,,
,,,,,,,,,,,,,,,,,,,,,,,,,
,,,,,,,,,,,,,,,,,,,,,,,,,
,,,,,,,,,,,,,,,,,,,,,,,,,
,,,,,,,,,,,,,,,,,,,,,,,,,
,,,,,,,,,,,,,,,,,,,,,,,,,
,,,,,,,,,,,,,,,,,,,,,,,,,
