﻿Scopus refine results values

"Your query : ((TITLE-ABS-KEY((Boreal OR {James Bay} OR James-Bay OR {Clay Belt} OR {canadian shield}) AND (Canada OR Quebec OR Ontario OR newfoundland OR Alberta OR British-Columbia) ) AND PUBYEAR > 1999 AND PUBYEAR < 2020) AND (TITLE-ABS-KEY((Forest AND Fire) OR ""Wildfire"" OR ""crown fire"" OR ""Wildland fire"" ) AND PUBYEAR > 1999 AND PUBYEAR < 2020) AND (TITLE-ABS-KEY(Predat* ) AND PUBYEAR > 1999 AND PUBYEAR < 2020))"


Number of results : 19

"ACCESS TYPE",,"YEAR",,"AUTHOR NAME",,"SUBJECT AREA",,"DOCUMENT TYPE",,"PUBLICATION STAGE",,"SOURCE TITLE",,"KEYWORD",,"AFFILIATION",,"FUNDING SPONSOR",,"COUNTRY",,"SOURCE TYPE",,"LANGUAGE",
"Open Access","4","2019","2","Boulanger, Y.","2","Agricultural and Biological Sciences","18","Article","17","final","19","Environmental Entomology","3","Canada","16","Canadian Forest Service","7","Natural Sciences and Engineering Research Council of Canada","4","Canada","18","Journals","17","English","19"
"Other","15","2018","2","Hébert, C.","2","Earth and Planetary Sciences","1","Book","1",,,"Forest Ecology And Management","3","Boreal Forest","12","University of Alberta","5","Alberta Conservation Association","1","United States","5","Books","2",,
,,"2017","3","Langor, D.W.","2","Environmental Science","15","Book Chapter","1",,,"Biodiversity And Conservation","1","Fire","8","Université du Québec à Rimouski","3","Cameco","1","Argentina","1",,,,
,,"2016","1","Sirois, L.","2",,,,,,,"Biology Of Rove Beetles Staphylinidae Life History Evolution Ecology And Distribution","1","Beetle","7","Natural Resources Canada","3","Canadian Forest Service","1","Norway","1",,,,
,,"2015","1","Spence, J.R.","2",,,,,,,"Botany","1","Fires","6","Northern Forestry Centre","3","Environment Canada","1",,,,,,
,,"2014","1","Work, T.T.","2",,,,,,,"Canadian Field Naturalist","1","Forest Fire","6","Great Lakes Forestry Centre","2","Fondation de l’Université du Québec en Abitibi-Témiscamingue","1",,,,,,
,,"2013","1","Arseneault, D.","1",,,,,,,"Canadian Journal Of Zoology","1","Forestry","6","Ontario Ministry of Natural Resources","2","Fonds Québécois de la Recherche sur la Nature et les Technologies","1",,,,,,
,,"2012","2","Azeria, E.T.","1",,,,,,,"Ecoscience","1","Wildfire","6","Université du Québec à Montréal","2","Government of Alberta","1",,,,,,
,,"2009","1","Balicki, B.","1",,,,,,,"Ecosphere","1","Coleoptera","5","Wildlife Conservation Society Canada","1","Ministère des Ressources Naturelles et de la Faune","1",,,,,,
,,"2007","3","Barber, Q.E.","1",,,,,,,"Environmental Toxicology And Chemistry","1","North America","5","Environmental and Life Sciences Graduate Program","1","Natural Resources Canada","1",,,,,,
,,"2005","1","Barclay, R.M.R.","1",,,,,,,"Forestry Chronicle","1","Animals","4","Washington Conservation Science Institute","1","Polar Knowledge Canada","1",,,,,,
,,"2001","1","Barnes, D.M.","1",,,,,,,"Journal Of Biogeography","1","Article","4","Omnia Ecological Services","1","University of Alberta","1",,,,,,
,,,,"Bellocq, M.I.","1",,,,,,,"Journal Of Geophysical Research Biogeosciences","1","Coniferous Forest","4","Naturrestaurering AS","1","University of Calgary","1",,,,,,
,,,,"Blake, T.W.","1",,,,,,,"Oecologia","1","Harvesting","4","Universidad de Buenos Aires","1","W. Garfield Weston Foundation","1",,,,,,
,,,,"Brown, G.S.","1",,,,,,,"What Should A Clever Moose Eat Natural History Ecology And The North Woods","1","Trees","4","Royal Alberta Museum","1","Undefined","13",,,,,,
,,,,"Brunke, A.J.","1",,,,,,,,,"Animal","3","University of Calgary","1",,,,,,,,
,,,,"Carignan, R.","1",,,,,,,,,"Biodiversity","3","University of Minnesota System","1",,,,,,,,
,,,,"Charlebois, M.L.","1",,,,,,,,,"Disturbance","3","Universitetet for miljø- og biovitenskap","1",,,,,,,,
,,,,"Colman, J.E.","1",,,,,,,,,"Forests","3","University of Wyoming","1",,,,,,,,
,,,,"Crins, W.J.","1",,,,,,,,,"Habitat Selection","3","University of Montreal","1",,,,,,,,
,,,,"Crisfield, V.E.","1",,,,,,,,,"Ontario","3","Universitetet i Oslo","1",,,,,,,,
,,,,"DeLancey, E.R.","1",,,,,,,,,"Picea","3","University of Northern British Columbia","1",,,,,,,,
,,,,"Deans, A.M.","1",,,,,,,,,"Predation","3","University of British Columbia Okanagan","1",,,,,,,,
,,,,"Eftestol, S.","1",,,,,,,,,"Predator","3","University of Guelph","1",,,,,,,,
,,,,"Flannigan, M.D.","1",,,,,,,,,"Saproxylic Beetles","3","University of Toronto","1",,,,,,,,
,,,,"Flydal, K.","1",,,,,,,,,"Saskatchewan","3","Agriculture et Agroalimentaire Canada","1",,,,,,,,
,,,,"Friedli, H.R.","1",,,,,,,,,"Species Richness","3","National Center for Atmospheric Research","1",,,,,,,,
,,,,"Gaines, W.L.","1",,,,,,,,,"Spruce","3","Université du Québec à Chicoutimi","1",,,,,,,,
,,,,"Garcia, E.","1",,,,,,,,,"Woodland Caribou","3","Lakehead University","1",,,,,,,,
,,,,"Gervais, D.J.","1",,,,,,,,,"Abundance","2","National Oceanic and Atmospheric Administration","1",,,,,,,,
,,,,"Greene, D.F.","1",,,,,,,,,"Animalia","2","Eastern Oregon Agricultural Research Center","1",,,,,,,,
,,,,"Hammond, H.E.J.","1",,,,,,,,,"Beaver","2","Trent University","1",,,,,,,,
,,,,"Haughland, D.L.","1",,,,,,,,,"Beetles","2","United States Department of Agriculture","1",,,,,,,,
,,,,"Hodges, K.E.","1",,,,,,,,,"Boreal Forests","2","Université Laval","1",,,,,,,,
,,,,"Ibarzabal, J.","1",,,,,,,,,"Chronosequence","2","Concordia University","1",,,,,,,,
,,,,"Johnson, C.J.","1",,,,,,,,,"Coarse Woody Debris","2","Government of Yukon","1",,,,,,,,
,,,,"Johnson, D.S.","1",,,,,,,,,"Colonization","2","Cameco Corporation","1",,,,,,,,
,,,,"Jung, T.S.","1",,,,,,,,,"Community Assembly","2","University of California Division of Agriculture and Natural Resources","1",,,,,,,,
,,,,"Kansas, J.L.","1",,,,,,,,,"Conservation Of Natural Resources","2",,,,,,,,,,
,,,,"Klimaszewski, J.","1",,,,,,,,,"Deer","2",,,,,,,,,,
,,,,"Lee, S.I.","1",,,,,,,,,"Ecosystem","2",,,,,,,,,,
,,,,"Lynham, T.J.","1",,,,,,,,,"Ecosystems","2",,,,,,,,,,
,,,,"Malcolm, J.R.","1",,,,,,,,,"Emergence","2",,,,,,,,,,
,,,,"Mallik, A.U.","1",,,,,,,,,"Forest Management","2",,,,,,,,,,
,,,,"McRae, D.J.","1",,,,,,,,,"Habitat Fragmentation","2",,,,,,,,,,
,,,,"Murphy, M.A.","1",,,,,,,,,"Habitat Quality","2",,,,,,,,,,
,,,,"Nudds, T.D.","1",,,,,,,,,"Habitat Type","2",,,,,,,,,,
,,,,"Parisien, M.A.","1",,,,,,,,,"Habitat Use","2",,,,,,,,,,
,,,,"Pastor, J.","1",,,,,,,,,"Human Activity","2",,,,,,,,,,
,,,,"Payne, N.J.","1",,,,,,,,,"Insects","2",,,,,,,,,,
,,,,"Pinzon, J.","1",,,,,,,,,"Mercury (element)","2",,,,,,,,,,
,,,,"Pither, J.","1",,,,,,,,,"Moose","2",,,,,,,,,,
,,,,"Poley, L.G.","1",,,,,,,,,"Ontario [Canada]","2",,,,,,,,,,
,,,,"Pond, B.A.","1",,,,,,,,,"Patch Size","2",,,,,,,,,,
,,,,"Price, D.T.","1",,,,,,,,,"Physiology","2",,,,,,,,,,
,,,,"Pyle, L.A.","1",,,,,,,,,"Picea Engelmannii","2",,,,,,,,,,
,,,,"Radke, L.F.","1",,,,,,,,,"Picea Mariana","2",,,,,,,,,,
,,,,"Ray, J.C.","1",,,,,,,,,"Predation Risk","2",,,,,,,,,,
,,,,"Reid, M.L.","1",,,,,,,,,"Quebec","2",,,,,,,,,,
,,,,"Schaefer, J.A.","1",,,,,,,,,"Quebec [Canada]","2",,,,,,,,,,
,,,,"Skatter, H.G.","1",,,,,,,,,"Rangifer Tarandus","2",,,,,,,,,,
,,,,"Smith, S.M.","1",,,,,,,,,"Rangifer Tarandus Caribou","2",,,,,,,,,,
,,,,"St-Laurent, M.H.","1",,,,,,,,,"Retention","2",,,,,,,,,,
,,,,"Stralberg, D.","1",,,,,,,,,"Salvaging","2",,,,,,,,,,
,,,,"Thomas, J.P.","1",,,,,,,,,"Saproxylic Organism","2",,,,,,,,,,
,,,,"Tsegaye, D.","1",,,,,,,,,"Snag","2",,,,,,,,,,
,,,,"Vanbianchi, C.","1",,,,,,,,,"Species Conservation","2",,,,,,,,,,
,,,,"Venier, L.","1",,,,,,,,,"Species Difference","2",,,,,,,,,,
,,,,"Wang, X.","1",,,,,,,,,"Species Specificity","2",,,,,,,,,,
,,,,"Whitman, E.","1",,,,,,,,,"Stand Dynamics","2",,,,,,,,,,
,,,,"Wyshynski, S.A.","1",,,,,,,,,"Tree","2",,,,,,,,,,
,,,,,,,,,,,,,,"Abies","1",,,,,,,,,,
,,,,,,,,,,,,,,"Abies Lasiocarpa","1",,,,,,,,,,
,,,,,,,,,,,,,,"Adirondacks","1",,,,,,,,,,
,,,,,,,,,,,,,,"Adult","1",,,,,,,,,,
,,,,,,,,,,,,,,"Age Class","1",,,,,,,,,,
,,,,,,,,,,,,,,"Aggregated Retention","1",,,,,,,,,,
,,,,,,,,,,,,,,"Alberta","1",,,,,,,,,,
,,,,,,,,,,,,,,"Alces Alces","1",,,,,,,,,,
,,,,,,,,,,,,,,"Alnus","1",,,,,,,,,,
,,,,,,,,,,,,,,"Analytic Method","1",,,,,,,,,,
,,,,,,,,,,,,,,"Antagonism","1",,,,,,,,,,
,,,,,,,,,,,,,,"Anthonomus Pusillus","1",,,,,,,,,,
,,,,,,,,,,,,,,"Anthropogenic Effect","1",,,,,,,,,,
,,,,,,,,,,,,,,"Arthropod","1",,,,,,,,,,
,,,,,,,,,,,,,,"Arthropoda","1",,,,,,,,,,
,,,,,,,,,,,,,,"Ascomycota","1",,,,,,,,,,
,,,,,,,,,,,,,,"Aspen Forests","1",,,,,,,,,,
,,,,,,,,,,,,,,"Assessment Method","1",,,,,,,,,,
,,,,,,,,,,,,,,"Athabasca","1",,,,,,,,,,
,,,,,,,,,,,,,,"Autocorrelation","1",,,,,,,,,,
,,,,,,,,,,,,,,"Aves","1",,,,,,,,,,
,,,,,,,,,,,,,,"Balsam Fir","1",,,,,,,,,,
,,,,,,,,,,,,,,"Basal Area","1",,,,,,,,,,
,,,,,,,,,,,,,,"Bat","1",,,,,,,,,,
,,,,,,,,,,,,,,"Behavioral Response","1",,,,,,,,,,
,,,,,,,,,,,,,,"Betula Papyrifera","1",,,,,,,,,,
,,,,,,,,,,,,,,"Bioaccumulation","1",,,,,,,,,,
,,,,,,,,,,,,,,"Bioavailability","1",,,,,,,,,,
,,,,,,,,,,,,,,"Biological Model","1",,,,,,,,,,
,,,,,,,,,,,,,,"Biomagnification","1",,,,,,,,,,
,,,,,,,,,,,,,,"Bird","1",,,,,,,,,,
,,,,,,,,,,,,,,"Birds","1",,,,,,,,,,
,,,,,,,,,,,,,,"Black Spruce","1",,,,,,,,,,
,,,,,,,,,,,,,,"Blueberries","1",,,,,,,,,,
,,,,,,,,,,,,,,"Body Size","1",,,,,,,,,,
,,,,,,,,,,,,,,"Boreal Shield","1",,,,,,,,,,
,,,,,,,,,,,,,,"Bryophyta","1",,,,,,,,,,
,,,,,,,,,,,,,,"Calving","1",,,,,,,,,,
,,,,,,,,,,,,,,"Canadian Boreal Forest","1",,,,,,,,,,
,,,,,,,,,,,,,,"Canadian Boreal Lakes","1",,,,,,,,,,
,,,,,,,,,,,,,,"Canadian Shield","1",,,,,,,,,,
,,,,,,,,,,,,,,"Canid","1",,,,,,,,,,
,,,,,,,,,,,,,,"Canidae","1",,,,,,,,,,
,,,,,,,,,,,,,,"Canis Familiaris","1",,,,,,,,,,
,,,,,,,,,,,,,,"Canis Lupus","1",,,,,,,,,,
,,,,,,,,,,,,,,"Carbon","1",,,,,,,,,,
,,,,,,,,,,,,,,"Caribou Management","1",,,,,,,,,,
,,,,,,,,,,,,,,"Cascade Range","1",,,,,,,,,,
,,,,,,,,,,,,,,"Castor Canadensis","1",,,,,,,,,,
,,,,,,,,,,,,,,"Catchment","1",,,,,,,,,,
,,,,,,,,,,,,,,"Catchments","1",,,,,,,,,,
,,,,,,,,,,,,,,"Cerambycidae","1",,,,,,,,,,
,,,,,,,,,,,,,,"Cistaceae","1",,,,,,,,,,
,,,,,,,,,,,,,,"Classification","1",,,,,,,,,,
,,,,,,,,,,,,,,"Clear-cut","1",,,,,,,,,,
,,,,,,,,,,,,,,"Climate Change","1",,,,,,,,,,
,,,,,,,,,,,,,,"Cluster Analysis","1",,,,,,,,,,
,,,,,,,,,,,,,,"Clutter","1",,,,,,,,,,
,,,,,,,,,,,,,,"Clutter (information Theory)","1",,,,,,,,,,
,,,,,,,,,,,,,,"Clutter Reduction","1",,,,,,,,,,
,,,,,,,,,,,,,,"Coarse Woody Materials","1",,,,,,,,,,
,,,,,,,,,,,,,,"Coexistence","1",,,,,,,,,,
,,,,,,,,,,,,,,"Community Composition","1",,,,,,,,,,
,,,,,,,,,,,,,,"Community Dynamics","1",,,,,,,,,,
,,,,,,,,,,,,,,"Community Response","1",,,,,,,,,,
,,,,,,,,,,,,,,"Community Structure","1",,,,,,,,,,
,,,,,,,,,,,,,,"Comparative Study","1",,,,,,,,,,
,,,,,,,,,,,,,,"Concentration (parameters)","1",,,,,,,,,,
,,,,,,,,,,,,,,"Coniferous Tree","1",,,,,,,,,,
,,,,,,,,,,,,,,"Conservation","1",,,,,,,,,,
,,,,,,,,,,,,,,"Conservation Biogeography","1",,,,,,,,,,
,,,,,,,,,,,,,,"Conservation Management","1",,,,,,,,,,
,,,,,,,,,,,,,,"Controlled Study","1",,,,,,,,,,
,,,,,,,,,,,,,,"Correlation Analysis","1",,,,,,,,,,
,,,,,,,,,,,,,,"Daylight","1",,,,,,,,,,
,,,,,,,,,,,,,,"Dead Wood","1",,,,,,,,,,
,,,,,,,,,,,,,,"Deciduous Forest","1",,,,,,,,,,
,,,,,,,,,,,,,,"Deforestation","1",,,,,,,,,,
,,,,,,,,,,,,,,"Deposition","1",,,,,,,,,,
,,,,,,,,,,,,,,"Diptera","1",,,,,,,,,,
,,,,,,,,,,,,,,"Disease Incidence","1",,,,,,,,,,
,,,,,,,,,,,,,,"Disturbance Modeling","1",,,,,,,,,,
,,,,,,,,,,,,,,"Dominance","1",,,,,,,,,,
,,,,,,,,,,,,,,"Dormancy","1",,,,,,,,,,
,,,,,,,,,,,,,,"Ecological Consequences","1",,,,,,,,,,
,,,,,,,,,,,,,,"Ecology","1",,,,,,,,,,
,,,,,,,,,,,,,,"Ecotone","1",,,,,,,,,,
,,,,,,,,,,,,,,"Ecozone","1",,,,,,,,,,
,,,,,,,,,,,,,,"Edge Effect","1",,,,,,,,,,
