﻿Scopus refine results values

"Your query : ((TITLE-ABS-KEY((Boreal OR {James Bay} OR James-Bay OR {Clay Belt} OR {canadian shield}) AND (Canada OR Quebec OR Ontario OR newfoundland OR Alberta OR British-Columbia) ) AND PUBYEAR > 1999 AND PUBYEAR < 2020) AND (TITLE-ABS-KEY(Contamination OR Contaminant OR Pollut* OR  {acid rain} OR {nitrogen deposition} ) AND PUBYEAR > 1999 AND PUBYEAR < 2020) AND (TITLE-ABS-KEY(geese OR goose) AND PUBYEAR > 1999 AND PUBYEAR < 2020))"


Number of results : 5

"ACCESS TYPE",,"YEAR",,"AUTHOR NAME",,"SUBJECT AREA",,"DOCUMENT TYPE",,"PUBLICATION STAGE",,"SOURCE TITLE",,"KEYWORD",,"AFFILIATION",,"FUNDING SPONSOR",,"COUNTRY",,"SOURCE TYPE",,"LANGUAGE",
"Open Access","1","2014","1","Dumas, P.","2","Agricultural and Biological Sciences","1","Article","5","final","5","Science Of The Total Environment","2","Animals","5","University of Waterloo","2","Government of Canada","2","Canada","5","Journals","5","English","5"
"Other","4","2010","1","LeBlanc, A.","2","Biochemistry, Genetics and Molecular Biology","1",,,,,"Environmental Monitoring And Assessment","1","Article","5","Institut National de Sante Publique Du Québec","2","Health Canada","2",,,,,,
,,"2008","1","Martin, E.S.","2","Environmental Science","4",,,,,"Journal Of Environmental Radioactivity","1","Canada","4","Lorax Environmental","1","Undefined","3",,,,,,
,,"2007","2","Martin, I.D.","2","Multidisciplinary","1",,,,,"Plos One","1","Male","4","Environment Canada","1",,,,,,,,
,,,,"Tsuji, L.J.S.","2",,,,,,,,,"Nonhuman","4","University of Ottawa, Canada","1",,,,,,,,
,,,,"Blais, J.M.","1",,,,,,,,,"Anas","3","ECOMatters Inc","1",,,,,,,,
,,,,"Elliott, J.E.","1",,,,,,,,,"Aves","3",,,,,,,,,,
,,,,"Haman, F.","1",,,,,,,,,"Bioaccumulation","3",,,,,,,,,,
,,,,"Harris, M.L.","1",,,,,,,,,"Birds","3",,,,,,,,,,
,,,,"Imbeault, P.","1",,,,,,,,,"Branta Canadensis","3",,,,,,,,,,
,,,,"Kimpe, L.E.","1",,,,,,,,,"Controlled Study","3",,,,,,,,,,
,,,,"Krümmel, E.M.","1",,,,,,,,,"Environmental Pollutants","3",,,,,,,,,,
,,,,"Long, J.M.","1",,,,,,,,,"Female","3",,,,,,,,,,
,,,,"Pal, S.","1",,,,,,,,,"Fish","3",,,,,,,,,,
,,,,"Pinet, B.M.","1",,,,,,,,,"Food Intake","3",,,,,,,,,,
,,,,"Robidoux, M.A.","1",,,,,,,,,"Goose","3",,,,,,,,,,
,,,,"Sanipelli, B.","1",,,,,,,,,"North America","3",,,,,,,,,,
,,,,"Seabert, T.A.","1",,,,,,,,,"Ontario","3",,,,,,,,,,
,,,,"Sheppard, S.C.","1",,,,,,,,,"Tissue","3",,,,,,,,,,
,,,,"Trudeau, S.F.","1",,,,,,,,,"Waterfowl","3",,,,,,,,,,
,,,,"Wilson, L.K.","1",,,,,,,,,"Anas Acuta","2",,,,,,,,,,
,,,,,,,,,,,,,,"Anas Platyrhynchos","2",,,,,,,,,,
,,,,,,,,,,,,,,"Anser","2",,,,,,,,,,
,,,,,,,,,,,,,,"Anseriformes","2",,,,,,,,,,
,,,,,,,,,,,,,,"Aroclor 1260","2",,,,,,,,,,
,,,,,,,,,,,,,,"Beta Hexachlorocyclohexane","2",,,,,,,,,,
,,,,,,,,,,,,,,"Chen","2",,,,,,,,,,
,,,,,,,,,,,,,,"Chlorphenotane","2",,,,,,,,,,
,,,,,,,,,,,,,,"Concentration (composition)","2",,,,,,,,,,
,,,,,,,,,,,,,,"Duck","2",,,,,,,,,,
,,,,,,,,,,,,,,"Ducks And Geese","2",,,,,,,,,,
,,,,,,,,,,,,,,"Environmental Exposure","2",,,,,,,,,,
,,,,,,,,,,,,,,"Environmental Monitoring","2",,,,,,,,,,
,,,,,,,,,,,,,,"First Nations","2",,,,,,,,,,
,,,,,,,,,,,,,,"Fishes","2",,,,,,,,,,
,,,,,,,,,,,,,,"Food Contamination","2",,,,,,,,,,
,,,,,,,,,,,,,,"Game Animal","2",,,,,,,,,,
,,,,,,,,,,,,,,"Game Bird","2",,,,,,,,,,
,,,,,,,,,,,,,,"Gamebird","2",,,,,,,,,,
,,,,,,,,,,,,,,"Geese","2",,,,,,,,,,
,,,,,,,,,,,,,,"Hexachlorobenzene","2",,,,,,,,,,
,,,,,,,,,,,,,,"Hydrocarbons, Chlorinated","2",,,,,,,,,,
,,,,,,,,,,,,,,"James Bay","2",,,,,,,,,,
,,,,,,,,,,,,,,"Limosa","2",,,,,,,,,,
,,,,,,,,,,,,,,"Meat","2",,,,,,,,,,
,,,,,,,,,,,,,,"Muscle","2",,,,,,,,,,
,,,,,,,,,,,,,,"Muscle, Skeletal","2",,,,,,,,,,
,,,,,,,,,,,,,,"Nonachlor","2",,,,,,,,,,
,,,,,,,,,,,,,,"Organochlorine","2",,,,,,,,,,
,,,,,,,,,,,,,,"Organochlorine Derivative","2",,,,,,,,,,
,,,,,,,,,,,,,,"Organochlorines","2",,,,,,,,,,
,,,,,,,,,,,,,,"Pollutant","2",,,,,,,,,,
,,,,,,,,,,,,,,"Polychlorinated Biphenyl","2",,,,,,,,,,
,,,,,,,,,,,,,,"Polychlorinated Biphenyls","2",,,,,,,,,,
,,,,,,,,,,,,,,"Priority Journal","2",,,,,,,,,,
,,,,,,,,,,,,,,"Seasons","2",,,,,,,,,,
,,,,,,,,,,,,,,"Spring (season)","2",,,,,,,,,,
,,,,,,,,,,,,,,"Spring-harvested Game Birds","2",,,,,,,,,,
,,,,,,,,,,,,,,"1,1 Dichloro 2,2 Bis(4 Chlorophenyl)ethylene","1",,,,,,,,,,
,,,,,,,,,,,,,,"129 I","1",,,,,,,,,,
,,,,,,,,,,,,,,"36 Cl","1",,,,,,,,,,
,,,,,,,,,,,,,,"Abdominal Fat","1",,,,,,,,,,
,,,,,,,,,,,,,,"Adolescent","1",,,,,,,,,,
,,,,,,,,,,,,,,"Adult","1",,,,,,,,,,
,,,,,,,,,,,,,,"Agriculture","1",,,,,,,,,,
,,,,,,,,,,,,,,"Alces","1",,,,,,,,,,
,,,,,,,,,,,,,,"Aldrin","1",,,,,,,,,,
,,,,,,,,,,,,,,"American Indian","1",,,,,,,,,,
,,,,,,,,,,,,,,"Analysis","1",,,,,,,,,,
,,,,,,,,,,,,,,"Analysis Of Variance","1",,,,,,,,,,
,,,,,,,,,,,,,,"Anatidae","1",,,,,,,,,,
,,,,,,,,,,,,,,"Animal","1",,,,,,,,,,
,,,,,,,,,,,,,,"Animal Tissue","1",,,,,,,,,,
,,,,,,,,,,,,,,"Animalia","1",,,,,,,,,,
,,,,,,,,,,,,,,"Animals, Wild","1",,,,,,,,,,
,,,,,,,,,,,,,,"Assessment","1",,,,,,,,,,
,,,,,,,,,,,,,,"Biodiversity","1",,,,,,,,,,
,,,,,,,,,,,,,,"Biological Organs","1",,,,,,,,,,
,,,,,,,,,,,,,,"Biological Uptake","1",,,,,,,,,,
,,,,,,,,,,,,,,"Biomarkers","1",,,,,,,,,,
,,,,,,,,,,,,,,"Blood","1",,,,,,,,,,
,,,,,,,,,,,,,,"Blood Analysis","1",,,,,,,,,,
,,,,,,,,,,,,,,"Blueberry","1",,,,,,,,,,
,,,,,,,,,,,,,,"Blueberry Plant","1",,,,,,,,,,
,,,,,,,,,,,,,,"Body Burden","1",,,,,,,,,,
,,,,,,,,,,,,,,"Boreal Forest","1",,,,,,,,,,
,,,,,,,,,,,,,,"Branta Canadensis Interior","1",,,,,,,,,,
,,,,,,,,,,,,,,"Breast Portion","1",,,,,,,,,,
,,,,,,,,,,,,,,"Breeding","1",,,,,,,,,,
,,,,,,,,,,,,,,"British Columbia","1",,,,,,,,,,
,,,,,,,,,,,,,,"Cadmium","1",,,,,,,,,,
,,,,,,,,,,,,,,"Cervidae","1",,,,,,,,,,
,,,,,,,,,,,,,,"Cervus Elaphus","1",,,,,,,,,,
,,,,,,,,,,,,,,"Chemical Contamination","1",,,,,,,,,,
,,,,,,,,,,,,,,"Chen Caerulescens","1",,,,,,,,,,
,,,,,,,,,,,,,,"Chen Caerulescens Caerulescens","1",,,,,,,,,,
,,,,,,,,,,,,,,"Chlordane","1",,,,,,,,,,
,,,,,,,,,,,,,,"Chlorine","1",,,,,,,,,,
,,,,,,,,,,,,,,"Chlorine 36","1",,,,,,,,,,
,,,,,,,,,,,,,,"Coastal Zones","1",,,,,,,,,,
,,,,,,,,,,,,,,"Concentration (process)","1",,,,,,,,,,
,,,,,,,,,,,,,,"Consumer","1",,,,,,,,,,
,,,,,,,,,,,,,,"Contaminants","1",,,,,,,,,,
,,,,,,,,,,,,,,"Contamination","1",,,,,,,,,,
,,,,,,,,,,,,,,"Cross-sectional Study","1",,,,,,,,,,
,,,,,,,,,,,,,,"DDT","1",,,,,,,,,,
,,,,,,,,,,,,,,"Deciduous Tree","1",,,,,,,,,,
,,,,,,,,,,,,,,"Deep Water","1",,,,,,,,,,
,,,,,,,,,,,,,,"Deer","1",,,,,,,,,,
,,,,,,,,,,,,,,"Detection Method","1",,,,,,,,,,
,,,,,,,,,,,,,,"Dichlorodiphenyldichloroethylene","1",,,,,,,,,,
,,,,,,,,,,,,,,"Diet","1",,,,,,,,,,
,,,,,,,,,,,,,,"Dietary Intake","1",,,,,,,,,,
,,,,,,,,,,,,,,"Dietary Reference Intake","1",,,,,,,,,,
,,,,,,,,,,,,,,"Docosahexaenoic Acid","1",,,,,,,,,,
,,,,,,,,,,,,,,"Docosahexaenoic Acids","1",,,,,,,,,,
,,,,,,,,,,,,,,"Ducks","1",,,,,,,,,,
,,,,,,,,,,,,,,"EROD","1",,,,,,,,,,
,,,,,,,,,,,,,,"Eicosapentaenoic Acid","1",,,,,,,,,,
,,,,,,,,,,,,,,"Environmental Assessment","1",,,,,,,,,,
,,,,,,,,,,,,,,"Environmental Factor","1",,,,,,,,,,
,,,,,,,,,,,,,,"Ethylene Derivative","1",,,,,,,,,,
,,,,,,,,,,,,,,"Exposure","1",,,,,,,,,,
,,,,,,,,,,,,,,"Fatty Acid Blood Level","1",,,,,,,,,,
,,,,,,,,,,,,,,"Food","1",,,,,,,,,,
,,,,,,,,,,,,,,"Food Chain","1",,,,,,,,,,
,,,,,,,,,,,,,,"Food Contamination, Radioactive","1",,,,,,,,,,
,,,,,,,,,,,,,,"Foraging Locations","1",,,,,,,,,,
,,,,,,,,,,,,,,"Freshwater Sediment","1",,,,,,,,,,
,,,,,,,,,,,,,,"Gamma Chlordane","1",,,,,,,,,,
,,,,,,,,,,,,,,"Geologic Sediments","1",,,,,,,,,,
,,,,,,,,,,,,,,"Hair","1",,,,,,,,,,
,,,,,,,,,,,,,,"Hair Analysis","1",,,,,,,,,,
,,,,,,,,,,,,,,"Harvesting","1",,,,,,,,,,
,,,,,,,,,,,,,,"Health","1",,,,,,,,,,
,,,,,,,,,,,,,,"Howe Sound","1",,,,,,,,,,
,,,,,,,,,,,,,,"Human","1",,,,,,,,,,
,,,,,,,,,,,,,,"Human Cell","1",,,,,,,,,,
,,,,,,,,,,,,,,"Humans","1",,,,,,,,,,
,,,,,,,,,,,,,,"Icosapentaenoic Acid","1",,,,,,,,,,
,,,,,,,,,,,,,,"Impurities","1",,,,,,,,,,
,,,,,,,,,,,,,,"Indians, North American","1",,,,,,,,,,
,,,,,,,,,,,,,,"Indigenous People","1",,,,,,,,,,
,,,,,,,,,,,,,,"Iodine","1",,,,,,,,,,
,,,,,,,,,,,,,,"Iodine 129","1",,,,,,,,,,
,,,,,,,,,,,,,,"Iodine Radioisotopes","1",,,,,,,,,,
,,,,,,,,,,,,,,"Kidney","1",,,,,,,,,,
,,,,,,,,,,,,,,"Lipid","1",,,,,,,,,,
,,,,,,,,,,,,,,"Lipid Analysis","1",,,,,,,,,,
,,,,,,,,,,,,,,"Liver","1",,,,,,,,,,
,,,,,,,,,,,,,,"Macrophyte","1",,,,,,,,,,
,,,,,,,,,,,,,,"Mathematical Models","1",,,,,,,,,,
,,,,,,,,,,,,,,"Maximum Allowable Concentration","1",,,,,,,,,,
,,,,,,,,,,,,,,"Meats","1",,,,,,,,,,
,,,,,,,,,,,,,,"Melanitta","1",,,,,,,,,,
,,,,,,,,,,,,,,"Melanitta Perspicillata","1",,,,,,,,,,
,,,,,,,,,,,,,,"Metabolism","1",,,,,,,,,,
,,,,,,,,,,,,,,"Methylmercury","1",,,,,,,,,,
,,,,,,,,,,,,,,"Methylmercury Compounds","1",,,,,,,,,,
,,,,,,,,,,,,,,"Methylmercury Derivative","1",,,,,,,,,,
