﻿Scopus refine results values

"Your query : ((TITLE-ABS-KEY((Boreal OR {James Bay} OR James-Bay OR {Clay Belt} OR {canadian shield}) AND Quebec) AND PUBYEAR > 1999 AND PUBYEAR < 2020) AND (TITLE-ABS-KEY(weather OR   Season* OR meteo*) AND PUBYEAR > 1999 AND PUBYEAR < 2020) AND (TITLE-ABS-KEY({Water temperature} OR  {lake temperature} OR {River temperature} OR {stream temperature}) AND PUBYEAR > 1999 AND PUBYEAR < 2020))"


Number of results : 4

"ACCESS TYPE",,"YEAR",,"AUTHOR NAME",,"SUBJECT AREA",,"DOCUMENT TYPE",,"PUBLICATION STAGE",,"SOURCE TITLE",,"KEYWORD",,"AFFILIATION",,"FUNDING SPONSOR",,"COUNTRY",,"SOURCE TYPE",,"LANGUAGE",
"Other","4","2016","1","Tremblay, A.","2","Agricultural and Biological Sciences","2","Article","4","final","4","Global Change Biology","1","Canada","4","Hydro-Quebec","2","Bundesministerium fÃ¼r Bildung und Forschung","1","Canada","4","Journals","4","English","4"
,,"2015","1","Hausmann, S.","1","Earth and Planetary Sciences","2",,,,,"Journal Of Geophysical Research Atmospheres","1","Quebec [Canada]","4","Université du Québec à Montréal","2","Hydro-QuÃ©bec","1","United States","1",,,,
,,"2007","1","Pienitz, R.","1","Environmental Science","3",,,,,"Journal Of Paleolimnology","1","Climate Change","3","Université Laval","2","Natural Sciences and Engineering Research Council of Canada","1",,,,,,
,,"2006","1","Prairie, Y.T.","1",,,,,,,"Science Of The Total Environment","1","Water Temperature","3","McGill University","1","Schweizerischer Nationalfonds zur FÃ¶rderung der Wissenschaftlichen Forschung","1",,,,,,
,,,,"Rasilo, T.","1",,,,,,,,,"Carbon Dioxide","2","University of Arkansas - Fayetteville","1","Undefined","2",,,,,,
,,,,"Roehm, C.","1",,,,,,,,,"Carbon Emission","2",,,,,,,,,,
,,,,"Roulet, N.T.","1",,,,,,,,,"Lacustrine Environment","2",,,,,,,,,,
,,,,"Strachan, I.B.","1",,,,,,,,,"North America","2",,,,,,,,,,
,,,,"Wang, W.","1",,,,,,,,,"Reservoir","2",,,,,,,,,,
,,,,"del Giorgio, P.A.","1",,,,,,,,,"Seasonal Variation","2",,,,,,,,,,
,,,,,,,,,,,,,,"Temperature","2",,,,,,,,,,
,,,,,,,,,,,,,,"Air","1",,,,,,,,,,
,,,,,,,,,,,,,,"Air-water Interaction","1",,,,,,,,,,
,,,,,,,,,,,,,,"Analysis","1",,,,,,,,,,
,,,,,,,,,,,,,,"Aquatic Ecology","1",,,,,,,,,,
,,,,,,,,,,,,,,"Article","1",,,,,,,,,,
,,,,,,,,,,,,,,"Atmospheric Pollution","1",,,,,,,,,,
,,,,,,,,,,,,,,"Bacillariophyta","1",,,,,,,,,,
,,,,,,,,,,,,,,"Boreal Lakes","1",,,,,,,,,,
,,,,,,,,,,,,,,"Boreal Landscape","1",,,,,,,,,,
,,,,,,,,,,,,,,"Boundary Layer","1",,,,,,,,,,
,,,,,,,,,,,,,,"Bowen Ratio","1",,,,,,,,,,
,,,,,,,,,,,,,,"Carbon","1",,,,,,,,,,
,,,,,,,,,,,,,,"Carbon Budget","1",,,,,,,,,,
,,,,,,,,,,,,,,"Carbon Emissions","1",,,,,,,,,,
,,,,,,,,,,,,,,"Chemical Analysis","1",,,,,,,,,,
,,,,,,,,,,,,,,"Climate","1",,,,,,,,,,
,,,,,,,,,,,,,,"Climate Models","1",,,,,,,,,,
,,,,,,,,,,,,,,"Concentration (composition)","1",,,,,,,,,,
,,,,,,,,,,,,,,"Controlled Study","1",,,,,,,,,,
,,,,,,,,,,,,,,"Degassing","1",,,,,,,,,,
,,,,,,,,,,,,,,"Diatom","1",,,,,,,,,,
,,,,,,,,,,,,,,"Diatoms","1",,,,,,,,,,
,,,,,,,,,,,,,,"Diffusion","1",,,,,,,,,,
,,,,,,,,,,,,,,"Dissolved Organic Carbon","1",,,,,,,,,,
,,,,,,,,,,,,,,"Dissolved Organic Matter","1",,,,,,,,,,
,,,,,,,,,,,,,,"Dynamics","1",,,,,,,,,,
,,,,,,,,,,,,,,"Eastmain-1 Reservoir","1",,,,,,,,,,
,,,,,,,,,,,,,,"Eddy Covariance","1",,,,,,,,,,
,,,,,,,,,,,,,,"Eddy Covariance Measurements","1",,,,,,,,,,
,,,,,,,,,,,,,,"Energy Flux","1",,,,,,,,,,
,,,,,,,,,,,,,,"Energy Transfer","1",,,,,,,,,,
,,,,,,,,,,,,,,"Environmental Monitoring","1",,,,,,,,,,
,,,,,,,,,,,,,,"Fossil Assemblage","1",,,,,,,,,,
,,,,,,,,,,,,,,"Fossil Record","1",,,,,,,,,,
,,,,,,,,,,,,,,"Global Change","1",,,,,,,,,,
,,,,,,,,,,,,,,"Greenhouse Effect","1",,,,,,,,,,
,,,,,,,,,,,,,,"Greenhouse Gases (GHG)","1",,,,,,,,,,
,,,,,,,,,,,,,,"High Temporal Resolution","1",,,,,,,,,,
,,,,,,,,,,,,,,"Hydraulic Turbines","1",,,,,,,,,,
,,,,,,,,,,,,,,"Hydroelectric Power","1",,,,,,,,,,
,,,,,,,,,,,,,,"Hydroelectric Power Plant","1",,,,,,,,,,
,,,,,,,,,,,,,,"Hydroelectric Power Plants","1",,,,,,,,,,
,,,,,,,,,,,,,,"Hydroelectric Reservoirs","1",,,,,,,,,,
,,,,,,,,,,,,,,"Hydropower","1",,,,,,,,,,
,,,,,,,,,,,,,,"Ice","1",,,,,,,,,,
,,,,,,,,,,,,,,"Ice Cover","1",,,,,,,,,,
,,,,,,,,,,,,,,"In Situ Measurement","1",,,,,,,,,,
,,,,,,,,,,,,,,"Interfacial Energy","1",,,,,,,,,,
,,,,,,,,,,,,,,"James Bay","1",,,,,,,,,,
,,,,,,,,,,,,,,"Kinetic Energy","1",,,,,,,,,,
,,,,,,,,,,,,,,"Kinetics","1",,,,,,,,,,
,,,,,,,,,,,,,,"Lake","1",,,,,,,,,,
,,,,,,,,,,,,,,"Lake Water","1",,,,,,,,,,
,,,,,,,,,,,,,,"Lakes","1",,,,,,,,,,
,,,,,,,,,,,,,,"Large-scale","1",,,,,,,,,,
,,,,,,,,,,,,,,"Latent Heat","1",,,,,,,,,,
,,,,,,,,,,,,,,"Latent Heat Flux","1",,,,,,,,,,
,,,,,,,,,,,,,,"Laurentian Mountains","1",,,,,,,,,,
,,,,,,,,,,,,,,"Limnology","1",,,,,,,,,,
,,,,,,,,,,,,,,"Mathematical Computing","1",,,,,,,,,,
,,,,,,,,,,,,,,"Mathematical Model","1",,,,,,,,,,
,,,,,,,,,,,,,,"Measurement","1",,,,,,,,,,
,,,,,,,,,,,,,,"Methane","1",,,,,,,,,,
,,,,,,,,,,,,,,"Methane (CH ) 4","1",,,,,,,,,,
,,,,,,,,,,,,,,"Multivariate Statistics","1",,,,,,,,,,
,,,,,,,,,,,,,,"Northern Lakes","1",,,,,,,,,,
,,,,,,,,,,,,,,"Organic Carbon","1",,,,,,,,,,
,,,,,,,,,,,,,,"Paleolimnology","1",,,,,,,,,,
,,,,,,,,,,,,,,"Particulate Emissions","1",,,,,,,,,,
,,,,,,,,,,,,,,"Principal Component Analysis","1",,,,,,,,,,
,,,,,,,,,,,,,,"Priority Journal","1",,,,,,,,,,
,,,,,,,,,,,,,,"Process Development","1",,,,,,,,,,
,,,,,,,,,,,,,,"Quebec","1",,,,,,,,,,
,,,,,,,,,,,,,,"Reservoirs (water)","1",,,,,,,,,,
,,,,,,,,,,,,,,"Resolution","1",,,,,,,,,,
,,,,,,,,,,,,,,"SIWAS Model","1",,,,,,,,,,
,,,,,,,,,,,,,,"Season","1",,,,,,,,,,
,,,,,,,,,,,,,,"Seasonality","1",,,,,,,,,,
,,,,,,,,,,,,,,"Seasons","1",,,,,,,,,,
,,,,,,,,,,,,,,"Sediment Trap","1",,,,,,,,,,
,,,,,,,,,,,,,,"Sediment Traps","1",,,,,,,,,,
,,,,,,,,,,,,,,"Sediments","1",,,,,,,,,,
,,,,,,,,,,,,,,"Sensible Heat","1",,,,,,,,,,
,,,,,,,,,,,,,,"Sensible Heat Flux","1",,,,,,,,,,
,,,,,,,,,,,,,,"Sensitivity Analysis","1",,,,,,,,,,
,,,,,,,,,,,,,,"Shallow Lakes","1",,,,,,,,,,
,,,,,,,,,,,,,,"Summer","1",,,,,,,,,,
,,,,,,,,,,,,,,"Surface Energy","1",,,,,,,,,,
,,,,,,,,,,,,,,"Temperature Sensitivity","1",,,,,,,,,,
,,,,,,,,,,,,,,"Thermodynamics","1",,,,,,,,,,
,,,,,,,,,,,,,,"Trend Study","1",,,,,,,,,,
,,,,,,,,,,,,,,"Turbulent Kinetic Energy","1",,,,,,,,,,
,,,,,,,,,,,,,,"Wind Velocity","1",,,,,,,,,,
,,,,,,,,,,,,,,,,,,,,,,,,,
,,,,,,,,,,,,,,,,,,,,,,,,,
,,,,,,,,,,,,,,,,,,,,,,,,,
,,,,,,,,,,,,,,,,,,,,,,,,,
,,,,,,,,,,,,,,,,,,,,,,,,,
,,,,,,,,,,,,,,,,,,,,,,,,,
,,,,,,,,,,,,,,,,,,,,,,,,,
,,,,,,,,,,,,,,,,,,,,,,,,,
,,,,,,,,,,,,,,,,,,,,,,,,,
,,,,,,,,,,,,,,,,,,,,,,,,,
,,,,,,,,,,,,,,,,,,,,,,,,,
,,,,,,,,,,,,,,,,,,,,,,,,,
,,,,,,,,,,,,,,,,,,,,,,,,,
,,,,,,,,,,,,,,,,,,,,,,,,,
,,,,,,,,,,,,,,,,,,,,,,,,,
,,,,,,,,,,,,,,,,,,,,,,,,,
,,,,,,,,,,,,,,,,,,,,,,,,,
,,,,,,,,,,,,,,,,,,,,,,,,,
,,,,,,,,,,,,,,,,,,,,,,,,,
,,,,,,,,,,,,,,,,,,,,,,,,,
,,,,,,,,,,,,,,,,,,,,,,,,,
,,,,,,,,,,,,,,,,,,,,,,,,,
,,,,,,,,,,,,,,,,,,,,,,,,,
,,,,,,,,,,,,,,,,,,,,,,,,,
,,,,,,,,,,,,,,,,,,,,,,,,,
,,,,,,,,,,,,,,,,,,,,,,,,,
,,,,,,,,,,,,,,,,,,,,,,,,,
,,,,,,,,,,,,,,,,,,,,,,,,,
,,,,,,,,,,,,,,,,,,,,,,,,,
,,,,,,,,,,,,,,,,,,,,,,,,,
,,,,,,,,,,,,,,,,,,,,,,,,,
,,,,,,,,,,,,,,,,,,,,,,,,,
,,,,,,,,,,,,,,,,,,,,,,,,,
,,,,,,,,,,,,,,,,,,,,,,,,,
,,,,,,,,,,,,,,,,,,,,,,,,,
,,,,,,,,,,,,,,,,,,,,,,,,,
,,,,,,,,,,,,,,,,,,,,,,,,,
,,,,,,,,,,,,,,,,,,,,,,,,,
,,,,,,,,,,,,,,,,,,,,,,,,,
,,,,,,,,,,,,,,,,,,,,,,,,,
,,,,,,,,,,,,,,,,,,,,,,,,,
,,,,,,,,,,,,,,,,,,,,,,,,,
,,,,,,,,,,,,,,,,,,,,,,,,,
,,,,,,,,,,,,,,,,,,,,,,,,,
,,,,,,,,,,,,,,,,,,,,,,,,,
,,,,,,,,,,,,,,,,,,,,,,,,,
,,,,,,,,,,,,,,,,,,,,,,,,,
,,,,,,,,,,,,,,,,,,,,,,,,,
,,,,,,,,,,,,,,,,,,,,,,,,,
,,,,,,,,,,,,,,,,,,,,,,,,,
,,,,,,,,,,,,,,,,,,,,,,,,,
,,,,,,,,,,,,,,,,,,,,,,,,,
,,,,,,,,,,,,,,,,,,,,,,,,,
,,,,,,,,,,,,,,,,,,,,,,,,,
,,,,,,,,,,,,,,,,,,,,,,,,,
,,,,,,,,,,,,,,,,,,,,,,,,,
