﻿Scopus refine results values

"Your query : ((TITLE-ABS-KEY((Boreal OR {James Bay} OR James-Bay OR {Clay Belt} OR {canadian shield}) AND (Canada OR Quebec OR Ontario OR newfoundland OR Alberta OR British-Columbia) ) AND PUBYEAR > 1999 AND PUBYEAR < 2020) AND (TITLE-ABS-KEY(Contamination OR Contaminant OR Pollut* OR  {acid rain} OR {nitrogen deposition} ) AND PUBYEAR > 1999 AND PUBYEAR < 2020) AND (TITLE-ABS-KEY(Water AND  (quality OR lake OR river OR stream)) AND PUBYEAR > 1999 AND PUBYEAR < 2020))"


Number of results : 110

"ACCESS TYPE",,"YEAR",,"AUTHOR NAME",,"SUBJECT AREA",,"DOCUMENT TYPE",,"PUBLICATION STAGE",,"SOURCE TITLE",,"KEYWORD",,"AFFILIATION",,"FUNDING SPONSOR",,"COUNTRY",,"SOURCE TYPE",,"LANGUAGE",
"Open Access","6","2019","8","Hintelmann, H.","8","Agricultural and Biological Sciences","16","Article","99","final","109","Science Of The Total Environment","18","Canada","89","Environment Canada","16","Natural Sciences and Engineering Research Council of Canada","32","Canada","103","Journals","103","English","109"
"Other","104","2018","3","Lucotte, M.","7","Biochemistry, Genetics and Molecular Biology","3","Conference Paper","9","aip","1","Environmental Science And Technology","13","Article","67","University of Montreal","15","Environment Canada","5","United States","22","Conference Proceedings","5","French","1"
,,"2017","8","Hall, B.D.","5","Chemistry","17","Review","2",,,"Environmental Pollution","6","Lakes","46","Trent University","14","Environment and Climate Change Canada","4","France","5","Trade Publications","1",,
,,"2016","6","Carignan, R.","4","Earth and Planetary Sciences","15",,,,,"Environmental Toxicology And Chemistry","5","Environmental Monitoring","42","Université du Québec à Montréal","12","Fonds QuÃ©bÃ©cois de la Recherche sur la Nature et les Technologies","3","Germany","4","Book Series","1",,
,,"2015","6","Graydon, J.A.","4","Engineering","1",,,,,"Applied Geochemistry","4","Water Pollutants, Chemical","42","University of Alberta","11","Foundation for Community Association Research","3","Sweden","4",,,,
,,"2014","10","Gunn, J.M.","4","Environmental Science","94",,,,,"Aquatic Toxicology","2","Animals","34","Freshwater Institute, Fisheries and Oceans Canada","8","Hydro-QuÃ©bec","3","United Kingdom","3",,,,
,,"2013","6","Rudd, J.W.M.","4","Immunology and Microbiology","1",,,,,"Archives Of Environmental Contamination And Toxicology","2","Mercury","33","Laurentian University","8","National Science Foundation","3","China","2",,,,
,,"2012","5","Smol, J.P.","4","Medicine","3",,,,,"Biogeochemistry","2","Nonhuman","33","Fisheries and Oceans Canada","7","Canada Research Chairs","2","Finland","2",,,,
,,"2011","3","St. Louis, V.L.","4","Multidisciplinary","1",,,,,"Chemosphere","2","Controlled Study","32","Queen's University, Kingston","7","Electric Power Research Institute","2","Norway","2",,,,
,,"2010","4","Amyot, M.","3","Pharmacology, Toxicology and Pharmaceutics","12",,,,,"Ecosystems","2","Lake","32","University of Ottawa, Canada","7","Fisheries and Oceans Canada","2","Australia","1",,,,
,,"2009","10","Bodaly, R.A.","3",,,,,,,"Ecotoxicology","2","Priority Journal","31","INRS- Centre Eau, Terre &amp; Environnement","7","University of Waterloo","2","Italy","1",,,,
,,"2008","6","Branfireun, B.A.","3",,,,,,,"Environmental Monitoring And Assessment","2","North America","29","Le réseau de l'Université du Québec","6","UniversitÃ© du QuÃ©bec Ã  MontrÃ©al","2","Japan","1",,,,
,,"2007","4","Campbell, P.G.C.","3",,,,,,,"Freshwater Biology","2","Mercury (element)","27","University of Manitoba","6","Aaniiih Nakoda College","1","Mexico","1",,,,
,,"2006","9","Couillard, Y.","3",,,,,,,"Geochimica Et Cosmochimica Acta","2","Mercury (metal)","25","University of Saskatchewan","6","Alberta Agricultural Research Institute","1","Romania","1",,,,
,,"2005","7","Dillon, P.J.","3",,,,,,,"Journal Of Hydrology","2","Concentration (parameters)","24","Institut international du développement durable","6","Alberta Biodiversity Monitoring Institute","1","Spain","1",,,,
,,"2004","4","Garcia, E.","3",,,,,,,"Proceedings 42nd AMOP Technical Seminar On Environmental Contamination And Response","2","Concentration (composition)","23","Ontario Ministry of the Environment","5","Alberta Environment and Parks","1",,,,,,
,,"2003","2","Gobeil, C.","3",,,,,,,"Water Air And Soil Pollution","2","Water Pollutant","22","Ontario Ministry of Natural Resources","5","Association EuropÃ©enne contre les Leucodystrophies","1",,,,,,
,,"2002","2","Gunn, J.","3",,,,,,,"Water Research","2","Water Quality","22","University of Waterloo","5","Association pour la Recherche sur les Tumeurs de la Prostate","1",,,,,,
,,"2001","2","Kelly, C.A.","3",,,,,,,"Water Resources Research","2","Ecosystem","21","Lakehead University","5","CRDF Global","1",,,,,,
,,"2000","5","Lean, D.R.S.","3",,,,,,,"Air And Waste Management Association 1st International Greenhouse Gas Measurement Symposium 2009","1","Fresh Water","21","University of Wisconsin-Madison","5","Canada Foundation for Innovation","1",,,,,,
,,,,"Lindberg, S.E.","3",,,,,,,"Aquatic Geochemistry","1","Methylmercury","21","University of Toronto","4","Fondation de lâUniversitÃ© du QuÃ©bec en Abitibi-TÃ©miscamingue","1",,,,,,
,,,,"Nour, M.H.","3",,,,,,,"Aquatic Sciences","1","Water Pollution","20","Hydro-Quebec","4","Fonds pour la Formation de Chercheurs et l'Aide Ã  la Recherche","1",,,,,,
,,,,"Palace, V.","3",,,,,,,"Bridging The Gap Meeting The World S Water And Environmental Resources Challenges Proceedings Of The World Water And Environmental Resources Congress 2001","1","Fish","19","McGill University","3","Indigenous and Northern Affairs Canada","1",,,,,,
,,,,"Paterson, A.M.","3",,,,,,,"Bulletin Of Environmental Contamination And Toxicology","1","Ontario [Canada]","19","University of Victoria","3","Institut National de SantÃ© Publique du QuÃ©bec","1",,,,,,
,,,,"Paterson, M.J.","3",,,,,,,"Canadian Journal Of Fisheries And Aquatic Sciences","1","Bioaccumulation","18","Western University","3","Luonnontieteiden ja Tekniikan Tutkimuksen Toimikunta","1",,,,,,
,,,,"Prepas, E.E.","3",,,,,,,"Canadian Journal Of Microbiology","1","Canadian Shield","18","Carleton University","3","Major Science and Technology Project of Hainan Province","1",,,,,,
,,,,"Rousseau, A.N.","3",,,,,,,"Chemical Geology","1","Lake Pollution","18","Ministère de l‘Energie et des Ressources naturelles du Québec","3","Manitoba Hydro","1",,,,,,
,,,,"Smith, D.W.","3",,,,,,,"Comparative Biochemistry And Physiology C Toxicology And Pharmacology","1","Methylmercury Compounds","18","Institut National de la Recherche Scientifique","3","Ministry of Natural Resources","1",,,,,,
,,,,"Tessier, A.","3",,,,,,,"Ecological Applications","1","Water Contamination","18","Government of Alberta","3","MinistÃ¨re des ForÃªts, de la Faune et des Parcs","1",,,,,,
,,,,"Watmough, S.A.","3",,,,,,,"Ecological Engineering","1","Watershed","18","R and K Research Inc.","2","National Oceanic and Atmospheric Administration","1",,,,,,
,,,,"Blais, J.M.","2",,,,,,,"Ecotoxicology And Environmental Safety","1","Lake Ecosystem","17","Deline Uranium Team","2","Ontario Innovation Trust","1",,,,,,
,,,,"Bondu, R.","2",,,,,,,"Environmental Biology Of Fishes","1","Lake Water","17","Universite du Quebec en Abitibi-Temiscamingue","2","Ontario Ministry of Natural Resources and Forestry","1",,,,,,
,,,,"Borgmann, U.","2",,,,,,,"Environmental Geology","1","Ontario","17","Harvard University","2","Organization of American States","1",,,,,,
,,,,"Canuel, R.","2",,,,,,,"Environmental Management","1","Boreal Forest","15","The University of British Columbia","2","Public Health Agency of Canada","1",,,,,,
,,,,"Cloutier, V.","2",,,,,,,"Environmental Reviews","1","Organic Carbon","15","United States Geological Survey","2","Star Scientific Foundation","1",,,,,,
,,,,"Cossa, D.","2",,,,,,,"Environmental Science And Pollution Research","1","Rivers","15","Geological Survey of Canada","2","U.S. Environmental Protection Agency","1",,,,,,
,,,,"Doig, L.E.","2",,,,,,,"Environmental Technology","1","Watersheds","15","IFREMER Institut Francais de Recherche pour l'Exploitation de la Mer","2","University of Manitoba","1",,,,,,
,,,,"Emmerton, C.A.","2",,,,,,,"Forestry Chronicle","1","Atmospheric Deposition","14","Natural Resources Canada","2","University of Toronto","1",,,,,,
,,,,"Frost, P.C.","2",,,,,,,"Hydrological Processes","1","Forestry","14","Oak Ridge National Laboratory","2","W. Garfield Weston Foundation","1",,,,,,
,,,,"Gibson, J.J.","2",,,,,,,"International Journal Of Environmental Research And Public Health","1","Carbon","13","Agence de la santé publique du Canada","2","Western University","1",,,,,,
,,,,"Graves, S.D.","2",,,,,,,"Isotopes In Environmental And Health Studies","1","Climate Change","13","University of Regina","2","Wildlife Conservation Society","1",,,,,,
,,,,"Hecker, M.","2",,,,,,,"Journal Of Environmental Engineering And Science","1","Deposition","13","York University","2","Undefined","62",,,,,,
,,,,"Houle, D.","2",,,,,,,"Journal Of Environmental Management","1","Sediment","13","North/South Consultants Inc.","1",,,,,,,,
,,,,"Janz, D.M.","2",,,,,,,"Journal Of Environmental Monitoring","1","Animal","12","Pacific Environmental Science Centre","1",,,,,,,,
,,,,"Johnston, T.A.","2",,,,,,,"Journal Of Environmental Radioactivity","1","Ecosystems","12","Nuclear Waste Management Organization","1",,,,,,,,
,,,,"Krabbenhoft, D.P.","2",,,,,,,"Journal Of Paleolimnology","1","Taiga","12","Manitoba Water Stewardship","1",,,,,,,,
,,,,"Kurek, J.","2",,,,,,,"Microbial Ecology","1","Dissolution","11","Penobscot River Mercury Study","1",,,,,,,,
,,,,"Labaj, A.L.","2",,,,,,,"NCASI Technical Bulletin","1","Dissolved Organic Carbon","11","Rudd and Kelly Research, Inc.","1",,,,,,,,
,,,,"Lehnherr, I.","2",,,,,,,"Oecologia","1","Quebec","11","Commander Resources Ltd.","1",,,,,,,,
,,,,"Liber, K.","2",,,,,,,"Palaeogeography Palaeoclimatology Palaeoecology","1","Quebec [Canada]","11","COREM","1",,,,,,,,
,,,,"Metcalfe, C.D.","2",,,,,,,"Plos One","1","Water Sampling","11","ISL Engineering and Land Services Ltd.","1",,,,,,,,
,,,,"Montgomery, S.","2",,,,,,,"Precambrian Research","1","Animal Tissue","10","Office National de l'Eau et des Milieux Aquatiques","1",,,,,,,,
,,,,"Ogden, N.H.","2",,,,,,,"Proceedings Of The 35th AMOP Technical Seminar On Environmental Contamination And Response","1","Catchment","10","SEPAQ","1",,,,,,,,
,,,,"Orihel, D.M.","2",,,,,,,"Radiochimica Acta","1","Fishes","10","Met European Research Observatory","1",,,,,,,,
,,,,"Pietrock, M.","2",,,,,,,"Water Science And Technology","1","Geologic Sediments","10","Horia Hulubei National Inst. for Physics and Nuclear Engineering NIPNE","1",,,,,,,,
,,,,"Pinel-Alloul, B.","2",,,,,,,,,"Analysis","9","Mutch Associates","1",,,,,,,,
,,,,"Planas, D.","2",,,,,,,,,"Aquatic Environment","9","Cultivation Base of State Key Laboratory of Humid Subtropical Mountain Ecology","1",,,,,,,,
,,,,"Rolfhus, K.R.","2",,,,,,,,,"Biogeochemical Cycle","9","Provincetown Center for Coastal Studies","1",,,,,,,,
,,,,"Rosa, E.","2",,,,,,,,,"Environmental Exposure","9","Enmosys","1",,,,,,,,
,,,,"Rühland, K.M.","2",,,,,,,,,"Forest","9","Ontario Ministry of Environment and Climate Change","1",,,,,,,,
,,,,"Sandilands, K.A.","2",,,,,,,,,"Geochemistry","9","Institut für Binnenfischerei Potsdam-Sacrow","1",,,,,,,,
,,,,"Simon, A.","2",,,,,,,,,"Groundwater","9","Saskatchewan Polytechnic","1",,,,,,,,
,,,,"Stoyanovich, S.","2",,,,,,,,,"Hydrology","9","InnoTech Alberta","1",,,,,,,,
,,,,"Szkokan-Emilson, E.J.","2",,,,,,,,,"Iron","9","InnoTech Alberta","1",,,,,,,,
,,,,"Tremblay, A.","2",,,,,,,,,"Runoff","9","Wilfrid Laurier University","1",,,,,,,,
,,,,"Xenopoulos, M.A.","2",,,,,,,,,"Sediments","9","Centre Clermont-Auvergne-Rhône-Alpes","1",,,,,,,,
,,,,"Ahonen, L.","1",,,,,,,,,"Trees","9","Helsingin Yliopisto","1",,,,,,,,
,,,,"Aljawahari, M.","1",,,,,,,,,"Water","9","Southwest University of Science and Technology","1",,,,,,,,
,,,,"Alvarado-Quiroz, N.G.","1",,,,,,,,,"Water Analysis","9","ORNL Environmental Sciences Division","1",,,,,,,,
,,,,"Amos, H.M.","1",,,,,,,,,"Water Supply","9","Princeton University","1",,,,,,,,
,,,,"Amour, N.S.T.","1",,,,,,,,,"Wetland","9","The Ohio State University","1",,,,,,,,
,,,,"Appleby, P.","1",,,,,,,,,"Biogeochemistry","8","Manitoba Hydro","1",,,,,,,,
,,,,"Armitage, A.A.","1",,,,,,,,,"Catchments","8","Uppsala Universitet","1",,,,,,,,
,,,,"Arnott, S.E.","1",,,,,,,,,"Chemistry","8","Atomic Energy of Canada Limited - Chalk River Lab","1",,,,,,,,
,,,,"Ashe, E.","1",,,,,,,,,"Concentration (process)","8","Università degli Studi del Sannio","1",,,,,,,,
,,,,"Bastien, J.","1",,,,,,,,,"Contamination","8","Mount Allison University","1",,,,,,,,
,,,,"Bates, L.M.","1",,,,,,,,,"Experimental Lakes Area","8","Canadian Forest Service","1",,,,,,,,
,,,,"Baumgärtner, F.","1",,,,,,,,,"Landforms","8","CSIC - Instituto de Ciencias del Mar ICM","1",,,,,,,,
,,,,"Beall, F.D.","1",,,,,,,,,"Metals","8","Duke University","1",,,,,,,,
,,,,"Beaty, K.G.","1",,,,,,,,,"Seasonal Variation","8","National Research Council Canada","1",,,,,,,,
,,,,"Beauchamp, G.","1",,,,,,,,,"Snow","8","Institutt for energiteknikk","1",,,,,,,,
,,,,"Beisner, B.E.","1",,,,,,,,,"Wetlands","8","Kyoto University","1",,,,,,,,
,,,,"Bellehumeur, C.","1",,,,,,,,,"Acidification","7","AREVA","1",,,,,,,,
,,,,"Bellocchi, G.","1",,,,,,,,,"Air Temperature","7","University of Windsor","1",,,,,,,,
,,,,"Belzile, N.","1",,,,,,,,,"Biochemistry","7","Skidaway Institute of Oceanography","1",,,,,,,,
,,,,"Benzaazoua, M.","1",,,,,,,,,"Biomass","7","Università degli Studi di Napoli Federico II","1",,,,,,,,
,,,,"Berggren, M.","1",,,,,,,,,"Chemical Analysis","7","Manhattan College","1",,,,,,,,
,,,,"Bhavsar, S.P.","1",,,,,,,,,"Climate","7","Smithsonian Environmental Research Center","1",,,,,,,,
,,,,"Bigras-Poulin, M.","1",,,,,,,,,"Copper","7","Geological Survey of Canada Vancouver","1",,,,,,,,
,,,,"Birks, J.H.B.","1",,,,,,,,,"Environmental Impact","7","Fujian Normal University","1",,,,,,,,
,,,,"Birks, S.J.","1",,,,,,,,,"Food Chain","7","Polytechnique Montréal","1",,,,,,,,
,,,,"Bisbicos, T.","1",,,,,,,,,"Landscape","7","Geologian Tutkimuskeskus","1",,,,,,,,
,,,,"Blais, J.","1",,,,,,,,,"Methyl Mercury","7","Technical University of Munich","1",,,,,,,,
,,,,"Blanchfield, P.J.","1",,,,,,,,,"Nitrogen","7","National Institute of Radiological Sciences Chiba","1",,,,,,,,
,,,,"Blowes, D.W.","1",,,,,,,,,"Organic Matter","7","Universität Oldenburg","1",,,,,,,,
,,,,"Bodaly, R.A.(.","1",,,,,,,,,"Regression Analysis","7","Texas A&amp;M University","1",,,,,,,,
,,,,"Bottomley, D.","1",,,,,,,,,"Selenium","7","University of Liverpool","1",,,,,,,,
,,,,"Bouffard, A.","1",,,,,,,,,"Stream (river)","7","University of Wisconsin-La Crosse","1",,,,,,,,
,,,,"Bugajski, A.","1",,,,,,,,,"Surface Water","7","University of St Andrews","1",,,,,,,,
,,,,"Butterfield, D.","1",,,,,,,,,"Total Mercuries","7","UCL","1",,,,,,,,
,,,,"Bélanger, D.","1",,,,,,,,,"Water Chemistry","7","University of Connecticut","1",,,,,,,,
,,,,"Carbonaro, R.F.","1",,,,,,,,,"Water Movements","7","University of Delaware","1",,,,,,,,
,,,,"Carreau, J.","1",,,,,,,,,"Water Sheds","7","Alfred-Wegener-Institut Helmholtz-Zentrum für Polar- und Meeresforschung","1",,,,,,,,
,,,,"Chen, X.","1",,,,,,,,,"Zooplankton","7","Instituto de Ecología, A.C.","1",,,,,,,,
,,,,"Chen, Y.W.","1",,,,,,,,,"Alberta","6","University of California, Santa Cruz","1",,,,,,,,
,,,,"Cherewyk, K.A.P.","1",,,,,,,,,"Analytic Method","6","The Natural History Museum, London","1",,,,,,,,
,,,,"Cho, S.","1",,,,,,,,,"Boreal Lakes","6","University of Oxford","1",,,,,,,,
,,,,"Chételat, J.","1",,,,,,,,,"Cadmium","6","Sveriges lantbruksuniversitet","1",,,,,,,,
,,,,"Clarisse, O.","1",,,,,,,,,"Dissolved Organic Matter","6","Stockholms universitet","1",,,,,,,,
,,,,"Clark, I.D.","1",,,,,,,,,"Fires","6","Lunds Universitet","1",,,,,,,,
,,,,"Clemow, Y.H.","1",,,,,,,,,"Forests","6","The University of North Carolina Wilmington","1",,,,,,,,
,,,,"Cobbaert, D.","1",,,,,,,,,"Humans","6","Universitetet i Bergen","1",,,,,,,,
,,,,"Cooke, C.A.","1",,,,,,,,,"Hydrogen-Ion Concentration","6","Acadia University","1",,,,,,,,
,,,,"Costanzo, R.","1",,,,,,,,,"Isotopes","6","HydroQual, Inc.","1",,,,,,,,
,,,,"Cournoyer, L.","1",,,,,,,,,"Lacustrine Deposit","6","The University of Georgia","1",,,,,,,,
,,,,"Couture, S.","1",,,,,,,,,"Lead","6","Electricité de France","1",,,,,,,,
,,,,"Creed, I.F.","1",,,,,,,,,"Manganese","6","Ryerson University","1",,,,,,,,
,,,,"Crémazy, A.","1",,,,,,,,,"Mercury Compounds","6","Curtin University","1",,,,,,,,
,,,,"Cumming, B.F.","1",,,,,,,,,"Metal","6","Harvard T.H. Chan School of Public Health","1",,,,,,,,
,,,,"Dansereau, M.","1",,,,,,,,,"Nickel","6","Université Laval","1",,,,,,,,
,,,,"Darling, C.T.R.","1",,,,,,,,,"Oil Sands","6","Concordia University","1",,,,,,,,
,,,,"Dastoor, A.","1",,,,,,,,,"Oxygen","6","Harvard John A. Paulson School of Engineering and Applied Sciences","1",,,,,,,,
,,,,"Dastoor, A.P.","1",,,,,,,,,"River","6","Jacques Whitford Ltd.","1",,,,,,,,
,,,,"Davis, P.","1",,,,,,,,,"Soil Pollution","6","Alberta Sustainable Resource Development","1",,,,,,,,
,,,,"Davis, W.J.","1",,,,,,,,,"Stizostedion Vitreum","6","Government of the Northwest Territories","1",,,,,,,,
,,,,"Del Giorgio, P.A.","1",,,,,,,,,"Sulfide","6","Parks Canada","1",,,,,,,,
,,,,"Demarty, M.","1",,,,,,,,,"Summer","6","Alberta Conservation Association","1",,,,,,,,
,,,,"Derksen, A.J.","1",,,,,,,,,"Temperature","6","Boojum Research Limited","1",,,,,,,,
,,,,"Derry, A.M.","1",,,,,,,,,"Toxicity","6","Lafarge Canada, Inc.","1",,,,,,,,
,,,,"Desrosiers, M.","1",,,,,,,,,"Zinc","6","Institutionen för Naturgeografi och Ekosystemvetenskap, Lunds Universitet","1",,,,,,,,
,,,,"Dey, D.","1",,,,,,,,,"Air Pollutant","5","Northwest Territories Geological Survey","1",,,,,,,,
,,,,"Di Giulio, R.T.","1",,,,,,,,,"Air Pollutants","5",,,,,,,,,,
,,,,"Di Toro, D.M.","1",,,,,,,,,"Algae","5",,,,,,,,,,
,,,,"Diodato, N.","1",,,,,,,,,"Arsenic","5",,,,,,,,,,
,,,,"Dittmar, T.","1",,,,,,,,,"Atmosphere","5",,,,,,,,,,
,,,,"Dong, W.","1",,,,,,,,,"Benthos","5",,,,,,,,,,
,,,,"Doucette, J.L.","1",,,,,,,,,"Biota","5",,,,,,,,,,
,,,,"Doyle, P.","1",,,,,,,,,"Boreal Forests","5",,,,,,,,,,
,,,,"Duchesne, L.","1",,,,,,,,,"Calcium","5",,,,,,,,,,
,,,,"Dupuis, A.P.","1",,,,,,,,,"Cobalt","5",,,,,,,,,,
,,,,"Edwards, T.W.D.","1",,,,,,,,,"Conservation Of Natural Resources","5",,,,,,,,,,
,,,,"Eickmeyer, D.C.","1",,,,,,,,,"Deforestation","5",,,,,,,,,,
,,,,"El-Din, M.G.","1",,,,,,,,,"Ecology","5",,,,,,,,,,
,,,,"Emslie, S.D.","1",,,,,,,,,"Environmental Pollutants","5",,,,,,,,,,
,,,,"Enright, A.M.L.","1",,,,,,,,,"Esox Lucius","5",,,,,,,,,,
,,,,"Erbe, C.","1",,,,,,,,,"Fire","5",,,,,,,,,,
,,,,"Ethier, A.L.M.","1",,,,,,,,,"Human","5",,,,,,,,,,
,,,,"Fanelli, C.J.","1",,,,,,,,,"Human Activity","5",,,,,,,,,,
,,,,"Faragher, R.","1",,,,,,,,,"Land Use","5",,,,,,,,,,
,,,,"Faragher, R.J.","1",,,,,,,,,"Limit Of Detection","5",,,,,,,,,,
,,,,"Farley, K.J.","1",,,,,,,,,"Mass Spectrometry","5",,,,,,,,,,
,,,,"Ferguson, S.H.","1",,,,,,,,,"Metabolism","5",,,,,,,,,,
,,,,"Ferris, F.G.","1",,,,,,,,,"Meteorological Problems","5",,,,,,,,,,
,,,,"Feyte, S.","1",,,,,,,,,"Methylation","5",,,,,,,,,,
,,,,"Ficken, C.D.","1",,,,,,,,,"Ontario , Canada","5",,,,,,,,,,
,,,,"Fiorillo, F.","1",,,,,,,,,"PH","5",,,,,,,,,,
,,,,"Fisk, A.T.","1",,,,,,,,,"Physiology","5",,,,,,,,,,
,,,,"Fortin, C.","1",,,,,,,,,"Precipitation","5",,,,,,,,,,
,,,,"Fortin, C.","1",,,,,,,,,"River Pollution","5",,,,,,,,,,
,,,,"Foucher, D.","1",,,,,,,,,"Salmonid","5",,,,,,,,,,
