﻿Scopus refine results values

"Your query : ((TITLE-ABS-KEY((Boreal OR {James Bay} OR James-Bay OR {Clay Belt} OR {canadian shield}) AND (Canada OR Quebec OR Ontario OR newfoundland OR Alberta OR British-Columbia) ) AND PUBYEAR > 1999 AND PUBYEAR < 2020) AND (TITLE-ABS-KEY(Contamination OR Contaminant OR Pollut* OR  {acid rain} OR {nitrogen deposition} ) AND PUBYEAR > 1999 AND PUBYEAR < 2020) AND (TITLE-ABS-KEY(naturalness OR  wilderness OR Primeval OR Preindustrial OR Pre-industrial  OR {intact forest}) AND PUBYEAR > 1999 AND PUBYEAR < 2020))"


Number of results : 4

"ACCESS TYPE",,"YEAR",,"AUTHOR NAME(filtered by По количеству результатов)",,"SUBJECT AREA(filtered by Alphabet)",,"DOCUMENT TYPE",,"PUBLICATION STAGE",,"SOURCE TITLE(filtered by По количеству результатов)",,"KEYWORD(filtered by По количеству результатов)",,"AFFILIATION",,"FUNDING SPONSOR",,"COUNTRY(filtered by По количеству результатов)",,"SOURCE TYPE",,"LANGUAGE(filtered by По количеству результатов)",
"Other","4","2007","1","Abe, T.A.","1","Agricultural and Biological Sciences","2","Article","4","final","4","Canadian Journal Of Forest Research","1","Canada","4","Le réseau de l'Université du Québec","1","Undefined","4","Canada","4","Journals","4","English","4"
,,"2006","1","Bayne, E.M.","1","Chemistry","1",,,,,"Environmental Science And Technology","1","North America","3","University of Montreal","1",,,"United States","1",,,,
,,"2004","1","Boutin, S.","1","Environmental Science","3",,,,,"Freshwater Biology","1","Water Pollution","2","Ontario Ministry of the Environment","1",,,,,,,,
,,"2001","1","Carignan, R.","1",,,,,,,"Journal Of Applied Ecology","1","Aerosol","1","University of Waterloo","1",,,,,,,,
,,,,"Chanway, C.P.","1",,,,,,,,,"Aerosols","1","Lethbridge Research Centre","1",,,,,,,,
,,,,"Cumming, B.F.","1",,,,,,,,,"Age Structure","1","Queen's University, Kingston","1",,,,,,,,
,,,,"Cárcamo, H.A.","1",,,,,,,,,"Air Pollutants","1","Agriculture et Agroalimentaire Canada","1",,,,,,,,
,,,,"Gallon, C.","1",,,,,,,,,"Air Pollution","1","University of California, Santa Cruz","1",,,,,,,,
,,,,"Gobeil, C.","1",,,,,,,,,"Alberta","1","University of Alberta","1",,,,,,,,
,,,,"Habib, L.","1",,,,,,,,,"Algae","1","Institut National de la Recherche Scientifique","1",,,,,,,,
,,,,"Hall, R.I.","1",,,,,,,,,"Algal Bloom","1",,,,,,,,,,
,,,,"Paterson, A.M.","1",,,,,,,,,"Animalia","1",,,,,,,,,,
,,,,"Prescott, C.E.","1",,,,,,,,,"Anthropogenic Effect","1",,,,,,,,,,
,,,,"Smol, J.P.","1",,,,,,,,,"Anthropogenic Pb","1",,,,,,,,,,
,,,,"Tessier, A.","1",,,,,,,,,"Anthropogenic Source","1",,,,,,,,,,
,,,,,,,,,,,,,,"Article","1",,,,,,,,,,
,,,,,,,,,,,,,,"Atmosphere","1",,,,,,,,,,
,,,,,,,,,,,,,,"Atmospheric Pollution","1",,,,,,,,,,
,,,,,,,,,,,,,,"Aves","1",,,,,,,,,,
,,,,,,,,,,,,,,"Biomass","1",,,,,,,,,,
,,,,,,,,,,,,,,"Boreal Forest","1",,,,,,,,,,
,,,,,,,,,,,,,,"Boreal Lakes","1",,,,,,,,,,
,,,,,,,,,,,,,,"British Columbia","1",,,,,,,,,,
,,,,,,,,,,,,,,"Canadian Shield","1",,,,,,,,,,
,,,,,,,,,,,,,,"Carbon","1",,,,,,,,,,
,,,,,,,,,,,,,,"Chemical Composition","1",,,,,,,,,,
,,,,,,,,,,,,,,"Chrysophyceae","1",,,,,,,,,,
,,,,,,,,,,,,,,"Combustion","1",,,,,,,,,,
,,,,,,,,,,,,,,"Comminution","1",,,,,,,,,,
,,,,,,,,,,,,,,"Compressor Stations","1",,,,,,,,,,
,,,,,,,,,,,,,,"Crosson Lake","1",,,,,,,,,,
,,,,,,,,,,,,,,"Decomposition","1",,,,,,,,,,
,,,,,,,,,,,,,,"Diplopoda","1",,,,,,,,,,
,,,,,,,,,,,,,,"Diptera","1",,,,,,,,,,
,,,,,,,,,,,,,,"Earth Atmosphere","1",,,,,,,,,,
,,,,,,,,,,,,,,"Environmental Impact Assessment","1",,,,,,,,,,
,,,,,,,,,,,,,,"Forest Soil","1",,,,,,,,,,
,,,,,,,,,,,,,,"Forestry","1",,,,,,,,,,
,,,,,,,,,,,,,,"Gasoline","1",,,,,,,,,,
,,,,,,,,,,,,,,"Geochemistry","1",,,,,,,,,,
,,,,,,,,,,,,,,"Geographical Regions","1",,,,,,,,,,
,,,,,,,,,,,,,,"Geography","1",,,,,,,,,,
,,,,,,,,,,,,,,"Geology","1",,,,,,,,,,
,,,,,,,,,,,,,,"Historical Ecology","1",,,,,,,,,,
,,,,,,,,,,,,,,"Historical Perspective","1",,,,,,,,,,
,,,,,,,,,,,,,,"History, 20th Century","1",,,,,,,,,,
,,,,,,,,,,,,,,"Impurities","1",,,,,,,,,,
,,,,,,,,,,,,,,"Industrial Emission","1",,,,,,,,,,
,,,,,,,,,,,,,,"Industrial Emissions","1",,,,,,,,,,
,,,,,,,,,,,,,,"Industrial Impacts","1",,,,,,,,,,
,,,,,,,,,,,,,,"Industrial Waste","1",,,,,,,,,,
,,,,,,,,,,,,,,"Industrialization","1",,,,,,,,,,
,,,,,,,,,,,,,,"Industry","1",,,,,,,,,,
,,,,,,,,,,,,,,"Invertebrata","1",,,,,,,,,,
,,,,,,,,,,,,,,"Isotopes","1",,,,,,,,,,
,,,,,,,,,,,,,,"Lake","1",,,,,,,,,,
,,,,,,,,,,,,,,"Lake Ecosystem","1",,,,,,,,,,
,,,,,,,,,,,,,,"Lakes","1",,,,,,,,,,
,,,,,,,,,,,,,,"Lead","1",,,,,,,,,,
,,,,,,,,,,,,,,"Lead 206","1",,,,,,,,,,
,,,,,,,,,,,,,,"Lead 207","1",,,,,,,,,,
,,,,,,,,,,,,,,"Litter","1",,,,,,,,,,
,,,,,,,,,,,,,,"Mating Success","1",,,,,,,,,,
,,,,,,,,,,,,,,"Metal Emissions","1",,,,,,,,,,
,,,,,,,,,,,,,,"Microcosms","1",,,,,,,,,,
,,,,,,,,,,,,,,"Microorganisms","1",,,,,,,,,,
,,,,,,,,,,,,,,"Nitrogen","1",,,,,,,,,,
,,,,,,,,,,,,,,"Nitrogen Fixation","1",,,,,,,,,,
,,,,,,,,,,,,,,"Noise","1",,,,,,,,,,
,,,,,,,,,,,,,,"Nutrient Cycling","1",,,,,,,,,,
,,,,,,,,,,,,,,"Odor","1",,,,,,,,,,
,,,,,,,,,,,,,,"Ontario","1",,,,,,,,,,
,,,,,,,,,,,,,,"Ovenbird","1",,,,,,,,,,
,,,,,,,,,,,,,,"Pair Bond","1",,,,,,,,,,
,,,,,,,,,,,,,,"Pairing Success","1",,,,,,,,,,
,,,,,,,,,,,,,,"Paleoecology","1",,,,,,,,,,
,,,,,,,,,,,,,,"Passerine","1",,,,,,,,,,
,,,,,,,,,,,,,,"Porewater","1",,,,,,,,,,
,,,,,,,,,,,,,,"Recycling","1",,,,,,,,,,
,,,,,,,,,,,,,,"Scaled Chrysophytes","1",,,,,,,,,,
,,,,,,,,,,,,,,"Sediment","1",,,,,,,,,,
,,,,,,,,,,,,,,"Sediments","1",,,,,,,,,,
,,,,,,,,,,,,,,"Seed","1",,,,,,,,,,
,,,,,,,,,,,,,,"Seiurus","1",,,,,,,,,,
,,,,,,,,,,,,,,"Seiurus Aurocapillus","1",,,,,,,,,,
,,,,,,,,,,,,,,"Smelter","1",,,,,,,,,,
,,,,,,,,,,,,,,"Smelting","1",,,,,,,,,,
,,,,,,,,,,,,,,"Soil Fauna","1",,,,,,,,,,
,,,,,,,,,,,,,,"Soils","1",,,,,,,,,,
,,,,,,,,,,,,,,"Song","1",,,,,,,,,,
,,,,,,,,,,,,,,"Synura","1",,,,,,,,,,
,,,,,,,,,,,,,,"Synura Petersenii","1",,,,,,,,,,
,,,,,,,,,,,,,,"Taste","1",,,,,,,,,,
,,,,,,,,,,,,,,"Taste And Odour","1",,,,,,,,,,
,,,,,,,,,,,,,,"Trend Analysis","1",,,,,,,,,,
,,,,,,,,,,,,,,"Unclassified Drug","1",,,,,,,,,,
,,,,,,,,,,,,,,"United States","1",,,,,,,,,,
,,,,,,,,,,,,,,"Water Management","1",,,,,,,,,,
,,,,,,,,,,,,,,"Water Quality","1",,,,,,,,,,
,,,,,,,,,,,,,,"Water Sampling","1",,,,,,,,,,
,,,,,,,,,,,,,,"Water Supply","1",,,,,,,,,,
,,,,,,,,,,,,,,,,,,,,,,,,,
,,,,,,,,,,,,,,,,,,,,,,,,,
,,,,,,,,,,,,,,,,,,,,,,,,,
,,,,,,,,,,,,,,,,,,,,,,,,,
,,,,,,,,,,,,,,,,,,,,,,,,,
,,,,,,,,,,,,,,,,,,,,,,,,,
,,,,,,,,,,,,,,,,,,,,,,,,,
,,,,,,,,,,,,,,,,,,,,,,,,,
,,,,,,,,,,,,,,,,,,,,,,,,,
,,,,,,,,,,,,,,,,,,,,,,,,,
,,,,,,,,,,,,,,,,,,,,,,,,,
,,,,,,,,,,,,,,,,,,,,,,,,,
,,,,,,,,,,,,,,,,,,,,,,,,,
,,,,,,,,,,,,,,,,,,,,,,,,,
,,,,,,,,,,,,,,,,,,,,,,,,,
,,,,,,,,,,,,,,,,,,,,,,,,,
,,,,,,,,,,,,,,,,,,,,,,,,,
,,,,,,,,,,,,,,,,,,,,,,,,,
,,,,,,,,,,,,,,,,,,,,,,,,,
,,,,,,,,,,,,,,,,,,,,,,,,,
,,,,,,,,,,,,,,,,,,,,,,,,,
,,,,,,,,,,,,,,,,,,,,,,,,,
,,,,,,,,,,,,,,,,,,,,,,,,,
,,,,,,,,,,,,,,,,,,,,,,,,,
,,,,,,,,,,,,,,,,,,,,,,,,,
,,,,,,,,,,,,,,,,,,,,,,,,,
,,,,,,,,,,,,,,,,,,,,,,,,,
,,,,,,,,,,,,,,,,,,,,,,,,,
,,,,,,,,,,,,,,,,,,,,,,,,,
,,,,,,,,,,,,,,,,,,,,,,,,,
,,,,,,,,,,,,,,,,,,,,,,,,,
,,,,,,,,,,,,,,,,,,,,,,,,,
,,,,,,,,,,,,,,,,,,,,,,,,,
,,,,,,,,,,,,,,,,,,,,,,,,,
,,,,,,,,,,,,,,,,,,,,,,,,,
,,,,,,,,,,,,,,,,,,,,,,,,,
,,,,,,,,,,,,,,,,,,,,,,,,,
,,,,,,,,,,,,,,,,,,,,,,,,,
,,,,,,,,,,,,,,,,,,,,,,,,,
,,,,,,,,,,,,,,,,,,,,,,,,,
,,,,,,,,,,,,,,,,,,,,,,,,,
,,,,,,,,,,,,,,,,,,,,,,,,,
,,,,,,,,,,,,,,,,,,,,,,,,,
,,,,,,,,,,,,,,,,,,,,,,,,,
,,,,,,,,,,,,,,,,,,,,,,,,,
,,,,,,,,,,,,,,,,,,,,,,,,,
,,,,,,,,,,,,,,,,,,,,,,,,,
,,,,,,,,,,,,,,,,,,,,,,,,,
,,,,,,,,,,,,,,,,,,,,,,,,,
,,,,,,,,,,,,,,,,,,,,,,,,,
,,,,,,,,,,,,,,,,,,,,,,,,,
,,,,,,,,,,,,,,,,,,,,,,,,,
,,,,,,,,,,,,,,,,,,,,,,,,,
,,,,,,,,,,,,,,,,,,,,,,,,,
,,,,,,,,,,,,,,,,,,,,,,,,,
,,,,,,,,,,,,,,,,,,,,,,,,,
,,,,,,,,,,,,,,,,,,,,,,,,,
,,,,,,,,,,,,,,,,,,,,,,,,,
,,,,,,,,,,,,,,,,,,,,,,,,,
