﻿Scopus refine results values

"Your query : ((TITLE-ABS-KEY((Boreal OR {James Bay} OR James-Bay OR {Clay Belt} OR {canadian shield}) AND (Canada OR Quebec OR Ontario OR newfoundland OR Alberta OR British-Columbia) ) AND PUBYEAR > 1999 AND PUBYEAR < 2020) AND (TITLE-ABS-KEY(Harvest* OR Logging OR Cut OR Clear-cut  OR Clearcut OR {Clear Cut}) AND PUBYEAR > 1999 AND PUBYEAR < 2020) AND (TITLE-ABS-KEY(Predat* ) AND PUBYEAR > 1999 AND PUBYEAR < 2020))"


Number of results : 66

"ACCESS TYPE",,"YEAR",,"AUTHOR NAME",,"SUBJECT AREA",,"DOCUMENT TYPE",,"PUBLICATION STAGE",,"SOURCE TITLE",,"KEYWORD",,"AFFILIATION",,"FUNDING SPONSOR",,"COUNTRY",,"SOURCE TYPE",,"LANGUAGE",
"Open Access","11","2019","5","Fortin, D.","10","Agricultural and Biological Sciences","58","Article","62","final","66","Forest Ecology And Management","9","Canada","49","Université Laval","19","Natural Sciences and Engineering Research Council of Canada","20","Canada","65","Journals","64","English","66"
"Other","55","2018","3","Courtois, R.","9","Biochemistry, Genetics and Molecular Biology","2","Book Chapter","2",,,"Canadian Journal Of Forest Research","7","Boreal Forest","37","University of Alberta","16","Alberta Conservation Association","4","United States","5","Books","2","French","1"
,,"2017","4","Dussault, C.","7","Earth and Planetary Sciences","2","Review","2",,,"Canadian Field Naturalist","4","Forestry","22","Université du Québec à Rimouski","14","MinistÃ¨re des Ressources Naturelles et de la Faune","4","Argentina","2",,,,
,,"2015","1","Ouellet, J.P.","6","Environmental Science","44",,,,,"Journal Of Wildlife Management","4","Harvesting","15","Ministère de l‘Energie et des Ressources naturelles du Québec","14","Government of Alberta","3","New Zealand","2",,,,
,,"2014","7","St-Laurent, M.H.","6","Immunology and Microbiology","2",,,,,"Ecoscience","3","North America","15","Canadian Forest Service","7","Natural Resources Canada","3","Norway","2",,,,
,,"2013","8","Courbin, N.","4","Medicine","1",,,,,"Biological Conservation","2","Quebec [Canada]","15","Environment Canada","4","W. Garfield Weston Foundation","3","United Kingdom","2",,,,
,,"2012","4","Langor, D.W.","4","Multidisciplinary","2",,,,,"Canadian Journal Of Zoology","2","Forest Management","14","University of Calgary","4","Polar Knowledge Canada","2","Bangladesh","1",,,,
,,"2011","2","Spence, J.R.","4","Social Sciences","2",,,,,"Ecology","2","Ecosystems","13","University of Saskatchewan","4","University of Alberta","2","China","1",,,,
,,"2010","5","Boutin, S.","3",,,,,,,"Ecology And Evolution","2","Rangifer Tarandus","13","University of Toronto","4","Wildlife Conservation Society","2","Germany","1",,,,
,,"2009","3","Côté, S.D.","3",,,,,,,"Forestry Chronicle","2","Animals","12","Northern Forestry Centre","4","Alberta Biodiversity Monitoring Institute","1","Israel","1",,,,
,,"2008","3","Darveau, M.","3",,,,,,,"Landscape Ecology","2","Habitat Selection","12","University of Montreal","3","Alberta Innovates - Technology Futures","1","Mexico","1",,,,
,,"2007","4","Dussault, C.","3",,,,,,,"Plos One","2","Article","11","The University of British Columbia","3","BC Oil and Gas Research and Innovation Society","1","Netherlands","1",,,,
,,"2006","1","Lee, S.I.","3",,,,,,,"Avian Conservation And Ecology","1","Deer","11","Ontario Ministry of Natural Resources","3","Canadian Association of Petroleum Producers","1",,,,,,
,,"2005","6","Malcolm, J.R.","3",,,,,,,"Basic And Applied Ecology","1","Predation","11","University of Guelph","3","Canadian Forest Service","1",,,,,,
,,"2004","5","Barclay, R.M.R.","2",,,,,,,"Biodiversity And Conservation","1","Rangifer Tarandus Caribou","11","Natural Resources Canada","3","Canadian Natural Resources Limited","1",,,,,,
,,"2003","1","Beauchesne, D.","2",,,,,,,"Biology Of Rove Beetles Staphylinidae Life History Evolution Ecology And Distribution","1","Animalia","9","Lakehead University","3","Concordia University","1",,,,,,
,,"2000","4","Bellocq, M.I.","2",,,,,,,"Bulletin Of The Geological Survey Of Canada","1","Canidae","9","Universidad de Buenos Aires","2","ConocoPhillips","1",,,,,,
,,,,"Boulet, M.","2",,,,,,,"Ecography","1","Habitat Use","9","Fisheries and Oceans Canada","2","Dairy Management","1",,,,,,
,,,,"Boutin, S.","2",,,,,,,"Ecological Applications","1","Animal","8","University of Montana","2","Environment Canada","1",,,,,,
,,,,"Deans, A.M.","2",,,,,,,"Ecological Complexity","1","Forest Harvesting","8","Trent University","2","Fonds QuÃ©bÃ©cois de la Recherche sur la Nature et les Technologies","1",,,,,,
,,,,"Hebblewhite, M.","2",,,,,,,"Ecological Monographs","1","Logging (timber)","8","McMaster University","2","Government of Canada","1",,,,,,
,,,,"Hébert, C.","2",,,,,,,"Ecosphere","1","Picea","8","Concordia University","2","Lakehead University","1",,,,,,
,,,,"Jaeger, J.A.G.","2",,,,,,,"Environmental Entomology","1","Quebec","8","Government of the Northwest Territories","2","Ministry of Natural Resources","1",,,,,,
,,,,"Jung, T.S.","2",,,,,,,"Environmental Toxicology And Chemistry","1","Abundance","7","Government of Yukon","2","Mitacs","1",,,,,,
,,,,"Krebs, C.J.","2",,,,,,,"Evolutionary Ecology Research","1","Alberta","7","Alberta Conservation Association","2","National Aeronautics and Space Administration","1",,,,,,
,,,,"Musiani, M.","2",,,,,,,"Food And Waterborne Parasitology","1","Biodiversity","7","Institut des sciences de la mer de Rimouski","2","Parks Canada","1",,,,,,
,,,,"Quellet, J.P.","2",,,,,,,"Global Change Biology","1","Canid","7","Gros Morne National Park of Canada","1","Petroleum Technology Alliance Canada","1",,,,,,
,,,,"Reid, M.L.","2",,,,,,,"Global Ecology And Conservation","1","Canis Lupus","7","Ernst Environmental Services","1","Shell","1",,,,,,
,,,,"Smith, S.M.","2",,,,,,,"Journal Of Animal Ecology","1","Conservation","7","Wildlife Conservation Society Canada","1","University of Calgary","1",,,,,,
,,,,"Thomas, J.P.","2",,,,,,,"Journal Of Wildlife Diseases","1","Lepus Americanus","7","Kejimkujik National Park and National Historic Site","1","University of Montana","1",,,,,,
,,,,"Archambault, P.","1",,,,,,,"Oecologia","1","Population Dynamics","7","Asian University for Women","1","UniversitÃ© Laval","1",,,,,,
,,,,"Barnes, D.M.","1",,,,,,,"Progress In Oceanography","1","Alces Alces","6","Enhancement Branch","1","World Wildlife Fund","1",,,,,,
,,,,"Bayne, E.M.","1",,,,,,,"Soil Biology And Biochemistry","1","Anthropogenic Effect","6","ConocoPhillips Canada","1","fRI Research","1",,,,,,
,,,,"Beaudoin, C.","1",,,,,,,"Wildlife Biology","1","Canis Familiaris","6","fRI Research","1","Undefined","40",,,,,,
,,,,"Belanger, L.","1",,,,,,,"Wildlife Research","1","Clearcutting","6","Eco Modelling Ltd","1",,,,,,,,
,,,,"Bertrand, N.","1",,,,,,,"Wilson Journal Of Ornithology","1","Coniferous Tree","6","University of Alberta c/o Yukon Research Centre","1",,,,,,,,
,,,,"Birkigt, D.A.","1",,,,,,,"Woodlands Ecology Management And Conservation","1","Female","6","USDA ARS Beltsville Agricultural Research Center","1",,,,,,,,
,,,,"Boan, J.J.","1",,,,,,,,,"Forest Ecosystem","6","McGill University","1",,,,,,,,
,,,,"Bois, G.","1",,,,,,,,,"Habitat Fragmentation","6","Great Lakes Forestry Centre","1",,,,,,,,
,,,,"Boisjoly, D.","1",,,,,,,,,"Home Range","6","University of Victoria","1",,,,,,,,
,,,,"Bouchard, A.","1",,,,,,,,,"Lagomorph","6","Universite du Quebec en Abitibi-Temiscamingue","1",,,,,,,,
,,,,"Branigan, M.","1",,,,,,,,,"Physiology","6","Manitoba Hydro","1",,,,,,,,
,,,,"Brattey, J.","1",,,,,,,,,"Picea Glauca","6","Geological Survey of Canada Calgary","1",,,,,,,,
,,,,"Briand, Y.","1",,,,,,,,,"Predation Risk","6","Tel Aviv University","1",,,,,,,,
,,,,"Brodeur, V.","1",,,,,,,,,"Western Hemisphere","6","Freshwater Institute, Fisheries and Oceans Canada","1",,,,,,,,
,,,,"Brook, R.W.","1",,,,,,,,,"World","6","Washington University in St. Louis","1",,,,,,,,
,,,,"Brousseau, P.M.","1",,,,,,,,,"Beetle","5","Universitetet i Oslo","1",,,,,,,,
,,,,"Brunke, A.J.","1",,,,,,,,,"Boreal Forests","5","Western University","1",,,,,,,,
,,,,"Carignan, R.","1",,,,,,,,,"Caribou","5","Université de Sherbrooke","1",,,,,,,,
,,,,"Carrière, S.","1",,,,,,,,,"Coleoptera","5","Universität Bielefeld","1",,,,,,,,
,,,,"Clark, R.G.","1",,,,,,,,,"Forests","5","Dalhousie University","1",,,,,,,,
,,,,"Cloutier, C.","1",,,,,,,,,"GPS","5","University of Otago","1",,,,,,,,
,,,,"Cogliastro, A.","1",,,,,,,,,"Habitat Quality","5","Manaaki Whenua - Landcare Research","1",,,,,,,,
,,,,"Couturier, S.","1",,,,,,,,,"Human Activity","5","Geological Survey of Canada Vancouver","1",,,,,,,,
,,,,"Crins, W.J.","1",,,,,,,,,"Logging","5","Memorial University of Newfoundland","1",,,,,,,,
,,,,"Crête, M.","1",,,,,,,,,"Male","5","Chinese Academy of Sciences","1",,,,,,,,
,,,,"Darmon, G.","1",,,,,,,,,"Nest Predation","5","Agriculture et Agroalimentaire Canada","1",,,,,,,,
,,,,"De Bellefeuille, S.","1",,,,,,,,,"Picea Mariana","5","University of Montana College of Forestry and Conservation","1",,,,,,,,
,,,,"DeMars, C.A.","1",,,,,,,,,"Population Density","5","Université du Québec à Chicoutimi","1",,,,,,,,
,,,,"Dickie, M.","1",,,,,,,,,"Predator-prey Interaction","5","Netherlands Institute of Ecology","1",,,,,,,,
,,,,"Dubey, J.P.","1",,,,,,,,,"Rodent","5","University of St Andrews","1",,,,,,,,
,,,,"Duncan, D.C.","1",,,,,,,,,"Silviculture","5","University of Central Florida","1",,,,,,,,
,,,,"Díaz-Aguilar, I.","1",,,,,,,,,"Trees","5","Havforskningsinstituttet","1",,,,,,,,
,,,,"Elkie, P.C.","1",,,,,,,,,"Wildlife Management","5","University of Alaska Museum of the North","1",,,,,,,,
,,,,"Elkin, B.","1",,,,,,,,,"Winter","5","Northwest Atlantic Fisheries Centre, Fisheries and Oceans Canada","1",,,,,,,,
,,,,"Ernst, J.","1",,,,,,,,,"Wolves","5","IBM Haifa Labs","1",,,,,,,,
,,,,"Etcheverry, P.","1",,,,,,,,,"Aves","4","University of Edinburgh","1",,,,,,,,
,,,,"Faille, G.","1",,,,,,,,,"Climate Change","4","University of Chinese Academy of Sciences","1",,,,,,,,
,,,,"Fargeot, V.","1",,,,,,,,,"Coniferophyta","4","Agence de la santé publique du Canada","1",,,,,,,,
,,,,"Ferguson, S.H.","1",,,,,,,,,"Conservation Planning","4","Université du Québec à Montréal","1",,,,,,,,
,,,,"Ferron, J.","1",,,,,,,,,"Disturbance","4","Institute of Zoology Chinese Academy of Sciences","1",,,,,,,,
,,,,"Festa-Bianchet, M.","1",,,,,,,,,"Ecosystem","4","INRS- Centre Eau, Terre &amp; Environnement","1",,,,,,,,
,,,,"Finnegan, L.","1",,,,,,,,,"Endangered Species","4","Applied Mammal Research Institute","1",,,,,,,,
,,,,"Flemming, S.P.","1",,,,,,,,,"Environmental Disturbance","4","University of Idaho","1",,,,,,,,
,,,,"Fletcher, Q.E.","1",,,,,,,,,"Fires","4","McGill University, Macdonald Campus","1",,,,,,,,
,,,,"Fryxell, J.M.","1",,,,,,,,,"Foraging Behavior","4","Alberta Sustainable Resource Development","1",,,,,,,,
,,,,"Garcia, E.","1",,,,,,,,,"Habitat Management","4","Government of British Columbia","1",,,,,,,,
,,,,"Gingras, A.","1",,,,,,,,,"Hypothesis Testing","4","Ministry of Forests and Range","1",,,,,,,,
,,,,"Glaz, P.","1",,,,,,,,,"Insects","4","Ducks Unlimited Canada","1",,,,,,,,
,,,,"Godson, D.L.","1",,,,,,,,,"Lepus","4","MSES Inc., Canada","1",,,,,,,,
,,,,"Grindal, S.","1",,,,,,,,,"Lynx","4",,,,,,,,,,
,,,,"Gunn, A.","1",,,,,,,,,"Lynx Canadensis","4",,,,,,,,,,
,,,,"Gunn, E.A.","1",,,,,,,,,"Nonhuman","4",,,,,,,,,,
,,,,"Hammond, H.E.J.","1",,,,,,,,,"Population Decline","4",,,,,,,,,,
,,,,"Hannon, S.J.","1",,,,,,,,,"Predator","4",,,,,,,,,,
,,,,"Hicock, S.R.","1",,,,,,,,,"Saproxylic Beetles","4",,,,,,,,,,
,,,,"Hidding, B.","1",,,,,,,,,"Snowshoe Hare","4",,,,,,,,,,
,,,,"Hines, J.E.","1",,,,,,,,,"Species Richness","4",,,,,,,,,,
,,,,"Hodson, J.","1",,,,,,,,,"Tamiasciurus Hudsonicus","4",,,,,,,,,,
,,,,"Holme, P.J.","1",,,,,,,,,"Timber Harvesting","4",,,,,,,,,,
,,,,"Houle, M.","1",,,,,,,,,"Wildfire","4",,,,,,,,,,
,,,,"Humphries, M.M.","1",,,,,,,,,"Aggregated Retention","3",,,,,,,,,,
,,,,"Imbeau, L.","1",,,,,,,,,"Animal Behavior","3",,,,,,,,,,
,,,,"Jackson, L.E.","1",,,,,,,,,"Artificial Nests","3",,,,,,,,,,
,,,,"Jenkins, E.","1",,,,,,,,,"Behavior, Animal","3",,,,,,,,,,
,,,,"Johnson, C.A.","1",,,,,,,,,"Body Size","3",,,,,,,,,,
,,,,"Klimaszewski, J.","1",,,,,,,,,"Canadian Boreal Forest","3",,,,,,,,,,
,,,,"Kneteman, J.","1",,,,,,,,,"Canis","3",,,,,,,,,,
,,,,"Komers, P.E.","1",,,,,,,,,"Coarse Woody Debris","3",,,,,,,,,,
,,,,"Kuzyk, G.W.","1",,,,,,,,,"Community Response","3",,,,,,,,,,
,,,,"Lamontagne, J.M.","1",,,,,,,,,"Connectivity","3",,,,,,,,,,
,,,,"Lamoureux, J.","1",,,,,,,,,"Conservation Of Natural Resources","3",,,,,,,,,,
,,,,"Lane, J.E.","1",,,,,,,,,"Dominance","3",,,,,,,,,,
,,,,"Lankau, H.E.","1",,,,,,,,,"Ecology","3",,,,,,,,,,
,,,,"Larter, N.C.","1",,,,,,,,,"Edge Effect","3",,,,,,,,,,
,,,,"Latham, A.D.M.","1",,,,,,,,,"Felid","3",,,,,,,,,,
,,,,"Latham, M.C.","1",,,,,,,,,"Fire","3",,,,,,,,,,
,,,,"LeBlanc, M.L.","1",,,,,,,,,"Food Availability","3",,,,,,,,,,
,,,,"Leboe, E.R.","1",,,,,,,,,"Forest","3",,,,,,,,,,
,,,,"Leclerc, M.","1",,,,,,,,,"Hare","3",,,,,,,,,,
,,,,"Lemaître, J.","1",,,,,,,,,"Lakes","3",,,,,,,,,,
,,,,"Lesmerises, F.","1",,,,,,,,,"Landscape","3",,,,,,,,,,
,,,,"Lilly, G.R.","1",,,,,,,,,"Logging (forestry)","3",,,,,,,,,,
,,,,"Little, E.C.","1",,,,,,,,,"Mammals","3",,,,,,,,,,
,,,,"Légaré, J.P.","1",,,,,,,,,"Moose","3",,,,,,,,,,
,,,,"MacDonald, D.","1",,,,,,,,,"Mortality","3",,,,,,,,,,
,,,,"MacNearney, D.","1",,,,,,,,,"Nitrogen","3",,,,,,,,,,
,,,,"Macdonald, E.","1",,,,,,,,,"Ontario","3",,,,,,,,,,
,,,,"Macdonald, S.E.","1",,,,,,,,,"Ontario [Canada]","3",,,,,,,,,,
,,,,"Machtans, C.S.","1",,,,,,,,,"Population Cycles","3",,,,,,,,,,
,,,,"Marceau, D.J.","1",,,,,,,,,"Predatory Behavior","3",,,,,,,,,,
,,,,"Marshall, J.D.","1",,,,,,,,,"Regression Analysis","3",,,,,,,,,,
,,,,"Martell, D.L.","1",,,,,,,,,"Retention","3",,,,,,,,,,
,,,,"Martin, A.B.","1",,,,,,,,,"Roads","3",,,,,,,,,,
,,,,"Mazerolle, M.J.","1",,,,,,,,,"Saproxylic Organism","3",,,,,,,,,,
,,,,"McLaren, B.E.","1",,,,,,,,,"Sciuridae","3",,,,,,,,,,
,,,,"McLoughlin, P.D.","1",,,,,,,,,"Seed Predation","3",,,,,,,,,,
,,,,"Mcadam, A.G.","1",,,,,,,,,"Space Use","3",,,,,,,,,,
,,,,"Merrill, E.","1",,,,,,,,,"Ungulate","3",,,,,,,,,,
,,,,"Messier, F.","1",,,,,,,,,"Ursus Americanus","3",,,,,,,,,,
,,,,"Michelot, T.","1",,,,,,,,,"White Spruce","3",,,,,,,,,,
,,,,"Morris, D.W.","1",,,,,,,,,"Woodland","3",,,,,,,,,,
,,,,"Moses, R.A.","1",,,,,,,,,"Woodland Caribou","3",,,,,,,,,,
,,,,"Muhly, T.B.","1",,,,,,,,,"Yukon Territory","3",,,,,,,,,,
,,,,"Mulders, R.","1",,,,,,,,,"Abies","2",,,,,,,,,,
,,,,"Murray, D.L.","1",,,,,,,,,"Abies Balsamea","2",,,,,,,,,,
,,,,"Nakken, O.","1",,,,,,,,,"Anticosti Island","2",,,,,,,,,,
,,,,"Neilson, E.W.","1",,,,,,,,,"Apparent Competition","2",,,,,,,,,,
,,,,"Nelson, F.E.N.","1",,,,,,,,,"Bear","2",,,,,,,,,,
,,,,"Nickerson, D.M.","1",,,,,,,,,"Behavioral Response","2",,,,,,,,,,
,,,,"Nozais, C.","1",,,,,,,,,"Biodiversity Conservation","2",,,,,,,,,,
,,,,"Nudds, T.D.","1",,,,,,,,,"Biotelemetry","2",,,,,,,,,,
,,,,"Ogden, N.H.","1",,,,,,,,,"Bird","2",,,,,,,,,,
,,,,"Paquet, P.C.","1",,,,,,,,,"Black Spruce","2",,,,,,,,,,
,,,,"Paquette, A.","1",,,,,,,,,"British Columbia","2",,,,,,,,,,
,,,,"Parker, S.","1",,,,,,,,,"Browsing","2",,,,,,,,,,
,,,,"Patterson, B.R.","1",,,,,,,,,"Canada Lynx","2",,,,,,,,,,
,,,,"Peters, S.","1",,,,,,,,,"Canadian Shield","2",,,,,,,,,,
,,,,"Peters, S.H.","1",,,,,,,,,"Carbon","2",,,,,,,,,,
,,,,"Pigeon, K.E.","1",,,,,,,,,"Cervidae","2",,,,,,,,,,
,,,,"Pinard, V.","1",,,,,,,,,"Conservation Management","2",,,,,,,,,,
,,,,"Pinzon, J.","1",,,,,,,,,"Controlled Study","2",,,,,,,,,,
,,,,"Pongracz, J.","1",,,,,,,,,"Coturnix Coturnix","2",,,,,,,,,,
,,,,"Pothier, D.","1",,,,,,,,,"Coyote","2",,,,,,,,,,
,,,,"Potvin, F.","1",,,,,,,,,"Dead Wood","2",,,,,,,,,,
,,,,"Poulin, M.B.","1",,,,,,,,,"Demography","2",,,,,,,,,,
,,,,"Quideau, S.A.","1",,,,,,,,,"Diet","2",,,,,,,,,,
,,,,"Ray, J.C.","1",,,,,,,,,"Dispersed Retention","2",,,,,,,,,,
,,,,"Rettie, W.J.","1",,,,,,,,,"Environmental Gradient","2",,,,,,,,,,
,,,,"Richer, M.C.","1",,,,,,,,,"Environmental Monitoring","2",,,,,,,,,,
