﻿Scopus refine results values

"Your query : ((TITLE-ABS-KEY((Boreal OR {James Bay} OR James-Bay OR {Clay Belt} OR {canadian shield}) AND (Canada OR Quebec OR Ontario OR newfoundland OR Alberta OR British-Columbia) ) AND PUBYEAR > 1999 AND PUBYEAR < 2020) AND (TITLE-ABS-KEY(Contamination OR Contaminant OR Pollut* OR  {acid rain} OR {nitrogen deposition} ) AND PUBYEAR > 1999 AND PUBYEAR < 2020) AND (TITLE-ABS-KEY(traffic OR  crowd*  OR {Human presence} OR Cabin OR {land users} OR recreation*)))"


Number of results : 6

"ACCESS TYPE",,"YEAR",,"AUTHOR NAME",,"SUBJECT AREA",,"DOCUMENT TYPE",,"PUBLICATION STAGE",,"SOURCE TITLE",,"KEYWORD",,"AFFILIATION",,"FUNDING SPONSOR",,"COUNTRY",,"SOURCE TYPE",,"LANGUAGE",
"Open Access","2","2019","1","Ashe, E.","1","Agricultural and Biological Sciences","2","Article","6","final","6","Applied Geochemistry","1","Canada","5","University of Ottawa, Canada","2","Natural Sciences and Engineering Research Council of Canada","2","Canada","5","Journals","6","English","6"
"Other","4","2017","1","Blais, J.M.","1","Biochemistry, Genetics and Molecular Biology","1",,,,,"Behavioral Ecology","1","Article","3","Provincetown Center for Coastal Studies","1","Environment and Climate Change Canada","1","Australia","1",,,,
,,"2016","1","Eickmeyer, D.C.","1","Earth and Planetary Sciences","1",,,,,"International Journal Of Circumpolar Health","1","Boreal Forest","3","Uppsala Universitet","1","Memorial University of Newfoundland","1","Sweden","1",,,,
,,"2015","1","Erbe, C.","1","Environmental Science","3",,,,,"Journal Of Environmental Radioactivity","1","Environmental Monitoring","3","University of Manitoba","1","Undefined","4","United Kingdom","1",,,,
,,"2014","1","Ethier, J.P.","1","Medicine","1",,,,,"Plos One","1","Analysis","2","University of Waterloo","1",,,"United States","1",,,,
,,"2010","1","Hennigar, B.","1","Multidisciplinary","1",,,,,"Science Of The Total Environment","1","Animalia","2","University of Toronto","1",,,,,,,,
,,,,"Kimpe, L.E.","1","Social Sciences","1",,,,,,,"Animals","2","Geological Survey of Canada","1",,,,,,,,
,,,,"Klimenko, E.","1",,,,,,,,,"Arctic","2","Memorial University of Newfoundland","1",,,,,,,,
,,,,"Korosi, J.B.","1",,,,,,,,,"Controlled Study","2","University of St Andrews","1",,,,,,,,
,,,,"Liberda, E.N.","1",,,,,,,,,"Noise Pollution","2","Ryerson University","1",,,,,,,,
,,,,"Long, J.M.","1",,,,,,,,,"Nonhuman","2","Curtin University","1",,,,,,,,
,,,,"Outridge, P.M.","1",,,,,,,,,"Northwest Territories","2","Government of the Northwest Territories","1",,,,,,,,
,,,,"Palmer, M.J.","1",,,,,,,,,"Population Distribution","2","ECOMatters Inc","1",,,,,,,,
,,,,"Reyes, E.S.","1",,,,,,,,,"Roads And Streets","2",,,,,,,,,,
,,,,"Sandilands, D.","1",,,,,,,,,"Sediment","2",,,,,,,,,,
,,,,"Sanipelli, B.","1",,,,,,,,,"Snow","2",,,,,,,,,,
,,,,"Sheppard, S.C.","1",,,,,,,,,"Transportation","2",,,,,,,,,,
,,,,"Thienpont, J.R.","1",,,,,,,,,"Tundra","2",,,,,,,,,,
,,,,"Tsuji, L.J.S.","1",,,,,,,,,"129 I","1",,,,,,,,,,
,,,,"Williams, R.","1",,,,,,,,,"36 Cl","1",,,,,,,,,,
,,,,"Wilson, D.R.","1",,,,,,,,,"Aboriginal Health","1",,,,,,,,,,
,,,,"Zdanowicz, C.","1",,,,,,,,,"Adverse Effects","1",,,,,,,,,,
,,,,"Zheng, J.","1",,,,,,,,,"Adverse Environmental Impacts","1",,,,,,,,,,
,,,,,,,,,,,,,,"Aerosols","1",,,,,,,,,,
,,,,,,,,,,,,,,"Air Pollutant","1",,,,,,,,,,
,,,,,,,,,,,,,,"Air Pollutants","1",,,,,,,,,,
,,,,,,,,,,,,,,"Alces","1",,,,,,,,,,
,,,,,,,,,,,,,,"Animal","1",,,,,,,,,,
,,,,,,,,,,,,,,"Animal Dispersal","1",,,,,,,,,,
,,,,,,,,,,,,,,"Animal Distribution","1",,,,,,,,,,
,,,,,,,,,,,,,,"Anthropogenic Effect","1",,,,,,,,,,
,,,,,,,,,,,,,,"Anthropogenic Light","1",,,,,,,,,,
,,,,,,,,,,,,,,"Anthropogenic Noise","1",,,,,,,,,,
,,,,,,,,,,,,,,"Anthropogenic Source","1",,,,,,,,,,
,,,,,,,,,,,,,,"Anthropogenic Sources","1",,,,,,,,,,
,,,,,,,,,,,,,,"Aquatic Ecosystems","1",,,,,,,,,,
,,,,,,,,,,,,,,"Aquatic Environment","1",,,,,,,,,,
,,,,,,,,,,,,,,"Arctic Ocean","1",,,,,,,,,,
,,,,,,,,,,,,,,"Arctic Regions","1",,,,,,,,,,
,,,,,,,,,,,,,,"Arctic Vehicles","1",,,,,,,,,,
,,,,,,,,,,,,,,"Aromatic Compounds","1",,,,,,,,,,
,,,,,,,,,,,,,,"Assessment","1",,,,,,,,,,
,,,,,,,,,,,,,,"Atmospheric Deposition","1",,,,,,,,,,
,,,,,,,,,,,,,,"Atmospheric Depositions","1",,,,,,,,,,
,,,,,,,,,,,,,,"Atmospheric Movements","1",,,,,,,,,,
,,,,,,,,,,,,,,"Audiography","1",,,,,,,,,,
,,,,,,,,,,,,,,"Aves","1",,,,,,,,,,
,,,,,,,,,,,,,,"Beaufort Sea","1",,,,,,,,,,
,,,,,,,,,,,,,,"Bird","1",,,,,,,,,,
,,,,,,,,,,,,,,"Birdsong","1",,,,,,,,,,
,,,,,,,,,,,,,,"Blueberry","1",,,,,,,,,,
,,,,,,,,,,,,,,"Blueberry Plant","1",,,,,,,,,,
,,,,,,,,,,,,,,"Boreal Forests","1",,,,,,,,,,
,,,,,,,,,,,,,,"Branta Canadensis","1",,,,,,,,,,
,,,,,,,,,,,,,,"Breeding Season","1",,,,,,,,,,
,,,,,,,,,,,,,,"British Columbia","1",,,,,,,,,,
,,,,,,,,,,,,,,"Cervidae","1",,,,,,,,,,
,,,,,,,,,,,,,,"Cervus Elaphus","1",,,,,,,,,,
,,,,,,,,,,,,,,"Chemical Composition","1",,,,,,,,,,
,,,,,,,,,,,,,,"Chemical Contamination","1",,,,,,,,,,
,,,,,,,,,,,,,,"Chemistry","1",,,,,,,,,,
,,,,,,,,,,,,,,"Chlorine","1",,,,,,,,,,
,,,,,,,,,,,,,,"Chlorine 36","1",,,,,,,,,,
,,,,,,,,,,,,,,"Combustion","1",,,,,,,,,,
,,,,,,,,,,,,,,"Commercial Vehicles","1",,,,,,,,,,
,,,,,,,,,,,,,,"Comparative Study","1",,,,,,,,,,
,,,,,,,,,,,,,,"Computer Simulation","1",,,,,,,,,,
,,,,,,,,,,,,,,"Conservation Of Natural Resources","1",,,,,,,,,,
,,,,,,,,,,,,,,"DDT","1",,,,,,,,,,
,,,,,,,,,,,,,,"Deciduous Tree","1",,,,,,,,,,
,,,,,,,,,,,,,,"Deep Water","1",,,,,,,,,,
,,,,,,,,,,,,,,"Deer","1",,,,,,,,,,
,,,,,,,,,,,,,,"Deforestation","1",,,,,,,,,,
,,,,,,,,,,,,,,"Dendroica Coronata","1",,,,,,,,,,
,,,,,,,,,,,,,,"Diesel","1",,,,,,,,,,
,,,,,,,,,,,,,,"Diesel Emission","1",,,,,,,,,,
,,,,,,,,,,,,,,"Diesel Emissions","1",,,,,,,,,,
,,,,,,,,,,,,,,"Diesel Fuel","1",,,,,,,,,,
,,,,,,,,,,,,,,"Diet","1",,,,,,,,,,
,,,,,,,,,,,,,,"Disturbance","1",,,,,,,,,,
,,,,,,,,,,,,,,"Economic Activities","1",,,,,,,,,,
,,,,,,,,,,,,,,"Economic Geology","1",,,,,,,,,,
,,,,,,,,,,,,,,"Economics","1",,,,,,,,,,
,,,,,,,,,,,,,,"Ecotone","1",,,,,,,,,,
,,,,,,,,,,,,,,"Emission","1",,,,,,,,,,
,,,,,,,,,,,,,,"Environmental Assessment","1",,,,,,,,,,
,,,,,,,,,,,,,,"Environmental Exposure","1",,,,,,,,,,
,,,,,,,,,,,,,,"Environmental Factor","1",,,,,,,,,,
,,,,,,,,,,,,,,"Environmental Impact","1",,,,,,,,,,
,,,,,,,,,,,,,,"Environmental Pollution","1",,,,,,,,,,
,,,,,,,,,,,,,,"Environmental Protection","1",,,,,,,,,,
,,,,,,,,,,,,,,"Epidemiology","1",,,,,,,,,,
,,,,,,,,,,,,,,"Exhaust Gas","1",,,,,,,,,,
,,,,,,,,,,,,,,"Exposure","1",,,,,,,,,,
,,,,,,,,,,,,,,"Female","1",,,,,,,,,,
,,,,,,,,,,,,,,"Fire","1",,,,,,,,,,
,,,,,,,,,,,,,,"Fires","1",,,,,,,,,,
,,,,,,,,,,,,,,"Fish","1",,,,,,,,,,
,,,,,,,,,,,,,,"Fishes","1",,,,,,,,,,
,,,,,,,,,,,,,,"Food Chain","1",,,,,,,,,,
,,,,,,,,,,,,,,"Food Contamination","1",,,,,,,,,,
,,,,,,,,,,,,,,"Food Contamination, Radioactive","1",,,,,,,,,,
,,,,,,,,,,,,,,"Forest Fire","1",,,,,,,,,,
,,,,,,,,,,,,,,"Forestry","1",,,,,,,,,,
,,,,,,,,,,,,,,"Freshwater Sediment","1",,,,,,,,,,
,,,,,,,,,,,,,,"Game Animal","1",,,,,,,,,,
,,,,,,,,,,,,,,"Geese","1",,,,,,,,,,
,,,,,,,,,,,,,,"Geochemical Surveys","1",,,,,,,,,,
,,,,,,,,,,,,,,"Geologic Sediments","1",,,,,,,,,,
,,,,,,,,,,,,,,"Goose","1",,,,,,,,,,
,,,,,,,,,,,,,,"Hearing","1",,,,,,,,,,
,,,,,,,,,,,,,,"Hearing Acuity","1",,,,,,,,,,
,,,,,,,,,,,,,,"Human","1",,,,,,,,,,
,,,,,,,,,,,,,,"Human Impact (environment)","1",,,,,,,,,,
,,,,,,,,,,,,,,"Humans","1",,,,,,,,,,
,,,,,,,,,,,,,,"Iodine","1",,,,,,,,,,
,,,,,,,,,,,,,,"Iodine 129","1",,,,,,,,,,
,,,,,,,,,,,,,,"Iodine Radioisotopes","1",,,,,,,,,,
,,,,,,,,,,,,,,"Junco Hyemalis","1",,,,,,,,,,
,,,,,,,,,,,,,,"Killer Whale","1",,,,,,,,,,
,,,,,,,,,,,,,,"Labrador","1",,,,,,,,,,
,,,,,,,,,,,,,,"Lake Pollution","1",,,,,,,,,,
,,,,,,,,,,,,,,"Lake Water","1",,,,,,,,,,
,,,,,,,,,,,,,,"Lakes","1",,,,,,,,,,
,,,,,,,,,,,,,,"Landforms","1",,,,,,,,,,
,,,,,,,,,,,,,,"Lead","1",,,,,,,,,,
,,,,,,,,,,,,,,"Light Pollution","1",,,,,,,,,,
,,,,,,,,,,,,,,"Mackenzie River","1",,,,,,,,,,
,,,,,,,,,,,,,,"Macrophyte","1",,,,,,,,,,
,,,,,,,,,,,,,,"Male","1",,,,,,,,,,
,,,,,,,,,,,,,,"Marine Mammal","1",,,,,,,,,,
,,,,,,,,,,,,,,"Meat","1",,,,,,,,,,
,,,,,,,,,,,,,,"Meats","1",,,,,,,,,,
,,,,,,,,,,,,,,"Mercury","1",,,,,,,,,,
,,,,,,,,,,,,,,"Mercury (element)","1",,,,,,,,,,
,,,,,,,,,,,,,,"Mercury (metal)","1",,,,,,,,,,
,,,,,,,,,,,,,,"Metal","1",,,,,,,,,,
,,,,,,,,,,,,,,"Metals","1",,,,,,,,,,
,,,,,,,,,,,,,,"Meteorological Problems","1",,,,,,,,,,
,,,,,,,,,,,,,,"Microphone Array","1",,,,,,,,,,
,,,,,,,,,,,,,,"Mining Industry","1",,,,,,,,,,
,,,,,,,,,,,,,,"Minke Whale","1",,,,,,,,,,
,,,,,,,,,,,,,,"Moose","1",,,,,,,,,,
,,,,,,,,,,,,,,"Newfoundland And Labrador","1",,,,,,,,,,
,,,,,,,,,,,,,,"Noise, Transportation","1",,,,,,,,,,
,,,,,,,,,,,,,,"Nonparametric Test","1",,,,,,,,,,
,,,,,,,,,,,,,,"Nuclear Waste","1",,,,,,,,,,
,,,,,,,,,,,,,,"Nunavut","1",,,,,,,,,,
,,,,,,,,,,,,,,"Odocoileus Virginianus","1",,,,,,,,,,
,,,,,,,,,,,,,,"Ontario","1",,,,,,,,,,
,,,,,,,,,,,,,,"PAH","1",,,,,,,,,,
,,,,,,,,,,,,,,"Pacific Ocean","1",,,,,,,,,,
,,,,,,,,,,,,,,"Passeriformes","1",,,,,,,,,,
,,,,,,,,,,,,,,"Passerine","1",,,,,,,,,,
,,,,,,,,,,,,,,"Phoca","1",,,,,,,,,,
,,,,,,,,,,,,,,"Physiology","1",,,,,,,,,,
,,,,,,,,,,,,,,"Pollution","1",,,,,,,,,,
,,,,,,,,,,,,,,"Polychlorinated Biphenyl","1",,,,,,,,,,
,,,,,,,,,,,,,,"Polychlorinated Biphenyls","1",,,,,,,,,,
,,,,,,,,,,,,,,"Polycyclic Aromatic Compound","1",,,,,,,,,,
