﻿Scopus refine results values

"Your query : ((TITLE-ABS-KEY((Boreal OR {James Bay} OR James-Bay OR {Clay Belt} OR {canadian shield}) AND Quebec) AND PUBYEAR > 1999 AND PUBYEAR < 2020) AND (TITLE-ABS-KEY(Contamination OR Contaminant OR Pollut* OR  {acid rain} OR {nitrogen deposition} ) AND PUBYEAR > 1999 AND PUBYEAR < 2020) AND (TITLE-ABS-KEY(Water AND  (quality OR lake OR river OR stream)) AND PUBYEAR > 1999 AND PUBYEAR < 2020))"


Number of results : 21

"ACCESS TYPE",,"YEAR",,"AUTHOR NAME",,"SUBJECT AREA",,"DOCUMENT TYPE",,"PUBLICATION STAGE",,"SOURCE TITLE",,"KEYWORD",,"AFFILIATION",,"FUNDING SPONSOR",,"COUNTRY",,"SOURCE TYPE",,"LANGUAGE",
"Other","21","2018","1","Lucotte, M.","3","Agricultural and Biological Sciences","2","Article","20","final","21","Science Of The Total Environment","5","Canada","18","University of Montreal","7","Natural Sciences and Engineering Research Council of Canada","6","Canada","21","Journals","20","English","21"
,,"2017","2","Amyot, M.","2","Chemistry","3","Conference Paper","1",,,"Environmental Science And Technology","3","Article","12","Université du Québec à Montréal","7","Environment Canada","2","France","3","Conference Proceedings","1",,
,,"2015","1","Bondu, R.","2","Earth and Planetary Sciences","4",,,,,"Applied Geochemistry","2","Environmental Monitoring","11","Environment Canada","5","Fonds QuÃ©bÃ©cois de la Recherche sur la Nature et les Technologies","2","Finland","1",,,,
,,"2014","4","Cloutier, V.","2","Environmental Science","18",,,,,"Geochimica Et Cosmochimica Acta","2","Quebec","11","Le réseau de l'Université du Québec","3","Foundation for Community Association Research","2","Germany","1",,,,
,,"2012","2","Cossa, D.","2","Medicine","1",,,,,"Air And Waste Management Association 1st International Greenhouse Gas Measurement Symposium 2009","1","Quebec [Canada]","11","Hydro-Quebec","3","Hydro-QuÃ©bec","2","Spain","1",,,,
,,"2010","1","Couillard, Y.","2","Pharmacology, Toxicology and Pharmaceutics","2",,,,,"Archives Of Environmental Contamination And Toxicology","1","Water Pollutants, Chemical","10","INRS- Centre Eau, Terre &amp; Environnement","3","Association pour la Recherche sur les Tumeurs de la Prostate","1","Sweden","1",,,,
,,"2009","3","Gobeil, C.","2",,,,,,,"Environmental Geology","1","Animals","7","Ministère de l‘Energie et des Ressources naturelles du Québec","3","Fondation de lâUniversitÃ© du QuÃ©bec en Abitibi-TÃ©miscamingue","1","United States","1",,,,
,,"2008","1","Houle, D.","2",,,,,,,"Environmental Pollution","1","Priority Journal","7","Universite du Quebec en Abitibi-Temiscamingue","2","Indigenous and Northern Affairs Canada","1",,,,,,
,,"2006","2","Rosa, E.","2",,,,,,,"Environmental Science And Pollution Research","1","Lakes","6","IFREMER Institut Francais de Recherche pour l'Exploitation de la Mer","2","National Science Foundation","1",,,,,,
,,"2005","1","Tessier, A.","2",,,,,,,"Hydrological Processes","1","Mercury (element)","6","Deline Uranium Team","1","UniversitÃ© du QuÃ©bec Ã  MontrÃ©al","1",,,,,,
,,"2001","1","Tremblay, A.","2",,,,,,,"Journal Of Environmental Monitoring","1","Methylmercury","6","COREM","1","Undefined","11",,,,,,
,,"2000","2","Bastien, J.","1",,,,,,,"Journal Of Hydrology","1","Water Contamination","6","Office National de l'Eau et des Milieux Aquatiques","1",,,,,,,,
,,,,"Beauchamp, G.","1",,,,,,,"Oecologia","1","Water Sampling","6","SEPAQ","1",,,,,,,,
,,,,"Beisner, B.E.","1",,,,,,,,,"Concentration (composition)","5","McGill University","1",,,,,,,,
,,,,"Bellehumeur, C.","1",,,,,,,,,"Concentration (parameters)","5","Helsingin Yliopisto","1",,,,,,,,
,,,,"Benzaazoua, M.","1",,,,,,,,,"Mercury","5","Manitoba Hydro","1",,,,,,,,
,,,,"Berggren, M.","1",,,,,,,,,"Methylmercury Compounds","5","CSIC - Instituto de Ciencias del Mar ICM","1",,,,,,,,
,,,,"Borgmann, U.","1",,,,,,,,,"Nonhuman","5","Laurentian University","1",,,,,,,,
,,,,"Bélanger, D.","1",,,,,,,,,"North America","5","Skidaway Institute of Oceanography","1",,,,,,,,
,,,,"Campbell, P.G.C.","1",,,,,,,,,"Rivers","5","Polytechnique Montréal","1",,,,,,,,
,,,,"Carignan, R.","1",,,,,,,,,"Water Quality","5","Universität Oldenburg","1",,,,,,,,
,,,,"Chételat, J.","1",,,,,,,,,"Watershed","5","Lunds Universitet","1",,,,,,,,
,,,,"Couture, S.","1",,,,,,,,,"Bioaccumulation","4","The University of Georgia","1",,,,,,,,
,,,,"Dansereau, M.","1",,,,,,,,,"Canadian Shield","4","Université Laval","1",,,,,,,,
,,,,"Del Giorgio, P.A.","1",,,,,,,,,"Controlled Study","4","Institut National de la Recherche Scientifique","1",,,,,,,,
,,,,"Demarty, M.","1",,,,,,,,,"Lake","4","Lafarge Canada, Inc.","1",,,,,,,,
,,,,"Desrosiers, M.","1",,,,,,,,,"Manganese","4","Institutionen för Naturgeografi och Ekosystemvetenskap, Lunds Universitet","1",,,,,,,,
,,,,"Dittmar, T.","1",,,,,,,,,"Mercury (metal)","4",,,,,,,,,,
,,,,"Doyle, P.","1",,,,,,,,,"Water Analysis","4",,,,,,,,,,
,,,,"Duchesne, L.","1",,,,,,,,,"Water Chemistry","4",,,,,,,,,,
,,,,"Feyte, S.","1",,,,,,,,,"Water Pollution","4",,,,,,,,,,
,,,,"Fortin, C.","1",,,,,,,,,"Watersheds","4",,,,,,,,,,
,,,,"Gagnon, C.","1",,,,,,,,,"Abitibi","3",,,,,,,,,,
,,,,"Gagnon, P.","1",,,,,,,,,"Analysis","3",,,,,,,,,,
,,,,"Ghaleb, B.","1",,,,,,,,,"Arsenic","3",,,,,,,,,,
,,,,"Gill, R.","1",,,,,,,,,"Carbon","3",,,,,,,,,,
,,,,"Grapentine, L.C.","1",,,,,,,,,"Chemical Analysis","3",,,,,,,,,,
,,,,"Gunn, J.","1",,,,,,,,,"Chemistry","3",,,,,,,,,,
,,,,"Hutchins, R.H.S.","1",,,,,,,,,"Concentration (process)","3",,,,,,,,,,
,,,,"Laforte, L.","1",,,,,,,,,"Dissolution","3",,,,,,,,,,
,,,,"Lapierre, J.F.","1",,,,,,,,,"Dissolved Organic Carbon","3",,,,,,,,,,
,,,,"Larivière, N.","1",,,,,,,,,"Fresh Water","3",,,,,,,,,,
,,,,"Legendre, P.","1",,,,,,,,,"Iron","3",,,,,,,,,,
,,,,"Lévesque, D.","1",,,,,,,,,"Lake Ecosystem","3",,,,,,,,,,
,,,,"Marcotte, D.","1",,,,,,,,,"Lake Pollution","3",,,,,,,,,,
,,,,"Marty, C.","1",,,,,,,,,"Regression Analysis","3",,,,,,,,,,
,,,,"Masson, S.","1",,,,,,,,,"Sulfate","3",,,,,,,,,,
,,,,"Masson, S.","1",,,,,,,,,"Water Pollutant","3",,,,,,,,,,
,,,,"Moingt, M.","1",,,,,,,,,"Abitibi-Temiscamingue","2",,,,,,,,,,
,,,,"Montgomery, S.","1",,,,,,,,,"Acidity","2",,,,,,,,,,
,,,,"Mucci, A.","1",,,,,,,,,"Aquatic Environment","2",,,,,,,,,,
,,,,"Olsen, C.","1",,,,,,,,,"Aquifers","2",,,,,,,,,,
,,,,"Paquet, S.","1",,,,,,,,,"Bedrock","2",,,,,,,,,,
,,,,"Perceval, O.","1",,,,,,,,,"Biochemistry","2",,,,,,,,,,
,,,,"Perron, T.","1",,,,,,,,,"Biogeochemical Cycle","2",,,,,,,,,,
,,,,"Pham, T.T.","1",,,,,,,,,"Biogeochemistry","2",,,,,,,,,,
,,,,"Pinel-Alloul, B.","1",,,,,,,,,"Biomass","2",,,,,,,,,,
,,,,"Plamondon, A.P.","1",,,,,,,,,"Boreal Forest","2",,,,,,,,,,
,,,,"Planas, D.","1",,,,,,,,,"Boreal Lakes","2",,,,,,,,,,
,,,,"Prairie, Y.T.","1",,,,,,,,,"Castoridae","2",,,,,,,,,,
,,,,"Prévost, M.","1",,,,,,,,,"Catchment","2",,,,,,,,,,
,,,,"Rasilo, T.","1",,,,,,,,,"Climate","2",,,,,,,,,,
,,,,"Rheault, I.","1",,,,,,,,,"Climate Change","2",,,,,,,,,,
,,,,"Rondeau, B.","1",,,,,,,,,"Copper","2",,,,,,,,,,
,,,,"Rousseau, A.N.","1",,,,,,,,,"Deposition","2",,,,,,,,,,
,,,,"Ruiz-González, C.","1",,,,,,,,,"Dilution","2",,,,,,,,,,
,,,,"Stubbins, A.","1",,,,,,,,,"Dissolved Organic Matter","2",,,,,,,,,,
,,,,"Surette, C.","1",,,,,,,,,"Environmental Exposure","2",,,,,,,,,,
,,,,"Surette, C.","1",,,,,,,,,"Fish","2",,,,,,,,,,
,,,,"Tremblay, Y.","1",,,,,,,,,"Fishes","2",,,,,,,,,,
,,,,"Virginie, R.O.Y.","1",,,,,,,,,"Flood","2",,,,,,,,,,
,,,,"del Giorgio, P.A.","1",,,,,,,,,"Geochemistry","2",,,,,,,,,,
,,,,,,,,,,,,,,"Groundwater","2",,,,,,,,,,
,,,,,,,,,,,,,,"Groundwater Pollution","2",,,,,,,,,,
,,,,,,,,,,,,,,"Groundwater Resources","2",,,,,,,,,,
,,,,,,,,,,,,,,"Headwater","2",,,,,,,,,,
,,,,,,,,,,,,,,"Hydrodynamics","2",,,,,,,,,,
,,,,,,,,,,,,,,"Invertebrata","2",,,,,,,,,,
,,,,,,,,,,,,,,"Invertebrate","2",,,,,,,,,,
,,,,,,,,,,,,,,"Invertebrates","2",,,,,,,,,,
,,,,,,,,,,,,,,"James Bay","2",,,,,,,,,,
,,,,,,,,,,,,,,"Lacustrine Deposit","2",,,,,,,,,,
,,,,,,,,,,,,,,"Landforms","2",,,,,,,,,,
,,,,,,,,,,,,,,"Manganese Compounds","2",,,,,,,,,,
,,,,,,,,,,,,,,"Mass Balance","2",,,,,,,,,,
,,,,,,,,,,,,,,"Metabolism","2",,,,,,,,,,
,,,,,,,,,,,,,,"Methylation","2",,,,,,,,,,
,,,,,,,,,,,,,,"Nitrogen","2",,,,,,,,,,
,,,,,,,,,,,,,,"Organic Carbon","2",,,,,,,,,,
,,,,,,,,,,,,,,"Organic Matter","2",,,,,,,,,,
,,,,,,,,,,,,,,"Oxygen","2",,,,,,,,,,
,,,,,,,,,,,,,,"Pollutant Source","2",,,,,,,,,,
,,,,,,,,,,,,,,"Pollution Exposure","2",,,,,,,,,,
,,,,,,,,,,,,,,"Porewater","2",,,,,,,,,,
,,,,,,,,,,,,,,"Private Wells","2",,,,,,,,,,
,,,,,,,,,,,,,,"Quality Control","2",,,,,,,,,,
,,,,,,,,,,,,,,"River","2",,,,,,,,,,
,,,,,,,,,,,,,,"River Water","2",,,,,,,,,,
,,,,,,,,,,,,,,"Rodentia","2",,,,,,,,,,
,,,,,,,,,,,,,,"Sampling","2",,,,,,,,,,
,,,,,,,,,,,,,,"Sediment Core","2",,,,,,,,,,
,,,,,,,,,,,,,,"Sedimentation","2",,,,,,,,,,
,,,,,,,,,,,,,,"Sediments","2",,,,,,,,,,
,,,,,,,,,,,,,,"Soil Pollution","2",,,,,,,,,,
,,,,,,,,,,,,,,"Stoichiometry","2",,,,,,,,,,
,,,,,,,,,,,,,,"Stream","2",,,,,,,,,,
,,,,,,,,,,,,,,"Stream (river)","2",,,,,,,,,,
,,,,,,,,,,,,,,"Stream Flow","2",,,,,,,,,,
,,,,,,,,,,,,,,"Sulfates","2",,,,,,,,,,
,,,,,,,,,,,,,,"Taiga","2",,,,,,,,,,
,,,,,,,,,,,,,,"Temperature","2",,,,,,,,,,
,,,,,,,,,,,,,,"Total Mercuries","2",,,,,,,,,,
,,,,,,,,,,,,,,"Water","2",,,,,,,,,,
,,,,,,,,,,,,,,"Water Column","2",,,,,,,,,,
,,,,,,,,,,,,,,"Well Water","2",,,,,,,,,,
,,,,,,,,,,,,,,"Zinc","2",,,,,,,,,,
,,,,,,,,,,,,,,"27 Metals","1",,,,,,,,,,
,,,,,,,,,,,,,,"Acid Rain","1",,,,,,,,,,
,,,,,,,,,,,,,,"Acid Water","1",,,,,,,,,,
,,,,,,,,,,,,,,"Acidic Water","1",,,,,,,,,,
,,,,,,,,,,,,,,"Acidification","1",,,,,,,,,,
,,,,,,,,,,,,,,"Age","1",,,,,,,,,,
,,,,,,,,,,,,,,"Air Pollutant","1",,,,,,,,,,
,,,,,,,,,,,,,,"Air Pollutants","1",,,,,,,,,,
,,,,,,,,,,,,,,"Air Pollution","1",,,,,,,,,,
,,,,,,,,,,,,,,"Air Temperature","1",,,,,,,,,,
,,,,,,,,,,,,,,"Alga","1",,,,,,,,,,
,,,,,,,,,,,,,,"Algae","1",,,,,,,,,,
,,,,,,,,,,,,,,"Alkalinity","1",,,,,,,,,,
,,,,,,,,,,,,,,"Alkylation","1",,,,,,,,,,
,,,,,,,,,,,,,,"Ammonium Compounds","1",,,,,,,,,,
,,,,,,,,,,,,,,"Ammonium Derivative","1",,,,,,,,,,
,,,,,,,,,,,,,,"Amphipod","1",,,,,,,,,,
,,,,,,,,,,,,,,"Amphipoda","1",,,,,,,,,,
,,,,,,,,,,,,,,"Analytic Method","1",,,,,,,,,,
,,,,,,,,,,,,,,"Animal","1",,,,,,,,,,
,,,,,,,,,,,,,,"Animal Tissue","1",,,,,,,,,,
,,,,,,,,,,,,,,"Animalia","1",,,,,,,,,,
,,,,,,,,,,,,,,"Anion","1",,,,,,,,,,
,,,,,,,,,,,,,,"Anoxic Conditions","1",,,,,,,,,,
,,,,,,,,,,,,,,"Anthropogenic Activity","1",,,,,,,,,,
,,,,,,,,,,,,,,"Anthropogenic Effect","1",,,,,,,,,,
,,,,,,,,,,,,,,"Anthropogenic Source","1",,,,,,,,,,
,,,,,,,,,,,,,,"Antimony","1",,,,,,,,,,
,,,,,,,,,,,,,,"Appalachians","1",,,,,,,,,,
,,,,,,,,,,,,,,"Aquatic Community","1",,,,,,,,,,
,,,,,,,,,,,,,,"Aquatic Lives","1",,,,,,,,,,
,,,,,,,,,,,,,,"Aquifer","1",,,,,,,,,,
,,,,,,,,,,,,,,"Aquifer Pollution","1",,,,,,,,,,
,,,,,,,,,,,,,,"Arsenic Concentration","1",,,,,,,,,,
,,,,,,,,,,,,,,"Arsenic In Groundwater","1",,,,,,,,,,
,,,,,,,,,,,,,,"Atmospheric Deposition","1",,,,,,,,,,
,,,,,,,,,,,,,,"Authigenic Mineral","1",,,,,,,,,,
,,,,,,,,,,,,,,"Automated Systems","1",,,,,,,,,,
,,,,,,,,,,,,,,"Automation","1",,,,,,,,,,
,,,,,,,,,,,,,,"Autotrophy","1",,,,,,,,,,
,,,,,,,,,,,,,,"BCF","1",,,,,,,,,,
,,,,,,,,,,,,,,"Bedrock Aquifers","1",,,,,,,,,,
,,,,,,,,,,,,,,"Best Management Practice","1",,,,,,,,,,
,,,,,,,,,,,,,,"Best Management Practices","1",,,,,,,,,,
