﻿Scopus refine results values

"Your query : ((TITLE-ABS-KEY((Boreal OR {James Bay} OR James-Bay OR {Clay Belt} OR {canadian shield}) AND (Canada OR Quebec OR Ontario OR newfoundland OR Alberta OR British-Columbia) ) AND PUBYEAR > 1999 AND PUBYEAR < 2020) AND (TITLE-ABS-KEY(Harvest* OR Logging OR Cut OR Clear-cut  OR Clearcut OR {Clear Cut}) AND PUBYEAR > 1999 AND PUBYEAR < 2020) AND (TITLE-ABS-KEY((species AND diversity) OR biodiversity)))"


Number of results : 239

"ACCESS TYPE",,"YEAR",,"AUTHOR NAME",,"SUBJECT AREA",,"DOCUMENT TYPE",,"PUBLICATION STAGE",,"SOURCE TITLE",,"KEYWORD",,"AFFILIATION",,"FUNDING SPONSOR",,"COUNTRY",,"SOURCE TYPE",,"LANGUAGE",
"Open Access","37","2019","11","Bergeron, Y.","28","Agricultural and Biological Sciences","206","Article","209","final","239","Forest Ecology And Management","63","Canada","200","Canadian Forest Service","70","Natural Sciences and Engineering Research Council of Canada","61","Canada","232","Journals","233","English","233"
"Other","202","2018","15","Spence, J.R.","17","Biochemistry, Genetics and Molecular Biology","12","Conference Paper","14",,,"Canadian Journal Of Forest Research","32","Boreal Forest","164","University of Alberta","56","Fonds QuÃ©bÃ©cois de la Recherche sur la Nature et les Technologies","17","United States","18","Books","3","French","5"
,,"2017","10","Macdonald, S.E.","14","Chemical Engineering","1","Review","11",,,"Forestry Chronicle","23","Biodiversity","163","Université du Québec à Montréal","47","Canadian Forest Service","10","Australia","4","Trade Publications","2","Spanish","2"
,,"2016","7","Drapeau, P.","12","Chemistry","2","Book Chapter","3",,,"Ecological Applications","7","Forestry","130","Universite du Quebec en Abitibi-Temiscamingue","34","Natural Resources Canada","10","Finland","4","Conference Proceedings","1",,
,,"2015","13","Gauthier, S.","11","Computer Science","2","Note","1",,,"Forests","7","Harvesting","110","Natural Resources Canada","32","Alberta Conservation Association","8","China","3",,,,
,,"2014","9","Langor, D.W.","11","Decision Sciences","3","Short Survey","1",,,"Biodiversity And Conservation","6","Forest Management","98","Université Laval","25","Ministry of Natural Resources","6","France","3",,,,
,,"2013","19","Brais, S.","9","Earth and Planetary Sciences","4",,,,,"Canadian Journal Of Botany","5","North America","69","Lakehead University","19","Government of Alberta","5","Germany","3",,,,
,,"2012","19","Chen, H.Y.H.","7","Engineering","2",,,,,"Ecoscience","5","Ecosystems","63","Northern Forestry Centre","19","Canada Foundation for Innovation","4","Switzerland","3",,,,
,,"2011","16","Fenton, N.J.","7","Environmental Science","171",,,,,"Plos One","5","Species Diversity","52","Ontario Ministry of Natural Resources","17","Fonds de recherche du QuÃ©bec â Nature et technologies","4","Sweden","2",,,,
,,"2010","9","Harvey, B.D.","7","Immunology and Microbiology","2",,,,,"Silva Fennica","4","Alberta","43","Great Lakes Forestry Centre","14","MinistÃ¨re des ForÃªts, de la Faune et des Parcs","4","United Kingdom","2",,,,
,,"2009","11","Hébert, C.","7","Materials Science","1",,,,,"Biological Conservation","3","Clearcutting","41","Ministère de l‘Energie et des Ressources naturelles du Québec","12","Office of Energy Research and Development","4","Argentina","1",,,,
,,"2008","18","Leduc, A.","7","Mathematics","1",,,,,"Canadian Entomologist","3","Disturbance","41","The University of British Columbia","11","University of Alberta","4","Brazil","1",,,,
,,"2007","14","Mallik, A.U.","7","Multidisciplinary","5",,,,,"Conservation Biology","3","Quebec [Canada]","41","University of Toronto","11","Alberta Agriculture and Forestry","3","Czech Republic","1",,,,
,,"2006","10","Venier, L.","7","Physics and Astronomy","1",,,,,"Ecological Indicators","3","Species Richness","41","Le réseau de l'Université du Québec","10","Association pour la Recherche sur les Tumeurs de la Prostate","3","Estonia","1",,,,
,,"2005","11","Work, T.T.","7","Social Sciences","3",,,,,"Ecological Modelling","3","Forests","40","University of Guelph","9","Parks Canada","3","Italy","1",,,,
,,"2004","11","Nielsen, S.E.","6",,,,,,,"Ecosphere","3","Boreal Forests","36","Environment Canada","8","UniversitÃ© du QuÃ©bec Ã  Rimouski","3","Japan","1",,,,
,,"2003","8","Paré, D.","6",,,,,,,"Environmental Reviews","3","Picea Mariana","36","Université du Québec à Rimouski","8","Alberta Ingenuity","2","Kenya","1",,,,
,,"2002","14","Pinzon, J.","6",,,,,,,"Journal Of Applied Ecology","3","Fires","34","Ontario Forest Research Institute","7","Luonnontieteiden ja Tekniikan Tutkimuksen Toimikunta","2","Netherlands","1",,,,
,,"2001","11","Ruel, J.C.","6",,,,,,,"Botany","2","Silviculture","34","Ministry of Forests and Range","7","MinistÃ¨re des Ressources Naturelles et de la Faune","2","Norway","1",,,,
,,"2000","3","St-Laurent, M.H.","6",,,,,,,"Canadian Journal Of Zoology","2","Coniferophyta","33","Centre d'étude de la forêt, Montreal","7","Research and Development","2","South Africa","1",,,,
,,,,"Thompson, I.D.","6",,,,,,,"Ecosystems","2","Logging (timber)","33","Université du Québec à Chicoutimi","6","Shell Canada","2","Venezuela","1",,,,
,,,,"Fortin, D.","5",,,,,,,"Forestry","2","Environmental Disturbance","32","Conseil de recherches en sciences naturelles et en génie du Canada","6","Alberta Biodiversity Monitoring Institute","1","Undefined","1",,,,
,,,,"Klimaszewski, J.","5",,,,,,,"Journal Of Environmental Management","2","Ontario [Canada]","32","University of Calgary","5","Alberta Innovates","1",,,,,,
,,,,"Malcolm, J.R.","5",,,,,,,"Journal Of Insect Conservation","2","Picea","30","McGill University","5","Dairy Management","1",,,,,,
,,,,"Raulier, F.","5",,,,,,,"Journal Of Vegetation Science","2","Reforestation","29","Pacific Forestry Centre","5","Environment and Climate Change Canada","1",,,,,,
,,,,"Bartels, S.F.","4",,,,,,,"Plant Ecology","2","Stand Structure","29","Royal Alberta Museum","4","Fondation de lâUniversitÃ© du QuÃ©bec en Abitibi-TÃ©miscamingue","1",,,,,,
,,,,"Boudreault, C.","4",,,,,,,"Applied And Environmental Microbiology","1","Understory","29","University of Montreal","4","Fonds Québécois de la Recherche sur la Nature et les Technologies","1",,,,,,
,,,,"Haeussler, S.","4",,,,,,,"Applied Vegetation Science","1","Coniferous Forest","28","Université du Québec en Outaouais","4","Fonds de recherche du Québec – Nature et technologies","1",,,,,,
,,,,"Hammond, H.E.J.","4",,,,,,,"Avian Conservation And Ecology","1","Ecology","28","Helsingin Yliopisto","3","Forest Genetics Council of British Columbia","1",,,,,,
,,,,"Imbeau, L.","4",,,,,,,"Biology Of Rove Beetles Staphylinidae Life History Evolution Ecology And Distribution","1","Logging","28","Mount Saint Vincent University","3","George Cedric Metcalf Charitable Foundation","1",,,,,,
,,,,"Kneeshaw, D.","4",,,,,,,"Bryologist","1","Regeneration","28","Eidgenössische Forschungsanstalt fur Wald, Schnee Und Landschaft Eth-Bereichs","3","Government of Canada","1",,,,,,
,,,,"Messier, C.","4",,,,,,,"Canadian Geographer","1","Populus Tremuloides","27","University of Northern British Columbia","3","Health Canada","1",,,,,,
,,,,"Pothier, D.","4",,,,,,,"Canadian Journal Of Remote Sensing","1","Community Composition","26","University of Waterloo","3","Imperial Oil Limited","1",,,,,,
,,,,"Aubin, I.","3",,,,,,,"Canadian Journal Of Soil Science","1","Coniferous Tree","26","Alberta Research Council","3","Joint Fire Science Program","1",,,,,,
,,,,"Baker, J.A.","3",,,,,,,"Crop Protection","1","Bryophyta","25","Simon Fraser University","3","Lakehead University","1",,,,,,
,,,,"Biswas, S.R.","3",,,,,,,"Diversity And Distributions","1","Fire","25","Memorial University of Newfoundland","3","Ministry of Education, British Columbia","1",,,,,,
,,,,"Bouchard, M.","3",,,,,,,"Ecography","1","Abundance","24","Agriculture et Agroalimentaire Canada","3","Ministry of Forests, Lands and Natural Resource Operations","1",,,,,,
,,,,"Boutin, S.","3",,,,,,,"Ecological Importance Of Mixed Severity Fires Nature S Phoenix","1","Mixed Forest","24","Concordia University","3","MinistÃ¨re de l'Ãconomie, de lâInnovation et des Exportations du QuÃ©bec","1",,,,,,
,,,,"Buddle, C.M.","3",,,,,,,"Ecological Informatics","1","Wildfire","24","McGill University, Macdonald Campus","3","MinistÃ¨re de l'Ãnergie et des Ressources Naturelles","1",,,,,,
,,,,"Bélanger, L.","3",,,,,,,"Ecological Monographs","1","Community Structure","23","Soc. la Faune et des Parcs du Que.","2","Ministère des Ressources Naturelles et de la Faune","1",,,,,,
,,,,"Caners, R.T.","3",,,,,,,"Ecology","1","Ecosystem Management","23","Yukon College","2","Mitacs","1",,,,,,
,,,,"Cobb, T.P.","3",,,,,,,"Ecology And Society","1","Forest Ecosystem","23","Alberta Biodiversity Monitoring Institute","2","Networks of Centres of Excellence of Canada","1",,,,,,
,,,,"Dussault, C.","3",,,,,,,"Environmental Entomology","1","Picea Glauca","23","USDA Forest Service","2","Nipissing University","1",,,,,,
,,,,"Ferron, J.","3",,,,,,,"Environmental Monitoring And Assessment","1","Succession","23","Alberta Agriculture and Rural Development","2","Northern Ontario Heritage Fund Corporation","1",,,,,,
,,,,"Franklin, C.M.A.","3",,,,,,,"Erdkunde","1","Aves","22","Beijing Forestry University","2","Ohio State University","1",,,,,,
,,,,"Greene, D.F.","3",,,,,,,"European Journal Of Forest Research","1","Plant Community","21","University of Saskatchewan","2","Ontario Ministry of Natural Resources and Forestry","1",,,,,,
,,,,"Handa, I.T.","3",,,,,,,"Freshwater Biology","1","Vegetation","21","Dalhousie University","2","Suncor Energy Incorporated","1",,,,,,
,,,,"Hannon, S.J.","3",,,,,,,"Global Ecology And Biogeography","1","Forest Fire","20","Carleton University","2","Sustainable Forestry Initiative","1",,,,,,
,,,,"Ibarzabal, J.","3",,,,,,,"Hydrobiologia","1","Plants (botany)","19","University of Melbourne","2","Tembec","1",,,,,,
,,,,"Kneeshaw, D.D.","3",,,,,,,"Insect Conservation And Diversity","1","Birds","18","Trent University","2","U.S. Geological Survey","1",,,,,,
,,,,"Lee, S.I.","3",,,,,,,"International Geoscience And Remote Sensing Symposium IGARSS","1","Coleoptera","18","Applied Mammal Research Institute","2","University of Waterloo","1",,,,,,
,,,,"Rousseau, L.","3",,,,,,,"International Journal Of Wildland Fire","1","Logging (forestry)","18","Thompson Rivers University","2","UniversitÃ© Laval","1",,,,,,
,,,,"Thiffault, N.","3",,,,,,,"J For","1","Populus","18","Ducks Unlimited Canada","2","UniversitÃ© du QuÃ©bec Ã  MontrÃ©al","1",,,,,,
,,,,"Volney, W.J.A.","3",,,,,,,"Journal Of Ecology","1","Trees","18","Pearce and Associates Ecological Research","2","Université du Québec à Montréal","1",,,,,,
,,,,"Azeria, E.T.","2",,,,,,,"Journal Of Mammalogy","1","Abies Balsamea","17","Alberta-Pacific Forest Industries Inc.","2","Wildlife Conservation Society","1",,,,,,
,,,,"Bell, F.W.","2",,,,,,,"Journal Of Plant Ecology","1","Animals","17","Ministère des Forêts de la Faune et des Parcs du Québec","1","World Wildlife Fund","1",,,,,,
,,,,"Bose, A.K.","2",,,,,,,"Landscape Ecology","1","Anthropogenic Effect","17","Treeline Ecological Research","1","Undefined","152",,,,,,
,,,,"Boucher, J.","2",,,,,,,"Mammalian Biology","1","Conservation","17","Industrial Forestry Service Ltd.","1",,,,,,,,
,,,,"Boucher, Y.","2",,,,,,,"NCASI Technical Bulletin","1","Forest Fires","17","J. Heineman Forestry Consulting","1",,,,,,,,
,,,,"Cartar, R.V.","2",,,,,,,"Natural Areas Journal","1","Plants","17","Skeena Forestry Consultants","1",,,,,,,,
,,,,"Coates, K.D.","2",,,,,,,"Nature Communications","1","Timber","17","Institut Québécois d'Aménagement de la Forêt Feuillue IQAFF","1",,,,,,,,
,,,,"Comeau, P.G.","2",,,,,,,"New Forests","1","Deciduous Forest","16","Seney National Wildlife Refuge","1",,,,,,,,
,,,,"Coops, N.C.","2",,,,,,,"Oikos","1","Habitat Fragmentation","16","Yukon Department of Environment","1",,,,,,,,
,,,,"Cyr, D.","2",,,,,,,"Revue Des Sciences De L Eau","1","Ontario","16","Dendroica Environnement et Faune","1",,,,,,,,
,,,,"Côté, S.D.","2",,,,,,,"Soil Biology And Biochemistry","1","Pinus Banksiana","16","Centre d’étude de la forêt","1",,,,,,,,
,,,,"Dacosta, J.","2",,,,,,,"Trees Structure And Function","1","Soils","16","Centre Canadien Sur la Fibre de Bois","1",,,,,,,,
,,,,"Dang, Q.L.","2",,,,,,,"Woodlands Ecology Management And Conservation","1","Sustainable Forestry","16","Raincoast Conservation Foundation","1",,,,,,,,
,,,,"Darveau, M.","2",,,,,,,"Zookeys","1","Timber Harvesting","16","Centre d'études nordiques","1",,,,,,,,
,,,,"Drouin, P.","2",,,,,,,,,"Bird","15","Louisiana-Pacific Canada Ltd.","1",,,,,,,,
,,,,"Déchêne, A.D.","2",,,,,,,,,"Mammalia","15","Centre d'enseignement et de recherche en foresterie CERFO","1",,,,,,,,
,,,,"Elkie, P.C.","2",,,,,,,,,"Old-growth Forest","15","FORREX Forum for Research and Extension in Natural Resources","1",,,,,,,,
,,,,"Fahrig, L.","2",,,,,,,,,"Quebec","15","University of Albertaa","1",,,,,,,,
,,,,"Ferguson, S.H.","2",,,,,,,,,"Sustainable Development","15","Toronto and Region Conservation Authority","1",,,,,,,,
,,,,"Fleming, R.","2",,,,,,,,,"Wood","15","445 Boul. de l'Université","1",,,,,,,,
,,,,"Fortin, M.J.","2",,,,,,,,,"Animalia","14","Fiducie de recherche sur la forêt des Cantons-de-l'Est/Eastern Townships Forest Research Trust","1",,,,,,,,
,,,,"Gagnon, R.","2",,,,,,,,,"Article","14","Aquila Conservation and Environmental Consulting","1",,,,,,,,
,,,,"Grondin, P.","2",,,,,,,,,"Beetle","14","Ecological Logistics and Research Ltd.","1",,,,,,,,
,,,,"Groot, A.","2",,,,,,,,,"Forest","13","Apophenia Consulting","1",,,,,,,,
,,,,"Harper, K.A.","2",,,,,,,,,"Snag","13","NSERC-UQAT-UQAM","1",,,,,,,,
,,,,"Hazlett, P.","2",,,,,,,,,"Tracheophyta","13","Ministère des Forêts de la Faune et des Parcs","1",,,,,,,,
,,,,"He, F.","2",,,,,,,,,"Dead Wood","12","Ministère des Forêts","1",,,,,,,,
,,,,"Huot, J.","2",,,,,,,,,"Dominance","12","Rakvere City Government","1",,,,,,,,
,,,,"Hébert, F.","2",,,,,,,,,"Ecological Impact","12","Dru Associates, Inc.","1",,,,,,,,
,,,,"Jacobs, J.M.","2",,,,,,,,,"Hexapoda","12","Société de protection des forêts contre le feu","1",,,,,,,,
,,,,"Jastrebski, C.","2",,,,,,,,,"Sustainable Forest Management","12","Corridor appalachien","1",,,,,,,,
,,,,"Jobidon, R.","2",,,,,,,,,"Araneae","11","Institut Canadien de Recherches en Génie Forestier FERIC","1",,,,,,,,
,,,,"Kabzems, R.","2",,,,,,,,,"Bryophytes","11","University of Cape Town","1",,,,,,,,
,,,,"Kebli, H.","2",,,,,,,,,"Conservation Management","11","Universidade Estadual do Maranhao","1",,,,,,,,
,,,,"Kernaghan, G.","2",,,,,,,,,"Environmental Protection","11","Universidad de Buenos Aires","1",,,,,,,,
,,,,"Kirk, D.A.","2",,,,,,,,,"Moss","11","University of Victoria","1",,,,,,,,
,,,,"Koivula, M.","2",,,,,,,,,"Stand Dynamics","11","The Ohio State University","1",,,,,,,,
,,,,"Kreutzweiser, D.P.","2",,,,,,,,,"Tree","11","Royal Ontario Museum","1",,,,,,,,
,,,,"Langor, D.","2",,,,,,,,,"Betula Papyrifera","10","Wageningen University and Research Centre","1",,,,,,,,
,,,,"Larrivée, M.","2",,,,,,,,,"Biomass","10","Consejo Nacional de Investigaciones Científicas y Técnicas","1",,,,,,,,
,,,,"Lemaître, J.","2",,,,,,,,,"Boreal","10","CNRS Centre National de la Recherche Scientifique","1",,,,,,,,
,,,,"Lesieur, D.","2",,,,,,,,,"Community Dynamics","10","Suffolk University","1",,,,,,,,
,,,,"Mackereth, R.W.","2",,,,,,,,,"Ecosystem","10","Australian National University","1",,,,,,,,
,,,,"Man, R.","2",,,,,,,,,"Edge Effect","10","Colorado State University","1",,,,,,,,
,,,,"Moretti, M.","2",,,,,,,,,"Forest Cover","10","The University of Adelaide","1",,,,,,,,
,,,,"Morris, D.","2",,,,,,,,,"Landscape","10","University of Manitoba","1",,,,,,,,
,,,,"Munson, A.D.","2",,,,,,,,,"Mortality","10","University of Minnesota Duluth","1",,,,,,,,
,,,,"Murray, D.L.","2",,,,,,,,,"Natural Disturbance","10","The University of Arizona","1",,,,,,,,
,,,,"Newmaster, S.G.","2",,,,,,,,,"Spider","10","Washington University in St. Louis","1",,,,,,,,
,,,,"Parrott, L.","2",,,,,,,,,"Sustainability","10","Plymouth Marine Laboratory","1",,,,,,,,
,,,,"Pearce, J.","2",,,,,,,,,"Abies","9","Conservation Science Program","1",,,,,,,,
,,,,"Pearce, J.L.","2",,,,,,,,,"Animal","9","Fisheries and Oceans Canada","1",,,,,,,,
,,,,"Pinel-Alloul, B.","2",,,,,,,,,"Carabidae","9","Western University","1",,,,,,,,
,,,,"Potvin, F.","2",,,,,,,,,"Choristoneura Fumiferana","9","Kyoto University","1",,,,,,,,
,,,,"Prepas, E.E.","2",,,,,,,,,"Coarse Woody Debris","9","RMIT University","1",,,,,,,,
,,,,"Rempel, R.S.","2",,,,,,,,,"Forest Floor","9","Université de Sherbrooke","1",,,,,,,,
,,,,"Saint-Germain, M.","2",,,,,,,,,"Fungi","9","University of Alaska Fairbanks","1",,,,,,,,
,,,,"Savard, J.P.L.","2",,,,,,,,,"Habitat Structure","9","South Australian Research and Development Institute","1",,,,,,,,
,,,,"Schmiegelow, F.K.A.","2",,,,,,,,,"Nonhuman","9","The University of Texas at Austin","1",,,,,,,,
,,,,"Sharma, M.","2",,,,,,,,,"Retention","9","Ohio Agricultural Research and Development Center","1",,,,,,,,
,,,,"Shorthouse, D.P.","2",,,,,,,,,"Riparian Forest","9","Royal Roads University","1",,,,,,,,
,,,,"Sirois, L.","2",,,,,,,,,"Shrub","9","Universidade Federal do Maranhao","1",,,,,,,,
,,,,"Stewart, K.J.","2",,,,,,,,,"Woody Debris","9","Marine Biological Association","1",,,,,,,,
,,,,"Strong, W.L.","2",,,,,,,,,"Conservation Of Natural Resources","8","Queen's University, Kingston","1",,,,,,,,
,,,,"Sullivan, D.S.","2",,,,,,,,,"Diversity","8","Charles University","1",,,,,,,,
,,,,"Sullivan, T.P.","2",,,,,,,,,"Ecosystem Resilience","8","University of New Brunswick","1",,,,,,,,
,,,,"Taylor, A.R.","2",,,,,,,,,"Environmental Impact","8","University of Winnipeg","1",,,,,,,,
,,,,"Thiffault, E.","2",,,,,,,,,"Experimental Study","8","Washington State University Pullman","1",,,,,,,,
,,,,"Tremblay, J.A.","2",,,,,,,,,"Forest Inventory","8","Helmholtz Zentrum für Umweltforschung","1",,,,,,,,
,,,,"Venier, L.A.","2",,,,,,,,,"Growth","8","Technische Universität Dresden","1",,,,,,,,
,,,,"Work, T.","2",,,,,,,,,"Mammals","8","Chinese Academy of Sciences","1",,,,,,,,
,,,,"Yang, H.","2",,,,,,,,,"Population Statistics","8","World Wildlife Fund","1",,,,,,,,
,,,,"Zhao, Q.","2",,,,,,,,,"Salvage Logging","8","Norwegian Institute for Nature Research","1",,,,,,,,
,,,,"Abrams, R.W.","1",,,,,,,,,"Vascular Plant","8","Université du Québec à Trois-Rivières","1",,,,,,,,
,,,,"Adamowicz, W.","1",,,,,,,,,"White Spruce","8","University of Central Florida","1",,,,,,,,
,,,,"Adamowicz, W.L.","1",,,,,,,,,"Bioindicator","7","Portland State University","1",,,,,,,,
,,,,"Adams, I.T.","1",,,,,,,,,"Boreal Mixedwoods","7","Universität Freiburg im Breisgau","1",,,,,,,,
,,,,"Aggarwal, A.","1",,,,,,,,,"British Columbia","7","Universidad Simón Bolívar","1",,,,,,,,
,,,,"Alfaro, R.I.","1",,,,,,,,,"Chronosequence","7","Clemson University","1",,,,,,,,
,,,,"Ambebe, T.F.","1",,,,,,,,,"Climate Change","7","University of Oxford","1",,,,,,,,
,,,,"Anyomi, K.A.","1",,,,,,,,,"Community Response","7","Virginia Polytechnic Institute and State University","1",,,,,,,,
,,,,"Archibald, D.J.","1",,,,,,,,,"Comparative Study","7","Sveriges lantbruksuniversitet","1",,,,,,,,
,,,,"Arsenault, A.","1",,,,,,,,,"Deciduous Tree","7","Museum National d'Histoire Naturelle","1",,,,,,,,
,,,,"Arseneault, D.","1",,,,,,,,,"Decomposition","7","Stockholms universitet","1",,,,,,,,
,,,,"Baggs, E.M.","1",,,,,,,,,"Deforestation","7","Nipissing University","1",,,,,,,,
,,,,"Baldwin, K.A.","1",,,,,,,,,"Ecosystem-based Management","7","Università di Pisa","1",,,,,,,,
,,,,"Barrette, J.","1",,,,,,,,,"Edge Effects","7","University of Minnesota","1",,,,,,,,
,,,,"Bater, C.W.","1",,,,,,,,,"Environmental Factor","7","University of Regina","1",,,,,,,,
,,,,"Bauce, É.","1",,,,,,,,,"Habitat Conservation","7","Bedford Institute of Oceanography, Fisheries and Oceans Canada","1",,,,,,,,
,,,,"Bayley, S.E.","1",,,,,,,,,"Habitat Use","7","Ryerson University","1",,,,,,,,
,,,,"Bayne, E.M.","1",,,,,,,,,"Harvest","7","Umeå Universitet","1",,,,,,,,
,,,,"Beauchesne, P.","1",,,,,,,,,"Herb","7","Michigan State University","1",,,,,,,,
,,,,"Beaulieu, J.","1",,,,,,,,,"Heterogeneity","7","University of Wisconsin-Madison","1",,,,,,,,
,,,,"Bedford, L.","1",,,,,,,,,"Human Activity","7","CSIRO Sustainable Ecosystems","1",,,,,,,,
,,,,"Beguin, J.","1",,,,,,,,,"Hypothesis Testing","7","Institut National de Sante Publique Du Québec","1",,,,,,,,
,,,,"Bekessy, S.A.","1",,,,,,,,,"Insecta","7","University of Idaho","1",,,,,,,,
,,,,"Belland, R.J.","1",,,,,,,,,"Physiology","7","Kenya Marine and Fisheries Research Institute","1",,,,,,,,
,,,,"Belle-Isle, J.","1",,,,,,,,,"Population Dynamics","7","Huntsman Marine Science Centre","1",,,,,,,,
,,,,"Bellocq, M.I.","1",,,,,,,,,"Snags","7","Estonian University of Life Sciences","1",,,,,,,,
,,,,"Benedetti-Cecchi, L.","1",,,,,,,,,"Soil","7","Centre d'Ecologie Fonctionnelle et Evolutive","1",,,,,,,,
,,,,"Berg, K.","1",,,,,,,,,"Spatial Distribution","7","Government of Alberta","1",,,,,,,,
,,,,"Bergeron, J.A.C.","1",,,,,,,,,"Species Composition","7","Alberta Sustainable Resource Development","1",,,,,,,,
,,,,"Berry, L.E.","1",,,,,,,,,"Trembling Aspen","7","Government of British Columbia","1",,,,,,,,
,,,,"Bertrand, N.","1",,,,,,,,,"Water Quality","7","Parks Canada","1",,,,,,,,
,,,,"Bescond, H.","1",,,,,,,,,"Agriculture","6","Australian National University, Fenner School of Environment and Society","1",,,,,,,,
,,,,"Undefined","1",,,,,,,,,"Aspen","6","FPInnovations, Canada","1",,,,,,,,
