﻿Scopus refine results values

"Your query : ((TITLE-ABS-KEY((Boreal OR {James Bay} OR James-Bay OR {Clay Belt} OR {canadian shield}) AND (Canada OR Quebec OR Ontario OR newfoundland OR Alberta OR British-Columbia) ) AND PUBYEAR > 1999 AND PUBYEAR < 2020) AND (TITLE-ABS-KEY((Forest AND Fire) OR ""Wildfire"" OR ""crown fire"" OR ""Wildland fire"" ) AND PUBYEAR > 1999 AND PUBYEAR < 2020) AND (TITLE-ABS-KEY(naturalness OR  wilderness OR Primeval OR Preindustrial OR Pre-industrial  OR {intact forest}) AND PUBYEAR > 1999 AND PUBYEAR < 2020))"


Number of results : 24

"ACCESS TYPE",,"YEAR",,"AUTHOR NAME",,"SUBJECT AREA",,"DOCUMENT TYPE",,"PUBLICATION STAGE",,"SOURCE TITLE",,"KEYWORD",,"AFFILIATION",,"FUNDING SPONSOR",,"COUNTRY",,"SOURCE TYPE",,"LANGUAGE",
"Open Access","3","2019","2","Bergeron, Y.","6","Agricultural and Biological Sciences","19","Article","20","final","24","Forest Ecology And Management","8","Boreal Forest","20","Canadian Forest Service","7","Luonnontieteiden ja Tekniikan Tutkimuksen Toimikunta","2","Canada","20","Journals","24","English","23"
"Other","21","2018","1","Gauthier, S.","3","Arts and Humanities","1","Review","3",,,"Biological Conservation","2","Canada","20","Universite du Quebec en Abitibi-Temiscamingue","6","Agence Nationale de la Recherche","1","United States","6",,,"French","1"
,,"2017","1","Girardin, M.P.","3","Biochemistry, Genetics and Molecular Biology","1","Conference Paper","1",,,"Forestry Chronicle","2","Forest Management","14","Natural Resources Canada","5","Alfred Wegener Institute Helmholtz Centre for Polar and Marine Research","1","France","3",,,,
,,"2016","3","Ali, A.A.","2","Earth and Planetary Sciences","2",,,,,"Journal Of Vegetation Science","2","Fires","11","Université du Québec à Montréal","5","Canadian Forest Service","1","Australia","1",,,,
,,"2014","1","Arseneault, D.","2","Environmental Science","20",,,,,"Ambio","1","Forest Fire","10","USDA Forest Service","3","Centre National de la Recherche Scientifique","1","Germany","1",,,,
,,"2013","2","Bouchard, M.","2","Social Sciences","3",,,,,"Canadian Journal Of Forest Research","1","Forestry","9","University of Alberta","3","Commissariat Ã  l'Ãnergie Atomique et aux Ãnergies Alternatives","1","Switzerland","1",,,,
,,"2012","2","Carcaillet, C.","2",,,,,,,"Climate Of The Past","1","Forest Fires","8","Université Laval","3","Cooperative State Research, Education, and Extension Service","1","United Kingdom","1",,,,
,,"2011","3","Cornett, M.W.","2",,,,,,,"Ecological Applications","1","Harvesting","7","Great Lakes Forestry Centre","2","Fonds QuÃ©bÃ©cois de la Recherche sur la Nature et les Technologies","1",,,,,,
,,"2010","1","Flannigan, M.","2",,,,,,,"Ecosphere","1","North America","7","Université du Québec à Rimouski","2","Fonds Wetenschappelijk Onderzoek","1",,,,,,
,,"2008","5","Hély, C.","2",,,,,,,"Environmental Reviews","1","Picea Mariana","7","CNRS Centre National de la Recherche Scientifique","2","Fonds de recherche du QuÃ©bec â Nature et technologies","1",,,,,,
,,"2004","2","Leduc, A.","2",,,,,,,"Environments","1","Ecosystems","6","University of Montreal","2","Fonds pour la Formation de Chercheurs et l'Aide Ã  la Recherche","1",,,,,,
,,"2002","1","Palik, B.J.","2",,,,,,,"Forests","1","Quebec [Canada]","6","University of Waterloo","2","Foundation for Community Association Research","1",,,,,,
,,,,"Pothier, D.","2",,,,,,,"New Phytologist","1","Abundance","5","University of Toronto","2","Joint Fire Science Program","1",,,,,,
,,,,"Shinneman, D.J.","2",,,,,,,"Quaternary Science Reviews","1","Biodiversity","5","Nature Conservancy","2","National Eye Research Centre","1",,,,,,
,,,,"Suffling, R.","2",,,,,,,,,"Boreal Forests","5","École Pratique des Hautes Etudes","2","National Institute of Polar Research","1",,,,,,
,,,,"Terrier, A.","2",,,,,,,,,"Climate Change","5","Centre d'étude de la forêt, Montreal","2","National Science Foundation","1",,,,,,
,,,,"Alvarez, P.E.","1",,,,,,,,,"Coniferous Tree","5","Université de Montpellier","2","Natural Sciences and Engineering Research Council of Canada","1",,,,,,
,,,,"Archambault, L.","1",,,,,,,,,"Conservation","5","Ministère des Forêts de la Faune et des Parcs du Québec","1","Nature Conservancy","1",,,,,,
,,,,"Arienzo, M.","1",,,,,,,,,"Environmental Disturbance","5","Seney National Wildlife Refuge","1","Office of Polar Programs","1",,,,,,
,,,,"Arsenault, A.","1",,,,,,,,,"Ontario [Canada]","5","Climate Risk Analysis","1","Ohio State University","1",,,,,,
,,,,"Auger, I.","1",,,,,,,,,"United States","5","Centre d’étude de la forêt CEF","1","Ontario Ministry of Natural Resources and Forestry","1",,,,,,
,,,,"Blarquez, O.","1",,,,,,,,,"Wildfire","5","Sustainable Forest Management","1","Oregon State University","1",,,,,,
,,,,"Boucher, Y.","1",,,,,,,,,"Abies Balsamea","4","Thompson Forest Consultants","1","Schweizerischer Nationalfonds zur FÃ¶rderung der Wissenschaftlichen Forschung","1",,,,,,
,,,,"Boutin, S.","1",,,,,,,,,"Computer Simulation","4","Wilfrid Laurier University","1","Simon Fraser University","1",,,,,,
,,,,"Bradshaw, C.J.A.","1",,,,,,,,,"Coniferous Forest","4","Le réseau de l'Université du Québec","1","University of Oxford","1",,,,,,
,,,,"Bélanger, L.","1",,,,,,,,,"Disturbance","4","The Ohio State University","1","UniversitÃ¤t Bern","1",,,,,,
,,,,"Chellman, N.","1",,,,,,,,,"Ecology","4","Geological Survey of Canada Calgary","1","UniversitÃ© Laval","1",,,,,,
,,,,"Corace, R.G.","1",,,,,,,,,"Fire Hazards","4","Iowa State University","1","VetenskapsrÃ¥det","1",,,,,,
,,,,"Danneyrolles, V.","1",,,,,,,,,"Forests","4","The University of Adelaide","1","Undefined","15",,,,,,
,,,,"Doran, H.","1",,,,,,,,,"Land Use","4","Ontario Ministry of the Environment","1",,,,,,,,
,,,,"Drobyshev, I.","1",,,,,,,,,"Natural Disturbance","4","South Australian Research and Development Institute","1",,,,,,,,
,,,,"Feick, R.","1",,,,,,,,,"Reforestation","4","Oregon State University","1",,,,,,,,
,,,,"Fenton, N.J.","1",,,,,,,,,"Abies","3","Ohio Agricultural Research and Development Center","1",,,,,,,,
,,,,"Fischer, H.","1",,,,,,,,,"Anthropogenic Effect","3","Memorial University of Newfoundland","1",,,,,,,,
,,,,"Fortin, M.J.","1",,,,,,,,,"Deciduous Tree","3","University of Bern","1",,,,,,,,
,,,,"Froese, D.","1",,,,,,,,,"Deforestation","3","Desert Research Institute","1",,,,,,,,
,,,,"Genries, A.","1",,,,,,,,,"Fire","3","University of Rochester","1",,,,,,,,
,,,,"Goebel, P.C.","1",,,,,,,,,"Fire Behavior","3","Conseil de recherches en sciences naturelles et en génie du Canada","1",,,,,,,,
,,,,"Grant, A.","1",,,,,,,,,"Fire History","3","University of Cambridge","1",,,,,,,,
,,,,"Grondin, P.","1",,,,,,,,,"Fire Management","3","Pacific Forestry Centre","1",,,,,,,,
,,,,"Hague, C.","1",,,,,,,,,"Forest Canopy","3","University of Wisconsin-Madison","1",,,,,,,,
,,,,"Hix, D.M.","1",,,,,,,,,"Forest Dynamics","3","Ministère de l‘Energie et des Ressources naturelles du Québec","1",,,,,,,,
,,,,"Hung, K.","1",,,,,,,,,"Forest Ecosystem","3","LGGE Laboratoire de Glaciologie et Géophysique de l'Environnement","1",,,,,,,,
,,,,"James, P.M.A.","1",,,,,,,,,"Forest Landscape","3","Universite Grenoble Alpes","1",,,,,,,,
,,,,"Janetos, S.","1",,,,,,,,,"Landscape","3",,,,,,,,,,
,,,,"Krawchuk, M.A.","1",,,,,,,,,"Populus Tremuloides","3",,,,,,,,,,
,,,,"Kutas, B.","1",,,,,,,,,"Protected Area","3",,,,,,,,,,
,,,,"Lamb, C.T.","1",,,,,,,,,"Restoration Ecology","3",,,,,,,,,,
,,,,"Le Goff, H.","1",,,,,,,,,"Risk Assessment","3",,,,,,,,,,
,,,,"Lefort, P.","1",,,,,,,,,"Silviculture","3",,,,,,,,,,
,,,,"Legrand, M.","1",,,,,,,,,"Simulation","3",,,,,,,,,,
,,,,"Leuenberger, D.","1",,,,,,,,,"Succession","3",,,,,,,,,,
,,,,"Maselli, O.","1",,,,,,,,,"Arctic","2",,,,,,,,,,
,,,,"McConnell, J.","1",,,,,,,,,"Article","2",,,,,,,,,,
,,,,"Miranda, B.R.","1",,,,,,,,,"Boreal","2",,,,,,,,,,
,,,,"Moussaoui, L.","1",,,,,,,,,"Charcoal","2",,,,,,,,,,
,,,,"Mudelsee, M.","1",,,,,,,,,"Clearcutting","2",,,,,,,,,,
,,,,"Nielsen, S.E.","1",,,,,,,,,"Climate Conditions","2",,,,,,,,,,
,,,,"Noël, J.","1",,,,,,,,,"Climate Modeling","2",,,,,,,,,,
,,,,"Paquin, P.","1",,,,,,,,,"Conservation Management","2",,,,,,,,,,
,,,,"Place, P.","1",,,,,,,,,"Data Set","2",,,,,,,,,,
,,,,"Preunkert, S.","1",,,,,,,,,"Disasters","2",,,,,,,,,,
,,,,"Raulier, F.","1",,,,,,,,,"Dominance","2",,,,,,,,,,
,,,,"Schweger, C.","1",,,,,,,,,"Ecological Modeling","2",,,,,,,,,,
,,,,"Schüpbach, S.","1",,,,,,,,,"Ecosystem Management","2",,,,,,,,,,
,,,,"Semko-Duncan, M.E.","1",,,,,,,,,"Environmental Management","2",,,,,,,,,,
,,,,"Sigl, M.","1",,,,,,,,,"Environmental Protection","2",,,,,,,,,,
,,,,"Silva, J.A.","1",,,,,,,,,"Fire Regime","2",,,,,,,,,,
,,,,"Strath, D.","1",,,,,,,,,"Forest Inventory","2",,,,,,,,,,
,,,,"Sturtevant, B.R.","1",,,,,,,,,"Forest Landscape Simulation Model","2",,,,,,,,,,
,,,,"Talucci, A.C.","1",,,,,,,,,"Habitat Quality","2",,,,,,,,,,
,,,,"Thompson, I.D.","1",,,,,,,,,"Historical Ecology","2",,,,,,,,,,
,,,,"Titus, B.D.","1",,,,,,,,,"Holocene","2",,,,,,,,,,
,,,,"Townsend, P.A.","1",,,,,,,,,"Holocenes","2",,,,,,,,,,
,,,,"Venier, L.A.","1",,,,,,,,,"LANDIS-II","2",,,,,,,,,,
,,,,"Walton, R.","1",,,,,,,,,"Lakes","2",,,,,,,,,,
,,,,"Warkentin, I.G.","1",,,,,,,,,"Management","2",,,,,,,,,,
,,,,"Westgate, J.A.","1",,,,,,,,,"Minnesota","2",,,,,,,,,,
,,,,"White, J.M.","1",,,,,,,,,"Multivariate Analysis","2",,,,,,,,,,
,,,,"Wolff, E.W.","1",,,,,,,,,"Natural Disturbances","2",,,,,,,,,,
,,,,"Wolter, P.T.","1",,,,,,,,,"Ontario","2",,,,,,,,,,
,,,,"Woodman, B.","1",,,,,,,,,"Paleoecology","2",,,,,,,,,,
,,,,,,,,,,,,,,"Physiology","2",,,,,,,,,,
,,,,,,,,,,,,,,"Picea","2",,,,,,,,,,
,,,,,,,,,,,,,,"Pinus Banksiana","2",,,,,,,,,,
,,,,,,,,,,,,,,"Pinus Resinosa","2",,,,,,,,,,
,,,,,,,,,,,,,,"Pollen","2",,,,,,,,,,
,,,,,,,,,,,,,,"Rangifer Tarandus Caribou","2",,,,,,,,,,
,,,,,,,,,,,,,,"Reconstruction","2",,,,,,,,,,
,,,,,,,,,,,,,,"Regeneration","2",,,,,,,,,,
,,,,,,,,,,,,,,"Regression Analysis","2",,,,,,,,,,
,,,,,,,,,,,,,,"Restoration","2",,,,,,,,,,
,,,,,,,,,,,,,,"Risk Factor","2",,,,,,,,,,
,,,,,,,,,,,,,,"Risk Perception","2",,,,,,,,,,
,,,,,,,,,,,,,,"Spatial Analysis","2",,,,,,,,,,
,,,,,,,,,,,,,,"Spatiotemporal Analysis","2",,,,,,,,,,
,,,,,,,,,,,,,,"Species Diversity","2",,,,,,,,,,
,,,,,,,,,,,,,,"Stand Structure","2",,,,,,,,,,
,,,,,,,,,,,,,,"Structure (composition)","2",,,,,,,,,,
,,,,,,,,,,,,,,"Sustainability","2",,,,,,,,,,
,,,,,,,,,,,,,,"Sustainable Development","2",,,,,,,,,,
,,,,,,,,,,,,,,"Sustainable Forestry","2",,,,,,,,,,
,,,,,,,,,,,,,,"Temperate Forest","2",,,,,,,,,,
,,,,,,,,,,,,,,"Temporal Period","2",,,,,,,,,,
,,,,,,,,,,,,,,"Timber","2",,,,,,,,,,
,,,,,,,,,,,,,,"Timber Harvest","2",,,,,,,,,,
,,,,,,,,,,,,,,"Timber Harvesting","2",,,,,,,,,,
,,,,,,,,,,,,,,"Tree","2",,,,,,,,,,
,,,,,,,,,,,,,,"Tree Rings","2",,,,,,,,,,
,,,,,,,,,,,,,,"Trees","2",,,,,,,,,,
,,,,,,,,,,,,,,"Twentieth Century","2",,,,,,,,,,
,,,,,,,,,,,,,,"ABS Resins","1",,,,,,,,,,
,,,,,,,,,,,,,,"Age Structure","1",,,,,,,,,,
,,,,,,,,,,,,,,"Alnus","1",,,,,,,,,,
,,,,,,,,,,,,,,"Anthropogenic Fire","1",,,,,,,,,,
,,,,,,,,,,,,,,"Arctic Regions","1",,,,,,,,,,
,,,,,,,,,,,,,,"Assessment Method","1",,,,,,,,,,
,,,,,,,,,,,,,,"Astatine","1",,,,,,,,,,
,,,,,,,,,,,,,,"Atlantic Ocean","1",,,,,,,,,,
,,,,,,,,,,,,,,"Atmospheric Deposition","1",,,,,,,,,,
,,,,,,,,,,,,,,"Atmospheric Transport","1",,,,,,,,,,
,,,,,,,,,,,,,,"Beetle","1",,,,,,,,,,
,,,,,,,,,,,,,,"Benchmarking","1",,,,,,,,,,
,,,,,,,,,,,,,,"Betula","1",,,,,,,,,,
,,,,,,,,,,,,,,"Betula Papyrifera","1",,,,,,,,,,
,,,,,,,,,,,,,,"Betula Pendula","1",,,,,,,,,,
,,,,,,,,,,,,,,"Bifurcation (mathematics)","1",,,,,,,,,,
,,,,,,,,,,,,,,"Biography","1",,,,,,,,,,
,,,,,,,,,,,,,,"Biological Model","1",,,,,,,,,,
,,,,,,,,,,,,,,"Black Spruce","1",,,,,,,,,,
,,,,,,,,,,,,,,"Black Spruce Boreal Forests","1",,,,,,,,,,
,,,,,,,,,,,,,,"Black Spruce Forests","1",,,,,,,,,,
,,,,,,,,,,,,,,"Black Spruce-feathermoss Forest","1",,,,,,,,,,
,,,,,,,,,,,,,,"Boreal Shield","1",,,,,,,,,,
,,,,,,,,,,,,,,"Broad-leaved Forest","1",,,,,,,,,,
,,,,,,,,,,,,,,"Broadleaf","1",,,,,,,,,,
,,,,,,,,,,,,,,"Calibration","1",,,,,,,,,,
,,,,,,,,,,,,,,"Canadian Boreal Forest","1",,,,,,,,,,
,,,,,,,,,,,,,,"Canopy Dynamics","1",,,,,,,,,,
,,,,,,,,,,,,,,"Carabidae","1",,,,,,,,,,
,,,,,,,,,,,,,,"Carbon Sequestration","1",,,,,,,,,,
,,,,,,,,,,,,,,"Chamaecyparis","1",,,,,,,,,,
,,,,,,,,,,,,,,"Chemical Analysis","1",,,,,,,,,,
,,,,,,,,,,,,,,"Chemical Compound","1",,,,,,,,,,
,,,,,,,,,,,,,,"Choristoneura Fumiferana","1",,,,,,,,,,
,,,,,,,,,,,,,,"Cladonia","1",,,,,,,,,,
,,,,,,,,,,,,,,"Class Distributions","1",,,,,,,,,,
,,,,,,,,,,,,,,"Climate Effect","1",,,,,,,,,,
,,,,,,,,,,,,,,"Climate Models","1",,,,,,,,,,
,,,,,,,,,,,,,,"Climate Simulations","1",,,,,,,,,,
,,,,,,,,,,,,,,"Climatic Change","1",,,,,,,,,,
,,,,,,,,,,,,,,"Climatic Changes","1",,,,,,,,,,
,,,,,,,,,,,,,,"Climatology","1",,,,,,,,,,
,,,,,,,,,,,,,,"Cluster Analysis","1",,,,,,,,,,
,,,,,,,,,,,,,,"Coleoptera","1",,,,,,,,,,
,,,,,,,,,,,,,,"Community Composition","1",,,,,,,,,,
,,,,,,,,,,,,,,"Community Structure","1",,,,,,,,,,
,,,,,,,,,,,,,,"Computer System Firewalls","1",,,,,,,,,,
,,,,,,,,,,,,,,"Coniferophyta","1",,,,,,,,,,
,,,,,,,,,,,,,,"Cost-benefit Analysis","1",,,,,,,,,,
