﻿Scopus refine results values

"Your query : ((TITLE-ABS-KEY((Boreal OR {James Bay} OR James-Bay OR {Clay Belt} OR {canadian shield}) AND Quebec) AND PUBYEAR > 1999 AND PUBYEAR < 2020) AND (TITLE-ABS-KEY(Harvest* OR Logging OR Cut OR Clear-cut  OR Clearcut OR {Clear Cut}) AND PUBYEAR > 1999 AND PUBYEAR < 2020) AND (TITLE-ABS-KEY(geese OR goose) AND PUBYEAR > 1999 AND PUBYEAR < 2020))"


Number of results : 4

"ACCESS TYPE",,"YEAR",,"AUTHOR NAME",,"SUBJECT AREA",,"DOCUMENT TYPE",,"PUBLICATION STAGE",,"SOURCE TITLE",,"KEYWORD",,"AFFILIATION",,"FUNDING SPONSOR",,"COUNTRY",,"SOURCE TYPE",,"LANGUAGE",
"Open Access","1","2016","1","Belinsky, D.L.","1","Agricultural and Biological Sciences","2","Article","3","final","4","Canadian Geographer","1","Anser","2","DUCKS UNLIMITED INC","1","Natural Sciences and Engineering Research Council of Canada","1","Canada","2","Journals","4","English","4"
"Other","3","2015","1","Berthiaume, L.","1","Earth and Planetary Sciences","1","Review","1",,,"International Journal Of Circumpolar Health","1","Canada","2","Cree Board of Health and Social Services of James Bay","1","Undefined","3","United States","2",,,,
,,"2008","1","Dewailly, É.","1","Environmental Science","1",,,,,"Journal Of Food Composition And Analysis","1","James Bay","2","McGill University","1",,,,,,,,
,,"2000","1","Greffard, K.","1","Medicine","1",,,,,"Journal Of Wildlife Management","1","Movement","2","Arizona State University","1",,,,,,,,
,,,,"Johnson-Down, L.","1","Social Sciences","2",,,,,,,"Quebec [Canada]","2","Michigan State University","1",,,,,,,,
,,,,"Julien, P.","1",,,,,,,,,"Waterfowl","2","Université Laval","1",,,,,,,,
,,,,"Kuhnlein, H.V.","1",,,,,,,,,"American Indian","1","McGill University, Macdonald Campus","1",,,,,,,,
,,,,"Lucas, M.","1",,,,,,,,,"Amino Acid","1","CHU de Québec - Université Laval","1",,,,,,,,
,,,,"Luukkonen, D.R.","1",,,,,,,,,"Amino Acids","1","State of Michigan","1",,,,,,,,
,,,,"Mykut, R.C.","1",,,,,,,,,"Animal","1",,,,,,,,,,
,,,,"Prince, H.H.","1",,,,,,,,,"Animalia","1",,,,,,,,,,
,,,,"Proust, F.","1",,,,,,,,,"Animals","1",,,,,,,,,,
,,,,"Robinson, E.","1",,,,,,,,,"Aves","1",,,,,,,,,,
,,,,"Sayles, J.S.","1",,,,,,,,,"Bay","1",,,,,,,,,,
,,,,,,,,,,,,,,"Bays","1",,,,,,,,,,
,,,,,,,,,,,,,,"Bear","1",,,,,,,,,,
,,,,,,,,,,,,,,"Beaver","1",,,,,,,,,,
,,,,,,,,,,,,,,"Belcher Islands","1",,,,,,,,,,
,,,,,,,,,,,,,,"Bird","1",,,,,,,,,,
,,,,,,,,,,,,,,"Birds","1",,,,,,,,,,
,,,,,,,,,,,,,,"Branta Canadensis","1",,,,,,,,,,
,,,,,,,,,,,,,,"Branta Canadensis Maxima","1",,,,,,,,,,
,,,,,,,,,,,,,,"Breeding Site","1",,,,,,,,,,
,,,,,,,,,,,,,,"Canada Goose","1",,,,,,,,,,
,,,,,,,,,,,,,,"Canada Goose; James Bay Cree; Traditional Food System; Indigenous People; Macronutrients; Minerals.","1",,,,,,,,,,
,,,,,,,,,,,,,,"Cape Henrietta Maria","1",,,,,,,,,,
,,,,,,,,,,,,,,"Caribou","1",,,,,,,,,,
,,,,,,,,,,,,,,"Cree","1",,,,,,,,,,
,,,,,,,,,,,,,,"Fatty Acid","1",,,,,,,,,,
,,,,,,,,,,,,,,"Fatty Acids","1",,,,,,,,,,
,,,,,,,,,,,,,,"Feeding Behavior","1",,,,,,,,,,
,,,,,,,,,,,,,,"Fish","1",,,,,,,,,,
,,,,,,,,,,,,,,"Fishes","1",,,,,,,,,,
,,,,,,,,,,,,,,"Food Analysis","1",,,,,,,,,,
,,,,,,,,,,,,,,"Food Composition","1",,,,,,,,,,
,,,,,,,,,,,,,,"Goose","1",,,,,,,,,,
,,,,,,,,,,,,,,"Harvest","1",,,,,,,,,,
,,,,,,,,,,,,,,"Hudson Bay","1",,,,,,,,,,
,,,,,,,,,,,,,,"Human","1",,,,,,,,,,
,,,,,,,,,,,,,,"Human Settlement","1",,,,,,,,,,
,,,,,,,,,,,,,,"Human-goose Conflict","1",,,,,,,,,,
,,,,,,,,,,,,,,"Humans","1",,,,,,,,,,
,,,,,,,,,,,,,,"Hunting","1",,,,,,,,,,
,,,,,,,,,,,,,,"Indians, North American","1",,,,,,,,,,
,,,,,,,,,,,,,,"Land Rights","1",,,,,,,,,,
,,,,,,,,,,,,,,"Land Use","1",,,,,,,,,,
,,,,,,,,,,,,,,"Land-change","1",,,,,,,,,,
,,,,,,,,,,,,,,"Land-rights","1",,,,,,,,,,
,,,,,,,,,,,,,,"Michigan","1",,,,,,,,,,
,,,,,,,,,,,,,,"Migratory Species","1",,,,,,,,,,
,,,,,,,,,,,,,,"Molt","1",,,,,,,,,,
,,,,,,,,,,,,,,"Molt Migration","1",,,,,,,,,,
,,,,,,,,,,,,,,"Moose","1",,,,,,,,,,
,,,,,,,,,,,,,,"Nature-society Relations","1",,,,,,,,,,
,,,,,,,,,,,,,,"Nesting","1",,,,,,,,,,
,,,,,,,,,,,,,,"North America","1",,,,,,,,,,
,,,,,,,,,,,,,,"Nunavut","1",,,,,,,,,,
,,,,,,,,,,,,,,"Nutritional Value","1",,,,,,,,,,
,,,,,,,,,,,,,,"Nutritive Value","1",,,,,,,,,,
,,,,,,,,,,,,,,"Ontario [Canada]","1",,,,,,,,,,
,,,,,,,,,,,,,,"Partridge","1",,,,,,,,,,
,,,,,,,,,,,,,,"Prescribed Burning","1",,,,,,,,,,
,,,,,,,,,,,,,,"Quebec","1",,,,,,,,,,
,,,,,,,,,,,,,,"Resource Management","1",,,,,,,,,,
,,,,,,,,,,,,,,"Survival","1",,,,,,,,,,
,,,,,,,,,,,,,,"Ungava Peninsula","1",,,,,,,,,,
,,,,,,,,,,,,,,"United States","1",,,,,,,,,,
,,,,,,,,,,,,,,"Wemindji","1",,,,,,,,,,
,,,,,,,,,,,,,,"Wild Birds","1",,,,,,,,,,
,,,,,,,,,,,,,,"Wild Game","1",,,,,,,,,,
,,,,,,,,,,,,,,"Wilderness","1",,,,,,,,,,
,,,,,,,,,,,,,,"Wilderness Area","1",,,,,,,,,,
,,,,,,,,,,,,,,,,,,,,,,,,,
,,,,,,,,,,,,,,,,,,,,,,,,,
,,,,,,,,,,,,,,,,,,,,,,,,,
,,,,,,,,,,,,,,,,,,,,,,,,,
,,,,,,,,,,,,,,,,,,,,,,,,,
,,,,,,,,,,,,,,,,,,,,,,,,,
,,,,,,,,,,,,,,,,,,,,,,,,,
,,,,,,,,,,,,,,,,,,,,,,,,,
,,,,,,,,,,,,,,,,,,,,,,,,,
,,,,,,,,,,,,,,,,,,,,,,,,,
,,,,,,,,,,,,,,,,,,,,,,,,,
,,,,,,,,,,,,,,,,,,,,,,,,,
,,,,,,,,,,,,,,,,,,,,,,,,,
,,,,,,,,,,,,,,,,,,,,,,,,,
,,,,,,,,,,,,,,,,,,,,,,,,,
,,,,,,,,,,,,,,,,,,,,,,,,,
,,,,,,,,,,,,,,,,,,,,,,,,,
,,,,,,,,,,,,,,,,,,,,,,,,,
,,,,,,,,,,,,,,,,,,,,,,,,,
,,,,,,,,,,,,,,,,,,,,,,,,,
,,,,,,,,,,,,,,,,,,,,,,,,,
,,,,,,,,,,,,,,,,,,,,,,,,,
,,,,,,,,,,,,,,,,,,,,,,,,,
,,,,,,,,,,,,,,,,,,,,,,,,,
,,,,,,,,,,,,,,,,,,,,,,,,,
,,,,,,,,,,,,,,,,,,,,,,,,,
,,,,,,,,,,,,,,,,,,,,,,,,,
,,,,,,,,,,,,,,,,,,,,,,,,,
,,,,,,,,,,,,,,,,,,,,,,,,,
,,,,,,,,,,,,,,,,,,,,,,,,,
,,,,,,,,,,,,,,,,,,,,,,,,,
,,,,,,,,,,,,,,,,,,,,,,,,,
,,,,,,,,,,,,,,,,,,,,,,,,,
,,,,,,,,,,,,,,,,,,,,,,,,,
,,,,,,,,,,,,,,,,,,,,,,,,,
,,,,,,,,,,,,,,,,,,,,,,,,,
,,,,,,,,,,,,,,,,,,,,,,,,,
,,,,,,,,,,,,,,,,,,,,,,,,,
,,,,,,,,,,,,,,,,,,,,,,,,,
,,,,,,,,,,,,,,,,,,,,,,,,,
,,,,,,,,,,,,,,,,,,,,,,,,,
,,,,,,,,,,,,,,,,,,,,,,,,,
,,,,,,,,,,,,,,,,,,,,,,,,,
,,,,,,,,,,,,,,,,,,,,,,,,,
,,,,,,,,,,,,,,,,,,,,,,,,,
,,,,,,,,,,,,,,,,,,,,,,,,,
,,,,,,,,,,,,,,,,,,,,,,,,,
,,,,,,,,,,,,,,,,,,,,,,,,,
,,,,,,,,,,,,,,,,,,,,,,,,,
,,,,,,,,,,,,,,,,,,,,,,,,,
,,,,,,,,,,,,,,,,,,,,,,,,,
,,,,,,,,,,,,,,,,,,,,,,,,,
,,,,,,,,,,,,,,,,,,,,,,,,,
,,,,,,,,,,,,,,,,,,,,,,,,,
,,,,,,,,,,,,,,,,,,,,,,,,,
,,,,,,,,,,,,,,,,,,,,,,,,,
,,,,,,,,,,,,,,,,,,,,,,,,,
,,,,,,,,,,,,,,,,,,,,,,,,,
,,,,,,,,,,,,,,,,,,,,,,,,,
,,,,,,,,,,,,,,,,,,,,,,,,,
,,,,,,,,,,,,,,,,,,,,,,,,,
,,,,,,,,,,,,,,,,,,,,,,,,,
,,,,,,,,,,,,,,,,,,,,,,,,,
,,,,,,,,,,,,,,,,,,,,,,,,,
,,,,,,,,,,,,,,,,,,,,,,,,,
,,,,,,,,,,,,,,,,,,,,,,,,,
,,,,,,,,,,,,,,,,,,,,,,,,,
,,,,,,,,,,,,,,,,,,,,,,,,,
,,,,,,,,,,,,,,,,,,,,,,,,,
,,,,,,,,,,,,,,,,,,,,,,,,,
,,,,,,,,,,,,,,,,,,,,,,,,,
,,,,,,,,,,,,,,,,,,,,,,,,,
,,,,,,,,,,,,,,,,,,,,,,,,,
,,,,,,,,,,,,,,,,,,,,,,,,,
,,,,,,,,,,,,,,,,,,,,,,,,,
,,,,,,,,,,,,,,,,,,,,,,,,,
,,,,,,,,,,,,,,,,,,,,,,,,,
,,,,,,,,,,,,,,,,,,,,,,,,,
,,,,,,,,,,,,,,,,,,,,,,,,,
,,,,,,,,,,,,,,,,,,,,,,,,,
,,,,,,,,,,,,,,,,,,,,,,,,,
,,,,,,,,,,,,,,,,,,,,,,,,,
,,,,,,,,,,,,,,,,,,,,,,,,,
,,,,,,,,,,,,,,,,,,,,,,,,,
,,,,,,,,,,,,,,,,,,,,,,,,,
,,,,,,,,,,,,,,,,,,,,,,,,,
,,,,,,,,,,,,,,,,,,,,,,,,,
,,,,,,,,,,,,,,,,,,,,,,,,,
