﻿Scopus refine results values

"Your query : ((TITLE-ABS-KEY((Boreal OR {James Bay} OR James-Bay OR {Clay Belt} OR {canadian shield}) AND (Canada OR Quebec OR Ontario OR newfoundland OR Alberta OR British-Columbia) ) AND PUBYEAR > 1999 AND PUBYEAR < 2020) AND (TITLE-ABS-KEY(Species AND (Distribution OR Extinct* OR Invasi*  OR Transition Or exotic)) AND PUBYEAR > 1999 AND PUBYEAR < 2020) AND (TITLE-ABS-KEY(Predat* ) AND PUBYEAR > 1999 AND PUBYEAR < 2020))"


Number of results : 70

"ACCESS TYPE",,"YEAR",,"AUTHOR NAME",,"SUBJECT AREA",,"DOCUMENT TYPE",,"PUBLICATION STAGE",,"SOURCE TITLE",,"KEYWORD",,"AFFILIATION",,"FUNDING SPONSOR",,"COUNTRY",,"SOURCE TYPE",,"LANGUAGE",
"Open Access","14","2019","4","Fortin, D.","8","Agricultural and Biological Sciences","64","Article","67","final","70","Canadian Journal Of Fisheries And Aquatic Sciences","5","Canada","51","University of Alberta","16","Natural Sciences and Engineering Research Council of Canada","11","Canada","59","Journals","69","English","70"
"Other","56","2018","2","Yan, N.D.","5","Biochemistry, Genetics and Molecular Biology","7","Book","1",,,"Canadian Journal Of Zoology","5","Boreal Forest","24","Université Laval","11","Alberta Conservation Association","3","United States","24","Books","1","French","1"
,,"2017","7","Courbin, N.","4","Earth and Planetary Sciences","1","Conference Paper","1",,,"Biological Invasions","3","Animals","15","Université du Québec à Rimouski","6","BC Oil and Gas Research and Innovation Society","3","Argentina","1",,,,
,,"2016","4","Courtois, R.","4","Environmental Science","33","Review","1",,,"Ecology","3","North America","15","Canadian Forest Service","6","Canadian Association of Petroleum Producers","2","Czech Republic","1",,,,
,,"2015","6","Johnson, C.J.","4","Immunology and Microbiology","1",,,,,"Ecology And Evolution","3","Animal","13","Fisheries and Oceans Canada","6","Government of Alberta","2","Finland","1",,,,
,,"2014","8","Arnott, S.E.","3","Multidisciplinary","3",,,,,"Ecoscience","3","Canis Lupus","13","University of Guelph","6","Ministry of Natural Resources","2","France","1",,,,
,,"2013","5","Bayne, E.M.","3","Social Sciences","2",,,,,"Plos One","3","Rangifer Tarandus","13","Queen's University, Kingston","6","Natural Resources Canada","2","Greenland","1",,,,
,,"2012","7","Brown, G.S.","3",,,,,,,"Biological Conservation","2","Canid","12","Trent University","6","Parks Canada","2","Japan","1",,,,
,,"2011","2","Drapeau, P.","3",,,,,,,"Conservation Biology","2","Deer","12","York University","6","Petroleum Technology Alliance Canada","2","New Zealand","1",,,,
,,"2010","2","Dussault, C.","3",,,,,,,"Forest Ecology And Management","2","Ontario [Canada]","12","Freshwater Institute, Fisheries and Oceans Canada","5","University of Northern British Columbia","2","Norway","1",,,,
,,"2009","4","Fryxell, J.M.","3",,,,,,,"Hydrobiologia","2","Predation","12","University of Toronto","5","Academy of Finland","1","Sri Lanka","1",,,,
,,"2008","1","Gillingham, M.P.","3",,,,,,,"Journal Of Animal Ecology","2","Ecosystem","11","Environment Canada","4","Alberta Biodiversity Monitoring Institute","1","United Kingdom","1",,,,
,,"2007","3","Mumma, M.A.","3",,,,,,,"Journal Of Biogeography","2","Predation Risk","11","University of Northern British Columbia","4","Alberta Environment and Parks","1","Undefined","1",,,,
,,"2006","2","Parker, K.L.","3",,,,,,,"Journal Of The North American Benthological Society","2","Rangifer Tarandus Caribou","11","Ontario Ministry of the Environment","3","Alberta Innovates - Technology Futures","1",,,,,,
,,"2005","3","Patterson, B.R.","3",,,,,,,"Landscape Ecology","2","Climate Change","10","Ontario Ministry of Natural Resources","3","ArcticNet","1",,,,,,
,,"2004","2","Spence, J.R.","3",,,,,,,"American Naturalist","1","Zooplankton","10","University of Saskatchewan","3","Canada Economic Development for Quebec Regions","1",,,,,,
,,"2003","5","St-Laurent, M.H.","3",,,,,,,"Ardea","1","Abundance","9","Lakehead University","3","Canada Research Chairs","1",,,,,,
,,"2002","2","Strecker, A.L.","3",,,,,,,"Avian Conservation And Ecology","1","Article","9","Northern Forestry Centre","3","ConocoPhillips","1",,,,,,
,,"2000","1","Anderson, M.","2",,,,,,,"BMC Ecology","1","Biological Invasion","9","Ministère de l‘Energie et des Ressources naturelles du Québec","3","Environment Canada","1",,,,,,
,,,,"Avgar, T.","2",,,,,,,"Botany","1","Canidae","9","Wildlife Conservation Society Canada","2","Environmental Protection Agency","1",,,,,,
,,,,"Baker, J.A.","2",,,,,,,"Canadian Entomologist","1","Invasive Species","9","Dorset Environmental Science Centre","2","Fonds de Recherche du Québec - Nature et Technologies","1",,,,,,
,,,,"Boutin, S.","2",,,,,,,"Canadian Field Naturalist","1","Lake Ecosystem","9","Ontario Tech University","2","Fonds de recherche du QuÃ©bec â Nature et technologies","1",,,,,,
,,,,"Buono, P.L.","2",,,,,,,"Diversity And Distributions","1","Predator","9","University of Calgary","2","Japan Society for the Promotion of Science","1",,,,,,
,,,,"Burton, A.C.","2",,,,,,,"Ecological Complexity","1","Predator-prey Interaction","9","University of Victoria","2","Luonnontieteiden ja Tekniikan Tutkimuksen Toimikunta","1",,,,,,
,,,,"Cameron, E.K.","2",,,,,,,"Ecological Modelling","1","Alces Alces","8","Universite du Quebec en Abitibi-Temiscamingue","2","Marine Environmental Observation Prediction and Response Network","1",,,,,,
,,,,"Dussault, C.","2",,,,,,,"Ecological Monographs","1","Anthropogenic Effect","8","University of Manitoba","2","MinistÃ¨re des ForÃªts, de la Faune et des Parcs","1",,,,,,
,,,,"Hagens, J.","2",,,,,,,"Ecological Research","1","Beetle","8","The University of British Columbia","2","MinistÃ¨re des Ressources Naturelles et de la Faune","1",,,,,,
,,,,"Hebblewhite, M.","2",,,,,,,"Ecology Letters","1","Food Web","8","United States Geological Survey","2","Mitacs","1",,,,,,
,,,,"Iwachewski, E.","2",,,,,,,"Ecology Of Freshwater Fish","1","Physiology","8","University of Alaska Fairbanks","2","National Aeronautics and Space Administration","1",,,,,,
,,,,"Kittle, A.M.","2",,,,,,,"Ecosphere","1","Population Decline","8","Laurentian University","2","National Oceanic and Atmospheric Administration","1",,,,,,
,,,,"Langor, D.W.","2",,,,,,,"Ecosystems","1","Biodiversity","7","University of Montana","2","National Science Foundation","1",,,,,,
,,,,"Lee, S.I.","2",,,,,,,"Environmental Entomology","1","Bythotrephes","7","Portland State University","2","Office of Energy Research and Development","1",,,,,,
,,,,"Mills, K.H.","2",,,,,,,"Environmental Toxicology And Chemistry","1","Bythotrephes Longimanus","7","Université du Québec à Montréal","2","Polar Knowledge Canada","1",,,,,,
,,,,"Moffatt, S.","2",,,,,,,"Evolution","1","Habitat Selection","7","University of Minnesota","2","Shell","1",,,,,,
,,,,"Mosser, A.","2",,,,,,,"Freshwater Biology","1","Population Distribution","7","Government of Alberta","2","U.S. Environmental Protection Agency","1",,,,,,
,,,,"Musiani, M.","2",,,,,,,"Geographie Physique Et Quaternaire","1","Population Dynamics","7","Wildlife Conservation Society","1","U.S. Forest Service","1",,,,,,
,,,,"Phillips, I.D.","2",,,,,,,"Invasive Plant Science And Management","1","Wolves","7","Gwaii Haanas National Park Reserve","1","University of British Columbia","1",,,,,,
,,,,"Ray, J.C.","2",,,,,,,"Journal Of Mammalogy","1","Alberta","6","Saskatchewan Watershed Authority","1","University of Montana","1",,,,,,
,,,,"Reid, D.E.B.","2",,,,,,,"Oecologia","1","Animalia","6","Canadian National Collection of Insects","1","University of Saskatchewan","1",,,,,,
,,,,"Rodgers, A.R.","2",,,,,,,"Oikos","1","Disturbance","6","Natural Resources and Environmental Studies Institute University of Northern BC","1","UniversitÃ© Laval","1",,,,,,
,,,,"Shuter, J.","2",,,,,,,"Polar Biology","1","Endangered Species","6","Quest University","1","W. Garfield Weston Foundation","1",,,,,,
,,,,"Somers, K.M.","2",,,,,,,"Proceedings Of The Royal Society B Biological Sciences","1","Habitat Quality","6","Environmental and Life Sciences Graduate Program","1","World Wildlife Fund","1",,,,,,
,,,,"Street, G.M.","2",,,,,,,"What Should A Clever Moose Eat Natural History Ecology And The North Woods","1","Invertebrata","6","Ecosystem Management Unit","1","Undefined","44",,,,,,
,,,,"Thompson, I.D.","2",,,,,,,"Wildlife Society Bulletin","1","Population Density","6","ConocoPhillips Canada","1",,,,,,,,
,,,,"Turner, M.A.","2",,,,,,,,,"Predatory Behavior","6","Water Security Agency of Saskatchewan","1",,,,,,,,
,,,,"Vinebrooke, R.D.","2",,,,,,,,,"Reindeer","6","TRoutreach Saskatchewan","1",,,,,,,,
,,,,"Adamowicz, S.J.","1",,,,,,,,,"Wolf","6","Wilderness and Wildlife Conservation Trust","1",,,,,,,,
,,,,"Adams, L.G.","1",,,,,,,,,"Aves","5","MFFP","1",,,,,,,,
,,,,"Alarie, Y.","1",,,,,,,,,"Coleoptera","5","de la Faune et des Parcs du Québec","1",,,,,,,,
,,,,"Amburgey, S.M.","1",,,,,,,,,"Community Structure","5","Lands","1",,,,,,,,
,,,,"Anand, M.","1",,,,,,,,,"Crustacea","5","University of Alberta c/o Yukon Research Centre","1",,,,,,,,
,,,,"Bailey, L.L.","1",,,,,,,,,"Ecological Impact","5","University of Colorado Boulder","1",,,,,,,,
,,,,"Ballard, W.B.","1",,,,,,,,,"Female","5","NOAA Great Lakes Environmental Research Laboratory","1",,,,,,,,
,,,,"Barber, Q.","1",,,,,,,,,"Forestry","5","Boise State University","1",,,,,,,,
,,,,"Basille, M.","1",,,,,,,,,"Mammalia","5","Mississippi State University","1",,,,,,,,
,,,,"Bastille-Rousseau, G.","1",,,,,,,,,"Prey Availability","5","Royal Alberta Museum","1",,,,,,,,
,,,,"Bayley, S.E.","1",,,,,,,,,"Quebec","5","McGill University","1",,,,,,,,
,,,,"Beauchesne, D.","1",,,,,,,,,"Spatial Distribution","5","Great Lakes Forestry Centre","1",,,,,,,,
,,,,"Bell, A.J.","1",,,,,,,,,"United States","5","Helsingin Yliopisto","1",,,,,,,,
,,,,"Berger, J.","1",,,,,,,,,"Woodland","5","USDA Forest Service","1",,,,,,,,
,,,,"Bergeron, Y.","1",,,,,,,,,"Animal Distribution","4","Manitoba Hydro","1",,,,,,,,
,,,,"Bergman, C.","1",,,,,,,,,"Behavioral Response","4","Arizona State University","1",,,,,,,,
,,,,"Birkigt, D.A.","1",,,,,,,,,"Biological Model","4","Consejo Nacional de Investigaciones Científicas y Técnicas","1",,,,,,,,
,,,,"Blanchfield, P.J.","1",,,,,,,,,"British Columbia","4","UK Centre for Ecology &amp; Hydrology","1",,,,,,,,
,,,,"Blanger, L.","1",,,,,,,,,"Canis Familiaris","4","The Research Triangle Park","1",,,,,,,,
,,,,"Bodaly, R.A.","1",,,,,,,,,"Caribou","4","Yale University","1",,,,,,,,
,,,,"Bouchard, C.","1",,,,,,,,,"Cladocera","4","University of Minnesota System","1",,,,,,,,
,,,,"Boudreau, S.","1",,,,,,,,,"Fish","4","Museé canadien de la nature","1",,,,,,,,
,,,,"Boudreau, S.A.","1",,,,,,,,,"Forest Management","4","Cornell University","1",,,,,,,,
,,,,"Boulanger, Y.","1",,,,,,,,,"Herbivore","4","University of Wyoming","1",,,,,,,,
,,,,"Boyle, E.E.","1",,,,,,,,,"Lepus Americanus","4","Colorado State University","1",,,,,,,,
,,,,"Brodeur, V.","1",,,,,,,,,"Models, Biological","4","Purdue University","1",,,,,,,,
,,,,"Burgar, J.M.","1",,,,,,,,,"Moose","4","Universite Paul-Valery Montpellier III","1",,,,,,,,
,,,,"Butler, R.A.","1",,,,,,,,,"Native Species","4","Harvard University","1",,,,,,,,
,,,,"Cheveau, M.","1",,,,,,,,,"Ontario","4","University of Florida Institute of Food and Agricultural Sciences","1",,,,,,,,
,,,,"Chillo, V.","1",,,,,,,,,"Species Richness","4","Washington University in St. Louis","1",,,,,,,,
,,,,"Chollet, S.","1",,,,,,,,,"Survival","4","Kyoto University","1",,,,,,,,
,,,,"Choudhury, S.","1",,,,,,,,,"Trophic Interaction","4","Université de Sherbrooke","1",,,,,,,,
,,,,"Clapperton, M.J.","1",,,,,,,,,"Alaska","3","University of Florida","1",,,,,,,,
,,,,"Clark, J.A.","1",,,,,,,,,"Animal Behavior","3","Lethbridge Research Centre","1",,,,,,,,
,,,,"Crisfield, V.E.","1",,,,,,,,,"Animal Dispersal","3","University of Washington, Seattle","1",,,,,,,,
,,,,"Côté, S.D.","1",,,,,,,,,"Animal Movement","3","Dalhousie University","1",,,,,,,,
,,,,"Dawe, K.L.","1",,,,,,,,,"Arctic","3","University of Winnipeg","1",,,,,,,,
,,,,"Desrochers, A.","1",,,,,,,,,"Biological Invasions","3","Carleton University","1",,,,,,,,
,,,,"Edwards, B.A.","1",,,,,,,,,"Cervidae","3","Manaaki Whenua - Landcare Research","1",,,,,,,,
,,,,"Ehlers, L.P.W.","1",,,,,,,,,"Clethrionomys","3","State University of New York Upstate Medical University","1",,,,,,,,
,,,,"Elser, J.J.","1",,,,,,,,,"Community Composition","3","Agriculture et Agroalimentaire Canada","1",,,,,,,,
,,,,"Emery, N.C.","1",,,,,,,,,"Connectivity","3","Norwegian Institute for Nature Research","1",,,,,,,,
,,,,"Epners, C.A.","1",,,,,,,,,"Conservation","3","University of Montana College of Forestry and Conservation","1",,,,,,,,
,,,,"Falardeau, M.","1",,,,,,,,,"Conservation Of Natural Resources","3","Texas Tech University","1",,,,,,,,
,,,,"Festa-Bianchet, M.","1",,,,,,,,,"Crustacean","3","University of Central Florida","1",,,,,,,,
,,,,"Findlay, D.L.","1",,,,,,,,,"Dispersal","3","Natural Resources Canada","1",,,,,,,,
,,,,"Fisher, J.T.","1",,,,,,,,,"Ecology","3","Conseil de recherches en sciences naturelles et en génie du Canada","1",,,,,,,,
,,,,"Fortier, L.","1",,,,,,,,,"Ecosystem Function","3","National Oceanic and Atmospheric Administration","1",,,,,,,,
,,,,"Fortin, A.","1",,,,,,,,,"Environmental Disturbance","3","École Pratique des Hautes Etudes","1",,,,,,,,
,,,,"Fortin, M.J.","1",,,,,,,,,"Environmental Protection","3","College of Science","1",,,,,,,,
,,,,"Foster, S.E.","1",,,,,,,,,"Experimental Lakes Area","3","Eastern Oregon Agricultural Research Center","1",,,,,,,,
,,,,"Funk, W.C.","1",,,,,,,,,"Fire","3","University of Regina","1",,,,,,,,
,,,,"Gaston, A.J.","1",,,,,,,,,"Food Chain","3","Bedford Institute of Oceanography, Fisheries and Oceans Canada","1",,,,,,,,
,,,,"Gibson, K.D.","1",,,,,,,,,"Functional Response","3","Michigan State University","1",,,,,,,,
,,,,"Girard, R.","1",,,,,,,,,"Geographical Distribution","3","University of Wisconsin-Madison","1",,,,,,,,
,,,,"Girard, R.E.","1",,,,,,,,,"Habitat Use","3","United States Department of Agriculture","1",,,,,,,,
,,,,"Goulet, H.","1",,,,,,,,,"Harvesting","3","Fort Collins Science Center","1",,,,,,,,
,,,,"Grindal, S.","1",,,,,,,,,"Herbivory","3","Concordia University","1",,,,,,,,
,,,,"Gunn, A.","1",,,,,,,,,"Heterogeneity","3","Instituto Argentino de Investigaciones de Zonas Aridas","1",,,,,,,,
,,,,"Gunn, J.M.","1",,,,,,,,,"Home Range","3","University of Idaho","1",,,,,,,,
,,,,"Gustine, D.D.","1",,,,,,,,,"Hypothesis Testing","3","Institute of Hydrobiology, Biology Centre of the Academy of Sciences of the Czech Republic","1",,,,,,,,
,,,,"Haight, R.G.","1",,,,,,,,,"Invertebrate","3","Centre d'Ecologie Fonctionnelle et Evolutive","1",,,,,,,,
,,,,"Haughland, D.L.","1",,,,,,,,,"Lagomorph","3","Greenland Institute of Natural Resources","1",,,,,,,,
,,,,"Heppell, S.","1",,,,,,,,,"Movement","3","Government of British Columbia","1",,,,,,,,
,,,,"Hobson, K.A.","1",,,,,,,,,"Muridae","3","Ministry of Environment British Columbia","1",,,,,,,,
,,,,"Hodson, J.","1",,,,,,,,,"Nature Conservation","3","Government of Nunavut","1",,,,,,,,
,,,,"Hébert, C.","1",,,,,,,,,"Nonhuman","3","Ministry of Forests and Range","1",,,,,,,,
,,,,"Imbeau, L.","1",,,,,,,,,"Planktivore","3","Ducks Unlimited Canada","1",,,,,,,,
,,,,"Ingram, R.","1",,,,,,,,,"Quebec [Canada]","3","Institut international du développement durable","1",,,,,,,,
,,,,"Jackson, A.B.","1",,,,,,,,,"Range Expansion","3","Université de Montpellier","1",,,,,,,,
,,,,"Jackson, D.A.","1",,,,,,,,,"Reintroduction","3","Géosciences Montpellier","1",,,,,,,,
,,,,"Jaeger, J.A.G.","1",,,,,,,,,"Resource Selection","3","University of California Division of Agriculture and Natural Resources","1",,,,,,,,
,,,,"Jefferies, R.L.","1",,,,,,,,,"Roads","3","Institut des sciences de la mer de Rimouski","1",,,,,,,,
,,,,"Jenkins, M.A.","1",,,,,,,,,"Rodent","3",,,,,,,,,,
,,,,"Johnson, C.A.","1",,,,,,,,,"Season","3",,,,,,,,,,
,,,,"Johnson, D.S.","1",,,,,,,,,"Seasons","3",,,,,,,,,,
,,,,"Johnston, T.A.","1",,,,,,,,,"Seed Predation","3",,,,,,,,,,
,,,,"Kambo, D.","1",,,,,,,,,"Seismic Lines","3",,,,,,,,,,
,,,,"Kamler, J.F.","1",,,,,,,,,"Snowshoe Hare","3",,,,,,,,,,
,,,,"Kawaguchi, T.","1",,,,,,,,,"Spatiotemporal Analysis","3",,,,,,,,,,
,,,,"Keller, W.","1",,,,,,,,,"Species Conservation","3",,,,,,,,,,
,,,,"Kellman, M.","1",,,,,,,,,"Species Specificity","3",,,,,,,,,,
,,,,"Kevan, P.G.","1",,,,,,,,,"Taxonomy","3",,,,,,,,,,
,,,,"Kim, N.","1",,,,,,,,,"Top-down Control","3",,,,,,,,,,
,,,,"Kladivko, E.J.","1",,,,,,,,,"Winter","3",,,,,,,,,,
,,,,"Koch, F.H.","1",,,,,,,,,"Woodland Caribou","3",,,,,,,,,,
,,,,"Kotanen, P.M.","1",,,,,,,,,"Acidification","2",,,,,,,,,,
,,,,"Labbee, R.N.","1",,,,,,,,,"Adult","2",,,,,,,,,,
,,,,"Lafontaine, A.","1",,,,,,,,,"Aggregated Retention","2",,,,,,,,,,
,,,,"Lankau, H.E.","1",,,,,,,,,"Algae","2",,,,,,,,,,
,,,,"Latham, A.D.M.","1",,,,,,,,,"Anthropogenic Linear Features","2",,,,,,,,,,
,,,,"Latham, M.C.","1",,,,,,,,,"Apparent Competition","2",,,,,,,,,,
,,,,"Leggett, W.C.","1",,,,,,,,,"Arctic Regions","2",,,,,,,,,,
,,,,"Lindberg, M.S.","1",,,,,,,,,"Astacoidea","2",,,,,,,,,,
,,,,"Liu, N.","1",,,,,,,,,"Autocorrelation","2",,,,,,,,,,
,,,,"Losier, C.","1",,,,,,,,,"Beetles","2",,,,,,,,,,
,,,,"MacLennan, M.M.","1",,,,,,,,,"Behavior, Animal","2",,,,,,,,,,
,,,,"Machtans, C.S.","1",,,,,,,,,"Biogeography","2",,,,,,,,,,
,,,,"Mainguy, J.","1",,,,,,,,,"Biomass","2",,,,,,,,,,
,,,,"Marceau, D.J.","1",,,,,,,,,"Body Size","2",,,,,,,,,,
,,,,"Marshall, J.D.","1",,,,,,,,,"Boreal Lakes","2",,,,,,,,,,
,,,,"Martin, J.L.","1",,,,,,,,,"Calcium","2",,,,,,,,,,
,,,,"McAdam, A.G.","1",,,,,,,,,"Canada Lynx","2",,,,,,,,,,
,,,,"McLoughlin, P.D.","1",,,,,,,,,"Canadian Arctic","2",,,,,,,,,,
,,,,"Merrill, E.","1",,,,,,,,,"Canadian Shield","2",,,,,,,,,,
,,,,"Miehls, A.L.J.","1",,,,,,,,,"Canis Latrans","2",,,,,,,,,,
,,,,"Milakovic, B.","1",,,,,,,,,"Carabidae","2",,,,,,,,,,
,,,,"Moilanen, A.","1",,,,,,,,,"Carnivore","2",,,,,,,,,,
,,,,"Moorcroft, P.R.","1",,,,,,,,,"Castor Canadensis","2",,,,,,,,,,
,,,,"Morgan, G.E.","1",,,,,,,,,"Cervus Elaphus","2",,,,,,,,,,
,,,,"Morris, D.W.","1",,,,,,,,,"Classification","2",,,,,,,,,,
,,,,"Muhly, T.B.","1",,,,,,,,,"Coarse Woody Debris","2",,,,,,,,,,
,,,,"Murphy, M.","1",,,,,,,,,"Coexistence","2",,,,,,,,,,
,,,,"Murray, D.L.","1",,,,,,,,,"Colonization","2",,,,,,,,,,
