﻿Scopus refine results values

"Your query : ((TITLE-ABS-KEY((Boreal OR {James Bay} OR James-Bay OR {Clay Belt} OR {canadian shield}) AND Quebec) AND PUBYEAR > 1999 AND PUBYEAR < 2020) AND (TITLE-ABS-KEY(weather OR   Season* OR meteo*) AND PUBYEAR > 1999 AND PUBYEAR < 2020) AND (TITLE-ABS-KEY((species AND diversity) OR biodiversity)))"


Number of results : 10

"ACCESS TYPE",,"YEAR",,"AUTHOR NAME",,"SUBJECT AREA",,"DOCUMENT TYPE",,"PUBLICATION STAGE",,"SOURCE TITLE",,"KEYWORD",,"AFFILIATION",,"FUNDING SPONSOR",,"COUNTRY",,"SOURCE TYPE",,"LANGUAGE",
"Open Access","3","2019","1","Bergeron, Y.","3","Agricultural and Biological Sciences","8","Article","10","final","10","Forest Ecology And Management","2","Boreal Forest","9","Université du Québec à Montréal","5","Natural Sciences and Engineering Research Council of Canada","4","Canada","10","Journals","10","English","10"
"Other","7","2018","2","Bélanger, L.","2","Biochemistry, Genetics and Molecular Biology","2",,,,,"Avian Conservation And Ecology","1","Canada","7","Canadian Forest Service","3","Fonds de recherche du QuÃ©bec â Nature et technologies","2","United States","2",,,"French","1"
,,"2017","1","Angers, V.A.","1","Environmental Science","8",,,,,"Ecological Applications","1","Biodiversity","6","Université Laval","3","Association pour la Recherche sur les Tumeurs de la Prostate","1","France","1",,,,
,,"2015","1","Barrette, M.","1","Multidisciplinary","1",,,,,"Ecosphere","1","Forestry","5","Natural Resources Canada","2","Canada Foundation for Innovation","1","Norway","1",,,,
,,"2013","1","Borrego, C.M.","1",,,,,,,"Environmental Monitoring And Assessment","1","Quebec [Canada]","5","Ministère des Forêts de la Faune et des Parcs du Québec","1","Environment Canada","1","Spain","1",,,,
,,"2012","2","Bouchard, M.","1",,,,,,,"Journal Of Mammalogy","1","Seasonal Variation","4","Raincoast Conservation Foundation","1","Fonds QuÃ©bÃ©cois de la Recherche sur la Nature et les Technologies","1",,,,,,
,,"2011","1","Bélisle, A.C.","1",,,,,,,"New Forests","1","Abies Balsamea","3","Environment Canada","1","Fonds Québécois de la Recherche sur la Nature et les Technologies","1",,,,,,
,,"2001","1","Chalifour, D.","1",,,,,,,"Plos One","1","Climate","3","University of Victoria","1","Fonds de recherche du Québec – Nature et technologies","1",,,,,,
,,,,"Correia, D.L.P.","1",,,,,,,"Silva Fennica","1","Coniferous Tree","3","Universite du Quebec en Abitibi-Temiscamingue","1","Institute of Infection and Immunity","1",,,,,,
,,,,"Cottrell, M.T.","1",,,,,,,,,"Ecosystems","3","USDA Forest Service","1","MinistÃ¨re de l'Ãconomie, de lâInnovation et des Exportations du QuÃ©bec","1",,,,,,
,,,,"Cyr, D.","1",,,,,,,,,"Forest Management","3","Université du Québec à Rimouski","1","National Science Foundation","1",,,,,,
,,,,"De Grandpré, L.","1",,,,,,,,,"Quebec","3","University of Montreal","1","Undefined","3",,,,,,
,,,,"Del Giorgio, P.A.","1",,,,,,,,,"Abies","2","Universitat de Girona","1",,,,,,,,
,,,,"Desgranges, J.L.","1",,,,,,,,,"Article","2","Université de Picardie Jules Verne","1",,,,,,,,
,,,,"Drapeau, P.","1",,,,,,,,,"Climatology","2","University of Winnipeg","1",,,,,,,,
,,,,"Fauchald, P.","1",,,,,,,,,"Controlled Study","2","College of Earth, Ocean and Environment","1",,,,,,,,
,,,,"Fauteux, L.","1",,,,,,,,,"Dendrochronology","2","Norwegian Institute for Nature Research","1",,,,,,,,
,,,,"Filotas, É.","1",,,,,,,,,"Ecology","2","Université du Québec en Outaouais","1",,,,,,,,
,,,,"Flannigan, M.","1",,,,,,,,,"Ecosystem Management","2","Université du Québec à Chicoutimi","1",,,,,,,,
,,,,"Garcia-Chaves, M.C.","1",,,,,,,,,"Ecosystem Resilience","2","University of Delaware","1",,,,,,,,
,,,,"Gauthier, S.","1",,,,,,,,,"Meteorology","2","Conseil de recherches en sciences naturelles et en génie du Canada","1",,,,,,,,
,,,,"James, P.M.A.","1",,,,,,,,,"Mortality","2","Ministère de l‘Energie et des Ressources naturelles du Québec","1",,,,,,,,
,,,,"Kirchman, D.L.","1",,,,,,,,,"Nonhuman","2","TÉLUQ University","1",,,,,,,,
,,,,"Leblanc, M.L.","1",,,,,,,,,"Old-growth Forest","2",,,,,,,,,,
,,,,"Leclerc, M.","1",,,,,,,,,"Picea Glauca","2",,,,,,,,,,
,,,,"Legault, S.","1",,,,,,,,,"Picea Mariana","2",,,,,,,,,,
,,,,"Marrec, R.","1",,,,,,,,,"Reforestation","2",,,,,,,,,,
,,,,"Morin, H.","1",,,,,,,,,"Summer","2",,,,,,,,,,
,,,,"Pontbriand-Pare, O.","1",,,,,,,,,"Survival","2",,,,,,,,,,
,,,,"Raulier, F.","1",,,,,,,,,"Sustainable Development","2",,,,,,,,,,
,,,,"Royo, A.A.","1",,,,,,,,,"Tree","2",,,,,,,,,,
,,,,"St-Laurent, M.H.","1",,,,,,,,,"Trees","2",,,,,,,,,,
,,,,"Stien, A.","1",,,,,,,,,"White Spruce","2",,,,,,,,,,
,,,,"Tardif, J.","1",,,,,,,,,"Winter","2",,,,,,,,,,
,,,,"Tarroux, A.","1",,,,,,,,,"Abies Amabilis","1",,,,,,,,,,
,,,,"Thiffault, N.","1",,,,,,,,,"Abundance","1",,,,,,,,,,
,,,,"Tveraa, T.","1",,,,,,,,,"Activity Pattern","1",,,,,,,,,,
,,,,,,,,,,,,,,"Aerial Photograph","1",,,,,,,,,,
,,,,,,,,,,,,,,"Aerial Photos","1",,,,,,,,,,
,,,,,,,,,,,,,,"Aerobic Anoxygenic Phototrophic Bacteria","1",,,,,,,,,,
,,,,,,,,,,,,,,"Aerobic Bacterium","1",,,,,,,,,,
,,,,,,,,,,,,,,"Age Class","1",,,,,,,,,,
,,,,,,,,,,,,,,"Air Temperature","1",,,,,,,,,,
,,,,,,,,,,,,,,"Alternative Successional Pathways","1",,,,,,,,,,
,,,,,,,,,,,,,,"Anatomy","1",,,,,,,,,,
,,,,,,,,,,,,,,"Anthropogenic Effect","1",,,,,,,,,,
,,,,,,,,,,,,,,"Anticosti Island","1",,,,,,,,,,
,,,,,,,,,,,,,,"Archival Data","1",,,,,,,,,,
,,,,,,,,,,,,,,"Atmospheric Temperature","1",,,,,,,,,,
,,,,,,,,,,,,,,"Aves","1",,,,,,,,,,
,,,,,,,,,,,,,,"Avian Community","1",,,,,,,,,,
,,,,,,,,,,,,,,"Bacteria, Aerobic","1",,,,,,,,,,
,,,,,,,,,,,,,,"Bacterial Cell","1",,,,,,,,,,
,,,,,,,,,,,,,,"Bacteriochlorophyll A","1",,,,,,,,,,
,,,,,,,,,,,,,,"Balsam Fir","1",,,,,,,,,,
,,,,,,,,,,,,,,"Band Dendrometers","1",,,,,,,,,,
,,,,,,,,,,,,,,"Bioavailability","1",,,,,,,,,,
,,,,,,,,,,,,,,"Biological Invasion","1",,,,,,,,,,
,,,,,,,,,,,,,,"Biotelemetry","1",,,,,,,,,,
,,,,,,,,,,,,,,"Black Spruce-feather Moss","1",,,,,,,,,,
,,,,,,,,,,,,,,"Boreal Forests","1",,,,,,,,,,
,,,,,,,,,,,,,,"Boreal Mixedwoods","1",,,,,,,,,,
,,,,,,,,,,,,,,"Boreal Tree Species","1",,,,,,,,,,
,,,,,,,,,,,,,,"Bryophyta","1",,,,,,,,,,
,,,,,,,,,,,,,,"Burned Areas","1",,,,,,,,,,
,,,,,,,,,,,,,,"Canopy Gap","1",,,,,,,,,,
,,,,,,,,,,,,,,"Canopy Openness","1",,,,,,,,,,
,,,,,,,,,,,,,,"Cell Division","1",,,,,,,,,,
,,,,,,,,,,,,,,"Cell Size","1",,,,,,,,,,
,,,,,,,,,,,,,,"Cervidae","1",,,,,,,,,,
,,,,,,,,,,,,,,"Chlorophyll","1",,,,,,,,,,
,,,,,,,,,,,,,,"Chlorophyll A","1",,,,,,,,,,
,,,,,,,,,,,,,,"Chlorophyll Content","1",,,,,,,,,,
,,,,,,,,,,,,,,"Choristoneura Fumiferana","1",,,,,,,,,,
,,,,,,,,,,,,,,"Climate Change","1",,,,,,,,,,
,,,,,,,,,,,,,,"Climate Cycle","1",,,,,,,,,,
,,,,,,,,,,,,,,"Climate Effect","1",,,,,,,,,,
,,,,,,,,,,,,,,"Concentration (parameters)","1",,,,,,,,,,
,,,,,,,,,,,,,,"Coniferales","1",,,,,,,,,,
,,,,,,,,,,,,,,"Coniferous Trees","1",,,,,,,,,,
,,,,,,,,,,,,,,"Conservation Management","1",,,,,,,,,,
,,,,,,,,,,,,,,"Continuous Landscape","1",,,,,,,,,,
,,,,,,,,,,,,,,"Cytology","1",,,,,,,,,,
,,,,,,,,,,,,,,"Decay Classification Systems","1",,,,,,,,,,
,,,,,,,,,,,,,,"Deciduous Tree","1",,,,,,,,,,
,,,,,,,,,,,,,,"Deciduous Trees","1",,,,,,,,,,
,,,,,,,,,,,,,,"Deer","1",,,,,,,,,,
,,,,,,,,,,,,,,"Degradation","1",,,,,,,,,,
,,,,,,,,,,,,,,"Dissolved Organic Matter","1",,,,,,,,,,
,,,,,,,,,,,,,,"Distribution Modelling","1",,,,,,,,,,
,,,,,,,,,,,,,,"Disturbances","1",,,,,,,,,,
,,,,,,,,,,,,,,"Diurnal Activity","1",,,,,,,,,,
,,,,,,,,,,,,,,"Dynamics","1",,,,,,,,,,
,,,,,,,,,,,,,,"Ecological Impact","1",,,,,,,,,,
,,,,,,,,,,,,,,"Ecosystem Function","1",,,,,,,,,,
,,,,,,,,,,,,,,"Ecosystem Functioning","1",,,,,,,,,,
,,,,,,,,,,,,,,"Ecosystem-based Management","1",,,,,,,,,,
,,,,,,,,,,,,,,"Elements Of Metacommunity Structure","1",,,,,,,,,,
,,,,,,,,,,,,,,"Environmental Disturbance","1",,,,,,,,,,
,,,,,,,,,,,,,,"Environmental Factor","1",,,,,,,,,,
,,,,,,,,,,,,,,"Environmental Indicator","1",,,,,,,,,,
,,,,,,,,,,,,,,"Environmental Monitoring","1",,,,,,,,,,
,,,,,,,,,,,,,,"Evergreen Tree","1",,,,,,,,,,
,,,,,,,,,,,,,,"Failure","1",,,,,,,,,,
,,,,,,,,,,,,,,"Fire Behavior","1",,,,,,,,,,
,,,,,,,,,,,,,,"Fire Cycles","1",,,,,,,,,,
,,,,,,,,,,,,,,"Fire History","1",,,,,,,,,,
,,,,,,,,,,,,,,"Fire Regimes","1",,,,,,,,,,
,,,,,,,,,,,,,,"Fire Size","1",,,,,,,,,,
,,,,,,,,,,,,,,"Fires","1",,,,,,,,,,
,,,,,,,,,,,,,,"First-passage Time","1",,,,,,,,,,
,,,,,,,,,,,,,,"Forest","1",,,,,,,,,,
,,,,,,,,,,,,,,"Forest Canopy","1",,,,,,,,,,
,,,,,,,,,,,,,,"Forest Cover","1",,,,,,,,,,
,,,,,,,,,,,,,,"Forest Diversity","1",,,,,,,,,,
,,,,,,,,,,,,,,"Forest Dynamics","1",,,,,,,,,,
,,,,,,,,,,,,,,"Forest Fires","1",,,,,,,,,,
,,,,,,,,,,,,,,"Forestry Production","1",,,,,,,,,,
,,,,,,,,,,,,,,"Forests","1",,,,,,,,,,
,,,,,,,,,,,,,,"Functional Change","1",,,,,,,,,,
,,,,,,,,,,,,,,"Functional Diversity","1",,,,,,,,,,
,,,,,,,,,,,,,,"Functional Effect Groups","1",,,,,,,,,,
,,,,,,,,,,,,,,"Functional Redundancy","1",,,,,,,,,,
,,,,,,,,,,,,,,"Functional Role","1",,,,,,,,,,
,,,,,,,,,,,,,,"GPS","1",,,,,,,,,,
,,,,,,,,,,,,,,"GPS-tracking","1",,,,,,,,,,
,,,,,,,,,,,,,,"Gap Dynamics","1",,,,,,,,,,
,,,,,,,,,,,,,,"Growing Season","1",,,,,,,,,,
,,,,,,,,,,,,,,"Growth Rate","1",,,,,,,,,,
,,,,,,,,,,,,,,"Growth, Development And Aging","1",,,,,,,,,,
,,,,,,,,,,,,,,"Habitat Fragmentation","1",,,,,,,,,,
,,,,,,,,,,,,,,"Habitat Use","1",,,,,,,,,,
,,,,,,,,,,,,,,"Hardwoods","1",,,,,,,,,,
,,,,,,,,,,,,,,"Hazard Models","1",,,,,,,,,,
,,,,,,,,,,,,,,"Herbivore","1",,,,,,,,,,
,,,,,,,,,,,,,,"Heterotrophy","1",,,,,,,,,,
,,,,,,,,,,,,,,"Humus","1",,,,,,,,,,
,,,,,,,,,,,,,,"Lake","1",,,,,,,,,,
,,,,,,,,,,,,,,"Late Winter-early Summer","1",,,,,,,,,,
,,,,,,,,,,,,,,"Light Availability","1",,,,,,,,,,
,,,,,,,,,,,,,,"Literature Cited","1",,,,,,,,,,
,,,,,,,,,,,,,,"Logging (timber)","1",,,,,,,,,,
,,,,,,,,,,,,,,"MODIS","1",,,,,,,,,,
,,,,,,,,,,,,,,"Managers","1",,,,,,,,,,
,,,,,,,,,,,,,,"Metabolism","1",,,,,,,,,,
,,,,,,,,,,,,,,"Meteorological Factors","1",,,,,,,,,,
,,,,,,,,,,,,,,"Meteorological Phenomena","1",,,,,,,,,,
,,,,,,,,,,,,,,"Microbial Community","1",,,,,,,,,,
,,,,,,,,,,,,,,"Microbial Diversity","1",,,,,,,,,,
,,,,,,,,,,,,,,"Microsite","1",,,,,,,,,,
,,,,,,,,,,,,,,"Minerals","1",,,,,,,,,,
,,,,,,,,,,,,,,"Mixed Forest","1",,,,,,,,,,
,,,,,,,,,,,,,,"Morphological Attributes","1",,,,,,,,,,
,,,,,,,,,,,,,,"Morphology","1",,,,,,,,,,
,,,,,,,,,,,,,,"Moss","1",,,,,,,,,,
,,,,,,,,,,,,,,"Multi-scale Framework","1",,,,,,,,,,
,,,,,,,,,,,,,,"Multivariate Analysi","1",,,,,,,,,,
,,,,,,,,,,,,,,"North America","1",,,,,,,,,,
,,,,,,,,,,,,,,"Novel Ecosystems","1",,,,,,,,,,
,,,,,,,,,,,,,,"Old-growth","1",,,,,,,,,,
