﻿Scopus refine results values

"Your query : ((TITLE-ABS-KEY((Boreal OR {James Bay} OR James-Bay OR {Clay Belt} OR {canadian shield}) AND Quebec) AND PUBYEAR > 1999 AND PUBYEAR < 2020) AND (TITLE-ABS-KEY(weather OR   Season* OR meteo*) AND PUBYEAR > 1999 AND PUBYEAR < 2020) AND (TITLE-ABS-KEY({tree composition} OR {tree species composition} OR {Stand composition} OR {tree assemblage} OR {tree species assemblage}  ) AND PUBYEAR > 1999 AND PUBYEAR < 2020))"


Number of results : 4

"ACCESS TYPE",,"YEAR",,"AUTHOR NAME",,"SUBJECT AREA",,"DOCUMENT TYPE",,"PUBLICATION STAGE",,"SOURCE TITLE",,"KEYWORD",,"AFFILIATION",,"FUNDING SPONSOR",,"COUNTRY",,"SOURCE TYPE",,"LANGUAGE",
"Open Access","1","2019","1","Bergeron, Y.","2","Agricultural and Biological Sciences","4","Article","4","final","4","Ecosphere","1","Canada","3","Ecl. Sup. d'Agriculture de Purpan","1","AcadÃ©mie de recherche et d'enseignement supÃ©rieur","1","Canada","4","Journals","4","English","4"
"Other","3","2013","1","Boiffin, J.","1","Environmental Science","3",,,,,"Forest Ecology And Management","1","Boreal Forest","2","Le réseau de l'Université du Québec","1","Fondation de lâUniversitÃ© du QuÃ©bec en Abitibi-TÃ©miscamingue","1","China","1",,,,
,,"2010","1","Béland, M.","1",,,,,,,"Forestry Chronicle","1","Coniferous Tree","2","Universite du Quebec en Abitibi-Temiscamingue","1","MinistÃ¨re de l'Ãnergie et des Ressources Naturelles","1","France","1",,,,
,,"2001","1","Calmels, S.","1",,,,,,,"International Journal Of Wildland Fire","1","Growing Season","2","Canadian Forest Service","1","Natural Sciences and Engineering Research Council of Canada","1","Italy","1",,,,
,,,,"Froment, I.","1",,,,,,,,,"Jack Pine","2","Universite de Moncton","1","Undefined","2",,,,,,
,,,,"Gauthier, S.","1",,,,,,,,,"Picea Mariana","2","Università degli Studi di Napoli Federico II","1",,,,,,,,
,,,,"Huang, J.G.","1",,,,,,,,,"Pinus Banksiana","2","Chinese Academy of Sciences","1",,,,,,,,
,,,,"Kafka, V.","1",,,,,,,,,"Quebec [Canada]","2","Université du Québec à Chicoutimi","1",,,,,,,,
,,,,"Munson, A.D.","1",,,,,,,,,"Reforestation","2","Natural Resources Canada","1",,,,,,,,
,,,,"Rossi, S.","1",,,,,,,,,"Adaptation","1","Université du Québec à Montréal","1",,,,,,,,
,,,,"Saracino, A.","1",,,,,,,,,"Assisted Migration","1","Northern Forestry Centre","1",,,,,,,,
,,,,"Silvestro, R.","1",,,,,,,,,"Black Spruce","1","Université Laval","1",,,,,,,,
,,,,"Zhang, S.","1",,,,,,,,,"Boreal Forests","1",,,,,,,,,,
,,,,,,,,,,,,,,"Boreal Mixed Wood","1",,,,,,,,,,
,,,,,,,,,,,,,,"Bud Burst","1",,,,,,,,,,
,,,,,,,,,,,,,,"Bud Set","1",,,,,,,,,,
,,,,,,,,,,,,,,"Budburst","1",,,,,,,,,,
,,,,,,,,,,,,,,"Burn Severity","1",,,,,,,,,,
,,,,,,,,,,,,,,"Burst Tests","1",,,,,,,,,,
,,,,,,,,,,,,,,"Clay","1",,,,,,,,,,
,,,,,,,,,,,,,,"Clay Soil","1",,,,,,,,,,
,,,,,,,,,,,,,,"Climate Change","1",,,,,,,,,,
,,,,,,,,,,,,,,"Climate-disturbance Interaction","1",,,,,,,,,,
,,,,,,,,,,,,,,"Common Garden","1",,,,,,,,,,
,,,,,,,,,,,,,,"Delimbing","1",,,,,,,,,,
,,,,,,,,,,,,,,"Differentiation","1",,,,,,,,,,
,,,,,,,,,,,,,,"Disturbance","1",,,,,,,,,,
,,,,,,,,,,,,,,"Ecotype","1",,,,,,,,,,
,,,,,,,,,,,,,,"Experimental Design","1",,,,,,,,,,
,,,,,,,,,,,,,,"Feasibility Study","1",,,,,,,,,,
,,,,,,,,,,,,,,"Fire Behaviour","1",,,,,,,,,,
,,,,,,,,,,,,,,"Forest Management","1",,,,,,,,,,
,,,,,,,,,,,,,,"Forestry","1",,,,,,,,,,
,,,,,,,,,,,,,,"Forestry Practice","1",,,,,,,,,,
,,,,,,,,,,,,,,"Frost","1",,,,,,,,,,
,,,,,,,,,,,,,,"GIS","1",,,,,,,,,,
,,,,,,,,,,,,,,"Garden","1",,,,,,,,,,
,,,,,,,,,,,,,,"Geographic Information Systems","1",,,,,,,,,,
,,,,,,,,,,,,,,"Growth","1",,,,,,,,,,
,,,,,,,,,,,,,,"Growth Rate","1",,,,,,,,,,
,,,,,,,,,,,,,,"Harvesting","1",,,,,,,,,,
,,,,,,,,,,,,,,"Increments","1",,,,,,,,,,
,,,,,,,,,,,,,,"Latitudinal Gradient","1",,,,,,,,,,
,,,,,,,,,,,,,,"Log-linear Model","1",,,,,,,,,,
,,,,,,,,,,,,,,"Mixedwood","1",,,,,,,,,,
,,,,,,,,,,,,,,"Natural Regeneration","1",,,,,,,,,,
,,,,,,,,,,,,,,"Phenology","1",,,,,,,,,,
,,,,,,,,,,,,,,"Pinus Banksiana Lamb.","1",,,,,,,,,,
,,,,,,,,,,,,,,"Plantation Forestry","1",,,,,,,,,,
,,,,,,,,,,,,,,"Plants (botany)","1",,,,,,,,,,
,,,,,,,,,,,,,,"Population Statistics","1",,,,,,,,,,
,,,,,,,,,,,,,,"Post-fire Regeneration","1",,,,,,,,,,
,,,,,,,,,,,,,,"Provenance","1",,,,,,,,,,
,,,,,,,,,,,,,,"Provenances","1",,,,,,,,,,
,,,,,,,,,,,,,,"Quebec","1",,,,,,,,,,
,,,,,,,,,,,,,,"Regeneration","1",,,,,,,,,,
,,,,,,,,,,,,,,"Resilience","1",,,,,,,,,,
,,,,,,,,,,,,,,"Roadsides","1",,,,,,,,,,
,,,,,,,,,,,,,,"Scarification","1",,,,,,,,,,
,,,,,,,,,,,,,,"Seedling Establishment","1",,,,,,,,,,
,,,,,,,,,,,,,,"Seedlings","1",,,,,,,,,,
,,,,,,,,,,,,,,"Selection","1",,,,,,,,,,
,,,,,,,,,,,,,,"Set","1",,,,,,,,,,
,,,,,,,,,,,,,,"Shifting Cultivation","1",,,,,,,,,,
,,,,,,,,,,,,,,"Shifting States","1",,,,,,,,,,
,,,,,,,,,,,,,,"Soils","1",,,,,,,,,,
,,,,,,,,,,,,,,"Stand Structure","1",,,,,,,,,,
,,,,,,,,,,,,,,"Stepwise Logistic Regression","1",,,,,,,,,,
,,,,,,,,,,,,,,"Stocking Coefficient","1",,,,,,,,,,
,,,,,,,,,,,,,,,,,,,,,,,,,
,,,,,,,,,,,,,,,,,,,,,,,,,
,,,,,,,,,,,,,,,,,,,,,,,,,
,,,,,,,,,,,,,,,,,,,,,,,,,
,,,,,,,,,,,,,,,,,,,,,,,,,
,,,,,,,,,,,,,,,,,,,,,,,,,
,,,,,,,,,,,,,,,,,,,,,,,,,
,,,,,,,,,,,,,,,,,,,,,,,,,
,,,,,,,,,,,,,,,,,,,,,,,,,
,,,,,,,,,,,,,,,,,,,,,,,,,
,,,,,,,,,,,,,,,,,,,,,,,,,
,,,,,,,,,,,,,,,,,,,,,,,,,
,,,,,,,,,,,,,,,,,,,,,,,,,
,,,,,,,,,,,,,,,,,,,,,,,,,
,,,,,,,,,,,,,,,,,,,,,,,,,
,,,,,,,,,,,,,,,,,,,,,,,,,
,,,,,,,,,,,,,,,,,,,,,,,,,
,,,,,,,,,,,,,,,,,,,,,,,,,
,,,,,,,,,,,,,,,,,,,,,,,,,
,,,,,,,,,,,,,,,,,,,,,,,,,
,,,,,,,,,,,,,,,,,,,,,,,,,
,,,,,,,,,,,,,,,,,,,,,,,,,
,,,,,,,,,,,,,,,,,,,,,,,,,
,,,,,,,,,,,,,,,,,,,,,,,,,
,,,,,,,,,,,,,,,,,,,,,,,,,
,,,,,,,,,,,,,,,,,,,,,,,,,
,,,,,,,,,,,,,,,,,,,,,,,,,
,,,,,,,,,,,,,,,,,,,,,,,,,
,,,,,,,,,,,,,,,,,,,,,,,,,
,,,,,,,,,,,,,,,,,,,,,,,,,
,,,,,,,,,,,,,,,,,,,,,,,,,
,,,,,,,,,,,,,,,,,,,,,,,,,
,,,,,,,,,,,,,,,,,,,,,,,,,
,,,,,,,,,,,,,,,,,,,,,,,,,
,,,,,,,,,,,,,,,,,,,,,,,,,
,,,,,,,,,,,,,,,,,,,,,,,,,
,,,,,,,,,,,,,,,,,,,,,,,,,
,,,,,,,,,,,,,,,,,,,,,,,,,
,,,,,,,,,,,,,,,,,,,,,,,,,
,,,,,,,,,,,,,,,,,,,,,,,,,
,,,,,,,,,,,,,,,,,,,,,,,,,
,,,,,,,,,,,,,,,,,,,,,,,,,
,,,,,,,,,,,,,,,,,,,,,,,,,
,,,,,,,,,,,,,,,,,,,,,,,,,
,,,,,,,,,,,,,,,,,,,,,,,,,
,,,,,,,,,,,,,,,,,,,,,,,,,
,,,,,,,,,,,,,,,,,,,,,,,,,
,,,,,,,,,,,,,,,,,,,,,,,,,
,,,,,,,,,,,,,,,,,,,,,,,,,
,,,,,,,,,,,,,,,,,,,,,,,,,
,,,,,,,,,,,,,,,,,,,,,,,,,
,,,,,,,,,,,,,,,,,,,,,,,,,
,,,,,,,,,,,,,,,,,,,,,,,,,
,,,,,,,,,,,,,,,,,,,,,,,,,
,,,,,,,,,,,,,,,,,,,,,,,,,
,,,,,,,,,,,,,,,,,,,,,,,,,
,,,,,,,,,,,,,,,,,,,,,,,,,
,,,,,,,,,,,,,,,,,,,,,,,,,
,,,,,,,,,,,,,,,,,,,,,,,,,
,,,,,,,,,,,,,,,,,,,,,,,,,
,,,,,,,,,,,,,,,,,,,,,,,,,
,,,,,,,,,,,,,,,,,,,,,,,,,
,,,,,,,,,,,,,,,,,,,,,,,,,
,,,,,,,,,,,,,,,,,,,,,,,,,
,,,,,,,,,,,,,,,,,,,,,,,,,
,,,,,,,,,,,,,,,,,,,,,,,,,
,,,,,,,,,,,,,,,,,,,,,,,,,
,,,,,,,,,,,,,,,,,,,,,,,,,
,,,,,,,,,,,,,,,,,,,,,,,,,
,,,,,,,,,,,,,,,,,,,,,,,,,
,,,,,,,,,,,,,,,,,,,,,,,,,
,,,,,,,,,,,,,,,,,,,,,,,,,
,,,,,,,,,,,,,,,,,,,,,,,,,
,,,,,,,,,,,,,,,,,,,,,,,,,
,,,,,,,,,,,,,,,,,,,,,,,,,
,,,,,,,,,,,,,,,,,,,,,,,,,
,,,,,,,,,,,,,,,,,,,,,,,,,
,,,,,,,,,,,,,,,,,,,,,,,,,
,,,,,,,,,,,,,,,,,,,,,,,,,
,,,,,,,,,,,,,,,,,,,,,,,,,
,,,,,,,,,,,,,,,,,,,,,,,,,
,,,,,,,,,,,,,,,,,,,,,,,,,
,,,,,,,,,,,,,,,,,,,,,,,,,
,,,,,,,,,,,,,,,,,,,,,,,,,
,,,,,,,,,,,,,,,,,,,,,,,,,
,,,,,,,,,,,,,,,,,,,,,,,,,
,,,,,,,,,,,,,,,,,,,,,,,,,
,,,,,,,,,,,,,,,,,,,,,,,,,
,,,,,,,,,,,,,,,,,,,,,,,,,
,,,,,,,,,,,,,,,,,,,,,,,,,
,,,,,,,,,,,,,,,,,,,,,,,,,
