﻿Scopus refine results values

"Your query : ((TITLE-ABS-KEY((Boreal OR {James Bay} OR James-Bay OR {Clay Belt} OR {canadian shield}) AND (Canada OR Quebec OR Ontario OR newfoundland OR Alberta OR British-Columbia) ) AND PUBYEAR > 1999 AND PUBYEAR < 2020) AND (TITLE-ABS-KEY(Contamination OR Contaminant OR Pollut* OR  {acid rain} OR {nitrogen deposition} ) AND PUBYEAR > 1999 AND PUBYEAR < 2020) AND (TITLE-ABS-KEY({Water temperature} OR  {lake temperature} OR {River temperature} OR {stream temperature}) AND PUBYEAR > 1999 AND PUBYEAR < 2020))"


Number of results : 4

"ACCESS TYPE",,"YEAR",,"AUTHOR NAME",,"SUBJECT AREA",,"DOCUMENT TYPE",,"PUBLICATION STAGE",,"SOURCE TITLE",,"KEYWORD",,"AFFILIATION",,"FUNDING SPONSOR",,"COUNTRY",,"SOURCE TYPE",,"LANGUAGE",
"Open Access","1","2016","2","Bisbicos, T.","1","Agricultural and Biological Sciences","1","Article","4","final","4","Environmental Toxicology And Chemistry","1","Water Temperature","4","Environment Canada","2","Canadian International Development Agency","1","Canada","4","Journals","4","English","4"
"Other","3","2010","1","Bossi, R.","1","Earth and Planetary Sciences","1",,,,,"Journal Of Geophysical Research Atmospheres","1","Article","3","Freshwater Institute, Fisheries and Oceans Canada","2","Indigenous and Northern Affairs Canada","1","Denmark","1",,,,
,,"2006","1","Breivik, K.","1","Environmental Science","4",,,,,"Science Of The Total Environment","1","Canada","3","Fisheries and Oceans Canada","2","Natural Sciences and Engineering Research Council of Canada","1","Finland","1",,,,
,,,,"Brorström-Lundén, E.","1",,,,,,,"Water Research","1","Priority Journal","3","Universitetet i Oslo","1","NaturvÃ¥rdsverket","1","Iceland","1",,,,
,,,,"Darling, C.T.R.","1",,,,,,,,,"Atmospheric Pollution","2","Norsk institutt for luftforskning","1","Undefined","2","Norway","1",,,,
,,,,"Dupuis, A.P.","1",,,,,,,,,"Carbon","2","IVL Svenska Miljoinstitutet","1",,,"Sweden","1",,,,
,,,,"Enright, A.M.L.","1",,,,,,,,,"Controlled Study","2","University of Toronto","1",,,"United States","1",,,,
,,,,"Fellin, P.","1",,,,,,,,,"Dissolved Oxygen","2","Hydro-Quebec","1",,,,,,,,
,,,,"Ferris, F.G.","1",,,,,,,,,"Ethers","2","Pacific Northwest National Laboratory","1",,,,,,,,
,,,,"Hung, H.","1",,,,,,,,,"Halogenated Diphenyl Ethers","2","Université du Québec à Montréal","1",,,,,,,,
,,,,"Kallenborn, R.","1",,,,,,,,,"Organic Pollutants","2","Aarhus Universitet","1",,,,,,,,
,,,,"Kennedy, C.B.","1",,,,,,,,,"PBDE","2","University of Alberta","1",,,,,,,,
,,,,"Leppänen, S.","1",,,,,,,,,"Reservoirs (water)","2","Finnish Meteorological Institute","1",,,,,,,,
,,,,"Manø, S.","1",,,,,,,,,"Silicon Dioxide","2","Haskoli Islands","1",,,,,,,,
,,,,"Muir, D.C.G.","1",,,,,,,,,"Water Pollutant","2","Icelandic Meteorological Office","1",,,,,,,,
,,,,"Olafsdottir, K.","1",,,,,,,,,"Water Pollutants, Chemical","2","AirZone One Ltd.","1",,,,,,,,
,,,,"Orihel, D.M.","1",,,,,,,,,"Air Pollutants","1","Danish Centre For Environment And Energy","1",,,,,,,,
,,,,"Patton, G.W.","1",,,,,,,,,"Air Pollution","1",,,,,,,,,,
,,,,"Roehm, C.","1",,,,,,,,,"Air-water Interaction","1",,,,,,,,,,
,,,,"Shirokova, V.L.","1",,,,,,,,,"Alpha Hexachlorocyclohexane","1",,,,,,,,,,
,,,,"Skov, H.","1",,,,,,,,,"Amphibole","1",,,,,,,,,,
,,,,"Stern, G.","1",,,,,,,,,"Analysis","1",,,,,,,,,,
,,,,"Su, Y.","1",,,,,,,,,"Aquatic Environment","1",,,,,,,,,,
,,,,"Sverko, E.","1",,,,,,,,,"Aquifer","1",,,,,,,,,,
,,,,"Thorlacius, J.M.","1",,,,,,,,,"Aquifers","1",,,,,,,,,,
,,,,"Tremblay, A.","1",,,,,,,,,"Arctic","1",,,,,,,,,,
,,,,"Williamson, M.","1",,,,,,,,,"Arctic Regions","1",,,,,,,,,,
,,,,,,,,,,,,,,"Atmosphere","1",,,,,,,,,,
,,,,,,,,,,,,,,"Atmospheric Deposition","1",,,,,,,,,,
,,,,,,,,,,,,,,"Atmospheric Monitoring","1",,,,,,,,,,
,,,,,,,,,,,,,,"Atmospheric Transport","1",,,,,,,,,,
,,,,,,,,,,,,,,"BDE-209","1",,,,,,,,,,
,,,,,,,,,,,,,,"Bacteria (microorganisms)","1",,,,,,,,,,
,,,,,,,,,,,,,,"Bacterial","1",,,,,,,,,,
,,,,,,,,,,,,,,"Bacterium","1",,,,,,,,,,
,,,,,,,,,,,,,,"Balloons","1",,,,,,,,,,
,,,,,,,,,,,,,,"Bde-209","1",,,,,,,,,,
,,,,,,,,,,,,,,"Biogeochemical Cycle","1",,,,,,,,,,
,,,,,,,,,,,,,,"Biogeochemical Cycling","1",,,,,,,,,,
,,,,,,,,,,,,,,"Biogeochemical Process","1",,,,,,,,,,
,,,,,,,,,,,,,,"Biogeochemistry","1",,,,,,,,,,
,,,,,,,,,,,,,,"Biomass","1",,,,,,,,,,
,,,,,,,,,,,,,,"Biomass Production","1",,,,,,,,,,
,,,,,,,,,,,,,,"Biotite","1",,,,,,,,,,
,,,,,,,,,,,,,,"Boundary Layer","1",,,,,,,,,,
,,,,,,,,,,,,,,"Brominated Flame Retardant","1",,,,,,,,,,
,,,,,,,,,,,,,,"Brominated Flame Retardants","1",,,,,,,,,,
,,,,,,,,,,,,,,"Canadian Shield","1",,,,,,,,,,
,,,,,,,,,,,,,,"Carbon Dioxide","1",,,,,,,,,,
,,,,,,,,,,,,,,"Carbon Emission","1",,,,,,,,,,
,,,,,,,,,,,,,,"Chemical Weathering","1",,,,,,,,,,
,,,,,,,,,,,,,,"Chemistry","1",,,,,,,,,,
,,,,,,,,,,,,,,"Chlorphenotane","1",,,,,,,,,,
,,,,,,,,,,,,,,"Chromatography, Gas","1",,,,,,,,,,
,,,,,,,,,,,,,,"Climate Change","1",,,,,,,,,,
,,,,,,,,,,,,,,"Concentration (composition)","1",,,,,,,,,,
,,,,,,,,,,,,,,"Concentration (parameters)","1",,,,,,,,,,
,,,,,,,,,,,,,,"Debromination","1",,,,,,,,,,
,,,,,,,,,,,,,,"Decabromobiphenyl Ether","1",,,,,,,,,,
,,,,,,,,,,,,,,"Decabromodiphenyl Ether","1",,,,,,,,,,
,,,,,,,,,,,,,,"Deep River","1",,,,,,,,,,
,,,,,,,,,,,,,,"Degassing","1",,,,,,,,,,
,,,,,,,,,,,,,,"Degradation","1",,,,,,,,,,
,,,,,,,,,,,,,,"Degradation Kinetics","1",,,,,,,,,,
,,,,,,,,,,,,,,"Diphenyl Ether Derivative","1",,,,,,,,,,
,,,,,,,,,,,,,,"Dissolution","1",,,,,,,,,,
,,,,,,,,,,,,,,"Dissolved Inorganic Carbon","1",,,,,,,,,,
,,,,,,,,,,,,,,"Dissolved Organic Matter","1",,,,,,,,,,
,,,,,,,,,,,,,,"Enclosure Experiment","1",,,,,,,,,,
,,,,,,,,,,,,,,"Environment","1",,,,,,,,,,
,,,,,,,,,,,,,,"Environmental Impact Assessment","1",,,,,,,,,,
,,,,,,,,,,,,,,"Environmental Monitoring","1",,,,,,,,,,
,,,,,,,,,,,,,,"Environmental Policy","1",,,,,,,,,,
,,,,,,,,,,,,,,"Environmental Protection","1",,,,,,,,,,
,,,,,,,,,,,,,,"Ether","1",,,,,,,,,,
,,,,,,,,,,,,,,"Experimental Lakes Area","1",,,,,,,,,,
,,,,,,,,,,,,,,"Fe(II)/Fe(III)","1",,,,,,,,,,
,,,,,,,,,,,,,,"Feldspar","1",,,,,,,,,,
,,,,,,,,,,,,,,"Ferric Compounds","1",,,,,,,,,,
,,,,,,,,,,,,,,"Ferric Hydroxide","1",,,,,,,,,,
,,,,,,,,,,,,,,"Ferric Ion","1",,,,,,,,,,
,,,,,,,,,,,,,,"Ferrous Compounds","1",,,,,,,,,,
,,,,,,,,,,,,,,"Ferrous Ion","1",,,,,,,,,,
,,,,,,,,,,,,,,"Flame Retardant","1",,,,,,,,,,
,,,,,,,,,,,,,,"Flame Retardants","1",,,,,,,,,,
,,,,,,,,,,,,,,"Gas Chromatography","1",,,,,,,,,,
,,,,,,,,,,,,,,"Geologic Sediments","1",,,,,,,,,,
,,,,,,,,,,,,,,"Government Regulation","1",,,,,,,,,,
,,,,,,,,,,,,,,"Ground Water","1",,,,,,,,,,
,,,,,,,,,,,,,,"Groundwater","1",,,,,,,,,,
,,,,,,,,,,,,,,"Groundwater Flow","1",,,,,,,,,,
,,,,,,,,,,,,,,"Groundwater Resources","1",,,,,,,,,,
,,,,,,,,,,,,,,"Groundwater Temperatures","1",,,,,,,,,,
,,,,,,,,,,,,,,"Heat Transfer","1",,,,,,,,,,
,,,,,,,,,,,,,,"Hexachlorobenzene","1",,,,,,,,,,
,,,,,,,,,,,,,,"Hydraulic Turbines","1",,,,,,,,,,
,,,,,,,,,,,,,,"Hydrocarbons, Chlorinated","1",,,,,,,,,,
,,,,,,,,,,,,,,"Hydroelectric Power","1",,,,,,,,,,
,,,,,,,,,,,,,,"Hydroelectric Power Plants","1",,,,,,,,,,
,,,,,,,,,,,,,,"Hydrogeology","1",,,,,,,,,,
,,,,,,,,,,,,,,"Iron","1",,,,,,,,,,
,,,,,,,,,,,,,,"James Bay","1",,,,,,,,,,
,,,,,,,,,,,,,,"Lake","1",,,,,,,,,,
,,,,,,,,,,,,,,"Lake Water","1",,,,,,,,,,
,,,,,,,,,,,,,,"Lakes","1",,,,,,,,,,
,,,,,,,,,,,,,,"Light Intensity","1",,,,,,,,,,
,,,,,,,,,,,,,,"Lindane","1",,,,,,,,,,
,,,,,,,,,,,,,,"Littoral","1",,,,,,,,,,
,,,,,,,,,,,,,,"Long Range Transport","1",,,,,,,,,,
,,,,,,,,,,,,,,"Long-range Transport (LRT)","1",,,,,,,,,,
,,,,,,,,,,,,,,"Mesocosm","1",,,,,,,,,,
,,,,,,,,,,,,,,"Mica","1",,,,,,,,,,
,,,,,,,,,,,,,,"Microbial Activity","1",,,,,,,,,,
,,,,,,,,,,,,,,"Microcosm","1",,,,,,,,,,
,,,,,,,,,,,,,,"Mineral","1",,,,,,,,,,
,,,,,,,,,,,,,,"Mineral Weathering","1",,,,,,,,,,
,,,,,,,,,,,,,,"Minerals","1",,,,,,,,,,
,,,,,,,,,,,,,,"Monitoring","1",,,,,,,,,,
,,,,,,,,,,,,,,"Muscovite","1",,,,,,,,,,
,,,,,,,,,,,,,,"North America","1",,,,,,,,,,
,,,,,,,,,,,,,,"North Carolina","1",,,,,,,,,,
,,,,,,,,,,,,,,"Ontario [Canada]","1",,,,,,,,,,
,,,,,,,,,,,,,,"Organic Carbon","1",,,,,,,,,,
,,,,,,,,,,,,,,"Organic Chemicals","1",,,,,,,,,,
,,,,,,,,,,,,,,"Organic Pollutant","1",,,,,,,,,,
,,,,,,,,,,,,,,"Organic Pollution","1",,,,,,,,,,
,,,,,,,,,,,,,,"Organochlorine Pesticide","1",,,,,,,,,,
,,,,,,,,,,,,,,"Oxidation","1",,,,,,,,,,
,,,,,,,,,,,,,,"Oxidation Reduction","1",,,,,,,,,,
,,,,,,,,,,,,,,"Oxidation Reduction Reaction","1",,,,,,,,,,
,,,,,,,,,,,,,,"Oxidation-Reduction","1",,,,,,,,,,
,,,,,,,,,,,,,,"Oxidation-reduction","1",,,,,,,,,,
,,,,,,,,,,,,,,"Oxygen","1",,,,,,,,,,
,,,,,,,,,,,,,,"Oxygen Concentration","1",,,,,,,,,,
,,,,,,,,,,,,,,"Particle Size","1",,,,,,,,,,
,,,,,,,,,,,,,,"Particulate Emissions","1",,,,,,,,,,
,,,,,,,,,,,,,,"Persistent Organic Pollutants","1",,,,,,,,,,
,,,,,,,,,,,,,,"Persistent Organic Pollutants (POPs)","1",,,,,,,,,,
,,,,,,,,,,,,,,"Pesticides","1",,,,,,,,,,
,,,,,,,,,,,,,,"Plagioclase","1",,,,,,,,,,
,,,,,,,,,,,,,,"Pollutant Transport","1",,,,,,,,,,
,,,,,,,,,,,,,,"Pollution Control","1",,,,,,,,,,
,,,,,,,,,,,,,,"Pollution Monitoring","1",,,,,,,,,,
,,,,,,,,,,,,,,"Pollution Transport","1",,,,,,,,,,
,,,,,,,,,,,,,,"Polyacrylates","1",,,,,,,,,,
,,,,,,,,,,,,,,"Polybrominated Diphenyl Ether","1",,,,,,,,,,
,,,,,,,,,,,,,,"Polybrominated Diphenyl Ether (PBDE)","1",,,,,,,,,,
,,,,,,,,,,,,,,"Polybrominated Diphenyl Ethers","1",,,,,,,,,,
,,,,,,,,,,,,,,"Polychlorinated Biphenyl","1",,,,,,,,,,
,,,,,,,,,,,,,,"Polychlorinated Biphenyls","1",,,,,,,,,,
,,,,,,,,,,,,,,"Product-moment Correlation","1",,,,,,,,,,
,,,,,,,,,,,,,,"Pyroxene","1",,,,,,,,,,
,,,,,,,,,,,,,,"Quebec [Canada]","1",,,,,,,,,,
,,,,,,,,,,,,,,"Rate Constant","1",,,,,,,,,,
,,,,,,,,,,,,,,"Reaction Kinetics","1",,,,,,,,,,
,,,,,,,,,,,,,,"Redox Conditions","1",,,,,,,,,,
,,,,,,,,,,,,,,"Reduction","1",,,,,,,,,,
,,,,,,,,,,,,,,"Reductive Debromination","1",,,,,,,,,,
,,,,,,,,,,,,,,"Reservoir","1",,,,,,,,,,
,,,,,,,,,,,,,,"Sand","1",,,,,,,,,,
