﻿Scopus refine results values

"Your query : ((TITLE-ABS-KEY((Boreal OR {James Bay} OR James-Bay OR {Clay Belt} OR {canadian shield}) AND Quebec) AND PUBYEAR > 1999 AND PUBYEAR < 2020) AND (TITLE-ABS-KEY((Forest AND Fire) OR ""Wildfire"" OR ""crown fire"" OR ""Wildland fire"" ) AND PUBYEAR > 1999 AND PUBYEAR < 2020) AND (TITLE-ABS-KEY( soil  OR  ground  OR  {woody debris}  OR  microtopography  OR  micro-topography  AND NOT  {sediment core}  OR  {breeding ground}  OR  {spawning ground} ) AND PUBYEAR > 1999 AND PUBYEAR < 2020))"


Number of results : 97

"ACCESS TYPE",,"YEAR",,"AUTHOR NAME",,"SUBJECT AREA",,"DOCUMENT TYPE",,"PUBLICATION STAGE",,"SOURCE TITLE",,"KEYWORD",,"AFFILIATION",,"FUNDING SPONSOR",,"COUNTRY",,"SOURCE TYPE",,"LANGUAGE",
"Open Access","12","2019","5","Bergeron, Y.","37","Agricultural and Biological Sciences","80","Article","93","final","96","Canadian Journal Of Forest Research","14","Canada","83","Université Laval","39","Natural Sciences and Engineering Research Council of Canada","28","Canada","93","Journals","97","English","96"
"Other","85","2018","1","Paré, D.","14","Arts and Humanities","7","Review","3","aip","1","Forest Ecology And Management","14","Boreal Forest","74","Universite du Quebec en Abitibi-Temiscamingue","34","Fonds QuÃ©bÃ©cois de la Recherche sur la Nature et les Technologies","6","United States","11",,,"French","1"
,,"2017","4","Payette, S.","13","Chemical Engineering","1","Conference Paper","1",,,"Ecoscience","7","Quebec [Canada]","58","Canadian Forest Service","33","Canadian Forest Service","2","France","9",,,,
,,"2016","4","Gauthier, S.","9","Chemistry","1",,,,,"Ecosystems","7","Picea Mariana","49","Université du Québec à Montréal","26","Centre National de la Recherche Scientifique","2","Sweden","4",,,,
,,"2015","8","Sirois, L.","7","Earth and Planetary Sciences","12",,,,,"Canadian Journal Of Soil Science","3","Forestry","42","Natural Resources Canada","25","Fonds de recherche du QuÃ©bec â Nature et technologies","2","Mexico","2",,,,
,,"2014","3","Fenton, N.J.","6","Engineering","1",,,,,"Ecology","3","North America","29","Le réseau de l'Université du Québec","12","Mitacs","2","Argentina","1",,,,
,,"2013","6","Munson, A.D.","6","Environmental Science","66",,,,,"Forestry Chronicle","3","Forest Fire","27","Université du Québec à Rimouski","9","Tembec","2","Denmark","1",,,,
,,"2012","3","Lecomte, N.","5","Materials Science","1",,,,,"Forests","3","Fire","26","Université du Québec à Chicoutimi","6","UniversitÃ© de Montpellier","2","Finland","1",,,,
,,"2011","4","Simard, M.","5","Social Sciences","2",,,,,"Plant And Soil","3","Picea","23","University of Alberta","6","UniversitÃ© du QuÃ©bec en Abitibi-TÃ©miscamingue","2","Norway","1",,,,
,,"2010","9","Thiffault, E.","5",,,,,,,"Ecological Applications","2","Fires","22","University of Wisconsin-Madison","6","European Commission","1","South Africa","1",,,,
,,"2009","5","Brais, S.","4",,,,,,,"Ecological Modelling","2","Quebec","21","McGill University","5","Fondation de lâUniversitÃ© du QuÃ©bec en Abitibi-TÃ©miscamingue","1","South Korea","1",,,,
,,"2008","3","Bélanger, N.","4",,,,,,,"Environmental Entomology","2","Wildfire","20","École Pratique des Hautes Etudes","5","Fonds pour la Formation de Chercheurs et l'Aide Ã  la Recherche","1","Switzerland","1",,,,
,,"2007","5","Fenton, N.","4",,,,,,,"Holocene","2","Coniferous Forest","18","Ministère de l‘Energie et des Ressources naturelles du Québec","5","Indigenous and Northern Affairs Canada","1","United Kingdom","1",,,,
,,"2006","7","Fyles, J.W.","4",,,,,,,"Journal Of Ecology","2","Disturbance","18","McGill University, Macdonald Campus","5","Institut Universitaire de France","1",,,,,,
,,"2005","6","Ali, A.A.","3",,,,,,,"Journal Of Vegetation Science","2","Soils","18","University of Saskatchewan","4","Ministry of Natural Resources","1",,,,,,
,,"2004","5","Asselin, H.","3",,,,,,,"Quaternary Research","2","Black Spruce","16","Ministère des Forêts de la Faune et des Parcs du Québec","3","MinistÃ¨re de l'Ãnergie et des Ressources Naturelles","1",,,,,,
,,"2003","5","Boulanger, Y.","3",,,,,,,"Ambio","1","Harvesting","16","University of Montreal","3","MinistÃ¨re des ForÃªts, de la Faune et des Parcs","1",,,,,,
,,"2002","5","Carcaillet, C.","3",,,,,,,"Applied Vegetation Science","1","Boreal Forests","15","Lakehead University","3","National Aeronautics and Space Administration","1",,,,,,
,,"2001","5","Delwaide, A.","3",,,,,,,"Biogeosciences","1","Bryophyta","15","Umeå Universitet","3","UniversitÃ© Laval","1",,,,,,
,,"2000","4","Drapeau, P.","3",,,,,,,"Boreas","1","Fire History","15","Université de Montpellier","3","Undefined","64",,,,,,
,,,,"Garneau, M.","3",,,,,,,"Canadian Field Naturalist","1","Pinus Banksiana","15","Université PSL","3",,,,,,,,
,,,,"Grondin, P.","3",,,,,,,"Dendrochronologia","1","Regeneration","15","CNRS Centre National de la Recherche Scientifique","2",,,,,,,,
,,,,"Hély, C.","3",,,,,,,"Ecological Monographs","1","Coniferous Tree","14","Universite de Moncton","2",,,,,,,,
,,,,"Leduc, A.","3",,,,,,,"Ecosphere","1","Ecosystems","13","Carleton University","2",,,,,,,,
,,,,"Quideau, S.A.","3",,,,,,,"Environmental Reviews","1","Forest Management","13","Conseil de recherches en sciences naturelles et en génie du Canada","2",,,,,,,,
,,,,"Simard, M.","3",,,,,,,"Frontiers In Earth Science","1","Forest Floor","12","Northern Forestry Centre","2",,,,,,,,
,,,,"Bernier, P.Y.","2",,,,,,,"Geoderma","1","Forests","12","Universidad Nacional Autónoma de México","2",,,,,,,,
,,,,"Boucher, J.F.","2",,,,,,,"International Journal Of Remote Sensing","1","Sphagnum","12","Concordia University","2",,,,,,,,
,,,,"Bégin, Y.","2",,,,,,,"International Journal Of Wildland Fire","1","Coniferophyta","11","Consortium Ouranos, Canada","2",,,,,,,,
,,,,"Béland, M.","2",,,,,,,"J For","1","Forest Fires","11","Soc. la Faune et des Parcs du Que.","1",,,,,,,,
,,,,"Couillard, P.L.","2",,,,,,,"Journal Of Advances In Modeling Earth Systems","1","Soil Organic Matter","11","Yukon College","1",,,,,,,,
,,,,"Cumming, S.G.","2",,,,,,,"Journal Of Biogeography","1","Vegetation","11","Soc. la Faune et des Parcs du Quebec","1",,,,,,,,
,,,,"Dabros, A.","2",,,,,,,"Journal Of Environmental Quality","1","Climate Change","10","Soc. la Faune et des Parcs du Quebec","1",,,,,,,,
,,,,"Fahrig, L.","2",,,,,,,"Journal Of Forest Research","1","Environmental Disturbance","10","Bureau 200","1",,,,,,,,
,,,,"Greene, D.F.","2",,,,,,,"Nature Plants","1","Paludification","10","Agence Candienne d'Eval. E.","1",,,,,,,,
,,,,"Hendershot, W.H.","2",,,,,,,"New Forests","1","Succession","10","Valeur Nature","1",,,,,,,,
,,,,"Houle, D.","2",,,,,,,"Oikos","1","Abundance","9","NSERC Northern Research Chair","1",,,,,,,,
,,,,"Larrivée, M.","2",,,,,,,"Plant Ecology","1","Carbon","9","Ecl. Sup. d'Agriculture de Purpan","1",,,,,,,,
,,,,"Lavoie, M.","2",,,,,,,"Quaternary Research United States","1","Charcoal","9","Valeur Nature","1",,,,,,,,
,,,,"Lord, D.","2",,,,,,,"Quaternary Science Reviews","1","Chronosequence","9","445 Boul. de l'Université","1",,,,,,,,
,,,,"Légaré, S.","2",,,,,,,"Remote Sensing Of Environment","1","Forest Ecosystem","9","Ministère des Forêts de la Faune et des Parcs","1",,,,,,,,
,,,,"Magnan, G.","2",,,,,,,"Silva Fennica","1","Forest Soil","9","Ministère des Forêts","1",,,,,,,,
,,,,"Miquelajauregui, Y.","2",,,,,,,,,"Holocene","9","Groupe de Recherche en Écologie Forestière Interuniversitaire","1",,,,,,,,
,,,,"Pare, D.","2",,,,,,,,,"Soil","9","University of Calgary","1",,,,,,,,
,,,,"Parisien, M.A.","2",,,,,,,,,"Stand Structure","8","Universities Space Research Association","1",,,,,,,,
,,,,"Pilon, V.","2",,,,,,,,,"Abies Balsamea","7","Great Lakes Forestry Centre","1",,,,,,,,
,,,,"Pitre, N.","2",,,,,,,,,"Reforestation","7","Princeton University","1",,,,,,,,
,,,,"Richard, P.J.H.","2",,,,,,,,,"Silviculture","7","Universidad Nacional de Tucuman UNT","1",,,,,,,,
,,,,"Soucémarianadin, L.N.","2",,,,,,,,,"Abies","6","Mount Saint Vincent University","1",,,,,,,,
,,,,"Villeneuve, C.","2",,,,,,,,,"Biodiversity","6","Sewanee: The University of the South","1",,,,,,,,
,,,,"Wasylishen, R.E.","2",,,,,,,,,"Carbon Sequestration","6","NASA Goddard Space Flight Center","1",,,,,,,,
,,,,"Arseneault, D.","1",,,,,,,,,"Jack Pine","6","Eidgenössische Forschungsanstalt fur Wald, Schnee Und Landschaft Eth-Bereichs","1",,,,,,,,
,,,,"Asnong, H.","1",,,,,,,,,"Moss","6","Purdue University","1",,,,,,,,
,,,,"Auger, I.","1",,,,,,,,,"Nitrogen","6","AgroParisTech","1",,,,,,,,
,,,,"Banville, J.L.","1",,,,,,,,,"Paleoecology","6","Ontario Ministry of Natural Resources","1",,,,,,,,
,,,,"Barrette, J.","1",,,,,,,,,"Seedling Establishment","6","University of KwaZulu-Natal","1",,,,,,,,
,,,,"Bartels, S.F.","1",,,,,,,,,"Tree","6","Université de Sherbrooke","1",,,,,,,,
,,,,"Bastianelli, C.","1",,,,,,,,,"Western Hemisphere","6","Geological Survey of Denmark and Greenland","1",,,,,,,,
,,,,"Beguin, J.","1",,,,,,,,,"World","6","Dalhousie University","1",,,,,,,,
,,,,"Belleau, A.","1",,,,,,,,,"Bryophytes","5","Mokpo National University","1",,,,,,,,
,,,,"Bernard, G.M.","1",,,,,,,,,"Community Composition","5","Norwegian Institute for Nature Research","1",,,,,,,,
,,,,"Bescond, H.","1",,,,,,,,,"Decomposition","5","University of Virginia","1",,,,,,,,
,,,,"Biswas, S.R.","1",,,,,,,,,"Dendroecology","5","Altarum Institute","1",,,,,,,,
,,,,"Boiffin, J.","1",,,,,,,,,"Ecology","5","Université Claude Bernard Lyon 1","1",,,,,,,,
,,,,"Bouchard, M.","1",,,,,,,,,"Fire Behavior","5","University of Oxford","1",,,,,,,,
,,,,"Bouchard, S.","1",,,,,,,,,"Growth Rate","5","Sveriges lantbruksuniversitet","1",,,,,,,,
,,,,"Boucher, D.","1",,,,,,,,,"Lichen","5","Stockholms universitet","1",,,,,,,,
,,,,"Boucher, P.","1",,,,,,,,,"Old-growth Forest","5","College of Science","1",,,,,,,,
,,,,"Boudreau, S.","1",,,,,,,,,"Ontario [Canada]","5","INRS- Centre Eau, Terre &amp; Environnement","1",,,,,,,,
,,,,"Bourgeau-Chavez, L.L.","1",,,,,,,,,"Picea Glauca","5","Universite de Rennes 1","1",,,,,,,,
,,,,"Bradshaw, R.H.W.","1",,,,,,,,,"Plants (botany)","5","Pacific Forestry Centre","1",,,,,,,,
,,,,"Breton, L.","1",,,,,,,,,"Populus Tremuloides","5","Universite de Nantes","1",,,,,,,,
,,,,"Brunzell, S.","1",,,,,,,,,"Soil Nutrient","5","Institut National de la Recherche Scientifique","1",,,,,,,,
,,,,"Buddle, C.M.","1",,,,,,,,,"Soil Profile","5","Gouvernement du Québec","1",,,,,,,,
,,,,"Calmels, S.","1",,,,,,,,,"Understory","5","Institut des Sciences de l’Evolution de Montpellier","1",,,,,,,,
,,,,"Camiré, C.","1",,,,,,,,,"Choristoneura Fumiferana","4","Itä-Suomen yliopisto","1",,,,,,,,
,,,,"Campbell, I.D.","1",,,,,,,,,"Clay Belt","4","Université de Lorraine","1",,,,,,,,
,,,,"Capece, L.","1",,,,,,,,,"Clearcutting","4","Centre de Recherche en Archéologie, Archéosciences, Histoire","1",,,,,,,,
,,,,"Chen, H.Y.H.","1",,,,,,,,,"Coarse Woody Debris","4","Mid Sweden University, Sundsvall","1",,,,,,,,
,,,,"Claveau, Y.","1",,,,,,,,,"Coleoptera","4","Laboratoire Interdisciplinaire des Environnements Continentaux LIEC","1",,,,,,,,
,,,,"Courtois, R.","1",,,,,,,,,"Dead Wood","4",,,,,,,,,,
,,,,"Coyea, M.R.","1",,,,,,,,,"Ecosystem Management","4",,,,,,,,,,
,,,,"Côté, G.","1",,,,,,,,,"Fire Cycle","4",,,,,,,,,,
,,,,"David, P.","1",,,,,,,,,"Fire Severity","4",,,,,,,,,,
,,,,"De Grandpré, L.","1",,,,,,,,,"Forest Dynamics","4",,,,,,,,,,
,,,,"Desponts, M.","1",,,,,,,,,"Forest Succession","4",,,,,,,,,,
,,,,"Dessureault, P.L.","1",,,,,,,,,"Hexapoda","4",,,,,,,,,,
,,,,"Drobyshev, I.","1",,,,,,,,,"Insect","4",,,,,,,,,,
,,,,"Duchesne, L.","1",,,,,,,,,"Insecta","4",,,,,,,,,,
,,,,"Dussart, E.","1",,,,,,,,,"Insects","4",,,,,,,,,,
,,,,"Dussault, C.","1",,,,,,,,,"Logging","4",,,,,,,,,,
,,,,"Esseen, P.A.","1",,,,,,,,,"Long-term Change","4",,,,,,,,,,
,,,,"Fantin, N.","1",,,,,,,,,"Organic Matter","4",,,,,,,,,,
,,,,"Filion, L.","1",,,,,,,,,"Paragnetina","4",,,,,,,,,,
,,,,"Flannigan, M.","1",,,,,,,,,"Physiology","4",,,,,,,,,,
,,,,"Fortin, M.J.","1",,,,,,,,,"Plants","4",,,,,,,,,,
,,,,"Francoeur, A.","1",,,,,,,,,"Podzol","4",,,,,,,,,,
,,,,"Gaboury, S.","1",,,,,,,,,"Reconstruction","4",,,,,,,,,,
,,,,"Gagnon, R.","1",,,,,,,,,"Simulation","4",,,,,,,,,,
,,,,"Gennaretti, F.","1",,,,,,,,,"Soil Organic Layer","4",,,,,,,,,,
,,,,"Gingras, A.","1",,,,,,,,,"Spatial Distribution","4",,,,,,,,,,
,,,,"Girardin, M.P.","1",,,,,,,,,"Stand Dynamics","4",,,,,,,,,,
,,,,"Groot, A.","1",,,,,,,,,"Topography","4",,,,,,,,,,
,,,,"Guérine, L.","1",,,,,,,,,"Trees","4",,,,,,,,,,
,,,,"Hannam, K.D.","1",,,,,,,,,"Vegetation Cover","4",,,,,,,,,,
,,,,"Harper, K.A.","1",,,,,,,,,"Woodland","4",,,,,,,,,,
,,,,"Hesketh, M.","1",,,,,,,,,"Woody Debris","4",,,,,,,,,,
,,,,"Hofgaard, A.","1",,,,,,,,,"Acer Saccharum","3",,,,,,,,,,
,,,,"Hylander, K.","1",,,,,,,,,"Alaska","3",,,,,,,,,,
,,,,"Hébert Christian, C.","1",,,,,,,,,"Animals","3",,,,,,,,,,
,,,,"Hébert, C.","1",,,,,,,,,"Article","3",,,,,,,,,,
,,,,"Jacobs, J.","1",,,,,,,,,"Biomass","3",,,,,,,,,,
,,,,"Jayen, K.","1",,,,,,,,,"Black Spruce Forests","3",,,,,,,,,,
,,,,"Jonsson, B.G.","1",,,,,,,,,"Bryophyte","3",,,,,,,,,,
,,,,"Ju, J.","1",,,,,,,,,"Canopy Architecture","3",,,,,,,,,,
,,,,"Kasischke, E.S.","1",,,,,,,,,"Clay","3",,,,,,,,,,
,,,,"Kneeshaw, D.","1",,,,,,,,,"Climatology","3",,,,,,,,,,
,,,,"Kouki, J.","1",,,,,,,,,"Computer Simulation","3",,,,,,,,,,
,,,,"Krause, C.","1",,,,,,,,,"Dendrochronology","3",,,,,,,,,,
,,,,"Laberge, M.J.","1",,,,,,,,,"Dominance","3",,,,,,,,,,
,,,,"Laflamme, J.","1",,,,,,,,,"Drainage","3",,,,,,,,,,
,,,,"Lajeunesse, P.","1",,,,,,,,,"Drought","3",,,,,,,,,,
,,,,"Lajoie, G.","1",,,,,,,,,"Ecosystem","3",,,,,,,,,,
,,,,"Larocque, I.","1",,,,,,,,,"Fire Disturbance","3",,,,,,,,,,
,,,,"Larouche, A.C.","1",,,,,,,,,"Fire Hazards","3",,,,,,,,,,
,,,,"Lauzon, E.","1",,,,,,,,,"Fire Regime","3",,,,,,,,,,
,,,,"Lavoie, C.","1",,,,,,,,,"Germination","3",,,,,,,,,,
,,,,"Le Goff, H.","1",,,,,,,,,"Growing Season","3",,,,,,,,,,
,,,,"Le Stum-Boivin, É.","1",,,,,,,,,"Hypothesis Testing","3",,,,,,,,,,
,,,,"Lesieur, D.","1",,,,,,,,,"James Bay","3",,,,,,,,,,
,,,,"Lorente, M.","1",,,,,,,,,"Lake Duparquet","3",,,,,,,,,,
,,,,"MacDonald, J.D.","1",,,,,,,,,"Landforms","3",,,,,,,,,,
,,,,"MacKenzie, M.D.","1",,,,,,,,,"Minerals","3",,,,,,,,,,
,,,,"Macdonald, S.E.","1",,,,,,,,,"Moisture","3",,,,,,,,,,
,,,,"Madoui, A.","1",,,,,,,,,"Natural Regeneration","3",,,,,,,,,,
,,,,"Mallik, A.U.","1",,,,,,,,,"Ontario","3",,,,,,,,,,
,,,,"Maltais, J.","1",,,,,,,,,"Organic Layers","3",,,,,,,,,,
,,,,"Marguerie, D.","1",,,,,,,,,"PH","3",,,,,,,,,,
,,,,"Masek, J.G.","1",,,,,,,,,"Peatland","3",,,,,,,,,,
,,,,"Mayerhofer, M.S.","1",,,,,,,,,"Pyrogenic Carbon","3",,,,,,,,,,
,,,,"McRae, D.","1",,,,,,,,,"Quebec, Canada","3",,,,,,,,,,
,,,,"Medvigy, D.","1",,,,,,,,,"Recruitment (population Dynamics)","3",,,,,,,,,,
,,,,"Morin, H.","1",,,,,,,,,"Remote Sensing","3",,,,,,,,,,
,,,,"Morissette, J.","1",,,,,,,,,"Scarification","3",,,,,,,,,,
,,,,"Morneau, C.","1",,,,,,,,,"Seed","3",,,,,,,,,,
,,,,"Mudd, J.P.","1",,,,,,,,,"Shrub","3",,,,,,,,,,
,,,,"Munson, A.","1",,,,,,,,,"Soil Carbon","3",,,,,,,,,,
,,,,"Nguyen, T.","1",,,,,,,,,"Soil Chemistry","3",,,,,,,,,,
,,,,"Nguyen-Xuan, T.","1",,,,,,,,,"Soil Nitrogen","3",,,,,,,,,,
,,,,"Noël, J.","1",,,,,,,,,"Sustainable Forestry","3",,,,,,,,,,
,,,,"Oh, S.W.","1",,,,,,,,,"Taiga","3",,,,,,,,,,
,,,,"Ouarmim, S.","1",,,,,,,,,"Tree Ring","3",,,,,,,,,,
,,,,"Ouellet, J.P.","1",,,,,,,,,"Tundra","3",,,,,,,,,,
,,,,"Ouimet, R.","1",,,,,,,,,"United States","3",,,,,,,,,,
,,,,"Paradis, L.","1",,,,,,,,,"Vegetation Dynamics","3",,,,,,,,,,
,,,,"Paradis, S.","1",,,,,,,,,"Vegetation Structure","3",,,,,,,,,,
,,,,"Parent, S.","1",,,,,,,,,"Vegetation Type","3",,,,,,,,,,
,,,,"Parsons, W.F.J.","1",,,,,,,,,"Wetlands","3",,,,,,,,,,
,,,,"Picher, G.","1",,,,,,,,,"Wood","3",,,,,,,,,,
,,,,"Plourde, A.","1",,,,,,,,,"Acer","2",,,,,,,,,,
