﻿Scopus refine results values

"Your query : ((TITLE-ABS-KEY((Boreal OR {James Bay} OR James-Bay OR {Clay Belt} OR {canadian shield}) AND (Canada OR Quebec OR Ontario OR newfoundland OR Alberta OR British-Columbia) ) AND PUBYEAR > 1999 AND PUBYEAR < 2020) AND (TITLE-ABS-KEY((Forest AND Fire) OR ""Wildfire"" OR ""crown fire"" OR ""Wildland fire"" ) AND PUBYEAR > 1999 AND PUBYEAR < 2020) AND (TITLE-ABS-KEY((species AND diversity) OR biodiversity)))"


Number of results : 191

"ACCESS TYPE",,"YEAR",,"AUTHOR NAME",,"SUBJECT AREA",,"DOCUMENT TYPE",,"PUBLICATION STAGE",,"SOURCE TITLE",,"KEYWORD",,"AFFILIATION",,"FUNDING SPONSOR",,"COUNTRY",,"SOURCE TYPE",,"LANGUAGE",
"Open Access","22","2019","6","Bergeron, Y.","46","Agricultural and Biological Sciences","156","Article","157","final","191","Forest Ecology And Management","34","Canada","158","Canadian Forest Service","69","Natural Sciences and Engineering Research Council of Canada","40","Canada","187","Journals","185","English","187"
"Other","169","2018","12","Gauthier, S.","27","Biochemistry, Genetics and Molecular Biology","9","Conference Paper","15",,,"Canadian Journal Of Forest Research","26","Boreal Forest","136","Université du Québec à Montréal","52","Canadian Forest Service","8","United States","15","Books","3","French","3"
,,"2017","12","Chen, H.Y.H.","13","Chemical Engineering","1","Review","15",,,"Forestry Chronicle","14","Biodiversity","117","Universite du Quebec en Abitibi-Temiscamingue","46","Fonds QuÃ©bÃ©cois de la Recherche sur la Nature et les Technologies","6","France","5","Conference Proceedings","2","Spanish","2"
,,"2016","8","Drapeau, P.","12","Chemistry","1","Book Chapter","2",,,"Journal Of Vegetation Science","6","Forestry","90","Natural Resources Canada","42","Natural Resources Canada","5","Australia","3","Trade Publications","1",,
,,"2015","13","Leduc, A.","8","Computer Science","2","Book","1",,,"Silva Fennica","6","Forest Management","65","University of Alberta","32","Ministry of Natural Resources","4","China","3",,,,
,,"2014","8","Spence, J.R.","8","Decision Sciences","2","Short Survey","1",,,"Ecoscience","5","North America","62","Université Laval","25","Fonds de recherche du QuÃ©bec â Nature et technologies","3","Finland","3",,,,
,,"2013","11","Fenton, N.J.","7","Earth and Planetary Sciences","9",,,,,"Environmental Reviews","5","Fires","59","Lakehead University","21","Alberta Agriculture and Forestry","2","Germany","3",,,,
,,"2012","8","De Grandpré, L.","6","Energy","1",,,,,"Forests","5","Ecosystems","49","Northern Forestry Centre","15","Alberta Conservation Association","2","Sweden","3",,,,
,,"2011","11","Hébert, C.","6","Engineering","2",,,,,"Canadian Journal Of Botany","4","Fire","46","Le réseau de l'Université du Québec","11","Luonnontieteiden ja Tekniikan Tutkimuksen Toimikunta","2","United Kingdom","2",,,,
,,"2010","7","Langor, D.W.","6","Environmental Science","137",,,,,"Ecological Applications","4","Picea Mariana","43","Great Lakes Forestry Centre","10","MinistÃ¨re des ForÃªts, de la Faune et des Parcs","2","Argentina","1",,,,
,,"2009","6","Bouchard, M.","5","Immunology and Microbiology","3",,,,,"Ecosystems","4","Harvesting","42","The University of British Columbia","9","Mitacs","2","Czech Republic","1",,,,
,,"2008","13","Boudreault, C.","5","Materials Science","1",,,,,"Conservation Biology","3","Disturbance","38","Ontario Ministry of Natural Resources","8","Ontario Ministry of Natural Resources and Forestry","2","Estonia","1",,,,
,,"2007","9","Macdonald, S.E.","5","Mathematics","1",,,,,"Journal Of Ecology","3","Forest Fire","38","University of Calgary","7","University of Alberta","2","South Africa","1",,,,
,,"2006","10","Paré, D.","5","Multidisciplinary","2",,,,,"Applied And Environmental Microbiology","2","Wildfire","38","University of Toronto","7","University of Winnipeg","2",,,,,,
,,"2005","14","Raulier, F.","5","Social Sciences","6",,,,,"Biological Conservation","2","Boreal Forests","37","Conseil de recherches en sciences naturelles et en génie du Canada","7","Alberta Biodiversity Monitoring Institute","1",,,,,,
,,"2004","13","Greene, D.F.","4",,,,,,,"Canadian Entomologist","2","Species Diversity","36","University of Montreal","6","Alberta Sport Connection","1",,,,,,
,,"2003","9","Hammond, H.E.J.","4",,,,,,,"Conservation Genetics","2","Environmental Disturbance","31","University of Guelph","6","Association pour la Recherche sur les Tumeurs de la Prostate","1",,,,,,
,,"2002","14","Harper, K.A.","4",,,,,,,"Ecological Indicators","2","Quebec [Canada]","31","Pacific Forestry Centre","6","Canada Foundation for Innovation","1",,,,,,
,,"2001","5","Harvey, B.D.","4",,,,,,,"Forestry","2","Succession","31","Environment Canada","5","Centre National de la Recherche Scientifique","1",,,,,,
,,"2000","2","Kneeshaw, D.","4",,,,,,,"Global Ecology And Biogeography","2","Species Richness","29","University of Winnipeg","5","Deutscher Akademischer Austauschdienst","1",,,,,,
,,,,"Pothier, D.","4",,,,,,,"International Journal Of Wildland Fire","2","Ecology","27","Concordia University","5","Environment and Climate Change Canada","1",,,,,,
,,,,"Thompson, I.D.","4",,,,,,,"Journal Of Applied Ecology","2","Coniferous Forest","26","Université du Québec à Rimouski","4","Fondation Daniel Langlois pour l'Art, la Science et la Technologie","1",,,,,,
,,,,"Tremblay, F.","4",,,,,,,"Journal Of Biogeography","2","Forest Fires","26","Université du Québec à Chicoutimi","4","Fonds pour la Formation de Chercheurs et l'Aide Ã  la Recherche","1",,,,,,
,,,,"Azeria, E.T.","3",,,,,,,"Journal Of Environmental Management","2","Picea","26","Ministère de l‘Energie et des Ressources naturelles du Québec","4","Foundation for Community Association Research","1",,,,,,
,,,,"Boucher, D.","3",,,,,,,"Landscape Ecology","2","Community Composition","25","McGill University","3","George Cedric Metcalf Charitable Foundation","1",,,,,,
,,,,"Boulanger, Y.","3",,,,,,,"Natural Areas Journal","2","Coniferophyta","25","University of Manitoba","3","Government of Alberta","1",,,,,,
,,,,"Brais, S.","3",,,,,,,"Plos One","2","Understory","24","Dalhousie University","3","Joint Fire Science Program","1",,,,,,
,,,,"Cobb, T.P.","3",,,,,,,"Applied Vegetation Science","1","Alberta","23","Alberta Research Council","3","Lakehead University","1",,,,,,
,,,,"Coops, N.C.","3",,,,,,,"Arctic","1","Forests","21","Carleton University","3","Manitoba Hydro","1",,,,,,
,,,,"Cyr, D.","3",,,,,,,"Avian Conservation And Ecology","1","Abundance","20","Memorial University of Newfoundland","3","Ministry of Education, British Columbia","1",,,,,,
,,,,"Fortin, D.","3",,,,,,,"Biodiversity And Conservation","1","Pinus Banksiana","20","Yukon College","2","MinistÃ¨re de l'Ãnergie et des Ressources Naturelles","1",,,,,,
,,,,"Klimaszewski, J.","3",,,,,,,"Biology Of Rove Beetles Staphylinidae Life History Evolution Ecology And Distribution","1","Stand Structure","20","Royal Alberta Museum","2","Office of Energy Research and Development","1",,,,,,
,,,,"Lesieur, D.","3",,,,,,,"Botany","1","Coniferous Tree","19","Université de Sherbrooke","2","Ohio State University","1",,,,,,
,,,,"Mallik, A.U.","3",,,,,,,"Bryologist","1","Regeneration","19","University of Saskatchewan","2","Parks Canada","1",,,,,,
,,,,"Nielsen, S.E.","3",,,,,,,"Bulletin Of The American Meteorological Society","1","Bryophyta","18","Ontario Forest Research Institute","2","Tembec","1",,,,,,
,,,,"Payette, S.","3",,,,,,,"Canadian Geographer","1","Community Structure","17","Simon Fraser University","2","U.S. Geological Survey","1",,,,,,
,,,,"Pinno, B.D.","3",,,,,,,"Canadian Journal Of Soil Science","1","Ontario [Canada]","17","Université du Québec en Outaouais","2","University of Calgary","1",,,,,,
,,,,"Pinzon, J.","3",,,,,,,"Community Ecology","1","Abies Balsamea","16","Wilkes University","2","UniversitÃ© du QuÃ©bec en Abitibi-TÃ©miscamingue","1",,,,,,
,,,,"Savard, J.P.L.","3",,,,,,,"Diversity And Distributions","1","Logging (timber)","16","University of Melbourne","2","UniversitÃ© du QuÃ©bec Ã  MontrÃ©al","1",,,,,,
,,,,"Shahi, C.","3",,,,,,,"Ecography","1","Clearcutting","15","Clemson University","2","Université du Québec à Montréal","1",,,,,,
,,,,"Taylor, A.R.","3",,,,,,,"Ecological Importance Of Mixed Severity Fires Nature S Phoenix","1","Climate Change","15","University of Oxford","2","Wildlife Conservation Society","1",,,,,,
,,,,"Valeria, O.","3",,,,,,,"Ecological Informatics","1","Logging","15","Michigan State University","2","Undefined","134",,,,,,
,,,,"Venier, L.A.","3",,,,,,,"Ecological Modelling","1","Mixed Forest","15","Thompson Rivers University","2",,,,,,,,
,,,,"Wang, G.G.","3",,,,,,,"Ecological Monographs","1","Old-growth Forest","15","McGill University, Macdonald Campus","2",,,,,,,,
,,,,"Work, T.T.","3",,,,,,,"Ecology","1","Populus Tremuloides","15","Ministry of Forests and Range","2",,,,,,,,
,,,,"Ali, A.A.","2",,,,,,,"Ecosphere","1","Reforestation","15","Parks Canada","2",,,,,,,,
,,,,"Arsenault, A.","2",,,,,,,"Environmental Entomology","1","Vegetation","15","Centre d'étude de la forêt, Montreal","2",,,,,,,,
,,,,"Barrette, J.","2",,,,,,,"Environmental Evidence","1","Chronosequence","14","Alberta-Pacific Forest Industries Inc.","2",,,,,,,,
,,,,"Bartels, S.F.","2",,,,,,,"Erdkunde","1","Picea Glauca","14","Itä-Suomen yliopisto","2",,,,,,,,
,,,,"Bater, C.W.","2",,,,,,,"Firestorm How Wildfire Will Shape Our Future","1","Quebec","14","Mid Sweden University, Sundsvall","2",,,,,,,,
,,,,"Benscoter, B.W.","2",,,,,,,"Forest Ecosystems","1","Forest Ecosystem","13","Université de Montpellier","2",,,,,,,,
,,,,"Boucher, J.","2",,,,,,,"Freshwater Biology","1","Plant Community","13","Ministère des Forêts de la Faune et des Parcs du Québec","1",,,,,,,,
,,,,"Brassard, B.W.","2",,,,,,,"Geomorphology","1","Silviculture","13","Treeline Ecological Research","1",,,,,,,,
,,,,"Cyr, D.","2",,,,,,,"Global Change Biology","1","Trees","13","Ctr. de Rech. en Biol. Forestiere","1",,,,,,,,
,,,,"Dang, Q.L.","2",,,,,,,"IEEE Journal Of Selected Topics In Applied Earth Observations And Remote Sensing","1","Coleoptera","12","Skeena Forestry Consultants","1",,,,,,,,
,,,,"Elkie, P.C.","2",,,,,,,"Insect Conservation And Diversity","1","Ecosystem Management","12","Institut Québécois d'Aménagement de la Forêt Feuillue IQAFF","1",,,,,,,,
,,,,"Fahrig, L.","2",,,,,,,"International Geoscience And Remote Sensing Symposium IGARSS","1","Plants","12","Seney National Wildlife Refuge","1",,,,,,,,
,,,,"Ferguson, S.H.","2",,,,,,,"International Journal Of Remote Sensing","1","Tree","12","Agence Candienne d'Eval. E.","1",,,,,,,,
,,,,"Flannigan, M.D.","2",,,,,,,"International Social Science Journal","1","Abies","11","Boreal Forest Network","1",,,,,,,,
,,,,"Fortin, M.J.","2",,,,,,,"J For","1","Animals","11","Canadian Parks and Wilderness Society - Yukon Chapter","1",,,,,,,,
,,,,"Girardin, M.P.","2",,,,,,,"Journal Of Applied Remote Sensing","1","Bryophytes","11","Policy Research Initiative Human Resources and Social Development Canada","1",,,,,,,,
,,,,"Grondin, P.","2",,,,,,,"Journal Of Insect Conservation","1","Fire Behavior","11","Centre d'enseignement et de recherche en foresterie CERFO","1",,,,,,,,
,,,,"Groot, A.","2",,,,,,,"Journal Of Ornithology","1","Hexapoda","11","NSERC Northern Research Chair","1",,,,,,,,
,,,,"Haeussler, S.","2",,,,,,,"Journal Of Plant Ecology","1","Landscape","11","Centre d’étude de la forêt CEF","1",,,,,,,,
,,,,"Hannon, S.J.","2",,,,,,,"Microbial Ecology","1","Stand Dynamics","11","Wildlife Research","1",,,,,,,,
,,,,"Hassan, Q.K.","2",,,,,,,"Molecular Ecology","1","Article","10","Wildlife Research","1",,,,,,,,
,,,,"Ibarzabal, J.","2",,,,,,,"New Forests","1","Beetle","10","445 Boul. de l'Université","1",,,,,,,,
,,,,"Imbeau, L.","2",,,,,,,"Proceedings Annual Conference Canadian Society For Civil Engineering","1","Birds","10","Apophenia Consulting","1",,,,,,,,
,,,,"Jacobs, J.M.","2",,,,,,,"Revue Des Sciences De L Eau","1","Heterogeneity","10","Alberta Biodiversity Monitoring Institute","1",,,,,,,,
,,,,"Jonsson, B.G.","2",,,,,,,"Soil Biology And Biochemistry","1","Plants (botany)","10","Ministère des Forêts","1",,,,,,,,
,,,,"Kemball, K.J.","2",,,,,,,"Sustainability Switzerland","1","Sphagnum","10","Rakvere City Government","1",,,,,,,,
,,,,"Kenkel, N.C.","2",,,,,,,,,"Tracheophyta","10","Dru Associates, Inc.","1",,,,,,,,
,,,,"Kneeshaw, D.D.","2",,,,,,,,,"Western Hemisphere","10","Société de protection des forêts contre le feu","1",,,,,,,,
,,,,"Koivula, M.","2",,,,,,,,,"World","10","Guizhou Province Enginee-ring Research Center for Agricultural Resources and Environment","1",,,,,,,,
,,,,"Kouki, J.","2",,,,,,,,,"Aves","9","Forestry Division","1",,,,,,,,
,,,,"Kumar, P.","2",,,,,,,,,"Boreal","9","Ministère des Forêts de la Faune et des Parcs","1",,,,,,,,
,,,,"Lafleur, B.","2",,,,,,,,,"Choristoneura Fumiferana","9","Thompson Forest Consultants","1",,,,,,,,
,,,,"Larrivée, M.","2",,,,,,,,,"Conservation Management","9","Wilfrid Laurier University","1",,,,,,,,
,,,,"Lecomte, N.","2",,,,,,,,,"Deforestation","9","University of Johannesburg","1",,,,,,,,
,,,,"Lowe, J.","2",,,,,,,,,"Ecosystem","9","Universidad de Buenos Aires","1",,,,,,,,
,,,,"Malcolm, J.R.","2",,,,,,,,,"Forest","9","Ministry of Education China","1",,,,,,,,
,,,,"McIntire, E.J.B.","2",,,,,,,,,"Forest Dynamics","9","Helsingin Yliopisto","1",,,,,,,,
,,,,"Messier, C.","2",,,,,,,,,"Habitat Fragmentation","9","University of Victoria","1",,,,,,,,
,,,,"Namroud, M.C.","2",,,,,,,,,"Insecta","9","USDA Forest Service","1",,,,,,,,
,,,,"Newmaster, S.G.","2",,,,,,,,,"Multivariate Analysis","9","The Ohio State University","1",,,,,,,,
,,,,"Noël, J.","2",,,,,,,,,"Natural Disturbance","9","Consejo Nacional de Investigaciones Científicas y Técnicas","1",,,,,,,,
,,,,"Paquin, P.","2",,,,,,,,,"Ontario","9","Mount Saint Vincent University","1",,,,,,,,
,,,,"Pearce, J.L.","2",,,,,,,,,"Populus","9","Guizhou University","1",,,,,,,,
,,,,"Pinel-Alloul, B.","2",,,,,,,,,"Spatiotemporal Analysis","9","Université Toulouse - Jean Jaurès","1",,,,,,,,
,,,,"Rempel, R.S.","2",,,,,,,,,"Sustainable Development","9","Alberta Agriculture and Rural Development","1",,,,,,,,
,,,,"Rompré, G.","2",,,,,,,,,"Taiga","9","CNRS Centre National de la Recherche Scientifique","1",,,,,,,,
,,,,"Saint-Germain, M.","2",,,,,,,,,"Timber","9","Australian National University","1",,,,,,,,
,,,,"Searle, E.B.","2",,,,,,,,,"Wood","9","The University of Adelaide","1",,,,,,,,
,,,,"St-Laurent, M.H.","2",,,,,,,,,"Animal","8","Universite de Moncton","1",,,,,,,,
,,,,"Tardif, J.C.","2",,,,,,,,,"Anthropogenic Effect","8","Fisheries and Oceans Canada","1",,,,,,,,
,,,,"Thiffault, E.","2",,,,,,,,,"Coarse Woody Debris","8","Western University","1",,,,,,,,
,,,,"Thomas, S.C.","2",,,,,,,,,"Conservation","8","RMIT University","1",,,,,,,,
,,,,"Tompalski, P.","2",,,,,,,,,"Dendrochronology","8","University of Northern British Columbia","1",,,,,,,,
,,,,"White, J.C.","2",,,,,,,,,"Fire History","8","South Australian Research and Development Institute","1",,,,,,,,
,,,,"Wulder, M.A.","2",,,,,,,,,"Salvage Logging","8","Ohio Agricultural Research and Development Center","1",,,,,,,,
,,,,"Abrams, R.W.","1",,,,,,,,,"Snag","8","University of Waterloo","1",,,,,,,,
,,,,"Adamowicz, W.","1",,,,,,,,,"Soils","8","Stockholm Environment Institute","1",,,,,,,,
,,,,"Adams, I.T.","1",,,,,,,,,"Timber Harvesting","8","Queen's University, Kingston","1",,,,,,,,
,,,,"Adkins, A.","1",,,,,,,,,"Animalia","7","Charles University","1",,,,,,,,
,,,,"Akther, M.S.","1",,,,,,,,,"Betula Papyrifera","7","University of New Brunswick","1",,,,,,,,
,,,,"Alexander, M.E.","1",,,,,,,,,"Bioindicator","7","Florida Atlantic University","1",,,,,,,,
,,,,"Alfaro, R.I.","1",,,,,,,,,"Bird","7","Geological Survey of Canada","1",,,,,,,,
,,,,"Alvarez, P.E.","1",,,,,,,,,"Carbon","7","Technische Universität Dresden","1",,,,,,,,
,,,,"Ambebe, T.F.","1",,,,,,,,,"Dead Wood","7","Fujian Normal University","1",,,,,,,,
,,,,"Amiro, B.D.","1",,,,,,,,,"Diversity","7","Chinese Academy of Sciences","1",,,,,,,,
,,,,"Anand, M.","1",,,,,,,,,"Ecosystem Function","7","Agriculture et Agroalimentaire Canada","1",,,,,,,,
,,,,"Antos, J.A.","1",,,,,,,,,"Ecosystem Resilience","7","Université du Québec à Trois-Rivières","1",,,,,,,,
,,,,"Archambault, L.","1",,,,,,,,,"Environmental Protection","7","Universität Potsdam","1",,,,,,,,
,,,,"Archibald, D.J.","1",,,,,,,,,"Lichen","7","University of Montana","1",,,,,,,,
,,,,"Arseneault, D.","1",,,,,,,,,"Logging (forestry)","7","Portland State University","1",,,,,,,,
,,,,"Asnong, H.","1",,,,,,,,,"Overstory","7","Universität Freiburg im Breisgau","1",,,,,,,,
,,,,"Asselin, H.","1",,,,,,,,,"Paragnetina","7","Virginia Polytechnic Institute and State University","1",,,,,,,,
,,,,"Baker, J.A.","1",,,,,,,,,"Sustainable Forestry","7","Sveriges lantbruksuniversitet","1",,,,,,,,
,,,,"Baldwin, D.J.B.","1",,,,,,,,,"Biomass","6","École Pratique des Hautes Etudes","1",,,,,,,,
,,,,"Baltzer, J.L.","1",,,,,,,,,"Deciduous Forest","6","Stockholms universitet","1",,,,,,,,
,,,,"Bauce, É.","1",,,,,,,,,"Fire Ecology","6","Royal Cornwall Hospital","1",,,,,,,,
,,,,"Bayley, S.E.","1",,,,,,,,,"Fire Management","6","University of Minnesota","1",,,,,,,,
,,,,"Beguin, J.","1",,,,,,,,,"Fire Regime","6","Southern Illinois University at Carbondale","1",,,,,,,,
,,,,"Bekessy, S.A.","1",,,,,,,,,"Forest Cover","6","INRS- Centre Eau, Terre &amp; Environnement","1",,,,,,,,
,,,,"Bell, F.W.","1",,,,,,,,,"Forest Floor","6","University of Regina","1",,,,,,,,
,,,,"Bellocq, M.I.","1",,,,,,,,,"Hypothesis Testing","6","Umeå Universitet","1",,,,,,,,
,,,,"Berkes, F.","1",,,,,,,,,"Landscape Ecology","6","Estonian University of Life Sciences","1",,,,,,,,
,,,,"Bernes, C.","1",,,,,,,,,"Moss","6","Institut National de la Recherche Scientifique","1",,,,,,,,
,,,,"Bernier, P.Y.","1",,,,,,,,,"Prescribed Burning","6","Tetra Tech, Inc.","1",,,,,,,,
,,,,"Berry, L.E.","1",,,,,,,,,"Productivity","6","Government of Alberta","1",,,,,,,,
,,,,"Bichet, O.","1",,,,,,,,,"Reconstruction","6","Alberta Sustainable Resource Development","1",,,,,,,,
,,,,"Biswas, S.R.","1",,,,,,,,,"Regression Analysis","6","Government of the Northwest Territories","1",,,,,,,,
,,,,"Boan, J.J.","1",,,,,,,,,"Remote Sensing","6","Australian National University, Fenner School of Environment and Society","1",,,,,,,,
,,,,"Bokalo, M.","1",,,,,,,,,"Snags","6","Institut des Sciences de l’Evolution de Montpellier","1",,,,,,,,
,,,,"Borden, J.H.","1",,,,,,,,,"Soil","6","Domtar Corporation","1",,,,,,,,
,,,,"Boucher, P.","1",,,,,,,,,"Sustainability","6","Aquila Conservation &amp; Environment Consulting","1",,,,,,,,
,,,,"Boucher, Y.","1",,,,,,,,,"Sustainable Forest Management","6","Corvus Communications, Canada","1",,,,,,,,
,,,,"Bousquet, J.","1",,,,,,,,,"Age Class","5","Pearce and Associates Ecological Research","1",,,,,,,,
,,,,"Bouthillier, L.","1",,,,,,,,,"Age Structure","5","AXYS Environmental Consulting Ltd.","1",,,,,,,,
,,,,"Boychuk, D.","1",,,,,,,,,"Araneae","5","Bowater Canadian Forest Products Inc, Canada","1",,,,,,,,
,,,,"Bradbury, S.M.","1",,,,,,,,,"Carabidae","5","Risques, Ecosystèmes, Vulnérabilité, Environnement, Résilience","1",,,,,,,,
,,,,"Bradfield, G.E.","1",,,,,,,,,"Community Dynamics","5","University of Exeter Medical School","1",,,,,,,,
,,,,"Bradley, R.","1",,,,,,,,,"Comparative Study","5","School of Ecosystem and Forest Science","1",,,,,,,,
,,,,"Bradley, R.L.","1",,,,,,,,,"Deciduous Tree","5","Laboratoire Évolution et Diversité Biologique","1",,,,,,,,
,,,,"Bradshaw, C.J.A.","1",,,,,,,,,"Disturbances","5","INRAE","1",,,,,,,,
,,,,"Braithwaite, N.T.","1",,,,,,,,,"Dominance","5",,,,,,,,,,
,,,,"Brandt, J.P.","1",,,,,,,,,"Dynamics","5",,,,,,,,,,
,,,,"Brice, M.H.","1",,,,,,,,,"Ecological Impact","5",,,,,,,,,,
,,,,"Brunke, A.J.","1",,,,,,,,,"Ecosystem-based Management","5",,,,,,,,,,
,,,,"Burleigh, J.S.","1",,,,,,,,,"Edge Effect","5",,,,,,,,,,
,,,,"Burto, P.J.","1",,,,,,,,,"Fire Hazards","5",,,,,,,,,,
,,,,"Bégin, Y.","1",,,,,,,,,"Forest Inventory","5",,,,,,,,,,
,,,,"Bélanger, L.","1",,,,,,,,,"Forest Structure","5",,,,,,,,,,
,,,,"Bélisle, A.C.","1",,,,,,,,,"Habitat Structure","5",,,,,,,,,,
,,,,"Calvert, A.M.","1",,,,,,,,,"Harvest","5",,,,,,,,,,
,,,,"Campbell, C.","1",,,,,,,,,"Invertebrata","5",,,,,,,,,,
,,,,"Campbell, I.D.","1",,,,,,,,,"Landscape Structure","5",,,,,,,,,,
,,,,"Carignan, R.","1",,,,,,,,,"Mammalia","5",,,,,,,,,,
,,,,"Carrière, S.","1",,,,,,,,,"Mortality","5",,,,,,,,,,
,,,,"Casetou, S.C.","1",,,,,,,,,"Old Growth","5",,,,,,,,,,
