﻿Scopus refine results values

"Your query : ((TITLE-ABS-KEY((Boreal OR {James Bay} OR James-Bay OR {Clay Belt} OR {canadian shield}) AND (Canada OR Quebec OR Ontario OR newfoundland OR Alberta OR British-Columbia) ) AND PUBYEAR > 1999 AND PUBYEAR < 2020) AND (TITLE-ABS-KEY(Harvest* OR Logging OR Cut OR Clear-cut  OR Clearcut OR {Clear Cut}) AND PUBYEAR > 1999 AND PUBYEAR < 2020) AND (TITLE-ABS-KEY(geese OR goose) AND PUBYEAR > 1999 AND PUBYEAR < 2020))"


Number of results : 13

"ACCESS TYPE",,"YEAR",,"AUTHOR NAME",,"SUBJECT AREA",,"DOCUMENT TYPE",,"PUBLICATION STAGE",,"SOURCE TITLE",,"KEYWORD",,"AFFILIATION",,"FUNDING SPONSOR",,"COUNTRY",,"SOURCE TYPE",,"LANGUAGE",
"Open Access","3","2016","1","Tsuji, L.J.S.","3","Agricultural and Biological Sciences","7","Article","12","final","13","Journal Of Wildlife Management","3","Canada","8","University of Waterloo","3","Government of Canada","2","Canada","8","Journals","13","English","13"
"Other","10","2015","1","Dumas, P.","2","Arts and Humanities","1","Review","1",,,"Canadian Geographer","1","Anser","7","Institut National de Sante Publique Du Québec","2","Health Canada","2","United States","4",,,,
,,"2014","2","LeBlanc, A.","2","Biochemistry, Genetics and Molecular Biology","1",,,,,"Environmental Monitoring And Assessment","1","Branta Canadensis","7","U.S. Fish and Wildlife Service","1","Canada Research Chairs","1","Undefined","1",,,,
,,"2012","1","Martin, E.S.","2","Earth and Planetary Sciences","1",,,,,"Human Ecology","1","James Bay","5","DUCKS UNLIMITED INC","1","Natural Sciences and Engineering Research Council of Canada","1",,,,,,
,,"2009","1","Martin, I.D.","2","Environmental Science","9",,,,,"International Journal Of Circumpolar Health","1","North America","5","Cree Board of Health and Social Services of James Bay","1","Social Sciences and Humanities Research Council of Canada","1",,,,,,
,,"2008","2","Alisauskas, R.T.","1","Medicine","1",,,,,"International Journal Of Sustainability In Economic Social And Cultural Context","1","Waterfowl","5","Environment Canada","1","Undefined","9",,,,,,
,,"2007","1","Ankney, C.D.","1","Multidisciplinary","1",,,,,"Journal Of Fish And Wildlife Management","1","Animals","4","McGill University","1",,,,,,,,
,,"2005","1","Barry, S.J.","1","Social Sciences","4",,,,,"Journal Of Food Composition And Analysis","1","Aves","4","Arizona State University","1",,,,,,,,
,,"2003","1","Barry, T.A.","1",,,,,,,"Occasional Paper Of The Canadian Wildlife Service","1","Canada Goose","4","Patuxent Wildlife Research Center","1",,,,,,,,
,,"2000","2","Belinsky, D.L.","1",,,,,,,"Plos One","1","Survival","4","Cornell University","1",,,,,,,,
,,,,"Berkes, F.","1",,,,,,,"Science Of The Total Environment","1","Anas","3","US Fish &amp; Wildlife Service","1",,,,,,,,
,,,,"Berthiaume, L.","1",,,,,,,,,"Article","3","University of Manitoba","1",,,,,,,,
,,,,"Blais, J.M.","1",,,,,,,,,"Birds","3","Ontario Ministry of Natural Resources","1",,,,,,,,
,,,,"Bowers, E.F.","1",,,,,,,,,"Chen","3","Western University","1",,,,,,,,
,,,,"Cotter, R.C.","1",,,,,,,,,"Female","3","United States Geological Survey","1",,,,,,,,
,,,,"Dewailly, É.","1",,,,,,,,,"Fish","3","University of Toronto","1",,,,,,,,
,,,,"Dickson, D.L.","1",,,,,,,,,"Food Intake","3","University of Ottawa, Canada","1",,,,,,,,
,,,,"Fournier, M.A.","1",,,,,,,,,"Gamebird","3","Michigan State University","1",,,,,,,,
,,,,"Gardner, H.","1",,,,,,,,,"Goose","3","Université Laval","1",,,,,,,,
,,,,"Greffard, K.","1",,,,,,,,,"Hunting","3","McGill University, Macdonald Campus","1",,,,,,,,
,,,,"Haman, F.","1",,,,,,,,,"Male","3","CHU de Québec - Université Laval","1",,,,,,,,
,,,,"Hill, M.R.J.","1",,,,,,,,,"Ontario","3","Ducks Unlimited Canada","1",,,,,,,,
,,,,"Hines, J.E.","1",,,,,,,,,"American Indian","2","State of Michigan","1",,,,,,,,
,,,,"Imbeault, P.","1",,,,,,,,,"Anas Acuta","2",,,,,,,,,,
,,,,"Johnson-Down, L.","1",,,,,,,,,"Anas Platyrhynchos","2",,,,,,,,,,
,,,,"Julien, P.","1",,,,,,,,,"Anatidae","2",,,,,,,,,,
,,,,"Kay, M.F.","1",,,,,,,,,"Animal","2",,,,,,,,,,
,,,,"Kendall, W.L.","1",,,,,,,,,"Anser Sp.","2",,,,,,,,,,
,,,,"Kerbes, R.H.","1",,,,,,,,,"Aroclor 1260","2",,,,,,,,,,
,,,,"Kimpe, L.E.","1",,,,,,,,,"Beta Hexachlorocyclohexane","2",,,,,,,,,,
,,,,"Klimstra, J.D.","1",,,,,,,,,"Bioaccumulation","2",,,,,,,,,,
,,,,"Krümmel, E.M.","1",,,,,,,,,"Branta Canadensis Interior","2",,,,,,,,,,
,,,,"Kuhnlein, H.V.","1",,,,,,,,,"Chen Caerulescens Caerulescens","2",,,,,,,,,,
,,,,"Leafloor, J.O.","1",,,,,,,,,"Chlorphenotane","2",,,,,,,,,,
,,,,"Lucas, M.","1",,,,,,,,,"Duck","2",,,,,,,,,,
,,,,"Luukkonen, D.R.","1",,,,,,,,,"Environmental Pollutants","2",,,,,,,,,,
,,,,"Mykut, R.C.","1",,,,,,,,,"First Nations","2",,,,,,,,,,
,,,,"Nieman, D.J.","1",,,,,,,,,"Fishes","2",,,,,,,,,,
,,,,"Padding, P.I.","1",,,,,,,,,"Food Contamination","2",,,,,,,,,,
,,,,"Pal, S.","1",,,,,,,,,"Game Bird","2",,,,,,,,,,
,,,,"Peloquin, C.","1",,,,,,,,,"Harvesting","2",,,,,,,,,,
,,,,"Pinet, B.M.","1",,,,,,,,,"Hexachlorobenzene","2",,,,,,,,,,
,,,,"Prince, H.H.","1",,,,,,,,,"Human","2",,,,,,,,,,
,,,,"Proust, F.","1",,,,,,,,,"Humans","2",,,,,,,,,,
,,,,"Robidoux, M.A.","1",,,,,,,,,"Hydrocarbons, Chlorinated","2",,,,,,,,,,
,,,,"Robinson, E.","1",,,,,,,,,"Indians, North American","2",,,,,,,,,,
,,,,"Sayles, J.S.","1",,,,,,,,,"Limosa","2",,,,,,,,,,
,,,,"Seabert, T.A.","1",,,,,,,,,"Movement","2",,,,,,,,,,
,,,,"Sheaffer, S.E.","1",,,,,,,,,"Muscle","2",,,,,,,,,,
,,,,"Turner, B.C.","1",,,,,,,,,"Muscle, Skeletal","2",,,,,,,,,,
,,,,"Wiebe, M.O.","1",,,,,,,,,"Nonachlor","2",,,,,,,,,,
,,,,,,,,,,,,,,"Nonhuman","2",,,,,,,,,,
,,,,,,,,,,,,,,"Nunavut","2",,,,,,,,,,
,,,,,,,,,,,,,,"Nutritional Value","2",,,,,,,,,,
,,,,,,,,,,,,,,"Organochlorine","2",,,,,,,,,,
,,,,,,,,,,,,,,"Organochlorine Derivative","2",,,,,,,,,,
,,,,,,,,,,,,,,"Organochlorines","2",,,,,,,,,,
,,,,,,,,,,,,,,"Polychlorinated Biphenyl","2",,,,,,,,,,
,,,,,,,,,,,,,,"Polychlorinated Biphenyls","2",,,,,,,,,,
,,,,,,,,,,,,,,"Quebec [Canada]","2",,,,,,,,,,
,,,,,,,,,,,,,,"Resource Management","2",,,,,,,,,,
,,,,,,,,,,,,,,"Spring (season)","2",,,,,,,,,,
,,,,,,,,,,,,,,"Spring-harvested Game Birds","2",,,,,,,,,,
,,,,,,,,,,,,,,"Tissue","2",,,,,,,,,,
,,,,,,,,,,,,,,"1,1 Dichloro 2,2 Bis(4 Chlorophenyl)ethylene","1",,,,,,,,,,
,,,,,,,,,,,,,,"Abdominal Fat","1",,,,,,,,,,
,,,,,,,,,,,,,,"Adaptive Management","1",,,,,,,,,,
,,,,,,,,,,,,,,"Adolescent","1",,,,,,,,,,
,,,,,,,,,,,,,,"Adult","1",,,,,,,,,,
,,,,,,,,,,,,,,"Aerial Survey","1",,,,,,,,,,
,,,,,,,,,,,,,,"Agriculture","1",,,,,,,,,,
,,,,,,,,,,,,,,"Akimiski Island","1",,,,,,,,,,
,,,,,,,,,,,,,,"Aldrin","1",,,,,,,,,,
,,,,,,,,,,,,,,"Amino Acid","1",,,,,,,,,,
,,,,,,,,,,,,,,"Amino Acids","1",,,,,,,,,,
,,,,,,,,,,,,,,"Analysis","1",,,,,,,,,,
,,,,,,,,,,,,,,"Analysis Of Variance","1",,,,,,,,,,
,,,,,,,,,,,,,,"Animal Tissue","1",,,,,,,,,,
,,,,,,,,,,,,,,"Animalia","1",,,,,,,,,,
,,,,,,,,,,,,,,"Animals, Wild","1",,,,,,,,,,
,,,,,,,,,,,,,,"Anseriformes","1",,,,,,,,,,
,,,,,,,,,,,,,,"Band Recovery","1",,,,,,,,,,
,,,,,,,,,,,,,,"Bay","1",,,,,,,,,,
,,,,,,,,,,,,,,"Bays","1",,,,,,,,,,
,,,,,,,,,,,,,,"Bear","1",,,,,,,,,,
,,,,,,,,,,,,,,"Beaver","1",,,,,,,,,,
,,,,,,,,,,,,,,"Belcher Islands","1",,,,,,,,,,
,,,,,,,,,,,,,,"Biodiversity","1",,,,,,,,,,
,,,,,,,,,,,,,,"Bird","1",,,,,,,,,,
,,,,,,,,,,,,,,"Blood","1",,,,,,,,,,
,,,,,,,,,,,,,,"Blood Analysis","1",,,,,,,,,,
,,,,,,,,,,,,,,"Body Burden","1",,,,,,,,,,
,,,,,,,,,,,,,,"Body Condition","1",,,,,,,,,,
,,,,,,,,,,,,,,"Body Size","1",,,,,,,,,,
,,,,,,,,,,,,,,"Branta","1",,,,,,,,,,
,,,,,,,,,,,,,,"Branta Canadensis Maxima","1",,,,,,,,,,
,,,,,,,,,,,,,,"Breast Portion","1",,,,,,,,,,
,,,,,,,,,,,,,,"Breeding Site","1",,,,,,,,,,
,,,,,,,,,,,,,,"Canada Geese","1",,,,,,,,,,
,,,,,,,,,,,,,,"Canada Goose; James Bay Cree; Traditional Food System; Indigenous People; Macronutrients; Minerals.","1",,,,,,,,,,
,,,,,,,,,,,,,,"Cape Henrietta Maria","1",,,,,,,,,,
,,,,,,,,,,,,,,"Caribou","1",,,,,,,,,,
,,,,,,,,,,,,,,"Challenges","1",,,,,,,,,,
,,,,,,,,,,,,,,"Chen Caerulescens","1",,,,,,,,,,
,,,,,,,,,,,,,,"Chlordane","1",,,,,,,,,,
,,,,,,,,,,,,,,"Complexity","1",,,,,,,,,,
,,,,,,,,,,,,,,"Concentration (composition)","1",,,,,,,,,,
,,,,,,,,,,,,,,"Concentration (process)","1",,,,,,,,,,
,,,,,,,,,,,,,,"Consumer","1",,,,,,,,,,
,,,,,,,,,,,,,,"Contamination","1",,,,,,,,,,
,,,,,,,,,,,,,,"Controlled Study","1",,,,,,,,,,
,,,,,,,,,,,,,,"Cree","1",,,,,,,,,,
,,,,,,,,,,,,,,"Cree People","1",,,,,,,,,,
,,,,,,,,,,,,,,"Cross-sectional Study","1",,,,,,,,,,
,,,,,,,,,,,,,,"DDT","1",,,,,,,,,,
,,,,,,,,,,,,,,"Derivation","1",,,,,,,,,,
,,,,,,,,,,,,,,"Detection Method","1",,,,,,,,,,
,,,,,,,,,,,,,,"Dichlorodiphenyldichloroethylene","1",,,,,,,,,,
,,,,,,,,,,,,,,"Dietary Intake","1",,,,,,,,,,
,,,,,,,,,,,,,,"Dietary Reference Intake","1",,,,,,,,,,
,,,,,,,,,,,,,,"Distribution","1",,,,,,,,,,
,,,,,,,,,,,,,,"Docosahexaenoic Acid","1",,,,,,,,,,
,,,,,,,,,,,,,,"Docosahexaenoic Acids","1",,,,,,,,,,
,,,,,,,,,,,,,,"Ducks","1",,,,,,,,,,
,,,,,,,,,,,,,,"Ducks And Geese","1",,,,,,,,,,
,,,,,,,,,,,,,,"Ecological Approach","1",,,,,,,,,,
,,,,,,,,,,,,,,"Eicosapentaenoic Acid","1",,,,,,,,,,
,,,,,,,,,,,,,,"Environmental Exposure","1",,,,,,,,,,
,,,,,,,,,,,,,,"Environmental Monitoring","1",,,,,,,,,,
,,,,,,,,,,,,,,"Ethylene Derivative","1",,,,,,,,,,
,,,,,,,,,,,,,,"Fatty Acid","1",,,,,,,,,,
,,,,,,,,,,,,,,"Fatty Acid Blood Level","1",,,,,,,,,,
,,,,,,,,,,,,,,"Fatty Acids","1",,,,,,,,,,
,,,,,,,,,,,,,,"Feeding Behavior","1",,,,,,,,,,
,,,,,,,,,,,,,,"Food","1",,,,,,,,,,
,,,,,,,,,,,,,,"Food Analysis","1",,,,,,,,,,
,,,,,,,,,,,,,,"Food Composition","1",,,,,,,,,,
,,,,,,,,,,,,,,"Food Security","1",,,,,,,,,,
,,,,,,,,,,,,,,"Fuzzy Logic","1",,,,,,,,,,
,,,,,,,,,,,,,,"Fuzzy Mathematics","1",,,,,,,,,,
,,,,,,,,,,,,,,"Game Animal","1",,,,,,,,,,
,,,,,,,,,,,,,,"Gamma Chlordane","1",,,,,,,,,,
,,,,,,,,,,,,,,"Geese","1",,,,,,,,,,
,,,,,,,,,,,,,,"Gosling","1",,,,,,,,,,
,,,,,,,,,,,,,,"Growth","1",,,,,,,,,,
,,,,,,,,,,,,,,"Hair","1",,,,,,,,,,
,,,,,,,,,,,,,,"Hair Analysis","1",,,,,,,,,,
,,,,,,,,,,,,,,"Harvest","1",,,,,,,,,,
,,,,,,,,,,,,,,"Harvest Management","1",,,,,,,,,,
,,,,,,,,,,,,,,"Hudson Bay","1",,,,,,,,,,
,,,,,,,,,,,,,,"Human Cell","1",,,,,,,,,,
,,,,,,,,,,,,,,"Human Settlement","1",,,,,,,,,,
,,,,,,,,,,,,,,"Human-goose Conflict","1",,,,,,,,,,
,,,,,,,,,,,,,,"Icosapentaenoic Acid","1",,,,,,,,,,
,,,,,,,,,,,,,,"Indigenous Knowledge","1",,,,,,,,,,
,,,,,,,,,,,,,,"Indigenous People","1",,,,,,,,,,
,,,,,,,,,,,,,,"Indigenous Population","1",,,,,,,,,,
,,,,,,,,,,,,,,"Intervention","1",,,,,,,,,,
,,,,,,,,,,,,,,"Land Rights","1",,,,,,,,,,
,,,,,,,,,,,,,,"Land Use","1",,,,,,,,,,
