﻿Scopus refine results values

"Your query : ((TITLE-ABS-KEY((Boreal OR {James Bay} OR James-Bay OR {Clay Belt} OR {canadian shield}) AND Quebec) AND PUBYEAR > 1999 AND PUBYEAR < 2020) AND (TITLE-ABS-KEY(Species AND (Distribution OR Extinct* OR Invasi*  OR Transition Or exotic)) AND PUBYEAR > 1999 AND PUBYEAR < 2020) AND (TITLE-ABS-KEY({tree composition} OR {tree species composition} OR {Stand composition} OR {tree assemblage} OR {tree species assemblage}  ) AND PUBYEAR > 1999 AND PUBYEAR < 2020))"


Number of results : 5

"ACCESS TYPE",,"YEAR",,"AUTHOR NAME",,"SUBJECT AREA",,"DOCUMENT TYPE",,"PUBLICATION STAGE",,"SOURCE TITLE",,"KEYWORD",,"AFFILIATION",,"FUNDING SPONSOR",,"COUNTRY",,"SOURCE TYPE",,"LANGUAGE",
"Other","5","2019","1","Bergeron, Y.","2","Agricultural and Biological Sciences","5","Article","5","final","5","Canadian Journal Of Forest Research","1","Boreal Forest","5","Universite du Quebec en Abitibi-Temiscamingue","2","Natural Sciences and Engineering Research Council of Canada","2","Canada","5","Journals","5","English","5"
,,"2017","1","Bradley, R.","1","Environmental Science","4",,,,,"Ecology","1","Canada","5","Université du Québec à Montréal","2","Fonds QuÃ©bÃ©cois de la Recherche sur la Nature et les Technologies","1",,,,,,
,,"2006","1","Brice, M.H.","1",,,,,,,"Forest Ecology And Management","1","Quebec [Canada]","4","McGill University","1","Fonds de recherche du QuÃ©bec â Nature et technologies","1",,,,,,
,,"2005","1","Cadieux, P.","1",,,,,,,"Global Ecology And Biogeography","1","Abies","3","University of Montreal","1","Undefined","3",,,,,,
,,"2000","1","Cazelles, K.","1",,,,,,,"Microbial Ecology","1","Abies Balsamea","3","Université de Sherbrooke","1",,,,,,,,
,,,,"DeBellis, T.","1",,,,,,,,,"Quebec","3","University of Guelph","1",,,,,,,,
,,,,"Drapeau, P.","1",,,,,,,,,"Betula Papyrifera","2","University of Toronto","1",,,,,,,,
,,,,"Fortin, M.J.","1",,,,,,,,,"Community Structure","2","Conseil de recherches en sciences naturelles et en génie du Canada","1",,,,,,,,
,,,,"Kernaghan, G.","1",,,,,,,,,"Forestry","2","Université Laval","1",,,,,,,,
,,,,"Lecomte, N.","1",,,,,,,,,"Mixed Forest","2","Concordia University","1",,,,,,,,
,,,,"Legendre, P.","1",,,,,,,,,"North America","2",,,,,,,,,,
,,,,"Widden, P.","1",,,,,,,,,"Paludification","2",,,,,,,,,,
,,,,,,,,,,,,,,"Picea Glauca","2",,,,,,,,,,
,,,,,,,,,,,,,,"Picea Mariana","2",,,,,,,,,,
,,,,,,,,,,,,,,"Stand Dynamics","2",,,,,,,,,,
,,,,,,,,,,,,,,"Stand Structure","2",,,,,,,,,,
,,,,,,,,,,,,,,"Β-diversity","1",,,,,,,,,,
,,,,,,,,,,,,,,"Aging","1",,,,,,,,,,
,,,,,,,,,,,,,,"Aging Of Materials","1",,,,,,,,,,
,,,,,,,,,,,,,,"Analytical Method","1",,,,,,,,,,
,,,,,,,,,,,,,,"Article","1",,,,,,,,,,
,,,,,,,,,,,,,,"Aspen","1",,,,,,,,,,
,,,,,,,,,,,,,,"Aves","1",,,,,,,,,,
,,,,,,,,,,,,,,"Avifauna","1",,,,,,,,,,
,,,,,,,,,,,,,,"Balsam Fir","1",,,,,,,,,,
,,,,,,,,,,,,,,"Basidiomycota","1",,,,,,,,,,
,,,,,,,,,,,,,,"Betula Pendula","1",,,,,,,,,,
,,,,,,,,,,,,,,"Biodiversity","1",,,,,,,,,,
,,,,,,,,,,,,,,"Bird","1",,,,,,,,,,
,,,,,,,,,,,,,,"Birds","1",,,,,,,,,,
,,,,,,,,,,,,,,"Black Spruce","1",,,,,,,,,,
,,,,,,,,,,,,,,"Boreal Forest Disturbance Regimes","1",,,,,,,,,,
,,,,,,,,,,,,,,"Canonical Analysis","1",,,,,,,,,,
,,,,,,,,,,,,,,"Canopy Gaps","1",,,,,,,,,,
,,,,,,,,,,,,,,"Cenococcum Geophilum","1",,,,,,,,,,
,,,,,,,,,,,,,,"Choristoneura Fumiferana","1",,,,,,,,,,
,,,,,,,,,,,,,,"Classification","1",,,,,,,,,,
,,,,,,,,,,,,,,"Climate Change","1",,,,,,,,,,
,,,,,,,,,,,,,,"Clone","1",,,,,,,,,,
,,,,,,,,,,,,,,"Community Composition","1",,,,,,,,,,
,,,,,,,,,,,,,,"Community Dynamics","1",,,,,,,,,,
,,,,,,,,,,,,,,"Community Temperature Index","1",,,,,,,,,,
,,,,,,,,,,,,,,"Community Temporal Change","1",,,,,,,,,,
,,,,,,,,,,,,,,"Coniferophyta","1",,,,,,,,,,
,,,,,,,,,,,,,,"Coniferous Forest","1",,,,,,,,,,
,,,,,,,,,,,,,,"Conservation Management","1",,,,,,,,,,
,,,,,,,,,,,,,,"Cortinarius","1",,,,,,,,,,
,,,,,,,,,,,,,,"Cytology","1",,,,,,,,,,
,,,,,,,,,,,,,,"DNA","1",,,,,,,,,,
,,,,,,,,,,,,,,"DNA, Fungal","1",,,,,,,,,,
,,,,,,,,,,,,,,"DNA, Ribosomal","1",,,,,,,,,,
,,,,,,,,,,,,,,"Dead Wood","1",,,,,,,,,,
,,,,,,,,,,,,,,"Deadwood","1",,,,,,,,,,
,,,,,,,,,,,,,,"Deciduous Tree","1",,,,,,,,,,
,,,,,,,,,,,,,,"Degradation","1",,,,,,,,,,
,,,,,,,,,,,,,,"Dendroecology","1",,,,,,,,,,
,,,,,,,,,,,,,,"Disturbances","1",,,,,,,,,,
,,,,,,,,,,,,,,"Ecology","1",,,,,,,,,,
,,,,,,,,,,,,,,"Ecosystem","1",,,,,,,,,,
,,,,,,,,,,,,,,"Ecosystems","1",,,,,,,,,,
,,,,,,,,,,,,,,"Ecotone","1",,,,,,,,,,
,,,,,,,,,,,,,,"Ectomycorrhiza","1",,,,,,,,,,
,,,,,,,,,,,,,,"Environmental Disturbance","1",,,,,,,,,,
,,,,,,,,,,,,,,"Environmental Factor","1",,,,,,,,,,
,,,,,,,,,,,,,,"Fire","1",,,,,,,,,,
,,,,,,,,,,,,,,"Fire Behavior","1",,,,,,,,,,
,,,,,,,,,,,,,,"Fire History","1",,,,,,,,,,
,,,,,,,,,,,,,,"Fires","1",,,,,,,,,,
,,,,,,,,,,,,,,"Foraging Behavior","1",,,,,,,,,,
,,,,,,,,,,,,,,"Forest","1",,,,,,,,,,
,,,,,,,,,,,,,,"Forest Fire","1",,,,,,,,,,
,,,,,,,,,,,,,,"Forest Succession","1",,,,,,,,,,
,,,,,,,,,,,,,,"Functional Group","1",,,,,,,,,,
,,,,,,,,,,,,,,"Fungal DNA","1",,,,,,,,,,
,,,,,,,,,,,,,,"Fungi","1",,,,,,,,,,
,,,,,,,,,,,,,,"Genetics","1",,,,,,,,,,
,,,,,,,,,,,,,,"Habitat Conservation","1",,,,,,,,,,
,,,,,,,,,,,,,,"Habitat Fragmentation","1",,,,,,,,,,
,,,,,,,,,,,,,,"Habitat Use","1",,,,,,,,,,
,,,,,,,,,,,,,,"Hole-users","1",,,,,,,,,,
,,,,,,,,,,,,,,"Host Plant","1",,,,,,,,,,
,,,,,,,,,,,,,,"Lactarius","1",,,,,,,,,,
,,,,,,,,,,,,,,"Lake Duparquet","1",,,,,,,,,,
,,,,,,,,,,,,,,"Larix","1",,,,,,,,,,
,,,,,,,,,,,,,,"Larix Laricina","1",,,,,,,,,,
,,,,,,,,,,,,,,"Latitudinal Gradient","1",,,,,,,,,,
,,,,,,,,,,,,,,"Logging (forestry)","1",,,,,,,,,,
,,,,,,,,,,,,,,"Microbiology","1",,,,,,,,,,
,,,,,,,,,,,,,,"Mixed Woods","1",,,,,,,,,,
,,,,,,,,,,,,,,"Mixedwoods","1",,,,,,,,,,
,,,,,,,,,,,,,,"Molecular Analysis","1",,,,,,,,,,
,,,,,,,,,,,,,,"Molecular Genetics","1",,,,,,,,,,
,,,,,,,,,,,,,,"Molecular Sequence Data","1",,,,,,,,,,
,,,,,,,,,,,,,,"Morphotype","1",,,,,,,,,,
,,,,,,,,,,,,,,"Mycorrhiza","1",,,,,,,,,,
,,,,,,,,,,,,,,"Mycorrhizae","1",,,,,,,,,,
,,,,,,,,,,,,,,"Old Boreal Forest","1",,,,,,,,,,
,,,,,,,,,,,,,,"Old Boreal Forests","1",,,,,,,,,,
,,,,,,,,,,,,,,"Old-growth Forest","1",,,,,,,,,,
,,,,,,,,,,,,,,"Ontario [Canada]","1",,,,,,,,,,
,,,,,,,,,,,,,,"Organic Compounds","1",,,,,,,,,,
,,,,,,,,,,,,,,"Overstory","1",,,,,,,,,,
,,,,,,,,,,,,,,"Pest Outbreak","1",,,,,,,,,,
,,,,,,,,,,,,,,"Phylogeny","1",,,,,,,,,,
,,,,,,,,,,,,,,"Picea","1",,,,,,,,,,
,,,,,,,,,,,,,,"Picidae","1",,,,,,,,,,
,,,,,,,,,,,,,,"Piloderma","1",,,,,,,,,,
,,,,,,,,,,,,,,"Polymerase Chain Reaction","1",,,,,,,,,,
,,,,,,,,,,,,,,"Polymorphism","1",,,,,,,,,,
,,,,,,,,,,,,,,"Polymorphism, Restriction Fragment Length","1",,,,,,,,,,
,,,,,,,,,,,,,,"Populus Tremuloides","1",,,,,,,,,,
,,,,,,,,,,,,,,"Post-disturbance Species Dynamics","1",,,,,,,,,,
,,,,,,,,,,,,,,"Quebec Clay Belt","1",,,,,,,,,,
,,,,,,,,,,,,,,"Quebec [Quebec (PRV)]","1",,,,,,,,,,
,,,,,,,,,,,,,,"Restriction Fragment Length Polymorphism","1",,,,,,,,,,
,,,,,,,,,,,,,,"Ribosome DNA","1",,,,,,,,,,
,,,,,,,,,,,,,,"Root","1",,,,,,,,,,
,,,,,,,,,,,,,,"Russula","1",,,,,,,,,,
,,,,,,,,,,,,,,"Southern Quebec Boreail Forest","1",,,,,,,,,,
,,,,,,,,,,,,,,"Species Diversity","1",,,,,,,,,,
,,,,,,,,,,,,,,"Species Occurrence","1",,,,,,,,,,
,,,,,,,,,,,,,,"Species Richness","1",,,,,,,,,,
,,,,,,,,,,,,,,"Spruce Budworm","1",,,,,,,,,,
,,,,,,,,,,,,,,"Substrate","1",,,,,,,,,,
,,,,,,,,,,,,,,"Succession","1",,,,,,,,,,
,,,,,,,,,,,,,,"Temperate Forest","1",,,,,,,,,,
,,,,,,,,,,,,,,"Temperate-boreal Ecotone","1",,,,,,,,,,
,,,,,,,,,,,,,,"Temperature Effect","1",,,,,,,,,,
,,,,,,,,,,,,,,"Thermophilization","1",,,,,,,,,,
,,,,,,,,,,,,,,"Thermophily","1",,,,,,,,,,
,,,,,,,,,,,,,,"Tolerance","1",,,,,,,,,,
,,,,,,,,,,,,,,"Tree","1",,,,,,,,,,
,,,,,,,,,,,,,,"Trees","1",,,,,,,,,,
,,,,,,,,,,,,,,"Trembling Aspen","1",,,,,,,,,,
,,,,,,,,,,,,,,"Woodpeckers","1",,,,,,,,,,
,,,,,,,,,,,,,,,,,,,,,,,,,
,,,,,,,,,,,,,,,,,,,,,,,,,
,,,,,,,,,,,,,,,,,,,,,,,,,
,,,,,,,,,,,,,,,,,,,,,,,,,
,,,,,,,,,,,,,,,,,,,,,,,,,
,,,,,,,,,,,,,,,,,,,,,,,,,
,,,,,,,,,,,,,,,,,,,,,,,,,
,,,,,,,,,,,,,,,,,,,,,,,,,
,,,,,,,,,,,,,,,,,,,,,,,,,
,,,,,,,,,,,,,,,,,,,,,,,,,
,,,,,,,,,,,,,,,,,,,,,,,,,
,,,,,,,,,,,,,,,,,,,,,,,,,
,,,,,,,,,,,,,,,,,,,,,,,,,
,,,,,,,,,,,,,,,,,,,,,,,,,
,,,,,,,,,,,,,,,,,,,,,,,,,
,,,,,,,,,,,,,,,,,,,,,,,,,
,,,,,,,,,,,,,,,,,,,,,,,,,
,,,,,,,,,,,,,,,,,,,,,,,,,
,,,,,,,,,,,,,,,,,,,,,,,,,
,,,,,,,,,,,,,,,,,,,,,,,,,
,,,,,,,,,,,,,,,,,,,,,,,,,
,,,,,,,,,,,,,,,,,,,,,,,,,
,,,,,,,,,,,,,,,,,,,,,,,,,
,,,,,,,,,,,,,,,,,,,,,,,,,
,,,,,,,,,,,,,,,,,,,,,,,,,
