﻿Scopus refine results values

"Your query : ((TITLE-ABS-KEY((Boreal OR {James Bay} OR James-Bay OR {Clay Belt} OR {canadian shield}) AND (Canada OR Quebec OR Ontario OR newfoundland OR Alberta OR British-Columbia) ) AND PUBYEAR > 1999 AND PUBYEAR < 2020) AND (TITLE-ABS-KEY(weather OR   Season* OR meteo*) AND PUBYEAR > 1999 AND PUBYEAR < 2020) AND (TITLE-ABS-KEY(((cultural AND keystone)  OR  spiritual OR sacred OR  special) AND (site OR place)) AND PUBYEAR > 1999 AND PUBYEAR < 2020))"


Number of results : 7

"ACCESS TYPE",,"YEAR",,"AUTHOR NAME",,"SUBJECT AREA",,"DOCUMENT TYPE",,"PUBLICATION STAGE",,"SOURCE TITLE",,"KEYWORD",,"AFFILIATION",,"FUNDING SPONSOR",,"COUNTRY",,"SOURCE TYPE",,"LANGUAGE",
"Open Access","2","2019","1","Ali, A.A.","1","Agricultural and Biological Sciences","4","Article","6","final","7","Earth System Science Data","1","Canada","4","Environment Canada","2","Natural Sciences and Engineering Research Council of Canada","2","Canada","6","Journals","7","English","7"
"Other","5","2016","1","Asselin, H.","1","Biochemistry, Genetics and Molecular Biology","1","Conference Paper","1",,,"Forest Ecology And Management","1","Article","2","Cultivation Base of State Key Laboratory of Humid Subtropical Mountain Ecology","1","Fonds de recherche du QuÃ©bec â Nature et technologies","1","China","1",,,,
,,"2014","1","Barr, A.","1","Earth and Planetary Sciences","2",,,,,"IEEE Transactions On Geoscience And Remote Sensing","1","Biochemistry","2","Ontario Ministry of Environment and Climate Change","1","Major Science and Technology Project of Hainan Province","1","France","1",,,,
,,"2013","1","Bergeron, Y.","1","Engineering","1",,,,,"Journal Of Fish And Wildlife Management","1","Boreal Forest","2","Universite du Quebec en Abitibi-Temiscamingue","1","Undefined","4","United States","1",,,,
,,"2012","2","Chen, X.","1","Environmental Science","3",,,,,"Plant Cell And Environment","1","Forestry","2","US Fish &amp; Wildlife Service","1",,,,,,,,
,,"2005","1","Derksen, C.","1","Immunology and Microbiology","1",,,,,"Science Of The Total Environment","1","Hydrology","2","University of Saskatchewan","1",,,,,,,,
,,,,"Germida, J.J.","1",,,,,,,"Soil Biology And Biochemistry","1","Nitrogen","2","Fujian Normal University","1",,,,,,,,
,,,,"Goodison, B.E.","1",,,,,,,,,"Aboveground Biomass","1","Université du Québec à Montréal","1",,,,,,,,
,,,,"Hacke, U.G.","1",,,,,,,,,"Adaptation","1","École Pratique des Hautes Etudes","1",,,,,,,,
,,,,"Hamann, A.","1",,,,,,,,,"Agricultural Sources","1","University of Alberta","1",,,,,,,,
,,,,"Hynes, H.M.","1",,,,,,,,,"Agriculture","1","Alberta-Pacific Forest Industries Inc.","1",,,,,,,,
,,,,"Hély, C.","1",,,,,,,,,"Air Temperature","1","Université de Montpellier","1",,,,,,,,
,,,,"Klimstra, J.D.","1",,,,,,,,,"Alberta","1",,,,,,,,,,
,,,,"Ouarmim, S.","1",,,,,,,,,"Algorithms","1",,,,,,,,,,
,,,,"Padding, P.I.","1",,,,,,,,,"Ammonia","1",,,,,,,,,,
,,,,"Ross, A.","1",,,,,,,,,"Ammonia Oxidizing Bacteria","1",,,,,,,,,,
,,,,"Schreiber, S.G.","1",,,,,,,,,"Ammonium","1",,,,,,,,,,
,,,,"Smith, C.D.","1",,,,,,,,,"Ammonium Compounds","1",,,,,,,,,,
,,,,"Strapp, J.W.","1",,,,,,,,,"Bacteria","1",,,,,,,,,,
,,,,"Thomas, B.R.","1",,,,,,,,,"Bacteria (microorganisms)","1",,,,,,,,,,
,,,,"Walker, A.E.","1",,,,,,,,,"Bacterium","1",,,,,,,,,,
,,,,"Yang, D.","1",,,,,,,,,"Bioavailability","1",,,,,,,,,,
,,,,"Yao, H.","1",,,,,,,,,"Biodiversity","1",,,,,,,,,,
,,,,"Zhang, D.","1",,,,,,,,,"Biogeochemistry","1",,,,,,,,,,
,,,,,,,,,,,,,,"Biological Materials","1",,,,,,,,,,
,,,,,,,,,,,,,,"Biological Production","1",,,,,,,,,,
,,,,,,,,,,,,,,"Boreal","1",,,,,,,,,,
,,,,,,,,,,,,,,"Boreal Forest Ecosystems","1",,,,,,,,,,
,,,,,,,,,,,,,,"Calibration","1",,,,,,,,,,
,,,,,,,,,,,,,,"Calibration And Validations","1",,,,,,,,,,
,,,,,,,,,,,,,,"Canada Goose","1",,,,,,,,,,
,,,,,,,,,,,,,,"Canadian Shield","1",,,,,,,,,,
,,,,,,,,,,,,,,"Canadian Shields","1",,,,,,,,,,
,,,,,,,,,,,,,,"Carbon Sequestration","1",,,,,,,,,,
,,,,,,,,,,,,,,"Catchment","1",,,,,,,,,,
,,,,,,,,,,,,,,"Catchments","1",,,,,,,,,,
,,,,,,,,,,,,,,"Clear Cut","1",,,,,,,,,,
,,,,,,,,,,,,,,"Clearcutting","1",,,,,,,,,,
,,,,,,,,,,,,,,"Climatology","1",,,,,,,,,,
,,,,,,,,,,,,,,"Cold","1",,,,,,,,,,
,,,,,,,,,,,,,,"Cold Temperature","1",,,,,,,,,,
,,,,,,,,,,,,,,"Cold Tolerance","1",,,,,,,,,,
,,,,,,,,,,,,,,"Controlled Study","1",,,,,,,,,,
,,,,,,,,,,,,,,"Cytology","1",,,,,,,,,,
,,,,,,,,,,,,,,"Deciduous Tree","1",,,,,,,,,,
,,,,,,,,,,,,,,"Denitrification","1",,,,,,,,,,
,,,,,,,,,,,,,,"Derivation","1",,,,,,,,,,
,,,,,,,,,,,,,,"Diameter","1",,,,,,,,,,
,,,,,,,,,,,,,,"Distribution","1",,,,,,,,,,
,,,,,,,,,,,,,,"Dynamics","1",,,,,,,,,,
,,,,,,,,,,,,,,"Electrokinesis","1",,,,,,,,,,
,,,,,,,,,,,,,,"Electrophoresis","1",,,,,,,,,,
,,,,,,,,,,,,,,"Enhanced Nitrate Module","1",,,,,,,,,,
,,,,,,,,,,,,,,"Environmental Impact Assessment","1",,,,,,,,,,
,,,,,,,,,,,,,,"Environmental Stress","1",,,,,,,,,,
,,,,,,,,,,,,,,"Extreme Event","1",,,,,,,,,,
,,,,,,,,,,,,,,"Fire Behavior","1",,,,,,,,,,
,,,,,,,,,,,,,,"Fire Refuges","1",,,,,,,,,,
,,,,,,,,,,,,,,"Fires","1",,,,,,,,,,
,,,,,,,,,,,,,,"Flower","1",,,,,,,,,,
,,,,,,,,,,,,,,"Flowers","1",,,,,,,,,,
,,,,,,,,,,,,,,"Forest","1",,,,,,,,,,
,,,,,,,,,,,,,,"Forest Floor","1",,,,,,,,,,
,,,,,,,,,,,,,,"Forest Management","1",,,,,,,,,,
,,,,,,,,,,,,,,"Forest Soil","1",,,,,,,,,,
,,,,,,,,,,,,,,"Forestry Production","1",,,,,,,,,,
,,,,,,,,,,,,,,"Forests","1",,,,,,,,,,
,,,,,,,,,,,,,,"Freezing-induced Embolism","1",,,,,,,,,,
,,,,,,,,,,,,,,"Frost","1",,,,,,,,,,
,,,,,,,,,,,,,,"Frost Damage","1",,,,,,,,,,
,,,,,,,,,,,,,,"GLUE","1",,,,,,,,,,
,,,,,,,,,,,,,,"Gene Expression","1",,,,,,,,,,
,,,,,,,,,,,,,,"Generalized Likelihood Uncertainty Estimation","1",,,,,,,,,,
,,,,,,,,,,,,,,"Genes","1",,,,,,,,,,
,,,,,,,,,,,,,,"Genetic Analysis","1",,,,,,,,,,
,,,,,,,,,,,,,,"Geochemistry","1",,,,,,,,,,
,,,,,,,,,,,,,,"Glues","1",,,,,,,,,,
,,,,,,,,,,,,,,"Gluing","1",,,,,,,,,,
,,,,,,,,,,,,,,"Growing Season","1",,,,,,,,,,
,,,,,,,,,,,,,,"Growth Rate","1",,,,,,,,,,
,,,,,,,,,,,,,,"Growth, Development And Aging","1",,,,,,,,,,
,,,,,,,,,,,,,,"Harp Lake","1",,,,,,,,,,
,,,,,,,,,,,,,,"Harvest","1",,,,,,,,,,
,,,,,,,,,,,,,,"Harvest Management","1",,,,,,,,,,
,,,,,,,,,,,,,,"Harvesting","1",,,,,,,,,,
,,,,,,,,,,,,,,"Histology","1",,,,,,,,,,
,,,,,,,,,,,,,,"Hybridization","1",,,,,,,,,,
,,,,,,,,,,,,,,"Hybridization, Genetic","1",,,,,,,,,,
,,,,,,,,,,,,,,"Hydraulic Conductivity","1",,,,,,,,,,
,,,,,,,,,,,,,,"Hydrological Modeling","1",,,,,,,,,,
,,,,,,,,,,,,,,"Hydrological Models","1",,,,,,,,,,
,,,,,,,,,,,,,,"Ion","1",,,,,,,,,,
,,,,,,,,,,,,,,"Life History Trait","1",,,,,,,,,,
,,,,,,,,,,,,,,"Maximum Likelihood Estimation","1",,,,,,,,,,
,,,,,,,,,,,,,,"Meteorological Condition","1",,,,,,,,,,
,,,,,,,,,,,,,,"Meteorology","1",,,,,,,,,,
,,,,,,,,,,,,,,"Microbial Community","1",,,,,,,,,,
,,,,,,,,,,,,,,"Microwave Brightness","1",,,,,,,,,,
,,,,,,,,,,,,,,"Microwave Radiometry","1",,,,,,,,,,
,,,,,,,,,,,,,,"Microwaves","1",,,,,,,,,,
,,,,,,,,,,,,,,"Mineral","1",,,,,,,,,,
,,,,,,,,,,,,,,"Nitrate","1",,,,,,,,,,
,,,,,,,,,,,,,,"Nitrate Deposition","1",,,,,,,,,,
,,,,,,,,,,,,,,"Nitrates","1",,,,,,,,,,
,,,,,,,,,,,,,,"Nitrogen Cycle","1",,,,,,,,,,
,,,,,,,,,,,,,,"Nitrogen Deposition","1",,,,,,,,,,
,,,,,,,,,,,,,,"Nitrogen Removal","1",,,,,,,,,,
,,,,,,,,,,,,,,"Nitrogen Uptake","1",,,,,,,,,,
,,,,,,,,,,,,,,"Nitrosomonadales","1",,,,,,,,,,
,,,,,,,,,,,,,,"Non-metric Multidimensional Scaling","1",,,,,,,,,,
,,,,,,,,,,,,,,"Nutrient Availability","1",,,,,,,,,,
,,,,,,,,,,,,,,"Nutrient Cycling","1",,,,,,,,,,
,,,,,,,,,,,,,,"Nutrient Limitation","1",,,,,,,,,,
,,,,,,,,,,,,,,"Ontario [Canada]","1",,,,,,,,,,
,,,,,,,,,,,,,,"Organic Compounds","1",,,,,,,,,,
,,,,,,,,,,,,,,"Organic Matter","1",,,,,,,,,,
,,,,,,,,,,,,,,"Organic Matter Layer","1",,,,,,,,,,
,,,,,,,,,,,,,,"Oxidation","1",,,,,,,,,,
,,,,,,,,,,,,,,"Paludification Process","1",,,,,,,,,,
,,,,,,,,,,,,,,"Passive Microwave Remote Sensing Technology","1",,,,,,,,,,
,,,,,,,,,,,,,,"Physiographic Features","1",,,,,,,,,,
,,,,,,,,,,,,,,"Physiological Stress","1",,,,,,,,,,
,,,,,,,,,,,,,,"Physiology","1",,,,,,,,,,
,,,,,,,,,,,,,,"Plant Leaf","1",,,,,,,,,,
,,,,,,,,,,,,,,"Plant Leaves","1",,,,,,,,,,
,,,,,,,,,,,,,,"Plantation Forestry","1",,,,,,,,,,
,,,,,,,,,,,,,,"Populus","1",,,,,,,,,,
,,,,,,,,,,,,,,"Post-fire","1",,,,,,,,,,
,,,,,,,,,,,,,,"Post-fire Residual Patches","1",,,,,,,,,,
,,,,,,,,,,,,,,"Precipitation","1",,,,,,,,,,
,,,,,,,,,,,,,,"Priority Journal","1",,,,,,,,,,
,,,,,,,,,,,,,,"Radiometers","1",,,,,,,,,,
,,,,,,,,,,,,,,"Refugium","1",,,,,,,,,,
,,,,,,,,,,,,,,"Remote Sensing","1",,,,,,,,,,
,,,,,,,,,,,,,,"Runoff","1",,,,,,,,,,
,,,,,,,,,,,,,,"Scaling","1",,,,,,,,,,
,,,,,,,,,,,,,,"Scanning","1",,,,,,,,,,
,,,,,,,,,,,,,,"Season","1",,,,,,,,,,
,,,,,,,,,,,,,,"Seasonal Variation","1",,,,,,,,,,
,,,,,,,,,,,,,,"Seasons","1",,,,,,,,,,
,,,,,,,,,,,,,,"Senescence","1",,,,,,,,,,
,,,,,,,,,,,,,,"Sensor Data Fusion","1",,,,,,,,,,
,,,,,,,,,,,,,,"Snow","1",,,,,,,,,,
,,,,,,,,,,,,,,"Snow Water Equivalent (SWE)","1",,,,,,,,,,
,,,,,,,,,,,,,,"Snow Water Equivalents (SWE)","1",,,,,,,,,,
,,,,,,,,,,,,,,"Soil","1",,,,,,,,,,
,,,,,,,,,,,,,,"Soil And Water Assessment Tool","1",,,,,,,,,,
,,,,,,,,,,,,,,"Soil And Water Assessment Tools","1",,,,,,,,,,
,,,,,,,,,,,,,,"Soil Horizon","1",,,,,,,,,,
,,,,,,,,,,,,,,"Soil Microorganism","1",,,,,,,,,,
,,,,,,,,,,,,,,"Soil Organic Matter","1",,,,,,,,,,
,,,,,,,,,,,,,,"Soils","1",,,,,,,,,,
,,,,,,,,,,,,,,"Stand Characteristics","1",,,,,,,,,,
,,,,,,,,,,,,,,"Stand Productivities","1",,,,,,,,,,
,,,,,,,,,,,,,,"Stand Structure","1",,,,,,,,,,
,,,,,,,,,,,,,,"Stress, Physiological","1",,,,,,,,,,
,,,,,,,,,,,,,,"Structural Characteristics","1",,,,,,,,,,
,,,,,,,,,,,,,,"Survival","1",,,,,,,,,,
,,,,,,,,,,,,,,"Time","1",,,,,,,,,,
,,,,,,,,,,,,,,"Time Factors","1",,,,,,,,,,
