﻿Scopus refine results values

"Your query : ((TITLE-ABS-KEY((Boreal OR {James Bay} OR James-Bay OR {Clay Belt} OR {canadian shield}) AND (Canada OR Quebec OR Ontario OR newfoundland OR Alberta OR British-Columbia) ) AND PUBYEAR > 1999 AND PUBYEAR < 2020) AND (TITLE-ABS-KEY(weather OR   Season* OR meteo*) AND PUBYEAR > 1999 AND PUBYEAR < 2020) AND (TITLE-ABS-KEY((Mine OR Mining) AND (tailing OR  slam OR  waste OR Residu*)) AND PUBYEAR > 1999 AND PUBYEAR < 2020))"


Number of results : 11

"ACCESS TYPE",,"YEAR",,"AUTHOR NAME",,"SUBJECT AREA",,"DOCUMENT TYPE",,"PUBLICATION STAGE",,"SOURCE TITLE",,"KEYWORD",,"AFFILIATION",,"FUNDING SPONSOR",,"COUNTRY",,"SOURCE TYPE",,"LANGUAGE",
"Open Access","1","2019","1","Carey, S.K.","3","Agricultural and Biological Sciences","3","Article","9","final","11","Ecohydrology","2","Canada","8","Canadian Nuclear Safety Commission","2","Natural Sciences and Engineering Research Council of Canada","2","Canada","10","Journals","9","English","11"
"Other","10","2018","1","Clark, I.D.","2","Earth and Planetary Sciences","6","Conference Paper","2",,,"Hydrological Processes","2","Oil Sands","7","Carleton University","2","Fonds de recherche du QuÃ©bec â Nature et technologies","1","China","1","Trade Publications","1",,
,,"2016","2","Nicholls, E.M.","2","Engineering","1",,,,,"American Society Of Mining And Reclamation 24th National Meetings Of The American Society Of Mining And Reclamation 2007 30 Years Of Smcra And Beyond","1","Alberta","6","McMaster University","2","Shell Canada","1","United States","1","Conference Proceedings","1",,
,,"2013","1","Barbour, S.L.","1","Environmental Science","7",,,,,"Canadian Mining Journal","1","Land Reclamation","5","McMaster University, Faculty of Science","2","Suncor Energy Incorporated","1","Undefined","1",,,,
,,"2011","2","Biagi, K.M.","1",,,,,,,"Earth Interactions","1","Reclamation","5","Duke Engineering and Services","1","Undefined","9",,,,,,
,,"2008","1","Bottomley, D.","1",,,,,,,"Forest Ecology And Management","1","Boreal Forests","4","O'Kane Consultants Inc.","1",,,,,,,,
,,"2007","1","Bottomley, D.J.","1",,,,,,,"Geology","1","Forestry","4","O'Kane Consultants Inc.","1",,,,,,,,
,,"2002","1","Bouchard, H.","1",,,,,,,"Journal Of Hydrology","1","Groundwater","4","Wilfrid Laurier University","1",,,,,,,,
,,"2000","1","Braden, B.","1",,,,,,,"Science Of The Total Environment","1","Oil Sand","4","Le réseau de l'Université du Québec","1",,,,,,,,
,,,,"Brais, S.","1",,,,,,,,,"Athabasca Oil Sands","3","Universite du Quebec en Abitibi-Temiscamingue","1",,,,,,,,
,,,,"Brown, D.M.","1",,,,,,,,,"Evapotranspiration","3","University of Waterloo","1",,,,,,,,
,,,,"Clark, M.G.","1",,,,,,,,,"Mining","3","University of Saskatchewan","1",,,,,,,,
,,,,"Douglas, M.","1",,,,,,,,,"Picea Glauca","3","University of Ottawa, Canada","1",,,,,,,,
,,,,"Drewitt, G.B.","1",,,,,,,,,"Soil Moisture","3","University of Alberta","1",,,,,,,,
,,,,"Elshorbagy, A.","1",,,,,,,,,"Wetlands","3","Ryerson University","1",,,,,,,,
,,,,"Flesch, T.K.","1",,,,,,,,,"Boreal","2","Northwest A&amp;F University","1",,,,,,,,
,,,,"Guittonny, M.","1",,,,,,,,,"Boreal Forest","2","Institute of Soil and Water Conservation Chinese Academy of Sciences","1",,,,,,,,
,,,,"Huang, M.","1",,,,,,,,,"Brine","2",,,,,,,,,,
,,,,"Humphreys, E.R.","1",,,,,,,,,"Brines","2",,,,,,,,,,
,,,,"Kotzer, T.","1",,,,,,,,,"Constructed Wetland","2",,,,,,,,,,
,,,,"O'Kane, M.","1",,,,,,,,,"Constructed Wetlands","2",,,,,,,,,,
,,,,"Oswald, C.J.","1",,,,,,,,,"Fort McMurray","2",,,,,,,,,,
,,,,"Petrone, R.M.","1",,,,,,,,,"Geochemistry","2",,,,,,,,,,
,,,,"Phillip, M.","1",,,,,,,,,"Growing Season","2",,,,,,,,,,
,,,,"Phillips, T.","1",,,,,,,,,"Hordeum Jubatum","2",,,,,,,,,,
,,,,"Price, J.S.","1",,,,,,,,,"Hydrology","2",,,,,,,,,,
,,,,"Raven, K.","1",,,,,,,,,"Infiltration","2",,,,,,,,,,
,,,,"Renaud, R.","1",,,,,,,,,"Landforms","2",,,,,,,,,,
,,,,"Reuter, G.W.","1",,,,,,,,,"Moisture","2",,,,,,,,,,
,,,,"Si, B.C.","1",,,,,,,,,"Peatland","2",,,,,,,,,,
,,,,"Wells, C.M.","1",,,,,,,,,"Populus","2",,,,,,,,,,
,,,,"Zettl, J.D.","1",,,,,,,,,"Radioactive Wastes","2",,,,,,,,,,
,,,,,,,,,,,,,,"Radioisotopes","2",,,,,,,,,,
,,,,,,,,,,,,,,"Reclaimed Land","2",,,,,,,,,,
,,,,,,,,,,,,,,"Transpiration","2",,,,,,,,,,
,,,,,,,,,,,,,,"Vegetation","2",,,,,,,,,,
,,,,,,,,,,,,,,"Water Budget","2",,,,,,,,,,
,,,,,,,,,,,,,,"Abies Balsamea","1",,,,,,,,,,
,,,,,,,,,,,,,,"Aboveground Biomass","1",,,,,,,,,,
,,,,,,,,,,,,,,"Afforestation","1",,,,,,,,,,
,,,,,,,,,,,,,,"Alberta , Canada","1",,,,,,,,,,
,,,,,,,,,,,,,,"Article","1",,,,,,,,,,
,,,,,,,,,,,,,,"Athabasca Oil Sands Region","1",,,,,,,,,,
,,,,,,,,,,,,,,"Automated Data Acquisition","1",,,,,,,,,,
,,,,,,,,,,,,,,"Basalt","1",,,,,,,,,,
,,,,,,,,,,,,,,"Biogeochemical Process","1",,,,,,,,,,
,,,,,,,,,,,,,,"Bitumen","1",,,,,,,,,,
,,,,,,,,,,,,,,"Calamagrostis Stricta Inexpansa","1",,,,,,,,,,
,,,,,,,,,,,,,,"Canadian Shield","1",,,,,,,,,,
,,,,,,,,,,,,,,"Cash Costs","1",,,,,,,,,,
,,,,,,,,,,,,,,"Chemical Transformations","1",,,,,,,,,,
,,,,,,,,,,,,,,"Chemistry","1",,,,,,,,,,
,,,,,,,,,,,,,,"Climate","1",,,,,,,,,,
,,,,,,,,,,,,,,"Competition","1",,,,,,,,,,
,,,,,,,,,,,,,,"Competitive Advantage","1",,,,,,,,,,
,,,,,,,,,,,,,,"Competitive Effects","1",,,,,,,,,,
,,,,,,,,,,,,,,"Computational Methods","1",,,,,,,,,,
,,,,,,,,,,,,,,"Con Mine","1",,,,,,,,,,
,,,,,,,,,,,,,,"Costs","1",,,,,,,,,,
,,,,,,,,,,,,,,"Coverings","1",,,,,,,,,,
,,,,,,,,,,,,,,"Craton","1",,,,,,,,,,
,,,,,,,,,,,,,,"Crude Oil","1",,,,,,,,,,
,,,,,,,,,,,,,,"Data Acquisition System","1",,,,,,,,,,
,,,,,,,,,,,,,,"Deciduous Tree","1",,,,,,,,,,
,,,,,,,,,,,,,,"Deep Groundwater Flow","1",,,,,,,,,,
,,,,,,,,,,,,,,"Derivative Analysis","1",,,,,,,,,,
,,,,,,,,,,,,,,"Difference Equations","1",,,,,,,,,,
,,,,,,,,,,,,,,"Different Densities","1",,,,,,,,,,
,,,,,,,,,,,,,,"Differential Equations","1",,,,,,,,,,
,,,,,,,,,,,,,,"Drought","1",,,,,,,,,,
,,,,,,,,,,,,,,"Drought Stress","1",,,,,,,,,,
,,,,,,,,,,,,,,"Ecohydrology","1",,,,,,,,,,
,,,,,,,,,,,,,,"Ecology","1",,,,,,,,,,
,,,,,,,,,,,,,,"Eddy Covariance","1",,,,,,,,,,
,,,,,,,,,,,,,,"Eddy Covariance Towers","1",,,,,,,,,,
,,,,,,,,,,,,,,"Electric Conductivity","1",,,,,,,,,,
,,,,,,,,,,,,,,"Electrical Conductivity","1",,,,,,,,,,
,,,,,,,,,,,,,,"Emergence","1",,,,,,,,,,
,,,,,,,,,,,,,,"Energy Balance","1",,,,,,,,,,
,,,,,,,,,,,,,,"Environmental Control","1",,,,,,,,,,
,,,,,,,,,,,,,,"Environmental Factor","1",,,,,,,,,,
,,,,,,,,,,,,,,"Environmental Isotopes","1",,,,,,,,,,
,,,,,,,,,,,,,,"Environmental Management","1",,,,,,,,,,
,,,,,,,,,,,,,,"Environmental Parameter","1",,,,,,,,,,
,,,,,,,,,,,,,,"Environmental Planning","1",,,,,,,,,,
,,,,,,,,,,,,,,"Environmental Reclamation","1",,,,,,,,,,
,,,,,,,,,,,,,,"Evaporation","1",,,,,,,,,,
,,,,,,,,,,,,,,"Evergreen Forest","1",,,,,,,,,,
,,,,,,,,,,,,,,"Fen","1",,,,,,,,,,
,,,,,,,,,,,,,,"Field Trial","1",,,,,,,,,,
,,,,,,,,,,,,,,"Floods","1",,,,,,,,,,
,,,,,,,,,,,,,,"Fluxes","1",,,,,,,,,,
,,,,,,,,,,,,,,"Forest Cover","1",,,,,,,,,,
,,,,,,,,,,,,,,"Forest Succession","1",,,,,,,,,,
,,,,,,,,,,,,,,"Geographic Distribution","1",,,,,,,,,,
,,,,,,,,,,,,,,"Geologic Models","1",,,,,,,,,,
,,,,,,,,,,,,,,"Gold","1",,,,,,,,,,
,,,,,,,,,,,,,,"Ground Heat Flux","1",,,,,,,,,,
,,,,,,,,,,,,,,"Groundwater Flow","1",,,,,,,,,,
,,,,,,,,,,,,,,"Groundwater Geochemistry","1",,,,,,,,,,
,,,,,,,,,,,,,,"Groundwater Mixing Dynamics","1",,,,,,,,,,
,,,,,,,,,,,,,,"Growing Seasons","1",,,,,,,,,,
,,,,,,,,,,,,,,"Growth Response","1",,,,,,,,,,
,,,,,,,,,,,,,,"Guideline","1",,,,,,,,,,
,,,,,,,,,,,,,,"Heat Flux","1",,,,,,,,,,
,,,,,,,,,,,,,,"Heat Island","1",,,,,,,,,,
,,,,,,,,,,,,,,"Heating Equipment","1",,,,,,,,,,
,,,,,,,,,,,,,,"Herb","1",,,,,,,,,,
,,,,,,,,,,,,,,"Hordeum","1",,,,,,,,,,
,,,,,,,,,,,,,,"Hydrochemistry","1",,,,,,,,,,
,,,,,,,,,,,,,,"Hydrogeochemistry","1",,,,,,,,,,
,,,,,,,,,,,,,,"Hydrological Regime","1",,,,,,,,,,
,,,,,,,,,,,,,,"Hydroseeded Cover","1",,,,,,,,,,
,,,,,,,,,,,,,,"In-situ","1",,,,,,,,,,
,,,,,,,,,,,,,,"Interfacial Energy","1",,,,,,,,,,
,,,,,,,,,,,,,,"Iodine","1",,,,,,,,,,
,,,,,,,,,,,,,,"Iodine-129","1",,,,,,,,,,
,,,,,,,,,,,,,,"Juncus Balticus","1",,,,,,,,,,
,,,,,,,,,,,,,,"Labor Requirements","1",,,,,,,,,,
,,,,,,,,,,,,,,"Land Capability","1",,,,,,,,,,
,,,,,,,,,,,,,,"Land Cover","1",,,,,,,,,,
,,,,,,,,,,,,,,"Landscape","1",,,,,,,,,,
,,,,,,,,,,,,,,"Late-successional Species","1",,,,,,,,,,
,,,,,,,,,,,,,,"Latent Heat","1",,,,,,,,,,
,,,,,,,,,,,,,,"Latent Heat Flux Density","1",,,,,,,,,,
,,,,,,,,,,,,,,"Leaching","1",,,,,,,,,,
,,,,,,,,,,,,,,"Leaf Area Index","1",,,,,,,,,,
,,,,,,,,,,,,,,"Light Transmission","1",,,,,,,,,,
,,,,,,,,,,,,,,"Lightning","1",,,,,,,,,,
,,,,,,,,,,,,,,"Management Practices","1",,,,,,,,,,
,,,,,,,,,,,,,,"Manual Intervention","1",,,,,,,,,,
,,,,,,,,,,,,,,"Marine","1",,,,,,,,,,
,,,,,,,,,,,,,,"Mathematical Models","1",,,,,,,,,,
,,,,,,,,,,,,,,"Melilotus","1",,,,,,,,,,
,,,,,,,,,,,,,,"Melilotus Officinalis","1",,,,,,,,,,
,,,,,,,,,,,,,,"Mesozoic","1",,,,,,,,,,
,,,,,,,,,,,,,,"Meteorological Instruments","1",,,,,,,,,,
,,,,,,,,,,,,,,"Meteorological Phenomena","1",,,,,,,,,,
,,,,,,,,,,,,,,"Microenvironments","1",,,,,,,,,,
,,,,,,,,,,,,,,"Mine Closure","1",,,,,,,,,,
,,,,,,,,,,,,,,"Mine Closures","1",,,,,,,,,,
,,,,,,,,,,,,,,"Mine Operators","1",,,,,,,,,,
,,,,,,,,,,,,,,"Mine Revegetation","1",,,,,,,,,,
,,,,,,,,,,,,,,"Mine Site","1",,,,,,,,,,
,,,,,,,,,,,,,,"Mine Waste","1",,,,,,,,,,
,,,,,,,,,,,,,,"Mines","1",,,,,,,,,,
,,,,,,,,,,,,,,"Mining Areas","1",,,,,,,,,,
,,,,,,,,,,,,,,"Mixing","1",,,,,,,,,,
,,,,,,,,,,,,,,"Models","1",,,,,,,,,,
,,,,,,,,,,,,,,"Moisture Determination","1",,,,,,,,,,
,,,,,,,,,,,,,,"Monitoring","1",,,,,,,,,,
,,,,,,,,,,,,,,"Monitoring Cost","1",,,,,,,,,,
,,,,,,,,,,,,,,"Monitoring Costs","1",,,,,,,,,,
,,,,,,,,,,,,,,"Monitoring Network","1",,,,,,,,,,
,,,,,,,,,,,,,,"Monitoring System","1",,,,,,,,,,
,,,,,,,,,,,,,,"Natural Hydrologic Regimes","1",,,,,,,,,,
,,,,,,,,,,,,,,"Net Primary Production","1",,,,,,,,,,
,,,,,,,,,,,,,,"Net Radiation","1",,,,,,,,,,
,,,,,,,,,,,,,,"North America","1",,,,,,,,,,
,,,,,,,,,,,,,,"Northwest Territories","1",,,,,,,,,,
