﻿Scopus refine results values

"Your query : ((TITLE-ABS-KEY((Boreal OR {James Bay} OR James-Bay OR {Clay Belt} OR {canadian shield}) AND (Canada OR Quebec OR Ontario OR newfoundland OR Alberta OR British-Columbia) ) AND PUBYEAR > 1999 AND PUBYEAR < 2020) AND (TITLE-ABS-KEY(Road AND (construction OR Closure)  ) AND PUBYEAR > 1999 AND PUBYEAR < 2020) AND (TITLE-ABS-KEY(Predat* ) AND PUBYEAR > 1999 AND PUBYEAR < 2020))"


Number of results : 4

"ACCESS TYPE",,"YEAR",,"AUTHOR NAME",,"SUBJECT AREA",,"DOCUMENT TYPE",,"PUBLICATION STAGE",,"SOURCE TITLE",,"KEYWORD",,"AFFILIATION",,"FUNDING SPONSOR",,"COUNTRY",,"SOURCE TYPE",,"LANGUAGE",
"Open Access","1","2018","1","Avgar, T.","1","Agricultural and Biological Sciences","2","Article","3","final","4","Behavioral Ecology","1","Boreal Forest","3","University of Alberta","2","Natural Sciences and Engineering Research Council of Canada","2","Canada","4","Journals","3","English","4"
"Other","3","2014","1","Bayne, E.M.","1","Engineering","1","Conference Paper","1",,,"Ecoscience","1","Canada","3","Université du Québec à Rimouski","1","Alberta Conservation Association","1","Netherlands","1","Conference Proceedings","1",,
,,"2010","1","Bentham, P.","1","Environmental Science","2",,,,,"Landscape Ecology","1","Alberta","2","Lethbridge Research Centre","1","Alberta Environment and Parks","1",,,,,,
,,"2007","1","Boyce, M.S.","1","Materials Science","1",,,,,"Proceedings Of The Biennial International Pipeline Conference IPC","1","Habitat Selection","2","Agriculture et Agroalimentaire Canada","1","Environment Canada","1",,,,,,
,,,,"Cameron, E.K.","1","Social Sciences","1",,,,,,,"Roads","2","Van Hall-Larenstein University of Applied Sciences","1","MinistÃ¨re des Ressources Naturelles et de la Faune","1",,,,,,
,,,,"Clapperton, M.J.","1",,,,,,,,,"Access Control","1","Université Laval","1","TD Friends of the Environment Foundation","1",,,,,,
,,,,"Coupal, B.","1",,,,,,,,,"Animalia","1","Ministère de l‘Energie et des Ressources naturelles du Québec","1","W. Garfield Weston Foundation","1",,,,,,
,,,,"Courtois, R.","1",,,,,,,,,"Anthropogenic Effect","1","Golder Associates Ltd.","1","Wildlife Conservation Society","1",,,,,,
,,,,"Dussault, C.","1",,,,,,,,,"Behavioral Response","1",,,"Undefined","2",,,,,,
,,,,"Fortin, D.","1",,,,,,,,,"Biological Invasion","1",,,,,,,,,,
,,,,"Heeres, R.","1",,,,,,,,,"Boreal Forest, Gulo Gulo, Habitat Selection, Movement, Oil Extraction, Roads, Step Selection, Traffic Volume, Wolverine","1",,,,,,,,,,
,,,,"Houle, M.","1",,,,,,,,,"Canid","1",,,,,,,,,,
,,,,"Ouellet, J.P.","1",,,,,,,,,"Canidae","1",,,,,,,,,,
,,,,"Scrafford, M.A.","1",,,,,,,,,"Canis Familiaris","1",,,,,,,,,,
,,,,,,,,,,,,,,"Canis Lupus","1",,,,,,,,,,
,,,,,,,,,,,,,,"Conservation Planning","1",,,,,,,,,,
,,,,,,,,,,,,,,"Construction Technique","1",,,,,,,,,,
,,,,,,,,,,,,,,"Coordinated Actions","1",,,,,,,,,,
,,,,,,,,,,,,,,"Cumulative Effects","1",,,,,,,,,,
,,,,,,,,,,,,,,"Cutblocks","1",,,,,,,,,,
,,,,,,,,,,,,,,"Dispersal","1",,,,,,,,,,
,,,,,,,,,,,,,,"Earthworm","1",,,,,,,,,,
,,,,,,,,,,,,,,"Ecosystems","1",,,,,,,,,,
,,,,,,,,,,,,,,"Forestry","1",,,,,,,,,,
,,,,,,,,,,,,,,"Fragmented Landscapes","1",,,,,,,,,,
,,,,,,,,,,,,,,"GPS","1",,,,,,,,,,
,,,,,,,,,,,,,,"Gulo Gulo","1",,,,,,,,,,
,,,,,,,,,,,,,,"Gulo Gulo Luscus","1",,,,,,,,,,
,,,,,,,,,,,,,,"Habitat Quality","1",,,,,,,,,,
,,,,,,,,,,,,,,"Habitat Restoration","1",,,,,,,,,,
,,,,,,,,,,,,,,"Habitat Use","1",,,,,,,,,,
,,,,,,,,,,,,,,"Home Range","1",,,,,,,,,,
,,,,,,,,,,,,,,"Introduction Mechanisms","1",,,,,,,,,,
,,,,,,,,,,,,,,"Invasive Earthworms","1",,,,,,,,,,
,,,,,,,,,,,,,,"Invasive Species","1",,,,,,,,,,
,,,,,,,,,,,,,,"Land Use","1",,,,,,,,,,
,,,,,,,,,,,,,,"Landscape Fragmentation","1",,,,,,,,,,
,,,,,,,,,,,,,,"Logging (timber)","1",,,,,,,,,,
,,,,,,,,,,,,,,"Mixed Effects Logistic Regression","1",,,,,,,,,,
,,,,,,,,,,,,,,"Movement","1",,,,,,,,,,
,,,,,,,,,,,,,,"Mustelid","1",,,,,,,,,,
,,,,,,,,,,,,,,"North America","1",,,,,,,,,,
,,,,,,,,,,,,,,"Oil Production","1",,,,,,,,,,
,,,,,,,,,,,,,,"Pipelines","1",,,,,,,,,,
,,,,,,,,,,,,,,"Plants (botany)","1",,,,,,,,,,
,,,,,,,,,,,,,,"Predator-prey Dynamics","1",,,,,,,,,,
,,,,,,,,,,,,,,"Predator-prey Interaction","1",,,,,,,,,,
,,,,,,,,,,,,,,"Predators","1",,,,,,,,,,
,,,,,,,,,,,,,,"Quebec [Canada]","1",,,,,,,,,,
,,,,,,,,,,,,,,"Radiotelemetry","1",,,,,,,,,,
,,,,,,,,,,,,,,"Recovery","1",,,,,,,,,,
,,,,,,,,,,,,,,"Recovery Strategies","1",,,,,,,,,,
,,,,,,,,,,,,,,"Regression Analysis","1",,,,,,,,,,
,,,,,,,,,,,,,,"Reintroduction","1",,,,,,,,,,
,,,,,,,,,,,,,,"Resource Selection","1",,,,,,,,,,
,,,,,,,,,,,,,,"Resource Selection Functions","1",,,,,,,,,,
,,,,,,,,,,,,,,"Restoration","1",,,,,,,,,,
,,,,,,,,,,,,,,"Restoration Ecology","1",,,,,,,,,,
,,,,,,,,,,,,,,"Restoration Techniques","1",,,,,,,,,,
,,,,,,,,,,,,,,"Revegetation","1",,,,,,,,,,
,,,,,,,,,,,,,,"Road","1",,,,,,,,,,
,,,,,,,,,,,,,,"Road Construction","1",,,,,,,,,,
,,,,,,,,,,,,,,"Road Traffic","1",,,,,,,,,,
,,,,,,,,,,,,,,"Soil Conservation","1",,,,,,,,,,
,,,,,,,,,,,,,,"Space Use","1",,,,,,,,,,
,,,,,,,,,,,,,,"Vertebrata","1",,,,,,,,,,
,,,,,,,,,,,,,,"Wildlife Management","1",,,,,,,,,,
,,,,,,,,,,,,,,"Wolves","1",,,,,,,,,,
,,,,,,,,,,,,,,,,,,,,,,,,,
,,,,,,,,,,,,,,,,,,,,,,,,,
,,,,,,,,,,,,,,,,,,,,,,,,,
,,,,,,,,,,,,,,,,,,,,,,,,,
,,,,,,,,,,,,,,,,,,,,,,,,,
,,,,,,,,,,,,,,,,,,,,,,,,,
,,,,,,,,,,,,,,,,,,,,,,,,,
,,,,,,,,,,,,,,,,,,,,,,,,,
,,,,,,,,,,,,,,,,,,,,,,,,,
,,,,,,,,,,,,,,,,,,,,,,,,,
,,,,,,,,,,,,,,,,,,,,,,,,,
,,,,,,,,,,,,,,,,,,,,,,,,,
,,,,,,,,,,,,,,,,,,,,,,,,,
,,,,,,,,,,,,,,,,,,,,,,,,,
,,,,,,,,,,,,,,,,,,,,,,,,,
,,,,,,,,,,,,,,,,,,,,,,,,,
,,,,,,,,,,,,,,,,,,,,,,,,,
,,,,,,,,,,,,,,,,,,,,,,,,,
,,,,,,,,,,,,,,,,,,,,,,,,,
,,,,,,,,,,,,,,,,,,,,,,,,,
,,,,,,,,,,,,,,,,,,,,,,,,,
,,,,,,,,,,,,,,,,,,,,,,,,,
,,,,,,,,,,,,,,,,,,,,,,,,,
,,,,,,,,,,,,,,,,,,,,,,,,,
,,,,,,,,,,,,,,,,,,,,,,,,,
,,,,,,,,,,,,,,,,,,,,,,,,,
,,,,,,,,,,,,,,,,,,,,,,,,,
,,,,,,,,,,,,,,,,,,,,,,,,,
,,,,,,,,,,,,,,,,,,,,,,,,,
,,,,,,,,,,,,,,,,,,,,,,,,,
,,,,,,,,,,,,,,,,,,,,,,,,,
,,,,,,,,,,,,,,,,,,,,,,,,,
,,,,,,,,,,,,,,,,,,,,,,,,,
,,,,,,,,,,,,,,,,,,,,,,,,,
,,,,,,,,,,,,,,,,,,,,,,,,,
,,,,,,,,,,,,,,,,,,,,,,,,,
,,,,,,,,,,,,,,,,,,,,,,,,,
,,,,,,,,,,,,,,,,,,,,,,,,,
,,,,,,,,,,,,,,,,,,,,,,,,,
,,,,,,,,,,,,,,,,,,,,,,,,,
,,,,,,,,,,,,,,,,,,,,,,,,,
,,,,,,,,,,,,,,,,,,,,,,,,,
,,,,,,,,,,,,,,,,,,,,,,,,,
,,,,,,,,,,,,,,,,,,,,,,,,,
,,,,,,,,,,,,,,,,,,,,,,,,,
,,,,,,,,,,,,,,,,,,,,,,,,,
,,,,,,,,,,,,,,,,,,,,,,,,,
,,,,,,,,,,,,,,,,,,,,,,,,,
,,,,,,,,,,,,,,,,,,,,,,,,,
,,,,,,,,,,,,,,,,,,,,,,,,,
,,,,,,,,,,,,,,,,,,,,,,,,,
,,,,,,,,,,,,,,,,,,,,,,,,,
,,,,,,,,,,,,,,,,,,,,,,,,,
,,,,,,,,,,,,,,,,,,,,,,,,,
,,,,,,,,,,,,,,,,,,,,,,,,,
,,,,,,,,,,,,,,,,,,,,,,,,,
,,,,,,,,,,,,,,,,,,,,,,,,,
,,,,,,,,,,,,,,,,,,,,,,,,,
,,,,,,,,,,,,,,,,,,,,,,,,,
,,,,,,,,,,,,,,,,,,,,,,,,,
,,,,,,,,,,,,,,,,,,,,,,,,,
,,,,,,,,,,,,,,,,,,,,,,,,,
,,,,,,,,,,,,,,,,,,,,,,,,,
,,,,,,,,,,,,,,,,,,,,,,,,,
,,,,,,,,,,,,,,,,,,,,,,,,,
,,,,,,,,,,,,,,,,,,,,,,,,,
,,,,,,,,,,,,,,,,,,,,,,,,,
,,,,,,,,,,,,,,,,,,,,,,,,,
,,,,,,,,,,,,,,,,,,,,,,,,,
,,,,,,,,,,,,,,,,,,,,,,,,,
,,,,,,,,,,,,,,,,,,,,,,,,,
,,,,,,,,,,,,,,,,,,,,,,,,,
,,,,,,,,,,,,,,,,,,,,,,,,,
,,,,,,,,,,,,,,,,,,,,,,,,,
,,,,,,,,,,,,,,,,,,,,,,,,,
,,,,,,,,,,,,,,,,,,,,,,,,,
,,,,,,,,,,,,,,,,,,,,,,,,,
,,,,,,,,,,,,,,,,,,,,,,,,,
,,,,,,,,,,,,,,,,,,,,,,,,,
,,,,,,,,,,,,,,,,,,,,,,,,,
,,,,,,,,,,,,,,,,,,,,,,,,,
,,,,,,,,,,,,,,,,,,,,,,,,,
,,,,,,,,,,,,,,,,,,,,,,,,,
,,,,,,,,,,,,,,,,,,,,,,,,,
,,,,,,,,,,,,,,,,,,,,,,,,,
,,,,,,,,,,,,,,,,,,,,,,,,,
,,,,,,,,,,,,,,,,,,,,,,,,,
,,,,,,,,,,,,,,,,,,,,,,,,,
,,,,,,,,,,,,,,,,,,,,,,,,,
,,,,,,,,,,,,,,,,,,,,,,,,,
,,,,,,,,,,,,,,,,,,,,,,,,,
,,,,,,,,,,,,,,,,,,,,,,,,,
