﻿Scopus refine results values

"Your query : ((TITLE-ABS-KEY((Boreal OR {James Bay} OR James-Bay OR {Clay Belt} OR {canadian shield}) AND (Canada OR Quebec OR Ontario OR newfoundland OR Alberta OR British-Columbia) ) AND PUBYEAR > 1999 AND PUBYEAR < 2020) AND (TITLE-ABS-KEY(weather OR   Season* OR meteo*) AND PUBYEAR > 1999 AND PUBYEAR < 2020) AND (TITLE-ABS-KEY(naturalness OR  wilderness OR Primeval OR Preindustrial OR Pre-industrial  OR {intact forest}) AND PUBYEAR > 1999 AND PUBYEAR < 2020))"


Number of results : 6

"ACCESS TYPE",,"YEAR",,"AUTHOR NAME",,"SUBJECT AREA",,"DOCUMENT TYPE",,"PUBLICATION STAGE",,"SOURCE TITLE",,"KEYWORD",,"AFFILIATION",,"FUNDING SPONSOR",,"COUNTRY",,"SOURCE TYPE",,"LANGUAGE",
"Open Access","1","2019","1","Bélanger, L.","2","Agricultural and Biological Sciences","5","Article","6","final","6","Forest Ecology And Management","3","Boreal Forest","4","Université Laval","3","Canadian Forest Service","1","Canada","4","Journals","6","English","6"
"Other","5","2017","1","Ali, A.A.","1","Earth and Planetary Sciences","1",,,,,"Bulletin Of The American Meteorological Society","1","Canada","4","Canadian Forest Service","2","Centre National de la Recherche Scientifique","1","United States","3",,,,
,,"2013","2","Barrette, M.","1","Environmental Science","4",,,,,"Ecosphere","1","Ecology","3","Natural Resources Canada","2","Fonds QuÃ©bÃ©cois de la Recherche sur la Nature et les Technologies","1","France","1",,,,
,,"2008","1","Bergeron, Y.","1",,,,,,,"New Forests","1","Forest Management","3","Ministère de l‘Energie et des Ressources naturelles du Québec","2","Fonds Québécois de la Recherche sur la Nature et les Technologies","1",,,,,,
,,"2006","1","Carcaillet, C.","1",,,,,,,,,"Abies Balsamea","2","Universite du Quebec en Abitibi-Temiscamingue","1","Fonds de recherche du QuÃ©bec â Nature et technologies","1",,,,,,
,,,,"Chalifour, D.","1",,,,,,,,,"Biodiversity","2","USDA Forest Service","1","Institute of Infection and Immunity","1",,,,,,
,,,,"De Grandpré, L.","1",,,,,,,,,"Climate Change","2","Oregon State University","1","Luonnontieteiden ja Tekniikan Tutkimuksen Toimikunta","1",,,,,,
,,,,"Feick, R.","1",,,,,,,,,"Climate Conditions","2","University of Waterloo","1","Natural Sciences and Engineering Research Council of Canada","1",,,,,,
,,,,"Gauthier, S.","1",,,,,,,,,"Computer Simulation","2","NOAA National Environmental Satellite, Data and Information Service","1","Oregon State University","1",,,,,,
,,,,"Girardin, M.P.","1",,,,,,,,,"Deforestation","2","Université du Québec à Montréal","1","Simon Fraser University","1",,,,,,
,,,,"Grant, A.","1",,,,,,,,,"Ecosystems","2","École Pratique des Hautes Etudes","1","Undefined","3",,,,,,
,,,,"Hély, C.","1",,,,,,,,,"Fires","2","Université de Montpellier","1",,,,,,,,
,,,,"Krawchuk, M.A.","1",,,,,,,,,"Forest Fires","2",,,,,,,,,,
,,,,"Le Goff, H.","1",,,,,,,,,"Picea Glauca","2",,,,,,,,,,
,,,,"Royo, A.A.","1",,,,,,,,,"Quebec [Canada]","2",,,,,,,,,,
,,,,"Shein, K.A.","1",,,,,,,,,"Reforestation","2",,,,,,,,,,
,,,,"Suffling, R.","1",,,,,,,,,"Seasonal Variation","2",,,,,,,,,,
,,,,"Talucci, A.C.","1",,,,,,,,,"White Spruce","2",,,,,,,,,,
,,,,"Terrier, A.","1",,,,,,,,,"Wildfire","2",,,,,,,,,,
,,,,"Thiffault, N.","1",,,,,,,,,"Abies","1",,,,,,,,,,
,,,,,,,,,,,,,,"Abundance","1",,,,,,,,,,
,,,,,,,,,,,,,,"Alternative Successional Pathways","1",,,,,,,,,,
,,,,,,,,,,,,,,"Anticosti Island","1",,,,,,,,,,
,,,,,,,,,,,,,,"Atmospheric Temperature","1",,,,,,,,,,
,,,,,,,,,,,,,,"Balsam Fir","1",,,,,,,,,,
,,,,,,,,,,,,,,"Boreal Mixedwoods","1",,,,,,,,,,
,,,,,,,,,,,,,,"Canopy Gap","1",,,,,,,,,,
,,,,,,,,,,,,,,"Canopy Openness","1",,,,,,,,,,
,,,,,,,,,,,,,,"Carbon Dioxide","1",,,,,,,,,,
,,,,,,,,,,,,,,"Cervidae","1",,,,,,,,,,
,,,,,,,,,,,,,,"Charcoal","1",,,,,,,,,,
,,,,,,,,,,,,,,"Climate Models","1",,,,,,,,,,
,,,,,,,,,,,,,,"Climatic Anomalies","1",,,,,,,,,,
,,,,,,,,,,,,,,"Climatic Change","1",,,,,,,,,,
,,,,,,,,,,,,,,"Climatic Changes","1",,,,,,,,,,
,,,,,,,,,,,,,,"Climatology","1",,,,,,,,,,
,,,,,,,,,,,,,,"Computer System Firewalls","1",,,,,,,,,,
,,,,,,,,,,,,,,"Coniferous Tree","1",,,,,,,,,,
,,,,,,,,,,,,,,"Cost-benefit Analysis","1",,,,,,,,,,
,,,,,,,,,,,,,,"Crowns","1",,,,,,,,,,
,,,,,,,,,,,,,,"Data Set","1",,,,,,,,,,
,,,,,,,,,,,,,,"Decision Making","1",,,,,,,,,,
,,,,,,,,,,,,,,"Deep Char","1",,,,,,,,,,
,,,,,,,,,,,,,,"Deer","1",,,,,,,,,,
,,,,,,,,,,,,,,"Dendroctonous Ponderosae","1",,,,,,,,,,
,,,,,,,,,,,,,,"Design","1",,,,,,,,,,
,,,,,,,,,,,,,,"Disasters","1",,,,,,,,,,
,,,,,,,,,,,,,,"Drought","1",,,,,,,,,,
,,,,,,,,,,,,,,"Dynamics","1",,,,,,,,,,
,,,,,,,,,,,,,,"Ecological Modeling","1",,,,,,,,,,
,,,,,,,,,,,,,,"Economic Impact","1",,,,,,,,,,
,,,,,,,,,,,,,,"Ecosystem Management","1",,,,,,,,,,
,,,,,,,,,,,,,,"Ecosystem-based Management","1",,,,,,,,,,
,,,,,,,,,,,,,,"Environmental Protection","1",,,,,,,,,,
,,,,,,,,,,,,,,"Evergreen Tree","1",,,,,,,,,,
,,,,,,,,,,,,,,"Failure","1",,,,,,,,,,
,,,,,,,,,,,,,,"Fire Behavior","1",,,,,,,,,,
,,,,,,,,,,,,,,"Fire Hazards","1",,,,,,,,,,
,,,,,,,,,,,,,,"Fire Management","1",,,,,,,,,,
,,,,,,,,,,,,,,"Firebreak","1",,,,,,,,,,
,,,,,,,,,,,,,,"Forest Canopy","1",,,,,,,,,,
,,,,,,,,,,,,,,"Forest Cover","1",,,,,,,,,,
,,,,,,,,,,,,,,"Forest Dynamics","1",,,,,,,,,,
,,,,,,,,,,,,,,"Forest Fire","1",,,,,,,,,,
,,,,,,,,,,,,,,"Forest Fire Model","1",,,,,,,,,,
,,,,,,,,,,,,,,"Forestry","1",,,,,,,,,,
,,,,,,,,,,,,,,"Gap Dynamics","1",,,,,,,,,,
,,,,,,,,,,,,,,"Growing Season","1",,,,,,,,,,
,,,,,,,,,,,,,,"Growth Rate","1",,,,,,,,,,
,,,,,,,,,,,,,,"Harvesting","1",,,,,,,,,,
,,,,,,,,,,,,,,"Hexapoda","1",,,,,,,,,,
,,,,,,,,,,,,,,"Holocene","1",,,,,,,,,,
,,,,,,,,,,,,,,"Holocenes","1",,,,,,,,,,
,,,,,,,,,,,,,,"Humus","1",,,,,,,,,,
,,,,,,,,,,,,,,"Hurricanes","1",,,,,,,,,,
,,,,,,,,,,,,,,"Ignition","1",,,,,,,,,,
,,,,,,,,,,,,,,"Legacy Structure","1",,,,,,,,,,
,,,,,,,,,,,,,,"Light Availability","1",,,,,,,,,,
,,,,,,,,,,,,,,"Managers","1",,,,,,,,,,
,,,,,,,,,,,,,,"Meteorology","1",,,,,,,,,,
,,,,,,,,,,,,,,"Methane","1",,,,,,,,,,
,,,,,,,,,,,,,,"Microsite","1",,,,,,,,,,
,,,,,,,,,,,,,,"Minerals","1",,,,,,,,,,
,,,,,,,,,,,,,,"Mixed Forest","1",,,,,,,,,,
,,,,,,,,,,,,,,"Mortality","1",,,,,,,,,,
,,,,,,,,,,,,,,"Mountain Pine Beetle","1",,,,,,,,,,
,,,,,,,,,,,,,,"North America","1",,,,,,,,,,
,,,,,,,,,,,,,,"Novel Ecosystems","1",,,,,,,,,,
,,,,,,,,,,,,,,"Ocean Surface Temperature","1",,,,,,,,,,
,,,,,,,,,,,,,,"Old-growth Forest","1",,,,,,,,,,
,,,,,,,,,,,,,,"Ontario","1",,,,,,,,,,
,,,,,,,,,,,,,,"Ontario [Canada]","1",,,,,,,,,,
,,,,,,,,,,,,,,"Paleoecology","1",,,,,,,,,,
,,,,,,,,,,,,,,"Park","1",,,,,,,,,,
,,,,,,,,,,,,,,"Parks","1",,,,,,,,,,
,,,,,,,,,,,,,,"Pinus Contorta Var. Latifolia","1",,,,,,,,,,
,,,,,,,,,,,,,,"Plantation Forestry","1",,,,,,,,,,
,,,,,,,,,,,,,,"Plants","1",,,,,,,,,,
,,,,,,,,,,,,,,"Policy Making","1",,,,,,,,,,
,,,,,,,,,,,,,,"Population Statistics","1",,,,,,,,,,
,,,,,,,,,,,,,,"Precipitation (meteorology)","1",,,,,,,,,,
,,,,,,,,,,,,,,"Prescribed Burn","1",,,,,,,,,,
,,,,,,,,,,,,,,"Prescribed Burning","1",,,,,,,,,,
,,,,,,,,,,,,,,"Problem Solving","1",,,,,,,,,,
,,,,,,,,,,,,,,"Prometheus","1",,,,,,,,,,
,,,,,,,,,,,,,,"Protected Area","1",,,,,,,,,,
,,,,,,,,,,,,,,"Quetico Provincial Park","1",,,,,,,,,,
,,,,,,,,,,,,,,"Regeneration","1",,,,,,,,,,
,,,,,,,,,,,,,,"Regeneration Process","1",,,,,,,,,,
,,,,,,,,,,,,,,"Risk Assessment","1",,,,,,,,,,
,,,,,,,,,,,,,,"Risk Factor","1",,,,,,,,,,
,,,,,,,,,,,,,,"Sea Ice","1",,,,,,,,,,
,,,,,,,,,,,,,,"Sedimentary Charcoal","1",,,,,,,,,,
,,,,,,,,,,,,,,"Seedling","1",,,,,,,,,,
,,,,,,,,,,,,,,"Short-interval Disturbances","1",,,,,,,,,,
,,,,,,,,,,,,,,"Silviculture","1",,,,,,,,,,
,,,,,,,,,,,,,,"Simulation","1",,,,,,,,,,
,,,,,,,,,,,,,,"Site Preparation","1",,,,,,,,,,
,,,,,,,,,,,,,,"Snags","1",,,,,,,,,,
,,,,,,,,,,,,,,"Soils","1",,,,,,,,,,
,,,,,,,,,,,,,,"Sub-boreal","1",,,,,,,,,,
,,,,,,,,,,,,,,"Survival","1",,,,,,,,,,
,,,,,,,,,,,,,,"Sustainable Development","1",,,,,,,,,,
,,,,,,,,,,,,,,"Tree Ring","1",,,,,,,,,,
,,,,,,,,,,,,,,"Tree Rings","1",,,,,,,,,,
,,,,,,,,,,,,,,"Tropics","1",,,,,,,,,,
,,,,,,,,,,,,,,"Troposphere","1",,,,,,,,,,
,,,,,,,,,,,,,,"Understory","1",,,,,,,,,,
,,,,,,,,,,,,,,"Upper Atmosphere","1",,,,,,,,,,
,,,,,,,,,,,,,,"Vegetation","1",,,,,,,,,,
,,,,,,,,,,,,,,"Wilderness Area","1",,,,,,,,,,
,,,,,,,,,,,,,,,,,,,,,,,,,
,,,,,,,,,,,,,,,,,,,,,,,,,
,,,,,,,,,,,,,,,,,,,,,,,,,
,,,,,,,,,,,,,,,,,,,,,,,,,
,,,,,,,,,,,,,,,,,,,,,,,,,
,,,,,,,,,,,,,,,,,,,,,,,,,
,,,,,,,,,,,,,,,,,,,,,,,,,
,,,,,,,,,,,,,,,,,,,,,,,,,
,,,,,,,,,,,,,,,,,,,,,,,,,
,,,,,,,,,,,,,,,,,,,,,,,,,
,,,,,,,,,,,,,,,,,,,,,,,,,
,,,,,,,,,,,,,,,,,,,,,,,,,
,,,,,,,,,,,,,,,,,,,,,,,,,
,,,,,,,,,,,,,,,,,,,,,,,,,
,,,,,,,,,,,,,,,,,,,,,,,,,
,,,,,,,,,,,,,,,,,,,,,,,,,
,,,,,,,,,,,,,,,,,,,,,,,,,
,,,,,,,,,,,,,,,,,,,,,,,,,
,,,,,,,,,,,,,,,,,,,,,,,,,
,,,,,,,,,,,,,,,,,,,,,,,,,
,,,,,,,,,,,,,,,,,,,,,,,,,
,,,,,,,,,,,,,,,,,,,,,,,,,
,,,,,,,,,,,,,,,,,,,,,,,,,
,,,,,,,,,,,,,,,,,,,,,,,,,
,,,,,,,,,,,,,,,,,,,,,,,,,
,,,,,,,,,,,,,,,,,,,,,,,,,
,,,,,,,,,,,,,,,,,,,,,,,,,
,,,,,,,,,,,,,,,,,,,,,,,,,
,,,,,,,,,,,,,,,,,,,,,,,,,
