﻿Scopus refine results values

"Your query : ((TITLE-ABS-KEY((Boreal OR {James Bay} OR James-Bay OR {Clay Belt} OR {canadian shield}) AND (Canada OR Quebec OR Ontario OR newfoundland OR Alberta OR British-Columbia) ) AND PUBYEAR > 1999 AND PUBYEAR < 2020) AND (TITLE-ABS-KEY(Silvicultur* OR Intensive OR {Site preparation}   OR Plantation OR   {Tree planting}) AND PUBYEAR > 1999 AND PUBYEAR < 2020) AND (TITLE-ABS-KEY(naturalness OR  wilderness OR Primeval OR Preindustrial OR Pre-industrial  OR {intact forest}) AND PUBYEAR > 1999 AND PUBYEAR < 2020))"


Number of results : 9

"ACCESS TYPE",,"YEAR",,"AUTHOR NAME",,"SUBJECT AREA",,"DOCUMENT TYPE",,"PUBLICATION STAGE",,"SOURCE TITLE",,"KEYWORD",,"AFFILIATION",,"FUNDING SPONSOR",,"COUNTRY",,"SOURCE TYPE",,"LANGUAGE",
"Open Access","1","2019","1","Bélanger, L.","4","Agricultural and Biological Sciences","8","Article","7","final","9","Forest Ecology And Management","2","Boreal Forest","9","Université Laval","4","Natural Sciences and Engineering Research Council of Canada","3","Canada","9","Journals","9","English","8"
"Other","8","2013","2","Bergeron, Y.","2","Environmental Science","4","Review","2",,,"Forestry Chronicle","2","Canada","9","Ministère de l‘Energie et des Ressources naturelles du Québec","3","Fonds QuÃ©bÃ©cois de la Recherche sur la Nature et les Technologies","2","Australia","1",,,"French","1"
,,"2012","1","Ali, A.A.","1",,,,,,,"Biological Conservation","1","Forest Management","7","Universite du Quebec en Abitibi-Temiscamingue","2","Canadian Forest Service","1","France","1",,,,
,,"2011","1","Alvarez, P.E.","1",,,,,,,"Canadian Journal Of Botany","1","Biodiversity","5","Canadian Forest Service","2","Centre National de la Recherche Scientifique","1",,,,,,
,,"2009","1","Archambault, L.","1",,,,,,,"Forests","1","Ecosystems","5","Université du Québec à Montréal","2","Fonds Québécois de la Recherche sur la Nature et les Technologies","1",,,,,,
,,"2004","2","Arseneault, D.","1",,,,,,,"Journal Of Applied Ecology","1","Silviculture","5","Centre d'études nordiques","1","Fonds de recherche du QuÃ©bec â Nature et technologies","1",,,,,,
,,"2003","1","Barclay, R.M.R.","1",,,,,,,"New Forests","1","Forestry","4","Centre d’étude de la forêt CEF","1","Institute of Infection and Immunity","1",,,,,,
,,,,"Beauregard, R.","1",,,,,,,,,"Quebec [Canada]","4","University of Calgary","1","UniversitÃ© du QuÃ©bec Ã  Rimouski","1",,,,,,
,,,,"Bouchard, M.","1",,,,,,,,,"Abies Balsamea","3","The University of Adelaide","1","Undefined","5",,,,,,
,,,,"Boucher, Y.","1",,,,,,,,,"Climate Change","3","South Australian Research and Development Institute","1",,,,,,,,
,,,,"Bradshaw, C.J.A.","1",,,,,,,,,"Ecology","3","Memorial University of Newfoundland","1",,,,,,,,
,,,,"Brunet, G.","1",,,,,,,,,"Logging","3","Polytechnique Montréal","1",,,,,,,,
,,,,"Carcaillet, C.","1",,,,,,,,,"North America","3","Natural Resources Canada","1",,,,,,,,
,,,,"Chalifour, D.","1",,,,,,,,,"Picea Mariana","3","École Pratique des Hautes Etudes","1",,,,,,,,
,,,,"Côté, S.","1",,,,,,,,,"Species Diversity","3","Ministére du Développement durable, de l'Environnement et des Parcs","1",,,,,,,,
,,,,"Desponts, M.","1",,,,,,,,,"Abies","2","Université de Montpellier","1",,,,,,,,
,,,,"Gauthier, S.","1",,,,,,,,,"Computer Simulation","2",,,,,,,,,,
,,,,"Girardin, M.P.","1",,,,,,,,,"Coniferous Tree","2",,,,,,,,,,
,,,,"Hély, C.","1",,,,,,,,,"Conservation","2",,,,,,,,,,
,,,,"Le Goff, H.","1",,,,,,,,,"Ecosystem Management","2",,,,,,,,,,
,,,,"Margni, M.","1",,,,,,,,,"Ecosystem-based Management","2",,,,,,,,,,
,,,,"Patriquin, K.J.","1",,,,,,,,,"Fires","2",,,,,,,,,,
,,,,"Raulier, F.","1",,,,,,,,,"Landscape","2",,,,,,,,,,
,,,,"Sirois, L.","1",,,,,,,,,"Mixed Forest","2",,,,,,,,,,
,,,,"Terrier, A.","1",,,,,,,,,"Old-growth Forest","2",,,,,,,,,,
,,,,"Thiffault, N.","1",,,,,,,,,"Quebec","2",,,,,,,,,,
,,,,"Thiffault, É.","1",,,,,,,,,"Reforestation","2",,,,,,,,,,
,,,,"Warkentin, I.G.","1",,,,,,,,,"Sustainable Development","2",,,,,,,,,,
,,,,,,,,,,,,,,"Agriculture","1",,,,,,,,,,
,,,,,,,,,,,,,,"Assessment Method","1",,,,,,,,,,
,,,,,,,,,,,,,,"Atmospheric Humidity","1",,,,,,,,,,
,,,,,,,,,,,,,,"Bat","1",,,,,,,,,,
,,,,,,,,,,,,,,"Betula Pendula","1",,,,,,,,,,
,,,,,,,,,,,,,,"Biography","1",,,,,,,,,,
,,,,,,,,,,,,,,"Boreal Forests","1",,,,,,,,,,
,,,,,,,,,,,,,,"Boreal Mixedwoods","1",,,,,,,,,,
,,,,,,,,,,,,,,"Bryophyta","1",,,,,,,,,,
,,,,,,,,,,,,,,"Carbon Sequestration","1",,,,,,,,,,
,,,,,,,,,,,,,,"Charcoal","1",,,,,,,,,,
,,,,,,,,,,,,,,"Chiroptera","1",,,,,,,,,,
,,,,,,,,,,,,,,"Clear-cut","1",,,,,,,,,,
,,,,,,,,,,,,,,"Clearcutting","1",,,,,,,,,,
,,,,,,,,,,,,,,"Climate Conditions","1",,,,,,,,,,
,,,,,,,,,,,,,,"Climate Models","1",,,,,,,,,,
,,,,,,,,,,,,,,"Climatic Change","1",,,,,,,,,,
,,,,,,,,,,,,,,"Climatic Changes","1",,,,,,,,,,
,,,,,,,,,,,,,,"Climatology","1",,,,,,,,,,
,,,,,,,,,,,,,,"Conceptual Framework","1",,,,,,,,,,
,,,,,,,,,,,,,,"Coniferophyta","1",,,,,,,,,,
,,,,,,,,,,,,,,"Coniferous Forest","1",,,,,,,,,,
,,,,,,,,,,,,,,"Conservation Management","1",,,,,,,,,,
,,,,,,,,,,,,,,"Data Set","1",,,,,,,,,,
,,,,,,,,,,,,,,"Decision Making","1",,,,,,,,,,
,,,,,,,,,,,,,,"Decision Making Support","1",,,,,,,,,,
,,,,,,,,,,,,,,"Deforestation","1",,,,,,,,,,
,,,,,,,,,,,,,,"Dendrochronology","1",,,,,,,,,,
,,,,,,,,,,,,,,"Disturbance","1",,,,,,,,,,
,,,,,,,,,,,,,,"EMEND","1",,,,,,,,,,
,,,,,,,,,,,,,,"Ecological Functions","1",,,,,,,,,,
,,,,,,,,,,,,,,"Ecological Impact","1",,,,,,,,,,
,,,,,,,,,,,,,,"Environmental Disturbance","1",,,,,,,,,,
,,,,,,,,,,,,,,"Environmental Economics","1",,,,,,,,,,
,,,,,,,,,,,,,,"Environmental Management","1",,,,,,,,,,
,,,,,,,,,,,,,,"Environmental Protection","1",,,,,,,,,,
,,,,,,,,,,,,,,"Environmental Quality","1",,,,,,,,,,
,,,,,,,,,,,,,,"Even Aged Management","1",,,,,,,,,,
,,,,,,,,,,,,,,"Fire","1",,,,,,,,,,
,,,,,,,,,,,,,,"Fire Behavior","1",,,,,,,,,,
,,,,,,,,,,,,,,"Fire Frequency","1",,,,,,,,,,
,,,,,,,,,,,,,,"Fire History","1",,,,,,,,,,
,,,,,,,,,,,,,,"Fire Management","1",,,,,,,,,,
,,,,,,,,,,,,,,"Fire Regime","1",,,,,,,,,,
,,,,,,,,,,,,,,"Foraging Behavior","1",,,,,,,,,,
,,,,,,,,,,,,,,"Forest Cover","1",,,,,,,,,,
,,,,,,,,,,,,,,"Forest Ecosystem","1",,,,,,,,,,
,,,,,,,,,,,,,,"Forest Fires","1",,,,,,,,,,
,,,,,,,,,,,,,,"Forest Inventory","1",,,,,,,,,,
,,,,,,,,,,,,,,"Forest Inventory Maps","1",,,,,,,,,,
,,,,,,,,,,,,,,"Forest Management Intensity","1",,,,,,,,,,
,,,,,,,,,,,,,,"Fungi","1",,,,,,,,,,
,,,,,,,,,,,,,,"Gaspe Peninsula","1",,,,,,,,,,
,,,,,,,,,,,,,,"Geomorphology","1",,,,,,,,,,
,,,,,,,,,,,,,,"Growing Season","1",,,,,,,,,,
,,,,,,,,,,,,,,"Growth Rate","1",,,,,,,,,,
,,,,,,,,,,,,,,"Habitat Fragmentation","1",,,,,,,,,,
,,,,,,,,,,,,,,"Habitat Use","1",,,,,,,,,,
,,,,,,,,,,,,,,"Habitats","1",,,,,,,,,,
,,,,,,,,,,,,,,"Hardwoods","1",,,,,,,,,,
,,,,,,,,,,,,,,"Harvesting","1",,,,,,,,,,
,,,,,,,,,,,,,,"Hexapoda","1",,,,,,,,,,
,,,,,,,,,,,,,,"Holocene","1",,,,,,,,,,
,,,,,,,,,,,,,,"Holocenes","1",,,,,,,,,,
,,,,,,,,,,,,,,"Humid Boreal Fir Forest","1",,,,,,,,,,
,,,,,,,,,,,,,,"Humidity","1",,,,,,,,,,
,,,,,,,,,,,,,,"Humus","1",,,,,,,,,,
,,,,,,,,,,,,,,"Industry","1",,,,,,,,,,
,,,,,,,,,,,,,,"Land Use","1",,,,,,,,,,
,,,,,,,,,,,,,,"Land Use Change","1",,,,,,,,,,
,,,,,,,,,,,,,,"Land Use Intensity","1",,,,,,,,,,
,,,,,,,,,,,,,,"Landscape Change","1",,,,,,,,,,
,,,,,,,,,,,,,,"Landscape History","1",,,,,,,,,,
,,,,,,,,,,,,,,"Lasionycteris Noctivagans","1",,,,,,,,,,
,,,,,,,,,,,,,,"Late-successional Species","1",,,,,,,,,,
,,,,,,,,,,,,,,"Laws And Legislation","1",,,,,,,,,,
,,,,,,,,,,,,,,"Legislation","1",,,,,,,,,,
,,,,,,,,,,,,,,"Life Cycle","1",,,,,,,,,,
,,,,,,,,,,,,,,"Light Availability","1",,,,,,,,,,
,,,,,,,,,,,,,,"Logging (forestry)","1",,,,,,,,,,
,,,,,,,,,,,,,,"Logging (timber)","1",,,,,,,,,,
,,,,,,,,,,,,,,"Management Strategies","1",,,,,,,,,,
,,,,,,,,,,,,,,"Marchantiophyta","1",,,,,,,,,,
,,,,,,,,,,,,,,"Mauricie","1",,,,,,,,,,
,,,,,,,,,,,,,,"Meteorology","1",,,,,,,,,,
,,,,,,,,,,,,,,"Microsite","1",,,,,,,,,,
,,,,,,,,,,,,,,"Minerals","1",,,,,,,,,,
,,,,,,,,,,,,,,"Mixedwood Forest","1",,,,,,,,,,
,,,,,,,,,,,,,,"Mixedwood Forests","1",,,,,,,,,,
,,,,,,,,,,,,,,"Myotis Lucifugus","1",,,,,,,,,,
,,,,,,,,,,,,,,"Myotis Septentrionalis","1",,,,,,,,,,
,,,,,,,,,,,,,,"Natural Disturbance","1",,,,,,,,,,
,,,,,,,,,,,,,,"Natural Disturbances","1",,,,,,,,,,
,,,,,,,,,,,,,,"Naturalness","1",,,,,,,,,,
,,,,,,,,,,,,,,"Nonvascular Plants","1",,,,,,,,,,
,,,,,,,,,,,,,,"Old-growth Forests","1",,,,,,,,,,
,,,,,,,,,,,,,,"Paleoecology","1",,,,,,,,,,
,,,,,,,,,,,,,,"Parameter Validation","1",,,,,,,,,,
,,,,,,,,,,,,,,"Partial Cutting","1",,,,,,,,,,
,,,,,,,,,,,,,,"Picea","1",,,,,,,,,,
,,,,,,,,,,,,,,"Picea Glauca","1",,,,,,,,,,
,,,,,,,,,,,,,,"Pinus Banksiana","1",,,,,,,,,,
,,,,,,,,,,,,,,"Plantation","1",,,,,,,,,,
,,,,,,,,,,,,,,"Plantation Forestry","1",,,,,,,,,,
,,,,,,,,,,,,,,"Plantations","1",,,,,,,,,,
,,,,,,,,,,,,,,"Policy Making","1",,,,,,,,,,
,,,,,,,,,,,,,,"Pre-industrial","1",,,,,,,,,,
,,,,,,,,,,,,,,"Quality Of Ecosystems","1",,,,,,,,,,
,,,,,,,,,,,,,,"Regeneration","1",,,,,,,,,,
,,,,,,,,,,,,,,"Regeneration Process","1",,,,,,,,,,
,,,,,,,,,,,,,,"Risk Factor","1",,,,,,,,,,
,,,,,,,,,,,,,,"Seasonal Variation","1",,,,,,,,,,
,,,,,,,,,,,,,,"Sedimentary Charcoal","1",,,,,,,,,,
,,,,,,,,,,,,,,"Seedling","1",,,,,,,,,,
,,,,,,,,,,,,,,"Simulation","1",,,,,,,,,,
,,,,,,,,,,,,,,"Site Preparation","1",,,,,,,,,,
,,,,,,,,,,,,,,"Soils","1",,,,,,,,,,
,,,,,,,,,,,,,,"Spatial Scale","1",,,,,,,,,,
,,,,,,,,,,,,,,"Spatiotemporal Analysis","1",,,,,,,,,,
,,,,,,,,,,,,,,"Stand Development","1",,,,,,,,,,
,,,,,,,,,,,,,,"Stand Structure","1",,,,,,,,,,
,,,,,,,,,,,,,,"Succession","1",,,,,,,,,,
,,,,,,,,,,,,,,"Survival","1",,,,,,,,,,
,,,,,,,,,,,,,,"Temperate Forest","1",,,,,,,,,,
,,,,,,,,,,,,,,"Thinning","1",,,,,,,,,,
,,,,,,,,,,,,,,"Timber","1",,,,,,,,,,
,,,,,,,,,,,,,,"Timber Floating","1",,,,,,,,,,
,,,,,,,,,,,,,,"Timber Harvest","1",,,,,,,,,,
,,,,,,,,,,,,,,"Timber Harvesting","1",,,,,,,,,,
,,,,,,,,,,,,,,"Trade-environment Relations","1",,,,,,,,,,
,,,,,,,,,,,,,,"Tree Ring","1",,,,,,,,,,
,,,,,,,,,,,,,,"Tree Rings","1",,,,,,,,,,
