﻿Scopus refine results values

"Your query : ((TITLE-ABS-KEY((Boreal OR {James Bay} OR James-Bay OR {Clay Belt} OR {canadian shield}) AND Quebec) AND PUBYEAR > 1999 AND PUBYEAR < 2020) AND (TITLE-ABS-KEY((Forest AND Fire) OR ""Wildfire"" OR ""crown fire"" OR ""Wildland fire"" ) AND PUBYEAR > 1999 AND PUBYEAR < 2020) AND (TITLE-ABS-KEY({Age structure}  OR  old-growth) AND PUBYEAR > 1999 AND PUBYEAR < 2020))"


Number of results : 38

"ACCESS TYPE",,"YEAR",,"AUTHOR NAME",,"SUBJECT AREA",,"DOCUMENT TYPE",,"PUBLICATION STAGE",,"SOURCE TITLE",,"KEYWORD",,"AFFILIATION",,"FUNDING SPONSOR",,"COUNTRY",,"SOURCE TYPE",,"LANGUAGE",
"Open Access","3","2018","3","Bergeron, Y.","18","Agricultural and Biological Sciences","33","Article","32","final","38","Canadian Journal Of Forest Research","7","Canada","33","Université du Québec à Montréal","18","Natural Sciences and Engineering Research Council of Canada","11","Canada","37","Journals","37","English","37"
"Other","35","2017","2","Gauthier, S.","11","Arts and Humanities","1","Conference Paper","4",,,"Forest Ecology And Management","6","Boreal Forest","30","Université Laval","15","Fonds QuÃ©bÃ©cois de la Recherche sur la Nature et les Technologies","4","United States","3","Book Series","1","French","1"
,,"2015","2","Payette, S.","5","Biochemistry, Genetics and Molecular Biology","1","Review","2",,,"Silva Fennica","3","Quebec [Canada]","23","Universite du Quebec en Abitibi-Temiscamingue","14","Canada Economic Development for Quebec Regions","1","France","2",,,,
,,"2012","2","Drapeau, P.","4","Decision Sciences","1",,,,,"Ecoscience","2","Forestry","22","Canadian Forest Service","11","Fonds de recherche du QuÃ©bec â Nature et technologies","1","Argentina","1",,,,
,,"2011","6","Pothier, D.","4","Earth and Planetary Sciences","2",,,,,"Forestry Chronicle","2","Forest Management","16","Natural Resources Canada","8","Luonnontieteiden ja Tekniikan Tutkimuksen Toimikunta","1","China","1",,,,
,,"2010","2","Fall, A.","3","Environmental Science","26",,,,,"Ambio","1","Old-growth Forest","15","Le réseau de l'Université du Québec","4","MinistÃ¨re de l'Ãcologie, du DÃ©veloppement Durable et de l'Ãnergie","1","South Africa","1",,,,
,,"2009","1","Fortin, M.J.","3","Social Sciences","1",,,,,"Annales Zoologici Fennici","1","Picea Mariana","15","Simon Fraser University","3","MinistÃ¨re des ForÃªts, de la Faune et des Parcs","1","Sweden","1",,,,
,,"2008","2","Raulier, F.","3",,,,,,,"Bryologist","1","Harvesting","12","Université du Québec à Chicoutimi","3","MinistÃ¨re des Ressources Naturelles et de la Faune","1",,,,,,
,,"2007","1","Savard, J.P.L.","3",,,,,,,"Canadian Field Naturalist","1","North America","12","Ministère de l‘Energie et des Ressources naturelles du Québec","3","UniversitÃ© Laval","1",,,,,,
,,"2006","2","Bouchard, M.","2",,,,,,,"Canadian Journal Of Remote Sensing","1","Boreal Forests","11","University of Toronto","2","Undefined","25",,,,,,
,,"2005","5","Boudreault, C.","2",,,,,,,"Canadian Journal Of Soil Science","1","Fires","11","Wilkes University","2",,,,,,,,
,,"2004","2","Fenton, N.J.","2",,,,,,,"Conservation Genetics","1","Forest Fire","11","Conseil de recherches en sciences naturelles et en génie du Canada","2",,,,,,,,
,,"2003","1","Ibarzabal, J.","2",,,,,,,"Ecological Indicators","1","Age Structure","10","Ministère des Forêts de la Faune et des Parcs du Québec","1",,,,,,,,
,,"2002","2","Kneeshaw, D.D.","2",,,,,,,"Ecological Modelling","1","Ecosystems","10","Swedish Inst. for Ecol. Sustainab.","1",,,,,,,,
,,"2001","2","Leduc, A.","2",,,,,,,"Ecology","1","Forests","9","NSERC Northern Research Chair","1",,,,,,,,
,,"2000","3","Lesieur, D.","2",,,,,,,"Environmental Reviews","1","Biodiversity","8","Centre d’étude de la forêt CEF","1",,,,,,,,
,,,,"Lowe, J.","2",,,,,,,"Forest Ecosystems","1","Fire","8","Wildlife Research","1",,,,,,,,
,,,,"Messier, C.","2",,,,,,,"Forestry","1","Fire History","8","Wildlife Research","1",,,,,,,,
,,,,"Pitre, N.","2",,,,,,,"Journal Of Biogeography","1","Quebec","8","Guizhou Province Enginee-ring Research Center for Agricultural Resources and Environment","1",,,,,,,,
,,,,"Rompré, G.","2",,,,,,,"Journal Of Forest Research","1","Disturbance","6","Environment Canada","1",,,,,,,,
,,,,"Alvarez, P.E.","1",,,,,,,"Journal Of Ornithology","1","Stand Structure","6","McGill University","1",,,,,,,,
,,,,"Archambault, L.","1",,,,,,,"Quaternary Research","1","Abies Balsamea","5","Universidad Nacional de Tucuman UNT","1",,,,,,,,
,,,,"Asselin, H.","1",,,,,,,"Studies In Avian Biology","1","Age Class","5","Guizhou University","1",,,,,,,,
,,,,"Bescond, H.","1",,,,,,,,,"Aves","5","CNRS Centre National de la Recherche Scientifique","1",,,,,,,,
,,,,"Boucher, Y.","1",,,,,,,,,"Bryophyta","5","University of Montreal","1",,,,,,,,
,,,,"Boudreau, S.","1",,,,,,,,,"Chronosequence","5","University of KwaZulu-Natal","1",,,,,,,,
,,,,"Bouthillier, L.","1",,,,,,,,,"Coniferous Forest","5","University of Saskatchewan","1",,,,,,,,
,,,,"Brais, S.","1",,,,,,,,,"Ecology","5","Université du Québec en Outaouais","1",,,,,,,,
,,,,"Bégin, Y.","1",,,,,,,,,"Ecosystem Management","5","Lakehead University","1",,,,,,,,
,,,,"Bélanger, L.","1",,,,,,,,,"Forest Fires","5","University of Alberta","1",,,,,,,,
,,,,"Bélanger, N.","1",,,,,,,,,"Picea","5","University of Wisconsin-Madison","1",,,,,,,,
,,,,"Bélisle, A.C.","1",,,,,,,,,"Silviculture","5","McGill University, Macdonald Campus","1",,,,,,,,
,,,,"Chavel, E.E.","1",,,,,,,,,"Western Hemisphere","5","Institut National de la Recherche Scientifique","1",,,,,,,,
,,,,"Claveau, Y.","1",,,,,,,,,"World","5",,,,,,,,,,
,,,,"Cumming, S.G.","1",,,,,,,,,"Abies","4",,,,,,,,,,
,,,,"Cyr, D.","1",,,,,,,,,"Clearcutting","4",,,,,,,,,,
,,,,"Cyr, D.","1",,,,,,,,,"Forest Dynamics","4",,,,,,,,,,
,,,,"Côté, P.","1",,,,,,,,,"Landscape","4",,,,,,,,,,
,,,,"De Grandpre, L.","1",,,,,,,,,"Sustainability","4",,,,,,,,,,
,,,,"De Grandpré, L.","1",,,,,,,,,"Sustainable Development","4",,,,,,,,,,
,,,,"DeGrandpré, L.","1",,,,,,,,,"Abundance","3",,,,,,,,,,
,,,,"Delwaide, A.","1",,,,,,,,,"Charcoal","3",,,,,,,,,,
,,,,"Denneler, B.","1",,,,,,,,,"Climate Change","3",,,,,,,,,,
,,,,"Didion, M.","1",,,,,,,,,"Coniferous Tree","3",,,,,,,,,,
,,,,"Engelmark, O.","1",,,,,,,,,"Environmental Disturbance","3",,,,,,,,,,
,,,,"Filion, L.","1",,,,,,,,,"Fire Cycle","3",,,,,,,,,,
,,,,"Flannigan, M.D.","1",,,,,,,,,"Forestry Production","3",,,,,,,,,,
,,,,"Garet, J.","1",,,,,,,,,"Habitat Fragmentation","3",,,,,,,,,,
,,,,"Grenier, D.J.","1",,,,,,,,,"Hardwoods","3",,,,,,,,,,
,,,,"Grondin, P.","1",,,,,,,,,"Lake Duparquet","3",,,,,,,,,,
,,,,"Hannon, S.J.","1",,,,,,,,,"Land Use","3",,,,,,,,,,
,,,,"Harper, K.","1",,,,,,,,,"Natural Disturbance","3",,,,,,,,,,
,,,,"Harper, K.A.","1",,,,,,,,,"Natural Disturbances","3",,,,,,,,,,
,,,,"Harvey, B.D.","1",,,,,,,,,"Old-growth","3",,,,,,,,,,
,,,,"Hendershot, W.H.","1",,,,,,,,,"Picoides Arcticus","3",,,,,,,,,,
,,,,"Huot, M.","1",,,,,,,,,"Pinus Banksiana","3",,,,,,,,,,
,,,,"Imbeau, L.","1",,,,,,,,,"Plants (botany)","3",,,,,,,,,,
,,,,"Kafka, V.","1",,,,,,,,,"Spatiotemporal Analysis","3",,,,,,,,,,
,,,,"Kneeshaw, D.","1",,,,,,,,,"Succession","3",,,,,,,,,,
,,,,"Laberge, M.J.","1",,,,,,,,,"Sustainable Forest Management","3",,,,,,,,,,
,,,,"Larouche, A.C.","1",,,,,,,,,"Sustainable Forestry","3",,,,,,,,,,
,,,,"Lefort, P.","1",,,,,,,,,"Vegetation","3",,,,,,,,,,
,,,,"MacDonald, J.D.","1",,,,,,,,,"Wildfire","3",,,,,,,,,,
,,,,"Mazerolle, M.J.","1",,,,,,,,,"Acer Saccharum","2",,,,,,,,,,
,,,,"Molina, E.","1",,,,,,,,,"Animalia","2",,,,,,,,,,
,,,,"Morin, H.","1",,,,,,,,,"Betula Papyrifera","2",,,,,,,,,,
,,,,"Morneau, C.","1",,,,,,,,,"Betula Pendula","2",,,,,,,,,,
,,,,"Ouzennou, H.","1",,,,,,,,,"Bird","2",,,,,,,,,,
,,,,"Paradis, S.","1",,,,,,,,,"Black Spruce","2",,,,,,,,,,
,,,,"Paré, D.","1",,,,,,,,,"Black Spruce Boreal Forests","2",,,,,,,,,,
,,,,"Pilon, V.","1",,,,,,,,,"Bryophytes","2",,,,,,,,,,
,,,,"Poirier, V.","1",,,,,,,,,"Choristoneura Fumiferana","2",,,,,,,,,,
,,,,"Pollock, S.L.","1",,,,,,,,,"Climatology","2",,,,,,,,,,
,,,,"Simard, M.","1",,,,,,,,,"Community Composition","2",,,,,,,,,,
,,,,"Smirnova, E.","1",,,,,,,,,"Coniferophyta","2",,,,,,,,,,
,,,,"Smyth, C.","1",,,,,,,,,"Conservation","2",,,,,,,,,,
,,,,"Talon, B.","1",,,,,,,,,"Conservation Management","2",,,,,,,,,,
,,,,"Tardif, P.","1",,,,,,,,,"Dendrochronology","2",,,,,,,,,,
,,,,"Thiffault, E.","1",,,,,,,,,"Dendroecology","2",,,,,,,,,,
,,,,"Tittler, R.","1",,,,,,,,,"Dicotyledon","2",,,,,,,,,,
,,,,"Tremblay, F.","1",,,,,,,,,"Fire Frequency","2",,,,,,,,,,
,,,,"Tremblay, J.A.","1",,,,,,,,,"Fire Protection","2",,,,,,,,,,
,,,,"Valeria, O.","1",,,,,,,,,"Forest Age","2",,,,,,,,,,
,,,,"Vijayakumar, D.B.I.P.","1",,,,,,,,,"Forest Canopy","2",,,,,,,,,,
,,,,"Work, T.T.","1",,,,,,,,,"Forest Cover","2",,,,,,,,,,
,,,,"Xu, H.","1",,,,,,,,,"Forest Soil","2",,,,,,,,,,
,,,,"Yamasaki, S.H.","1",,,,,,,,,"Habitat Type","2",,,,,,,,,,
,,,,,,,,,,,,,,"Holocene","2",,,,,,,,,,
,,,,,,,,,,,,,,"Insecta","2",,,,,,,,,,
,,,,,,,,,,,,,,"Long Term","2",,,,,,,,,,
,,,,,,,,,,,,,,"Mathematical Models","2",,,,,,,,,,
,,,,,,,,,,,,,,"Mauricie","2",,,,,,,,,,
,,,,,,,,,,,,,,"Mixed Forest","2",,,,,,,,,,
,,,,,,,,,,,,,,"Mixedwood Forests","2",,,,,,,,,,
,,,,,,,,,,,,,,"Moss","2",,,,,,,,,,
,,,,,,,,,,,,,,"Old Growth","2",,,,,,,,,,
,,,,,,,,,,,,,,"Ontario","2",,,,,,,,,,
,,,,,,,,,,,,,,"Paludification","2",,,,,,,,,,
,,,,,,,,,,,,,,"Persistence","2",,,,,,,,,,
,,,,,,,,,,,,,,"Picea Glauca","2",,,,,,,,,,
,,,,,,,,,,,,,,"Plants","2",,,,,,,,,,
,,,,,,,,,,,,,,"Podzol","2",,,,,,,,,,
,,,,,,,,,,,,,,"Populus Tremuloides","2",,,,,,,,,,
,,,,,,,,,,,,,,"Prediction","2",,,,,,,,,,
,,,,,,,,,,,,,,"Reconstruction","2",,,,,,,,,,
,,,,,,,,,,,,,,"Regeneration","2",,,,,,,,,,
,,,,,,,,,,,,,,"Soil Organic Layer","2",,,,,,,,,,
,,,,,,,,,,,,,,"Soil Organic Matter","2",,,,,,,,,,
,,,,,,,,,,,,,,"Soils","2",,,,,,,,,,
,,,,,,,,,,,,,,"Species Diversity","2",,,,,,,,,,
,,,,,,,,,,,,,,"Species Richness","2",,,,,,,,,,
,,,,,,,,,,,,,,"Stand Dynamics","2",,,,,,,,,,
,,,,,,,,,,,,,,"Structural Development","2",,,,,,,,,,
,,,,,,,,,,,,,,"Structure (composition)","2",,,,,,,,,,
,,,,,,,,,,,,,,"Survival","2",,,,,,,,,,
,,,,,,,,,,,,,,"Thuja","2",,,,,,,,,,
,,,,,,,,,,,,,,"Thuja Occidentalis","2",,,,,,,,,,
,,,,,,,,,,,,,,"Timber Harvesting","2",,,,,,,,,,
,,,,,,,,,,,,,,"Timber Supply","2",,,,,,,,,,
,,,,,,,,,,,,,,"Time Since Fire","2",,,,,,,,,,
,,,,,,,,,,,,,,"Tree Ring","2",,,,,,,,,,
,,,,,,,,,,,,,,"Understory","2",,,,,,,,,,
,,,,,,,,,,,,,,"14 C Dating","1",,,,,,,,,,
,,,,,,,,,,,,,,"14C Dating","1",,,,,,,,,,
,,,,,,,,,,,,,,"Acer","1",,,,,,,,,,
,,,,,,,,,,,,,,"Aerial Photograph","1",,,,,,,,,,
,,,,,,,,,,,,,,"Aerial Photos","1",,,,,,,,,,
,,,,,,,,,,,,,,"Age-class Structure","1",,,,,,,,,,
,,,,,,,,,,,,,,"Allele","1",,,,,,,,,,
,,,,,,,,,,,,,,"Animals","1",,,,,,,,,,
,,,,,,,,,,,,,,"Anthropogenic Disturbance","1",,,,,,,,,,
,,,,,,,,,,,,,,"Anthropogenic Influence","1",,,,,,,,,,
,,,,,,,,,,,,,,"Anthropogenic Process","1",,,,,,,,,,
,,,,,,,,,,,,,,"Araneae","1",,,,,,,,,,
,,,,,,,,,,,,,,"Archival Data","1",,,,,,,,,,
,,,,,,,,,,,,,,"Area Fractal Dimensions","1",,,,,,,,,,
,,,,,,,,,,,,,,"Aspen","1",,,,,,,,,,
,,,,,,,,,,,,,,"Astatine","1",,,,,,,,,,
,,,,,,,,,,,,,,"Balsam Fir","1",,,,,,,,,,
,,,,,,,,,,,,,,"Basal Area","1",,,,,,,,,,
,,,,,,,,,,,,,,"Betula","1",,,,,,,,,,
,,,,,,,,,,,,,,"Bioindicator","1",,,,,,,,,,
,,,,,,,,,,,,,,"Biological Invasion","1",,,,,,,,,,
,,,,,,,,,,,,,,"Biological Populations","1",,,,,,,,,,
,,,,,,,,,,,,,,"Biomass","1",,,,,,,,,,
,,,,,,,,,,,,,,"Bird Communities","1",,,,,,,,,,
,,,,,,,,,,,,,,"Bird Species Richness","1",,,,,,,,,,
,,,,,,,,,,,,,,"Birds","1",,,,,,,,,,
,,,,,,,,,,,,,,"Black Spruce-feather Moss","1",,,,,,,,,,
,,,,,,,,,,,,,,"Black-backed Woodpeckers","1",,,,,,,,,,
,,,,,,,,,,,,,,"Boreal Coniferous Forests","1",,,,,,,,,,
,,,,,,,,,,,,,,"Boreal Forest Disturbance Regimes","1",,,,,,,,,,
,,,,,,,,,,,,,,"Boreal Mixedwoods","1",,,,,,,,,,
,,,,,,,,,,,,,,"Boreal Old Growth Forest","1",,,,,,,,,,
,,,,,,,,,,,,,,"Boreal Shield","1",,,,,,,,,,
,,,,,,,,,,,,,,"Boreal Shield Forest Soils","1",,,,,,,,,,
,,,,,,,,,,,,,,"Buprestidae","1",,,,,,,,,,
,,,,,,,,,,,,,,"Burned Areas","1",,,,,,,,,,
,,,,,,,,,,,,,,"Burns","1",,,,,,,,,,
,,,,,,,,,,,,,,"Canopy Composition","1",,,,,,,,,,
