﻿Scopus refine results values

"Your query : ((TITLE-ABS-KEY((Boreal OR {James Bay} OR James-Bay OR {Clay Belt} OR {canadian shield}) AND (Canada OR Quebec OR Ontario OR newfoundland OR Alberta OR British-Columbia) ) AND PUBYEAR > 1999 AND PUBYEAR < 2020) AND (TITLE-ABS-KEY(Species AND (Distribution OR Extinct* OR Invasi*  OR Transition Or exotic)) AND PUBYEAR > 1999 AND PUBYEAR < 2020) AND (TITLE-ABS-KEY((wildlife OR fish OR moose OR beaver OR caribou OR goose OR geese) AND  (health OR disease OR contamination OR {heavy metal} OR  parasite OR stress OR {heavy metal} OR Mercury OR  {persistent organic pollutant} OR Toxic* OR Arsenic OR Lead OR cadmium)) AND PUBYEAR > 1999 AND PUBYEAR < 2020))"


Number of results : 24

"ACCESS TYPE",,"YEAR",,"AUTHOR NAME",,"SUBJECT AREA",,"DOCUMENT TYPE",,"PUBLICATION STAGE",,"SOURCE TITLE",,"KEYWORD",,"AFFILIATION",,"FUNDING SPONSOR",,"COUNTRY",,"SOURCE TYPE",,"LANGUAGE",
"Open Access","5","2019","4","Gunn, J.M.","2","Agricultural and Biological Sciences","8","Article","22","final","24","Environmental Pollution","2","Canada","17","University of Manitoba","4","Natural Sciences and Engineering Research Council of Canada","5","Canada","24","Journals","24","English","23"
"Other","19","2018","1","Johnston, T.A.","2","Biochemistry, Genetics and Molecular Biology","2","Review","2",,,"Environmental Toxicology And Chemistry","2","Animals","13","Trent University","4","Parks Canada","2","United States","9",,,"French","1"
,,"2017","2","Murray, D.L.","2","Earth and Planetary Sciences","1",,,,,"Plos One","2","Article","12","University of Montreal","3","Alberta Innovates","1","Finland","1",,,,
,,"2014","1","Pickles, R.S.A.","2","Environmental Science","15",,,,,"Rural And Remote Health","2","Nonhuman","10","Fisheries and Oceans Canada","3","Association EuropÃ©enne contre les Leucodystrophies","1","Germany","1",,,,
,,"2013","5","Tsuji, L.J.S.","2","Health Professions","2",,,,,"American Naturalist","1","Fish","9","University of Waterloo","3","CorporaciÃ³n TecnolÃ³gica de AndalucÃ­a","1","Norway","1",,,,
,,"2012","3","Babo, S.","1","Immunology and Microbiology","1",,,,,"Biological Invasions","1","Animal","8","Freshwater Institute, Fisheries and Oceans Canada","2","Electric Power Research Institute","1",,,,,,
,,"2011","1","Beauchesne, D.","1","Medicine","4",,,,,"Canadian Journal Of Fisheries And Aquatic Sciences","1","Climate Change","8","Ontario Ministry of the Environment","2","Faculty of Veterinary Medicine, University of Calgary","1",,,,,,
,,"2010","1","Beckmen, K.B.","1","Multidisciplinary","2",,,,,"Ecological Modelling","1","Ecosystem","7","Ontario Ministry of Natural Resources","2","Gwich'in Renewable Resources Board","1",,,,,,
,,"2008","2","Bhavsar, S.P.","1","Pharmacology, Toxicology and Pharmaceutics","2",,,,,"Ecology And Evolution","1","Fishes","7","United States Geological Survey","2","Hydro-QuÃ©bec","1",,,,,,
,,"2003","1","Blanchfield, P.J.","1","Social Sciences","3",,,,,"Environmental Reviews","1","Boreal Forest","6","Laurentian University","2","Indigenous and Northern Affairs Canada","1",,,,,,
,,"2002","2","Bodaly, R.A.","1",,,,,,,"Global Change Biology","1","Human","6","University of Saskatchewan","2","Lung Association, Alberta and NWT","1",,,,,,
,,"2001","1","Bodaly, R.A.(.","1",,,,,,,"Human And Ecological Risk Assessment","1","Bioaccumulation","5","University of Alberta","2","Luonnontieteiden ja Tekniikan Tutkimuksen Toimikunta","1",,,,,,
,,,,"Buono, P.L.","1",,,,,,,"Journal Of Environmental Management","1","Controlled Study","5","Panthera USA","2","Manitoba Hydro","1",,,,,,
,,,,"Burton, A.C.","1",,,,,,,"Journal Of Environmental Radioactivity","1","Deer","5","Georgian College","1","Memorial University of Newfoundland","1",,,,,,
,,,,"Cameron, E.K.","1",,,,,,,"Journal Of Vegetation Science","1","Food Web","5","QSAR Risk Assessment Service","1","Ministry of Natural Resources","1",,,,,,
,,,,"Carignan, R.","1",,,,,,,"Parasites And Vectors","1","Humans","5","Castonguay and Dandenault Inc.","1","National Science Foundation","1",,,,,,
,,,,"Carrier, G.","1",,,,,,,"Polar Geography","1","Lake Ecosystem","5","Cree Trappers' Association","1","Ontario Ministry of Natural Resources and Forestry","1",,,,,,
,,,,"Choudhury, A.","1",,,,,,,"Revue Des Sciences De L Eau","1","Ontario","5","Water Security Agency","1","Star Scientific Foundation","1",,,,,,
,,,,"Courbin, N.","1",,,,,,,"Science Of The Total Environment","1","Reindeer","5","Ross University","1","U.S. Environmental Protection Agency","1",,,,,,
,,,,"Courtois, R.","1",,,,,,,"Southeast Asian Journal Of Tropical Medicine And Public Health","1","Ecosystems","4","USDA ARS Beltsville Agricultural Research Center","1","University of Manitoba","1",,,,,,
,,,,"Cuciurean, R.","1",,,,,,,,,"Female","4","Environment Canada","1","UniversitÃ© de MontrÃ©al","1",,,,,,
,,,,"DeMerchant, I.","1",,,,,,,,,"Food Chain","4","Ontario Tech University","1","Undefined","14",,,,,,
,,,,"Dick, T.A.","1",,,,,,,,,"Lakes","4","University of Calgary","1",,,,,,,,
,,,,"Doig, L.E.","1",,,,,,,,,"Mercury","4","Great Lakes Forestry Centre","1",,,,,,,,
,,,,"Dussault, C.","1",,,,,,,,,"Mercury (metal)","4","Helsingin Yliopisto","1",,,,,,,,
,,,,"Feldman, R.","1",,,,,,,,,"Quebec","4","University of Victoria","1",,,,,,,,
,,,,"Ferguson, S.H.","1",,,,,,,,,"Rangifer Tarandus","4","Université du Québec à Rimouski","1",,,,,,,,
,,,,"Ferreira, C.","1",,,,,,,,,"Animal Tissue","3","Canadian Forest Service","1",,,,,,,,
,,,,"Fisk, A.T.","1",,,,,,,,,"Animalia","3","Harvard University","1",,,,,,,,
,,,,"Foottit, R.","1",,,,,,,,,"Anthropogenic Effect","3","Alaska Department of Game and Fisheries","1",,,,,,,,
,,,,"Fortin, A.","1",,,,,,,,,"Biodiversity","3","The University of British Columbia","1",,,,,,,,
,,,,"Fortin, D.","1",,,,,,,,,"Biological Invasion","3","University of Northern British Columbia","1",,,,,,,,
,,,,"Fuentealba, C.","1",,,,,,,,,"Biota","3","University of Windsor","1",,,,,,,,
,,,,"Gilmour, C.C.","1",,,,,,,,,"Disturbance","3","Queen's University, Kingston","1",,,,,,,,
,,,,"Girard, R.E.","1",,,,,,,,,"Ecology","3","University of Toronto","1",,,,,,,,
,,,,"Gough, W.A.","1",,,,,,,,,"Environmental Monitoring","3","Smithsonian Environmental Research Center","1",,,,,,,,
,,,,"Graves, S.D.","1",,,,,,,,,"Forage","3","Washington State University Pullman","1",,,,,,,,
,,,,"Hecker, M.","1",,,,,,,,,"Fresh Water","3","Helmholtz Zentrum für Umweltforschung","1",,,,,,,,
,,,,"Hermanutz, L.","1",,,,,,,,,"Mercury (element)","3","Memorial University of Newfoundland","1",,,,,,,,
,,,,"Herrmann, T.M.","1",,,,,,,,,"Nature Conservation","3","USGS National Wildlife Health Center","1",,,,,,,,
,,,,"Hintelmann, H.","1",,,,,,,,,"North America","3","Agriculture et Agroalimentaire Canada","1",,,,,,,,
,,,,"Ho-Foong, E.","1",,,,,,,,,"Odocoileus Virginianus","3","Université du Québec à Trois-Rivières","1",,,,,,,,
,,,,"Hoberg, E.P.","1",,,,,,,,,"Ontario [Canada]","3","Hydro-Quebec","1",,,,,,,,
,,,,"Hori, Y.","1",,,,,,,,,"Parasitology","3","University of Connecticut","1",,,,,,,,
,,,,"Humber, J.M.","1",,,,,,,,,"Population Dynamics","3","Natural Resources Canada","1",,,,,,,,
,,,,"Hussey, N.E.","1",,,,,,,,,"Priority Journal","3","Université du Québec à Montréal","1",,,,,,,,
,,,,"Ingram, R.","1",,,,,,,,,"Taiga","3","Ryerson University","1",,,,,,,,
,,,,"Jaeger, J.A.G.","1",,,,,,,,,"Water Pollutants, Chemical","3","Northern Forestry Centre","1",,,,,,,,
,,,,"Janz, D.M.","1",,,,,,,,,"Zooplankton","3","Pacific Forestry Centre","1",,,,,,,,
,,,,"Johnson, C.J.","1",,,,,,,,,"Abundance","2","University of Wisconsin-Madison","1",,,,,,,,
,,,,"Juanes, F.","1",,,,,,,,,"Adult","2","Université Laval","1",,,,,,,,
,,,,"Karagatzides, J.D.","1",,,,,,,,,"Agriculture","2","Concordia University","1",,,,,,,,
,,,,"Karim, M.N.","1",,,,,,,,,"Air Temperature","2","York University","1",,,,,,,,
,,,,"Kashivakura, C.K.","1",,,,,,,,,"Alberta","2","Ministère de l‘Energie et des Ressources naturelles du Québec","1",,,,,,,,
,,,,"Keller, W.","1",,,,,,,,,"Alces","2","Alberta Sustainable Resource Development","1",,,,,,,,
,,,,"Kessel, S.T.","1",,,,,,,,,"Alces Alces","2","Government of the Northwest Territories","1",,,,,,,,
,,,,"Klütsch, C.F.C.","1",,,,,,,,,"Animal Distribution","2","Government of Newfoundland and Labrador","1",,,,,,,,
,,,,"Kutz, S.J.","1",,,,,,,,,"Aquatic Environment","2","Institut international du développement durable","1",,,,,,,,
,,,,"Langor, D.W.","1",,,,,,,,,"Arctic","2","ECOMatters Inc","1",,,,,,,,
,,,,"Leggett, W.C.","1",,,,,,,,,"Arctic Regions","2","The Norwegian Institute of Bioeconomy Research","1",,,,,,,,
,,,,"Lejeune, M.","1",,,,,,,,,"Atmospheric Deposition","2","AECOM Technology Corporation, Canada","1",,,,,,,,
,,,,"Lewis, K.J.","1",,,,,,,,,"Benthos","2",,,,,,,,,,
,,,,"Liber, K.","1",,,,,,,,,"Biochemistry","2",,,,,,,,,,
,,,,"Liberda, E.N.","1",,,,,,,,,"Boreal","2",,,,,,,,,,
,,,,"Lindenschmidt, K.E.","1",,,,,,,,,"Catering Service","2",,,,,,,,,,
,,,,"Long, J.M.","1",,,,,,,,,"Chemical Contamination","2",,,,,,,,,,
,,,,"Loranger, S.","1",,,,,,,,,"Chemistry","2",,,,,,,,,,
,,,,"MacQuarrie, C.J.K.","1",,,,,,,,,"Concentration (parameters)","2",,,,,,,,,,
,,,,"Magnan, P.","1",,,,,,,,,"Conservation Of Natural Resources","2",,,,,,,,,,
,,,,"Majchrzak, Y.N.","1",,,,,,,,,"Crustacea","2",,,,,,,,,,
,,,,"Manseau, M.","1",,,,,,,,,"Cultural Anthropology","2",,,,,,,,,,
,,,,"Marques, A.","1",,,,,,,,,"Culture","2",,,,,,,,,,
,,,,"McBeath, A.","1",,,,,,,,,"Deciduous Tree","2",,,,,,,,,,
,,,,"McClay, A.","1",,,,,,,,,"Ecoregion","2",,,,,,,,,,
,,,,"McKinney, M.A.","1",,,,,,,,,"Environmental Conditions","2",,,,,,,,,,
,,,,"Moorcroft, P.R.","1",,,,,,,,,"Environmental Stress","2",,,,,,,,,,
,,,,"Morales-Marín, L.A.","1",,,,,,,,,"Esox Lucius","2",,,,,,,,,,
,,,,"Morgan, G.E.","1",,,,,,,,,"Europe","2",,,,,,,,,,
,,,,"Nelson, P.A.","1",,,,,,,,,"Food Contamination","2",,,,,,,,,,
,,,,"Orihel, D.M.","1",,,,,,,,,"Food Security","2",,,,,,,,,,
,,,,"Palace, V.","1",,,,,,,,,"Food Supply","2",,,,,,,,,,
,,,,"Paterson, A.M.","1",,,,,,,,,"Food Webs","2",,,,,,,,,,
,,,,"Paterson, M.J.","1",,,,,,,,,"Forest Fire","2",,,,,,,,,,
,,,,"Pedro, S.","1",,,,,,,,,"Geologic Sediments","2",,,,,,,,,,
,,,,"Peers, M.J.L.","1",,,,,,,,,"Interview","2",,,,,,,,,,
,,,,"Peter, B.","1",,,,,,,,,"Interviews As Topic","2",,,,,,,,,,
,,,,"Piché, L.","1",,,,,,,,,"Isolation And Purification","2",,,,,,,,,,
,,,,"Pinel-Alloul, B.","1",,,,,,,,,"James Bay","2",,,,,,,,,,
,,,,"Planas, D.","1",,,,,,,,,"Lake","2",,,,,,,,,,
,,,,"Plante, M.","1",,,,,,,,,"Male","2",,,,,,,,,,
,,,,"Pohl, G.R.","1",,,,,,,,,"Mammalia","2",,,,,,,,,,
,,,,"Popko, R.A.","1",,,,,,,,,"Mesocosm","2",,,,,,,,,,
,,,,"Pybus, M.","1",,,,,,,,,"Models, Theoretical","2",,,,,,,,,,
,,,,"Ramcharan, C.W.","1",,,,,,,,,"Moose","2",,,,,,,,,,
,,,,"Ramsfield, T.","1",,,,,,,,,"Periphyton","2",,,,,,,,,,
,,,,"Rokaya, P.","1",,,,,,,,,"Pisces","2",,,,,,,,,,
,,,,"Row, J.R.","1",,,,,,,,,"Population Distribution","2",,,,,,,,,,
,,,,"Royer, M.J.S.","1",,,,,,,,,"Psychological Aspect","2",,,,,,,,,,
,,,,"Rusak, J.A.","1",,,,,,,,,"Salmonidae","2",,,,,,,,,,
,,,,"Ryall, K.","1",,,,,,,,,"Sediment","2",,,,,,,,,,
,,,,"Sanipelli, B.","1",,,,,,,,,"Species Diversity","2",,,,,,,,,,
,,,,"Sanyal, P.R.","1",,,,,,,,,"Statistics","2",,,,,,,,,,
,,,,"Sauvé, S.","1",,,,,,,,,"Stizostedion Vitreum","2",,,,,,,,,,
,,,,"Scarr, T.","1",,,,,,,,,"Survival","2",,,,,,,,,,
,,,,"Schetagne, R.","1",,,,,,,,,"Temperature","2",,,,,,,,,,
,,,,"Sereda, J.","1",,,,,,,,,"Temporal Variation","2",,,,,,,,,,
,,,,"Sheppard, S.C.","1",,,,,,,,,"Theoretical Model","2",,,,,,,,,,
,,,,"Somers, K.M.","1",,,,,,,,,"Time","2",,,,,,,,,,
,,,,"Spiegelaar, N.F.","1",,,,,,,,,"Tissue Distribution","2",,,,,,,,,,
,,,,"St-Laurent, M.H.","1",,,,,,,,,"Tree","2",,,,,,,,,,
,,,,"Swanson, H.K.","1",,,,,,,,,"Trees","2",,,,,,,,,,
,,,,"Tam, B.","1",,,,,,,,,"Water Quality","2",,,,,,,,,,
,,,,"Tang, R.W.K.","1",,,,,,,,,"Watersheds","2",,,,,,,,,,
,,,,"Thompson, L.M.","1",,,,,,,,,"White Tailed Deer","2",,,,,,,,,,
,,,,"Thornton, D.","1",,,,,,,,,"Winter","2",,,,,,,,,,
,,,,"Thornton, D.H.","1",,,,,,,,,"129 I","1",,,,,,,,,,
,,,,"Toews, M.","1",,,,,,,,,"36 Cl","1",,,,,,,,,,
,,,,"Tomy, G.T.","1",,,,,,,,,"Abies","1",,,,,,,,,,
,,,,"Tye Gingras, C.","1",,,,,,,,,"Abies Balsamea","1",,,,,,,,,,
,,,,"Veitch, A.M.","1",,,,,,,,,"Aboriginal Issues","1",,,,,,,,,,
,,,,"Verocai, G.G.","1",,,,,,,,,"Advection-diffusion Model","1",,,,,,,,,,
,,,,"Wehtje, M.","1",,,,,,,,,"Aged","1",,,,,,,,,,
,,,,"Wilson, P.J.","1",,,,,,,,,"Agricultural Landscapes","1",,,,,,,,,,
,,,,"Yan, N.D.","1",,,,,,,,,"Agroecosystems","1",,,,,,,,,,
,,,,"Yemshanov, D.","1",,,,,,,,,"Air Pollutants","1",,,,,,,,,,
,,,,"Émard, B.","1",,,,,,,,,"American Indian","1",,,,,,,,,,
,,,,,,,,,,,,,,"Ammodytes","1",,,,,,,,,,
,,,,,,,,,,,,,,"Amphipod","1",,,,,,,,,,
,,,,,,,,,,,,,,"Amphipoda","1",,,,,,,,,,
,,,,,,,,,,,,,,"Analysis","1",,,,,,,,,,
,,,,,,,,,,,,,,"Animal Behavior","1",,,,,,,,,,
,,,,,,,,,,,,,,"Animal Disease","1",,,,,,,,,,
,,,,,,,,,,,,,,"Animal Dispersal","1",,,,,,,,,,
,,,,,,,,,,,,,,"Animal Experiment","1",,,,,,,,,,
,,,,,,,,,,,,,,"Animal Movement","1",,,,,,,,,,
,,,,,,,,,,,,,,"Animals, Wild","1",,,,,,,,,,
,,,,,,,,,,,,,,"Anthropogenic Disturbance","1",,,,,,,,,,
,,,,,,,,,,,,,,"Aquatic Environments","1",,,,,,,,,,
,,,,,,,,,,,,,,"Aquatic Toxicology","1",,,,,,,,,,
,,,,,,,,,,,,,,"Arctic Environment","1",,,,,,,,,,
,,,,,,,,,,,,,,"Asia","1",,,,,,,,,,
,,,,,,,,,,,,,,"Assessment","1",,,,,,,,,,
,,,,,,,,,,,,,,"Athabasca","1",,,,,,,,,,
,,,,,,,,,,,,,,"Athabasca River","1",,,,,,,,,,
,,,,,,,,,,,,,,"Athabasca River Basin","1",,,,,,,,,,
,,,,,,,,,,,,,,"Atmospheric Depositions","1",,,,,,,,,,
,,,,,,,,,,,,,,"Attitude To Health","1",,,,,,,,,,
,,,,,,,,,,,,,,"Bacillariophyta","1",,,,,,,,,,
,,,,,,,,,,,,,,"Barren-ground Caribou","1",,,,,,,,,,
,,,,,,,,,,,,,,"Bathurst Caribou Herd","1",,,,,,,,,,
,,,,,,,,,,,,,,"Behavior, Animal","1",,,,,,,,,,
,,,,,,,,,,,,,,"Benthic Macroinvertebrates","1",,,,,,,,,,
,,,,,,,,,,,,,,"Benthivores","1",,,,,,,,,,
,,,,,,,,,,,,,,"Benthivory","1",,,,,,,,,,
,,,,,,,,,,,,,,"Bioavailability","1",,,,,,,,,,
,,,,,,,,,,,,,,"Biological Controls","1",,,,,,,,,,
,,,,,,,,,,,,,,"Biological Invasions","1",,,,,,,,,,
,,,,,,,,,,,,,,"Biological Model","1",,,,,,,,,,
,,,,,,,,,,,,,,"Biological Uptake","1",,,,,,,,,,
,,,,,,,,,,,,,,"Biomagnification","1",,,,,,,,,,
