﻿Scopus refine results values

"Your query : ((TITLE-ABS-KEY((Boreal OR {James Bay} OR James-Bay OR {Clay Belt} OR {canadian shield}) AND (Canada OR Quebec OR Ontario OR newfoundland OR Alberta OR British-Columbia) ) AND PUBYEAR > 1999 AND PUBYEAR < 2020) AND (TITLE-ABS-KEY((Forest AND Fire) OR ""Wildfire"" OR ""crown fire"" OR ""Wildland fire"" ) AND PUBYEAR > 1999 AND PUBYEAR < 2020) AND (TITLE-ABS-KEY(Water AND  (quality OR lake OR river OR stream)) AND PUBYEAR > 1999 AND PUBYEAR < 2020))"


Number of results : 56

"ACCESS TYPE",,"YEAR",,"AUTHOR NAME",,"SUBJECT AREA",,"DOCUMENT TYPE",,"PUBLICATION STAGE",,"SOURCE TITLE",,"KEYWORD",,"AFFILIATION",,"FUNDING SPONSOR",,"COUNTRY",,"SOURCE TYPE",,"LANGUAGE",
"Open Access","9","2019","5","Carignan, R.","6","Agricultural and Biological Sciences","28","Article","49","final","56","Canadian Journal Of Fisheries And Aquatic Sciences","5","Canada","46","University of Alberta","18","Natural Sciences and Engineering Research Council of Canada","11","Canada","55","Journals","54","English","54"
"Other","47","2018","3","Prepas, E.E.","6","Arts and Humanities","2","Conference Paper","3",,,"Canadian Journal Of Forest Research","3","Boreal Forest","24","University of Montreal","9","Imperial Oil Limited","3","United States","6","Books","1","French","2"
,,"2017","2","Pinel-Alloul, B.","5","Chemistry","2","Review","3",,,"Biogeosciences","2","Forest Fire","23","Lakehead University","8","Suncor Energy Incorporated","3","France","4","Trade Publications","1",,
,,"2016","2","Bergeron, Y.","4","Earth and Planetary Sciences","14","Book","1",,,"Ecosystems","2","Fires","18","Université du Québec à Montréal","8","Canadian Forest Service","2","United Kingdom","2",,,,
,,"2015","2","Carcaillet, C.","3","Energy","1",,,,,"Environmental Science And Technology","2","Forestry","17","Canadian Forest Service","5","Manitoba Hydro","2","Austria","1",,,,
,,"2014","1","Planas, D.","3","Engineering","1",,,,,"Global Change Biology","2","Fire","15","Université Laval","5","Natural Resources Canada","2","Finland","1",,,,
,,"2013","1","Prairie, Y.T.","3","Environmental Science","36",,,,,"Journal Of Ecology","2","Lakes","15","Environment Canada","4","Shell Canada","2","Netherlands","1",,,,
,,"2012","1","Ali, A.A.","2","Immunology and Microbiology","1",,,,,"Journal Of Environmental Engineering And Science","2","North America","14","University of Calgary","4","Academy of Finland","1",,,,,,
,,"2010","1","Burke, J.M.","2","Medicine","1",,,,,"Journal Of Hydrology","2","Water Quality","14","University of Waterloo","4","Campus Alberta Neuroscience","1",,,,,,
,,"2009","6","Bégin, Y.","2",,,,,,,"Revue Des Sciences De L Eau","2","Wildfire","14","McGill University","3","Canadian Foundation for Climate and Atmospheric Sciences","1",,,,,,
,,"2008","1","Chen, H.Y.H.","2",,,,,,,"Water Air And Soil Pollution","2","Climate Change","13","Universite du Quebec en Abitibi-Temiscamingue","3","Canadian Natural Resources Limited","1",,,,,,
,,"2007","4","Davidson, S.J.","2",,,,,,,"Biogeochemistry","1","Lake","12","Ontario Ministry of Natural Resources","3","Department for Business, Energy and Industrial Strategy, UK Government","1",,,,,,
,,"2006","1","Devito, K.J.","2",,,,,,,"Canadian Journal Of Botany","1","Dissolved Organic Carbon","9","École Pratique des Hautes Etudes","3","Electric Power Research Institute","1",,,,,,
,,"2005","4","Elmes, M.C.","2",,,,,,,"Critical Reviews In Plant Sciences","1","Forest Fires","9","Université de Montpellier","3","Environment and Climate Change Canada","1",,,,,,
,,"2004","2","Garcia, E.","2",,,,,,,"Ecohydrology","1","Peatland","9","Freshwater Institute, Fisheries and Oceans Canada","2","Fisheries and Oceans Canada","1",,,,,,
,,"2003","4","Mallik, A.U.","2",,,,,,,"Ecological Applications","1","Watersheds","9","University of Manitoba","2","National Eye Research Centre","1",,,,,,
,,"2002","4","Olefeldt, D.","2",,,,,,,"Ecological Monographs","1","Deforestation","8","Harvard University","2","Organization of American States","1",,,,,,
,,"2001","4","Paszkowski, C.A.","2",,,,,,,"Environmental Monitoring And Assessment","1","Ecosystems","8","Fisheries and Oceans Canada","2","Parks Canada","1",,,,,,
,,"2000","8","Patoine, A.","2",,,,,,,"Environmental Research Letters","1","Environmental Monitoring","8","Queen's University, Kingston","2","Polar Knowledge Canada","1",,,,,,
,,,,"Petrone, R.","2",,,,,,,"Environmental Reviews","1","Forest","8","University of Toronto","2","Research and Development","1",,,,,,
,,,,"Price, J.S.","2",,,,,,,"Environmental Toxicology And Chemistry","1","Harvesting","7","Alberta Research Council","2","Undefined","38",,,,,,
,,,,"Saint-Germain, M.","2",,,,,,,"Firestorm How Wildfire Will Shape Our Future","1","Lake Ecosystem","7","University of Ottawa, Canada","2",,,,,,,,
,,,,"Scrimgeour, G.J.","2",,,,,,,"Forest Ecology And Management","1","Organic Carbon","7","Northern Forestry Centre","2",,,,,,,,
,,,,"Steedman, R.","2",,,,,,,"Forestry Chronicle","1","Watershed","7","McMaster University","2",,,,,,,,
,,,,"Strack, M.","2",,,,,,,"Forests","1","Wetlands","7","University of Wisconsin-Madison","2",,,,,,,,
,,,,"Tonn, W.M.","2",,,,,,,"Freshwater Biology","1","Alberta","6","Institut National de la Recherche Scientifique","2",,,,,,,,
,,,,"Waddington, J.M.","2",,,,,,,"Geomorphology","1","Article","6","Government of the Northwest Territories","2",,,,,,,,
,,,,"Aaltonen, H.","1",,,,,,,"Global Biogeochemical Cycles","1","Boreal","6","McMaster University, Faculty of Science","2",,,,,,,,
,,,,"Aku, P.M.K.","1",,,,,,,"Holocene","1","Boreal Forests","6","Health Surveillance Branch","1",,,,,,,,
,,,,"Allen, E.W.","1",,,,,,,"Hydrological Processes","1","Disturbance","6","Millar Western Forest Products Ltd.","1",,,,,,,,
,,,,"Amiro, B.","1",,,,,,,"Hydrology And Earth System Sciences","1","Lake Water","6","Canadian Parks and Wilderness Society - Yukon Chapter","1",,,,,,,,
,,,,"Amos, H.M.","1",,,,,,,"Journal Of Paleolimnology","1","Logging","6","Wilfred Laurier University","1",,,,,,,,
,,,,"Arseneault, D.","1",,,,,,,"Journal Of Plankton Research","1","Water Sampling","6","Forest Management Division","1",,,,,,,,
,,,,"Asselin, H.","1",,,,,,,"Journal Of Quaternary Science","1","Biomass","5","Center for Conservation and Sustainability","1",,,,,,,,
,,,,"Beaty, K.","1",,,,,,,"Lake And Reservoir Management","1","Catchment","5","Le réseau de l'Université du Québec","1",,,,,,,,
,,,,"Benoy, G.","1",,,,,,,"NCASI Technical Bulletin","1","Concentration (composition)","5","Helsingin Yliopisto","1",,,,,,,,
,,,,"Berninger, F.","1",,,,,,,"Natural Hazards And Earth System Sciences","1","Forest Management","5","ORNL Environmental Sciences Division","1",,,,,,,,
,,,,"Biasi, C.","1",,,,,,,"Palaeogeography Palaeoclimatology Palaeoecology","1","Forests","5","Osterreichische Akademie Der Wissenschaften","1",,,,,,,,
,,,,"Blais, J.M.","1",,,,,,,"Remote Sensing","1","Holocene","5","Université du Québec à Rimouski","1",,,,,,,,
,,,,"Brown, K.J.","1",,,,,,,"Science Of The Total Environment","1","Picea Mariana","5","Delft University of Technology","1",,,,,,,,
,,,,"Bruckman, V.","1",,,,,,,"Soil Biology And Biochemistry","1","Quebec","5","Ontario Ministry of the Environment","1",,,,,,,,
,,,,"Burd, K.","1",,,,,,,,,"Quebec [Canada]","5","Potato Research Centre","1",,,,,,,,
,,,,"Campbell, I.D.","1",,,,,,,,,"Seasonal Variation","5","The University of British Columbia","1",,,,,,,,
,,,,"Cash, K.","1",,,,,,,,,"Water Pollution","5","University of British Columbia Okanagan","1",,,,,,,,
,,,,"Charette, T.","1",,,,,,,,,"Water Sheds","5","University of Saskatchewan","1",,,,,,,,
,,,,"Conder, N.","1",,,,,,,,,"Zooplankton","5","University of Washington, Seattle","1",,,,,,,,
,,,,"Cumming, B.F.","1",,,,,,,,,"Biodiversity","4","University of Guelph","1",,,,,,,,
,,,,"Cumming, S.G.","1",,,,,,,,,"Biogeochemistry","4","Royal British Columbia Museum","1",,,,,,,,
,,,,"D'Arcy, P.","1",,,,,,,,,"Carbon","4","Carleton University","1",,,,,,,,
,,,,"DeLancey, E.R.","1",,,,,,,,,"Climate","4","University of Birmingham","1",,,,,,,,
,,,,"Delwaide, A.","1",,,,,,,,,"Community Structure","4","Agriculture et Agroalimentaire Canada","1",,,,,,,,
,,,,"Denneler, B.","1",,,,,,,,,"Ecosystem","4","Université du Québec à Trois-Rivières","1",,,,,,,,
,,,,"Depante, M.","1",,,,,,,,,"Fire History","4","Natural Resources Canada","1",,,,,,,,
,,,,"Desrosiers, M.","1",,,,,,,,,"Fort McMurray","4","Oak Ridge National Laboratory","1",,,,,,,,
,,,,"Dinsmore, W.P.","1",,,,,,,,,"Phosphorus","4","University of Lethbridge","1",,,,,,,,
,,,,"Dion, N.","1",,,,,,,,,"Runoff","4","Conseil de recherches en sciences naturelles et en génie du Canada","1",,,,,,,,
,,,,"Dong, W.","1",,,,,,,,,"Water Contamination","4","INRS- Centre Eau, Terre &amp; Environnement","1",,,,,,,,
,,,,"Drapeau, P.","1",,,,,,,,,"Animals","3","University of Cambridge","1",,,,,,,,
,,,,"Eickmeyer, D.C.","1",,,,,,,,,"Bacillariophyta","3","Pacific Forestry Centre","1",,,,,,,,
,,,,"Emmerton, C.A.","1",,,,,,,,,"Bioaccumulation","3","Harvard T.H. Chan School of Public Health","1",,,,,,,,
,,,,"Flannigan, M.D.","1",,,,,,,,,"British Columbia","3","Concordia University","1",,,,,,,,
,,,,"France, R.","1",,,,,,,,,"Catchments","3","Harvard John A. Paulson School of Engineering and Applied Sciences","1",,,,,,,,
,,,,"France, R.L.","1",,,,,,,,,"Catostomus Commersoni","3","Jacques Whitford Ltd.","1",,,,,,,,
,,,,"Fréchette, B.","1",,,,,,,,,"Cellular Organisms","3","Ministry of Forests and Range","1",,,,,,,,
,,,,"Gabos, S.","1",,,,,,,,,"Charcoal","3","Institut international du développement durable","1",,,,,,,,
,,,,"Gates, C.C.","1",,,,,,,,,"Community Composition","3","Itä-Suomen yliopisto","1",,,,,,,,
,,,,"Gauthier, S.","1",,,,,,,,,"Conservation Of Natural Resources","3","Department of Water Management, TU Delft","1",,,,,,,,
,,,,"Geertsema, M.","1",,,,,,,,,"Controlled Study","3",,,,,,,,,,
,,,,"Gennaretti, F.","1",,,,,,,,,"Crustacea","3",,,,,,,,,,
,,,,"Gibson, J.J.","1",,,,,,,,,"Deposition","3",,,,,,,,,,
,,,,"Goater, C.","1",,,,,,,,,"Diatom","3",,,,,,,,,,
,,,,"Golinski, K.G.","1",,,,,,,,,"Ecological Impact","3",,,,,,,,,,
,,,,"Graydon, J.A.","1",,,,,,,,,"Ecology","3",,,,,,,,,,
,,,,"Greene, D.F.","1",,,,,,,,,"Environmental Disturbance","3",,,,,,,,,,
,,,,"Groulx, S.R.","1",,,,,,,,,"Equidae","3",,,,,,,,,,
,,,,"Hall, B.D.","1",,,,,,,,,"Evapotranspiration","3",,,,,,,,,,
,,,,"Hassan, Q.K.","1",,,,,,,,,"Fire Disturbance","3",,,,,,,,,,
,,,,"Hawkes, B.","1",,,,,,,,,"Fire Frequency","3",,,,,,,,,,
,,,,"Hebda, N.J.","1",,,,,,,,,"Fire Management","3",,,,,,,,,,
,,,,"Hebda, R.J.","1",,,,,,,,,"Groundwater","3",,,,,,,,,,
,,,,"Hesslein, R.","1",,,,,,,,,"Hexapoda","3",,,,,,,,,,
,,,,"Humphreys, E.R.","1",,,,,,,,,"Hydrology","3",,,,,,,,,,
,,,,"Hébert, C.","1",,,,,,,,,"Lake Pollution","3",,,,,,,,,,
,,,,"Jalal, W.","1",,,,,,,,,"Logging (forestry)","3",,,,,,,,,,
,,,,"Karhu, K.","1",,,,,,,,,"Mercury","3",,,,,,,,,,
,,,,"Kelly, C.A.","1",,,,,,,,,"Methylmercury","3",,,,,,,,,,
,,,,"Kettridge, N.","1",,,,,,,,,"Natural Disturbance","3",,,,,,,,,,
,,,,"Kimpe, L.E.","1",,,,,,,,,"Nonhuman","3",,,,,,,,,,
,,,,"Korosi, J.B.","1",,,,,,,,,"Northwest Territories","3",,,,,,,,,,
,,,,"Köster, E.","1",,,,,,,,,"Ontario","3",,,,,,,,,,
,,,,"Köster, K.","1",,,,,,,,,"Permafrost","3",,,,,,,,,,
,,,,"Laird, L.D.","1",,,,,,,,,"Picea","3",,,,,,,,,,
,,,,"Lajeunesse, P.","1",,,,,,,,,"Plankton","3",,,,,,,,,,
,,,,"Lamontagne, S.","1",,,,,,,,,"Plants","3",,,,,,,,,,
,,,,"Lean, D.R.S.","1",,,,,,,,,"Porewater","3",,,,,,,,,,
,,,,"Lehmann, R.","1",,,,,,,,,"Sediments","3",,,,,,,,,,
,,,,"Lehnherr, I.","1",,,,,,,,,"Soil Erosion","3",,,,,,,,,,
,,,,"Leroux, S.J.","1",,,,,,,,,"Stream Flow","3",,,,,,,,,,
,,,,"Lessard, R.B.","1",,,,,,,,,"Vegetation","3",,,,,,,,,,
,,,,"Lindberg, S.E.","1",,,,,,,,,"Water Chemistry","3",,,,,,,,,,
,,,,"Louis, V.L.S.T.","1",,,,,,,,,"Water Table","3",,,,,,,,,,
,,,,"Magnan, P.","1",,,,,,,,,"Abundance","2",,,,,,,,,,
,,,,"Marchand, D.","1",,,,,,,,,"Air Pollutant","2",,,,,,,,,,
,,,,"McCauley, E.","1",,,,,,,,,"Air Pollutants","2",,,,,,,,,,
,,,,"McEachern, P.","1",,,,,,,,,"Algae","2",,,,,,,,,,
,,,,"Moore, P.A.","1",,,,,,,,,"Animalia","2",,,,,,,,,,
,,,,"Moore, T.R.","1",,,,,,,,,"Aquatic Ecosystems","2",,,,,,,,,,
,,,,"Morimoto, D.S.","1",,,,,,,,,"Arctic","2",,,,,,,,,,
,,,,"Morison, M.Q.","1",,,,,,,,,"Atmospheric Deposition","2",,,,,,,,,,
,,,,"Méthot, G.","1",,,,,,,,,"Benthos","2",,,,,,,,,,
,,,,"Nagy, J.","1",,,,,,,,,"Biota","2",,,,,,,,,,
,,,,"Nielsen, S.E.","1",,,,,,,,,"Boreal Plain","2",,,,,,,,,,
,,,,"Palmer, M.J.","1",,,,,,,,,"Burning","2",,,,,,,,,,
,,,,"Palviainen, M.","1",,,,,,,,,"Canadian Shield","2",,,,,,,,,,
,,,,"Paquet, S.","1",,,,,,,,,"Chemical Composition","2",,,,,,,,,,
,,,,"Parisien, M.A.","1",,,,,,,,,"Chlorophyll A","2",,,,,,,,,,
,,,,"Paterson, A.M.","1",,,,,,,,,"Climate Variation","2",,,,,,,,,,
,,,,"Payette, S.","1",,,,,,,,,"Combustion","2",,,,,,,,,,
,,,,"Peters, R.","1",,,,,,,,,"Conference Paper","2",,,,,,,,,,
,,,,"Petrone, R.M.","1",,,,,,,,,"Coniferophyta","2",,,,,,,,,,
,,,,"Philibert, A.","1",,,,,,,,,"Coniferous Forest","2",,,,,,,,,,
,,,,"Pinder, S.","1",,,,,,,,,"Coniferous Tree","2",,,,,,,,,,
,,,,"Pojar, J.J.","1",,,,,,,,,"Diatoms","2",,,,,,,,,,
,,,,"Prepas, E.","1",,,,,,,,,"Drainage","2",,,,,,,,,,
,,,,"Pumpanen, J.","1",,,,,,,,,"Drought","2",,,,,,,,,,
,,,,"Putz, G.","1",,,,,,,,,"Dry Deposition","2",,,,,,,,,,
,,,,"Quinton, W.L.","1",,,,,,,,,"Ecosystem Dynamics","2",,,,,,,,,,
,,,,"Redburn, M.J.","1",,,,,,,,,"Emission","2",,,,,,,,,,
,,,,"Reinhardt, K.","1",,,,,,,,,"Environmental Impact Assessment","2",,,,,,,,,,
,,,,"Richard, P.J.H.","1",,,,,,,,,"Fen","2",,,,,,,,,,
,,,,"Rogers, H.","1",,,,,,,,,"Fire Ecology","2",,,,,,,,,,
,,,,"Rolfhus, K.R.","1",,,,,,,,,"Fire Frequencies","2",,,,,,,,,,
,,,,"Rudd, J.W.M.","1",,,,,,,,,"Fire Hazards","2",,,,,,,,,,
,,,,"Sandilands, K.","1",,,,,,,,,"Firebreaks","2",,,,,,,,,,
,,,,"Schindler, D.W.","1",,,,,,,,,"Fish","2",,,,,,,,,,
,,,,"Schmiegelow, F.K.A.","1",,,,,,,,,"Forecasting","2",,,,,,,,,,
,,,,"Schoups, G.","1",,,,,,,,,"Forest Disturbance","2",,,,,,,,,,
,,,,"Scott, K.J.","1",,,,,,,,,"Fresh Water","2",,,,,,,,,,
,,,,"Sekhon, N.S.","1",,,,,,,,,"Fungi","2",,,,,,,,,,
,,,,"Senici, D.","1",,,,,,,,,"Geochemistry","2",,,,,,,,,,
,,,,"Sherwood, J.H.","1",,,,,,,,,"Insect","2",,,,,,,,,,
,,,,"Shrestha, B.M.","1",,,,,,,,,"Invertebrata","2",,,,,,,,,,
,,,,"Simard, M.","1",,,,,,,,,"Lacustrine Deposit","2",,,,,,,,,,
,,,,"Sleep, R.W.","1",,,,,,,,,"Lake Level","2",,,,,,,,,,
,,,,"Smith, D.W.","1",,,,,,,,,"Landscape","2",,,,,,,,,,
,,,,"Smol, J.P.","1",,,,,,,,,"Little Ice Age","2",,,,,,,,,,
,,,,"Spence, C.","1",,,,,,,,,"Logging (timber)","2",,,,,,,,,,
,,,,"St. Louis, V.L.","1",,,,,,,,,"Macroinvertebrate","2",,,,,,,,,,
,,,,"St. Pierre, K.A.","1",,,,,,,,,"Mercury (element)","2",,,,,,,,,,
,,,,"Steedman, R.J.","1",,,,,,,,,"Mercury (metal)","2",,,,,,,,,,
,,,,"Steffen, A.","1",,,,,,,,,"Methylmercury Compounds","2",,,,,,,,,,
,,,,"Strachan, W.M.J.","1",,,,,,,,,"Nitrogen","2",,,,,,,,,,
,,,,"Strong, W.L.","1",,,,,,,,,"Nutrients","2",,,,,,,,,,
,,,,"Struzik, E.","1",,,,,,,,,"Old-growth Forest","2",,,,,,,,,,
,,,,"Sunderland, E.M.","1",,,,,,,,,"Ontario [Canada]","2",,,,,,,,,,
,,,,"Szeicz, J.M.","1",,,,,,,,,"Paleoecology","2",,,,,,,,,,
,,,,"Tanentzap, A.J.","1",,,,,,,,,"Paleolimnology","2",,,,,,,,,,
,,,,"Tank, S.E.","1",,,,,,,,,"Perca Flavescens","2",,,,,,,,,,
,,,,"Tate, M.","1",,,,,,,,,"Population Dynamics","2",,,,,,,,,,
,,,,"Teichert, S.","1",,,,,,,,,"Precipitation (climatology)","2",,,,,,,,,,
