﻿Scopus refine results values

"Your query : ((TITLE-ABS-KEY((Boreal OR {James Bay} OR James-Bay OR {Clay Belt} OR {canadian shield}) AND Quebec) AND PUBYEAR > 1999 AND PUBYEAR < 2020) AND  (TITLE-ABS-KEY({Climate change} OR {Climatic change} OR {global warming}) AND PUBYEAR > 1999 AND PUBYEAR < 2020) AND (TITLE-ABS-KEY(Harvest* OR Logging OR Cut OR Clear-cut  OR Clearcut OR {Clear Cut}) AND PUBYEAR > 1999 AND PUBYEAR < 2020))"


Number of results : 20

"ACCESS TYPE",,"YEAR",,"AUTHOR NAME",,"SUBJECT AREA",,"DOCUMENT TYPE",,"PUBLICATION STAGE",,"SOURCE TITLE",,"KEYWORD",,"AFFILIATION",,"FUNDING SPONSOR",,"COUNTRY",,"SOURCE TYPE",,"LANGUAGE",
"Open Access","3","2019","7","Bergeron, Y.","5","Agricultural and Biological Sciences","20","Article","19","final","20","Canadian Journal Of Forest Research","5","Canada","16","Universite du Quebec en Abitibi-Temiscamingue","6","Natural Sciences and Engineering Research Council of Canada","9","Canada","20","Journals","19","English","20"
"Other","17","2017","1","Bouchard, M.","3","Biochemistry, Genetics and Molecular Biology","2","Conference Paper","1",,,"Forestry","2","Boreal Forest","15","Université du Québec à Montréal","6","Academy of Natural Sciences of Drexel University","1","Norway","1","Book Series","1",,
,,"2016","1","Gauthier, S.","3","Environmental Science","11",,,,,"Plant And Soil","2","Climate Change","14","Université Laval","6","Association pour la Recherche sur les Tumeurs de la Prostate","1","Spain","1",,,,
,,"2015","1","Boudreault, C.","2","Multidisciplinary","1",,,,,"Biological Conservation","1","Quebec [Canada]","12","Canadian Forest Service","5","BioFuelNet Canada","1","Sweden","1",,,,
,,"2013","2","Dabros, A.","2",,,,,,,"Ecoscience","1","Picea Mariana","7","Natural Resources Canada","4","Fonds QuÃ©bÃ©cois de la Recherche sur la Nature et les Technologies","1","United States","1",,,,
,,"2010","2","Drapeau, P.","2",,,,,,,"Forest Ecology And Management","1","Forest Management","6","Ministère des Forêts de la Faune et des Parcs du Québec","3","Fonds de recherche du Québec – Nature et technologies","1",,,,,,
,,"2009","2","Fyles, J.W.","2",,,,,,,"Forests","1","Forestry","6","McGill University","3","Luonnontieteiden ja Tekniikan Tutkimuksen Toimikunta","1",,,,,,
,,"2005","3","Raulier, F.","2",,,,,,,"Global Ecology And Biogeography","1","Quebec","6","Université du Québec à Rimouski","3","MinistÃ¨re des ForÃªts, de la Faune et des Parcs","1",,,,,,
,,"2000","1","St-Laurent, M.H.","2",,,,,,,"Hydrobiologia","1","Clearcutting","5","Ministère de l‘Energie et des Ressources naturelles du Québec","3","Ministère des Forêts, de la Faune et des Parcs","1",,,,,,
,,,,"Thiffault, E.","2",,,,,,,"Journal Of Mammalogy","1","Abies Balsamea","4","Le réseau de l'Université du Québec","2","Mitacs","1",,,,,,
,,,,"Achim, A.","1",,,,,,,"Nature Plants","1","Climate","4","University of Toronto","2","Natural Resources Canada","1",,,,,,
,,,,"Aquilué, N.","1",,,,,,,"Plos One","1","Coniferous Forest","4","Pacific Forestry Centre","2","Schweizerischer Nationalfonds zur Förderung der Wissenschaftlichen Forschung","1",,,,,,
,,,,"Beguin, J.","1",,,,,,,"Soil Science Society Of America Journal","1","Ecosystems","4","McGill University, Macdonald Campus","2","UniversitÃ© Laval","1",,,,,,
,,,,"Bernier, P.","1",,,,,,,"Studies In Avian Biology","1","Harvesting","4","Raincoast Conservation Foundation","1","UniversitÃ© du QuÃ©bec Ã  MontrÃ©al","1",,,,,,
,,,,"Bertrand, N.","1",,,,,,,,,"North America","4","Forest Sciences Centre of Catalonia CTFC-CEMFOR","1","Undefined","8",,,,,,
,,,,"Brice, M.H.","1",,,,,,,,,"Boreal Forests","3","Ministère des Forêts","1",,,,,,,,
,,,,"Bégin, Y.","1",,,,,,,,,"Climate Effect","3","Environment Canada","1",,,,,,,,
,,,,"Cazelles, K.","1",,,,,,,,,"Climates","3","University of Victoria","1",,,,,,,,
,,,,"Coxson, D.","1",,,,,,,,,"Disturbance","3","University of Arkansas - Fayetteville","1",,,,,,,,
,,,,"Cumming, S.G.","1",,,,,,,,,"Fire","3","University of Montreal","1",,,,,,,,
,,,,"Cyr, D.","1",,,,,,,,,"Fires","3","University of Northern British Columbia","1",,,,,,,,
,,,,"Duchesne, L.","1",,,,,,,,,"Logging","3","University of Guelph","1",,,,,,,,
,,,,"Dussault, C.","1",,,,,,,,,"Timber Harvesting","3","Norwegian Institute for Nature Research","1",,,,,,,,
,,,,"Fauchald, P.","1",,,,,,,,,"Betula Pendula","2","Université du Québec à Chicoutimi","1",,,,,,,,
,,,,"Ferron, J.","1",,,,,,,,,"Black Spruce","2","Sveriges lantbruksuniversitet","1",,,,,,,,
,,,,"Fortin, D.","1",,,,,,,,,"Bryophyta","2","Conseil de recherches en sciences naturelles et en génie du Canada","1",,,,,,,,
,,,,"Fortin, M.J.","1",,,,,,,,,"Carbon","2","University of Alberta","1",,,,,,,,
,,,,"Frasier, R.","1",,,,,,,,,"Choristoneura Fumiferana","2","Consortium Ouranos, Canada","1",,,,,,,,
,,,,"Girona, M.M.","1",,,,,,,,,"Ecology","2",,,,,,,,,,
,,,,"Grenier, D.J.","1",,,,,,,,,"Ecosystem Management","2",,,,,,,,,,
,,,,"Hannon, S.J.","1",,,,,,,,,"Environmental Disturbance","2",,,,,,,,,,
,,,,"Hausmann, S.","1",,,,,,,,,"Environmental Factor","2",,,,,,,,,,
,,,,"Houle, D.","1",,,,,,,,,"Evernia","2",,,,,,,,,,
,,,,"Imbeau, L.","1",,,,,,,,,"Evernia Mesomorpha","2",,,,,,,,,,
,,,,"Jetté, J.P.","1",,,,,,,,,"Forest Dynamics","2",,,,,,,,,,
,,,,"Kneeshaw, D.","1",,,,,,,,,"Global Change","2",,,,,,,,,,
,,,,"Kurz, W.","1",,,,,,,,,"Growth Response","2",,,,,,,,,,
,,,,"Lajoie, G.","1",,,,,,,,,"Habitat Use","2",,,,,,,,,,
,,,,"Lambert, M.C.","1",,,,,,,,,"Human Activity","2",,,,,,,,,,
,,,,"Lavoie, J.","1",,,,,,,,,"James Bay","2",,,,,,,,,,
,,,,"Leclerc, M.","1",,,,,,,,,"Lakes","2",,,,,,,,,,
,,,,"Leduc, A.","1",,,,,,,,,"Lichen","2",,,,,,,,,,
,,,,"Legendre, P.","1",,,,,,,,,"Natural Disturbance","2",,,,,,,,,,
,,,,"McIntire, E.J.B.","1",,,,,,,,,"Open-top Chamber","2",,,,,,,,,,
,,,,"Moore, T.R.","1",,,,,,,,,"Open-top Chambers","2",,,,,,,,,,
,,,,"Morin, H.","1",,,,,,,,,"Physiology","2",,,,,,,,,,
,,,,"Ouzennou, H.","1",,,,,,,,,"Picea","2",,,,,,,,,,
,,,,"Paradis, L.","1",,,,,,,,,"Pinus Banksiana","2",,,,,,,,,,
,,,,"Paré, D.","1",,,,,,,,,"Population Distribution","2",,,,,,,,,,
,,,,"Pelletier, L.","1",,,,,,,,,"Prediction","2",,,,,,,,,,
,,,,"Pienitz, R.","1",,,,,,,,,"Reforestation","2",,,,,,,,,,
,,,,"Potvin, F.","1",,,,,,,,,"Soil Moisture","2",,,,,,,,,,
,,,,"Périé, C.","1",,,,,,,,,"Soil Temperature","2",,,,,,,,,,
,,,,"Racine, P.","1",,,,,,,,,"Sphagnum","2",,,,,,,,,,
,,,,"Sage, L.K.","1",,,,,,,,,"Sustainability","2",,,,,,,,,,
,,,,"Smith, C.T.","1",,,,,,,,,"Temperate Forest","2",,,,,,,,,,
,,,,"Splawinski, T.B.","1",,,,,,,,,"Temperature Effect","2",,,,,,,,,,
,,,,"Stevenson, S.","1",,,,,,,,,"Trees","2",,,,,,,,,,
,,,,"Stien, A.","1",,,,,,,,,"Β-diversity","1",,,,,,,,,,
,,,,"Strachan, I.B.","1",,,,,,,,,"Abies","1",,,,,,,,,,
,,,,"Tarroux, A.","1",,,,,,,,,"Abies Lasiocarpa","1",,,,,,,,,,
,,,,"Tremblay, M.","1",,,,,,,,,"Abundance","1",,,,,,,,,,
,,,,"Tveraa, T.","1",,,,,,,,,"Acid Soil","1",,,,,,,,,,
,,,,"Ullah, S.","1",,,,,,,,,"Activity Pattern","1",,,,,,,,,,
,,,,"Vijayakumar, D.B.I.P.","1",,,,,,,,,"Age Class","1",,,,,,,,,,
,,,,,,,,,,,,,,"Age Structure","1",,,,,,,,,,
,,,,,,,,,,,,,,"Air Temperature And Humidity Responses","1",,,,,,,,,,
,,,,,,,,,,,,,,"Alectoria","1",,,,,,,,,,
,,,,,,,,,,,,,,"Alectoria Sarmentosa","1",,,,,,,,,,
,,,,,,,,,,,,,,"Alnus","1",,,,,,,,,,
,,,,,,,,,,,,,,"Altitude","1",,,,,,,,,,
,,,,,,,,,,,,,,"Animal","1",,,,,,,,,,
,,,,,,,,,,,,,,"Animal Dispersal","1",,,,,,,,,,
,,,,,,,,,,,,,,"Animal Distribution","1",,,,,,,,,,
,,,,,,,,,,,,,,"Animals","1",,,,,,,,,,
,,,,,,,,,,,,,,"Anthropogenic Effect","1",,,,,,,,,,
,,,,,,,,,,,,,,"Anthropogenic Influence","1",,,,,,,,,,
,,,,,,,,,,,,,,"Article","1",,,,,,,,,,
,,,,,,,,,,,,,,"Atmospheric Chemistry","1",,,,,,,,,,
,,,,,,,,,,,,,,"Aves","1",,,,,,,,,,
,,,,,,,,,,,,,,"Bacillariophyta","1",,,,,,,,,,
,,,,,,,,,,,,,,"Balsam Fir","1",,,,,,,,,,
,,,,,,,,,,,,,,"Benthos","1",,,,,,,,,,
,,,,,,,,,,,,,,"Biodiversity","1",,,,,,,,,,
,,,,,,,,,,,,,,"Biogeochemistry","1",,,,,,,,,,
,,,,,,,,,,,,,,"Biotelemetry","1",,,,,,,,,,
,,,,,,,,,,,,,,"Bird Communities","1",,,,,,,,,,
,,,,,,,,,,,,,,"Black Spruce Forests","1",,,,,,,,,,
,,,,,,,,,,,,,,"Black Spruces","1",,,,,,,,,,
,,,,,,,,,,,,,,"Black-backed Woodpeckers","1",,,,,,,,,,
,,,,,,,,,,,,,,"Boreal Coniferous Forests","1",,,,,,,,,,
,,,,,,,,,,,,,,"Boreal Forest Ecosystems","1",,,,,,,,,,
,,,,,,,,,,,,,,"Broad-leaved Forest","1",,,,,,,,,,
,,,,,,,,,,,,,,"Bryoria","1",,,,,,,,,,
,,,,,,,,,,,,,,"Bryoria Nadvornikiana","1",,,,,,,,,,
,,,,,,,,,,,,,,"Budget Control","1",,,,,,,,,,
,,,,,,,,,,,,,,"Buprestidae","1",,,,,,,,,,
,,,,,,,,,,,,,,"Burns","1",,,,,,,,,,
,,,,,,,,,,,,,,"C/N Ratios","1",,,,,,,,,,
,,,,,,,,,,,,,,"Carbon Balance","1",,,,,,,,,,
,,,,,,,,,,,,,,"Carbon Cycle","1",,,,,,,,,,
,,,,,,,,,,,,,,"Carbon Dioxide","1",,,,,,,,,,
,,,,,,,,,,,,,,"Catchment","1",,,,,,,,,,
,,,,,,,,,,,,,,"Catchments","1",,,,,,,,,,
,,,,,,,,,,,,,,"Cerambycidae","1",,,,,,,,,,
,,,,,,,,,,,,,,"Ch4 Fluxes","1",,,,,,,,,,
,,,,,,,,,,,,,,"Chlorophyll","1",,,,,,,,,,
,,,,,,,,,,,,,,"Chlorophyll A","1",,,,,,,,,,
,,,,,,,,,,,,,,"Chlorophylls","1",,,,,,,,,,
,,,,,,,,,,,,,,"Chronosequence","1",,,,,,,,,,
,,,,,,,,,,,,,,"Cladonia","1",,,,,,,,,,
,,,,,,,,,,,,,,"Clearcut","1",,,,,,,,,,
,,,,,,,,,,,,,,"Climate Change Simulation","1",,,,,,,,,,
,,,,,,,,,,,,,,"Climate Models","1",,,,,,,,,,
,,,,,,,,,,,,,,"Closed Chambers","1",,,,,,,,,,
,,,,,,,,,,,,,,"Co2 Emissions","1",,,,,,,,,,
,,,,,,,,,,,,,,"Coleoptera","1",,,,,,,,,,
,,,,,,,,,,,,,,"Community Dynamics","1",,,,,,,,,,
,,,,,,,,,,,,,,"Community Temperature Index","1",,,,,,,,,,
,,,,,,,,,,,,,,"Community Temporal Change","1",,,,,,,,,,
,,,,,,,,,,,,,,"Comparative Study","1",,,,,,,,,,
,,,,,,,,,,,,,,"Coniferophyta","1",,,,,,,,,,
,,,,,,,,,,,,,,"Coniferous Tree","1",,,,,,,,,,
,,,,,,,,,,,,,,"Conservation Of Natural Resources","1",,,,,,,,,,
,,,,,,,,,,,,,,"Coppice","1",,,,,,,,,,
,,,,,,,,,,,,,,"Curl","1",,,,,,,,,,
,,,,,,,,,,,,,,"Deciduous Forest","1",,,,,,,,,,
,,,,,,,,,,,,,,"Deciduous Forests","1",,,,,,,,,,
,,,,,,,,,,,,,,"Deciduous Tree","1",,,,,,,,,,
,,,,,,,,,,,,,,"Decomposition","1",,,,,,,,,,
,,,,,,,,,,,,,,"Decomposition Rates","1",,,,,,,,,,
,,,,,,,,,,,,,,"Dendrochronology","1",,,,,,,,,,
,,,,,,,,,,,,,,"Densitometry","1",,,,,,,,,,
,,,,,,,,,,,,,,"Diatom","1",,,,,,,,,,
,,,,,,,,,,,,,,"Diatoms","1",,,,,,,,,,
,,,,,,,,,,,,,,"Dicotyledon","1",,,,,,,,,,
,,,,,,,,,,,,,,"Dissolution","1",,,,,,,,,,
,,,,,,,,,,,,,,"Dissolved Organic Carbon","1",,,,,,,,,,
,,,,,,,,,,,,,,"Disturbances","1",,,,,,,,,,
,,,,,,,,,,,,,,"Drought","1",,,,,,,,,,
,,,,,,,,,,,,,,"Droughts","1",,,,,,,,,,
,,,,,,,,,,,,,,"Ecosystem","1",,,,,,,,,,
,,,,,,,,,,,,,,"Ecosystem Function","1",,,,,,,,,,
,,,,,,,,,,,,,,"Ecosystem Resilience","1",,,,,,,,,,
,,,,,,,,,,,,,,"Ecosystem Response","1",,,,,,,,,,
,,,,,,,,,,,,,,"Ecotone","1",,,,,,,,,,
,,,,,,,,,,,,,,"Edge Effect","1",,,,,,,,,,
,,,,,,,,,,,,,,"Edges","1",,,,,,,,,,
,,,,,,,,,,,,,,"Empirical Analysis","1",,,,,,,,,,
,,,,,,,,,,,,,,"Empirical Estimate","1",,,,,,,,,,
,,,,,,,,,,,,,,"Endangered Species","1",,,,,,,,,,
,,,,,,,,,,,,,,"Environmental Conditions","1",,,,,,,,,,
,,,,,,,,,,,,,,"Environmental Protection","1",,,,,,,,,,
,,,,,,,,,,,,,,"Epiphyte","1",,,,,,,,,,
,,,,,,,,,,,,,,"Epiphytes","1",,,,,,,,,,
,,,,,,,,,,,,,,"Epiphytic Lichen Conservation","1",,,,,,,,,,
,,,,,,,,,,,,,,"Epiphytic Lichen Growth","1",,,,,,,,,,
,,,,,,,,,,,,,,"Evaporation","1",,,,,,,,,,
,,,,,,,,,,,,,,"Even-age Forest Management","1",,,,,,,,,,
,,,,,,,,,,,,,,"Evergreen Tree","1",,,,,,,,,,
