﻿Scopus refine results values

"Your query : ((TITLE-ABS-KEY((Boreal OR {James Bay} OR James-Bay OR {Clay Belt} OR {canadian shield}) AND (Canada OR Quebec OR Ontario OR newfoundland OR Alberta OR British-Columbia) ) AND PUBYEAR > 1999 AND PUBYEAR < 2020) AND (TITLE-ABS-KEY(Silvicultur* OR Intensive OR {Site preparation}   OR Plantation OR   {Tree planting}) AND PUBYEAR > 1999 AND PUBYEAR < 2020) AND (TITLE-ABS-KEY({tree composition} OR {tree species composition} OR {Stand composition} OR {tree assemblage} OR {tree species assemblage}  ) AND PUBYEAR > 1999 AND PUBYEAR < 2020))"


Number of results : 8

"ACCESS TYPE",,"YEAR",,"AUTHOR NAME",,"SUBJECT AREA",,"DOCUMENT TYPE",,"PUBLICATION STAGE",,"SOURCE TITLE",,"KEYWORD",,"AFFILIATION",,"FUNDING SPONSOR",,"COUNTRY",,"SOURCE TYPE",,"LANGUAGE",
"Open Access","1","2012","1","Bell, F.W.","2","Agricultural and Biological Sciences","8","Article","8","final","8","Forest Ecology And Management","4","Canada","8","Le réseau de l'Université du Québec","2","Natural Sciences and Engineering Research Council of Canada","3","Canada","8","Journals","8","English","8"
"Other","7","2010","3","Chen, H.Y.H.","2","Environmental Science","5",,,,,"Canadian Journal Of Forest Research","1","Boreal Forest","7","Ontario Ministry of Natural Resources","2","Luonnontieteiden ja Tekniikan Tutkimuksen Toimikunta","1","China","1",,,,
,,"2007","1","Bartemucci, P.","1","Immunology and Microbiology","1",,,,,"Forestry","1","Silviculture","6","Ontario Forest Research Institute","2","Ministry of Education of the People's Republic of China","1","France","1",,,,
,,"2006","2","Bedford, L.","1",,,,,,,"Forestry Chronicle","1","Coniferous Tree","4","Lakehead University","2","University of Alberta","1",,,,,,
,,"2004","1","Bergeron, Y.","1",,,,,,,"Soil Biology And Biochemistry","1","Forestry","4","Département des Sciences Biologiques","1","Undefined","4",,,,,,
,,,,"Byman, W.J.","1",,,,,,,,,"North America","4","Skeena Forestry Consultants","1",,,,,,,,
,,,,"Béland, M.","1",,,,,,,,,"Picea Glauca","4","Gentian Botanical Research","1",,,,,,,,
,,,,"Calmels, S.","1",,,,,,,,,"Picea Mariana","4","WWF-Canada","1",,,,,,,,
,,,,"Cimon-Morin, J.","1",,,,,,,,,"Coniferophyta","3","Ecl. Sup. d'Agriculture de Purpan","1",,,,,,,,
,,,,"Darveau, M.","1",,,,,,,,,"Forestry Practice","3","Universite du Quebec en Abitibi-Temiscamingue","1",,,,,,,,
,,,,"Drever, C.R.","1",,,,,,,,,"Harvesting","3","Canadian Forest Service","1",,,,,,,,
,,,,"Drever, M.C.","1",,,,,,,,,"Pinus Banksiana","3","Universite de Moncton","1",,,,,,,,
,,,,"Fu, S.","1",,,,,,,,,"Regeneration","3","The University of British Columbia","1",,,,,,,,
,,,,"Gendreau-Berthiaume, B.","1",,,,,,,,,"Abies","2","Anhui Agricultural University","1",,,,,,,,
,,,,"Haeussler, S.","1",,,,,,,,,"Abies Balsamea","2","Nature Conservancy","1",,,,,,,,
,,,,"Hannam, K.D.","1",,,,,,,,,"Black Spruce","2","University of Alberta","1",,,,,,,,
,,,,"Harvey, B.D.","1",,,,,,,,,"Clearcutting","2","Northern Forestry Centre","1",,,,,,,,
,,,,"Kishchuk, B.E.","1",,,,,,,,,"Community Composition","2","Université Laval","1",,,,,,,,
,,,,"Kneeshaw, D.D.","1",,,,,,,,,"Community Structure","2","Ministry of Forests and Range","1",,,,,,,,
,,,,"Quideau, S.A.","1",,,,,,,,,"Coniferous Forest","2",,,,,,,,,,
,,,,"Ruel, J.C.","1",,,,,,,,,"Forest Management","2",,,,,,,,,,
,,,,"Snider, J.","1",,,,,,,,,"Forests","2",,,,,,,,,,
,,,,,,,,,,,,,,"Growth Rate","2",,,,,,,,,,
,,,,,,,,,,,,,,"Mortality","2",,,,,,,,,,
,,,,,,,,,,,,,,"Ontario","2",,,,,,,,,,
,,,,,,,,,,,,,,"Ontario [Canada]","2",,,,,,,,,,
,,,,,,,,,,,,,,"Pinus Strobus","2",,,,,,,,,,
,,,,,,,,,,,,,,"Plantation","2",,,,,,,,,,
,,,,,,,,,,,,,,"Plants","2",,,,,,,,,,
,,,,,,,,,,,,,,"Plants (botany)","2",,,,,,,,,,
,,,,,,,,,,,,,,"Populus Tremuloides","2",,,,,,,,,,
,,,,,,,,,,,,,,"Reforestation","2",,,,,,,,,,
,,,,,,,,,,,,,,"Shade Tolerance","2",,,,,,,,,,
,,,,,,,,,,,,,,"Soils","2",,,,,,,,,,
,,,,,,,,,,,,,,"Stand Structure","2",,,,,,,,,,
,,,,,,,,,,,,,,"Abies Amabilis","1",,,,,,,,,,
,,,,,,,,,,,,,,"Abundance","1",,,,,,,,,,
,,,,,,,,,,,,,,"Alberta","1",,,,,,,,,,
,,,,,,,,,,,,,,"Balsam Fir","1",,,,,,,,,,
,,,,,,,,,,,,,,"Betula Alleghaniensis","1",,,,,,,,,,
,,,,,,,,,,,,,,"Betula Papyrifera","1",,,,,,,,,,
,,,,,,,,,,,,,,"Betula Pendula","1",,,,,,,,,,
,,,,,,,,,,,,,,"Biodiversity","1",,,,,,,,,,
,,,,,,,,,,,,,,"Biological Populations","1",,,,,,,,,,
,,,,,,,,,,,,,,"Black Spruce Boreal Forests","1",,,,,,,,,,
,,,,,,,,,,,,,,"Boreal Forest Attributes","1",,,,,,,,,,
,,,,,,,,,,,,,,"Boreal Forests","1",,,,,,,,,,
,,,,,,,,,,,,,,"Boreal Mixed Wood","1",,,,,,,,,,
,,,,,,,,,,,,,,"Boreal Mixedwood Forest","1",,,,,,,,,,
,,,,,,,,,,,,,,"Boreal Mixedwood Sites","1",,,,,,,,,,
,,,,,,,,,,,,,,"Boreal Mixedwoods","1",,,,,,,,,,
,,,,,,,,,,,,,,"British Columbia","1",,,,,,,,,,
,,,,,,,,,,,,,,"Calamagrostis","1",,,,,,,,,,
,,,,,,,,,,,,,,"Calamagrostis Canadensis","1",,,,,,,,,,
,,,,,,,,,,,,,,"Canonical Redundancy Analysis","1",,,,,,,,,,
,,,,,,,,,,,,,,"Canopy","1",,,,,,,,,,
,,,,,,,,,,,,,,"Chemical Composition","1",,,,,,,,,,
,,,,,,,,,,,,,,"Chemical Site Preparation","1",,,,,,,,,,
,,,,,,,,,,,,,,"Clay","1",,,,,,,,,,
,,,,,,,,,,,,,,"Clay Soil","1",,,,,,,,,,
,,,,,,,,,,,,,,"Composition","1",,,,,,,,,,
,,,,,,,,,,,,,,"Conifer Species","1",,,,,,,,,,
,,,,,,,,,,,,,,"Conium","1",,,,,,,,,,
,,,,,,,,,,,,,,"Correlation","1",,,,,,,,,,
,,,,,,,,,,,,,,"Correlation Methods","1",,,,,,,,,,
,,,,,,,,,,,,,,"Crop Yield","1",,,,,,,,,,
,,,,,,,,,,,,,,"Cutting","1",,,,,,,,,,
,,,,,,,,,,,,,,"Dead Wood","1",,,,,,,,,,
,,,,,,,,,,,,,,"Debris","1",,,,,,,,,,
,,,,,,,,,,,,,,"Deciduous Forest","1",,,,,,,,,,
,,,,,,,,,,,,,,"Deciduous Tree","1",,,,,,,,,,
,,,,,,,,,,,,,,"Deforestation","1",,,,,,,,,,
,,,,,,,,,,,,,,"Delimbing","1",,,,,,,,,,
,,,,,,,,,,,,,,"Diameter","1",,,,,,,,,,
,,,,,,,,,,,,,,"Disturbance","1",,,,,,,,,,
,,,,,,,,,,,,,,"Ecology","1",,,,,,,,,,
,,,,,,,,,,,,,,"Ecoregions","1",,,,,,,,,,
,,,,,,,,,,,,,,"Ecosystem Resilience","1",,,,,,,,,,
,,,,,,,,,,,,,,"Environmental Disturbance","1",,,,,,,,,,
,,,,,,,,,,,,,,"Environmental Protection","1",,,,,,,,,,
,,,,,,,,,,,,,,"Experimental Design","1",,,,,,,,,,
,,,,,,,,,,,,,,"Experimental Study","1",,,,,,,,,,
,,,,,,,,,,,,,,"Fatty Acids","1",,,,,,,,,,
,,,,,,,,,,,,,,"Feasibility Study","1",,,,,,,,,,
,,,,,,,,,,,,,,"Fertilization","1",,,,,,,,,,
,,,,,,,,,,,,,,"Fertilizers","1",,,,,,,,,,
,,,,,,,,,,,,,,"Fiber Debris","1",,,,,,,,,,
,,,,,,,,,,,,,,"Forest Canopy","1",,,,,,,,,,
,,,,,,,,,,,,,,"Forest Fire","1",,,,,,,,,,
,,,,,,,,,,,,,,"Forest Floor","1",,,,,,,,,,
,,,,,,,,,,,,,,"Forest Managers","1",,,,,,,,,,
,,,,,,,,,,,,,,"Forest Type","1",,,,,,,,,,
,,,,,,,,,,,,,,"Geographic Ranges","1",,,,,,,,,,
,,,,,,,,,,,,,,"Great Lakes","1",,,,,,,,,,
,,,,,,,,,,,,,,"Growing Season","1",,,,,,,,,,
,,,,,,,,,,,,,,"Growth","1",,,,,,,,,,
,,,,,,,,,,,,,,"Growth And Yield","1",,,,,,,,,,
,,,,,,,,,,,,,,"Hardwood Stands","1",,,,,,,,,,
,,,,,,,,,,,,,,"Hardwoods","1",,,,,,,,,,
,,,,,,,,,,,,,,"Height","1",,,,,,,,,,
,,,,,,,,,,,,,,"Herbicide","1",,,,,,,,,,
,,,,,,,,,,,,,,"Hexapoda","1",,,,,,,,,,
,,,,,,,,,,,,,,"Hexazinone","1",,,,,,,,,,
,,,,,,,,,,,,,,"Inga","1",,,,,,,,,,
,,,,,,,,,,,,,,"Inga Lake","1",,,,,,,,,,
,,,,,,,,,,,,,,"Insect","1",,,,,,,,,,
,,,,,,,,,,,,,,"Iron Creek","1",,,,,,,,,,
,,,,,,,,,,,,,,"Irregular Stands","1",,,,,,,,,,
,,,,,,,,,,,,,,"Jack Pine","1",,,,,,,,,,
,,,,,,,,,,,,,,"Lakes","1",,,,,,,,,,
,,,,,,,,,,,,,,"Lipids","1",,,,,,,,,,
,,,,,,,,,,,,,,"Local Populations","1",,,,,,,,,,
,,,,,,,,,,,,,,"Mechanical Site Preparation","1",,,,,,,,,,
,,,,,,,,,,,,,,"Microbial Community","1",,,,,,,,,,
,,,,,,,,,,,,,,"Microbiology","1",,,,,,,,,,
,,,,,,,,,,,,,,"Mixed Farming","1",,,,,,,,,,
,,,,,,,,,,,,,,"Mixed Forest","1",,,,,,,,,,
,,,,,,,,,,,,,,"Mixedwood","1",,,,,,,,,,
,,,,,,,,,,,,,,"Monitoring","1",,,,,,,,,,
,,,,,,,,,,,,,,"Narrow Distribution","1",,,,,,,,,,
,,,,,,,,,,,,,,"Natural Regeneration","1",,,,,,,,,,
,,,,,,,,,,,,,,"Old-growth Forest","1",,,,,,,,,,
,,,,,,,,,,,,,,"Partial Harvesting","1",,,,,,,,,,
,,,,,,,,,,,,,,"Persistence","1",,,,,,,,,,
,,,,,,,,,,,,,,"Phospholipid Fatty Acid (PLFA) Analysis","1",,,,,,,,,,
,,,,,,,,,,,,,,"Picea","1",,,,,,,,,,
,,,,,,,,,,,,,,"Picea Engelmannii","1",,,,,,,,,,
,,,,,,,,,,,,,,"Pinus Banksiana Lamb.","1",,,,,,,,,,
,,,,,,,,,,,,,,"Pinus Resinosa","1",,,,,,,,,,
,,,,,,,,,,,,,,"Plant Communities","1",,,,,,,,,,
,,,,,,,,,,,,,,"Plant Community","1",,,,,,,,,,
,,,,,,,,,,,,,,"Plantation Forestry","1",,,,,,,,,,
,,,,,,,,,,,,,,"Pollution Control","1",,,,,,,,,,
,,,,,,,,,,,,,,"Population Size","1",,,,,,,,,,
,,,,,,,,,,,,,,"Population Statistics","1",,,,,,,,,,
,,,,,,,,,,,,,,"Populus","1",,,,,,,,,,
,,,,,,,,,,,,,,"Productivity","1",,,,,,,,,,
,,,,,,,,,,,,,,"Properties","1",,,,,,,,,,
,,,,,,,,,,,,,,"Protected Area","1",,,,,,,,,,
,,,,,,,,,,,,,,"Protected Areas","1",,,,,,,,,,
,,,,,,,,,,,,,,"Quebec [Canada]","1",,,,,,,,,,
,,,,,,,,,,,,,,"Quercus Rubra","1",,,,,,,,,,
,,,,,,,,,,,,,,"Rare Species","1",,,,,,,,,,
,,,,,,,,,,,,,,"Rarity","1",,,,,,,,,,
,,,,,,,,,,,,,,"Red Oak","1",,,,,,,,,,
,,,,,,,,,,,,,,"Resilience","1",,,,,,,,,,
,,,,,,,,,,,,,,"Roadsides","1",,,,,,,,,,
,,,,,,,,,,,,,,"Sampling","1",,,,,,,,,,
,,,,,,,,,,,,,,"Scarification","1",,,,,,,,,,
,,,,,,,,,,,,,,"Seed","1",,,,,,,,,,
,,,,,,,,,,,,,,"Seedling Establishment","1",,,,,,,,,,
,,,,,,,,,,,,,,"Seedlings","1",,,,,,,,,,
,,,,,,,,,,,,,,"Seeds","1",,,,,,,,,,
,,,,,,,,,,,,,,"Selection Cutting","1",,,,,,,,,,
,,,,,,,,,,,,,,"Shelterwood","1",,,,,,,,,,
,,,,,,,,,,,,,,"Shifting Cultivation","1",,,,,,,,,,
,,,,,,,,,,,,,,"Silvicultural Practices","1",,,,,,,,,,
,,,,,,,,,,,,,,"Silvicultural System","1",,,,,,,,,,
,,,,,,,,,,,,,,"Silvicultural Treatments","1",,,,,,,,,,
,,,,,,,,,,,,,,"Site Preparation","1",,,,,,,,,,
