﻿Scopus refine results values

"Your query : ((TITLE-ABS-KEY((Boreal OR {James Bay} OR James-Bay OR {Clay Belt} OR {canadian shield}) AND (Canada OR Quebec OR Ontario OR newfoundland OR Alberta OR British-Columbia) ) AND PUBYEAR > 1999 AND PUBYEAR < 2020) AND (TITLE-ABS-KEY(Species AND (Distribution OR Extinct* OR Invasi*  OR Transition Or exotic)) AND PUBYEAR > 1999 AND PUBYEAR < 2020) AND (TITLE-ABS-KEY({Age structure}  OR  old-growth) AND PUBYEAR > 1999 AND PUBYEAR < 2020))"


Number of results : 35

"ACCESS TYPE",,"YEAR",,"AUTHOR NAME",,"SUBJECT AREA",,"DOCUMENT TYPE",,"PUBLICATION STAGE",,"SOURCE TITLE",,"KEYWORD",,"AFFILIATION",,"FUNDING SPONSOR",,"COUNTRY",,"SOURCE TYPE",,"LANGUAGE",
"Open Access","6","2019","1","Bergeron, Y.","5","Agricultural and Biological Sciences","28","Article","32","final","35","Forest Ecology And Management","7","Canada","33","Université Laval","7","Natural Sciences and Engineering Research Council of Canada","7","Canada","33","Journals","35","English","35"
"Other","29","2018","1","Gauthier, S.","3","Biochemistry, Genetics and Molecular Biology","3","Conference Paper","2",,,"Canadian Journal Of Forest Research","4","Boreal Forest","29","Canadian Forest Service","5","Canadian Forest Service","2","United States","4",,,,
,,"2017","2","Payette, S.","3","Earth and Planetary Sciences","1","Review","1",,,"Journal Of Biogeography","3","Old-growth Forest","16","Natural Resources Canada","5","Environment and Climate Change Canada","2","Denmark","1",,,,
,,"2015","2","De Grandpré, L.","2","Environmental Science","27",,,,,"Forestry Chronicle","2","Forestry","14","Université du Québec à Montréal","5","Fonds de recherche du QuÃ©bec â Nature et technologies","2","Finland","1",,,,
,,"2014","2","Drapeau, P.","2","Multidisciplinary","1",,,,,"Botany","1","Picea Mariana","13","Universite du Quebec en Abitibi-Temiscamingue","3","Cameco","1","France","1",,,,
,,"2013","1","Morin, H.","2","Social Sciences","1",,,,,"Canadian Field Naturalist","1","Quebec [Canada]","10","University of Alberta","3","Canada Research Chairs","1","Sweden","1",,,,
,,"2012","3","Rossi, S.","2",,,,,,,"Ecological Applications","1","Regeneration","10","Le réseau de l'Université du Québec","2","Natural Resources Canada","1","Switzerland","1",,,,
,,"2011","1","Tremblay, M.J.","2",,,,,,,"Ecology","1","Abies","9","The University of British Columbia","2","Western Economic Diversification Canada","1",,,,,,
,,"2010","4","Aakala, T.","1",,,,,,,"Ecoscience","1","Abies Balsamea","9","Université du Québec à Chicoutimi","2","Wisconsin Space Grant Consortium","1",,,,,,
,,"2009","4","Anand, M.","1",,,,,,,"Endangered Species Research","1","Disturbance","9","Treeline Ecological Research","1","Undefined","25",,,,,,
,,"2008","3","Auger, I.","1",,,,,,,"Forestry","1","Boreal Forests","8","Département des Sciences Biologiques","1",,,,,,,,
,,"2007","2","Baldwin, D.J.B.","1",,,,,,,"Global Change Biology","1","North America","8","Swedish Inst. for Ecol. Sustainab.","1",,,,,,,,
,,"2006","1","Barrette, M.","1",,,,,,,"Journal Of Applied Ecology","1","Picea Glauca","8","Forestry Branch","1",,,,,,,,
,,"2003","2","Bayne, E.M.","1",,,,,,,"Journal Of Ecology","1","Stand Structure","8","Service canadien de la faune","1",,,,,,,,
,,"2002","2","Blanger, L.","1",,,,,,,"Journal Of Mammalogy","1","Biodiversity","7","Mycology Resources","1",,,,,,,,
,,"2001","2","Boucher, Y.","1",,,,,,,"Journal Of Wildlife Management","1","Climate Change","7","Jodi Friesen Ecological Consulting","1",,,,,,,,
,,"2000","2","Boulanger, Y.","1",,,,,,,"Landscape Ecology","1","Coniferous Forest","7","Newfoundland Lichen Education and Research Group","1",,,,,,,,
,,,,"Boutin, S.","1",,,,,,,"Mycorrhiza","1","Deciduous Forest","7","Endangered Species Branch","1",,,,,,,,
,,,,"Boychuk, D.","1",,,,,,,"Natural Areas Journal","1","Ecosystems","7","Environment Canada","1",,,,,,,,
,,,,"Bradley, R.L.","1",,,,,,,"Oecologia","1","Picea","7","University of Calgary","1",,,,,,,,
,,,,"Bélanger, L.","1",,,,,,,"Physical Geography","1","Forest Management","6","Helsingin Yliopisto","1",,,,,,,,
,,,,"Chavel, E.E.","1",,,,,,,"Plos One","1","Quebec","6","USDA Forest Service","1",,,,,,,,
,,,,"Conway, E.","1",,,,,,,"Silva Fennica","1","Age Structure","5","Université du Québec à Rimouski","1",,,,,,,,
,,,,"Cote, S.D.","1",,,,,,,,,"Ecology","5","University of Wisconsin-Whitewater","1",,,,,,,,
,,,,"Coxson, D.","1",,,,,,,,,"Gap Dynamics","5","Eidgenössische Forschungsanstalt fur Wald, Schnee Und Landschaft Eth-Bereichs","1",,,,,,,,
,,,,"Cyr, D.","1",,,,,,,,,"Betula Papyrifera","4","Northern Illinois University","1",,,,,,,,
,,,,"Doering, M.","1",,,,,,,,,"Community Composition","4","University of Manitoba","1",,,,,,,,
,,,,"Engelmark, O.","1",,,,,,,,,"Fire","4","Washington University in St. Louis","1",,,,,,,,
,,,,"Fenton, N.J.","1",,,,,,,,,"Fire History","4","Ontario Ministry of Natural Resources","1",,,,,,,,
,,,,"Flannigan, M.D.","1",,,,,,,,,"Forest Dynamics","4","University of Northern British Columbia","1",,,,,,,,
,,,,"Fortin, D.","1",,,,,,,,,"Forests","4","Université de Sherbrooke","1",,,,,,,,
,,,,"Fortin, M.J.","1",,,,,,,,,"Stand Dynamics","4","University of Alaska Fairbanks","1",,,,,,,,
,,,,"Friesen, J.","1",,,,,,,,,"Succession","4","Royal Roads University","1",,,,,,,,
,,,,"Gamiet, S.","1",,,,,,,,,"Abundance","3","University of Saskatchewan","1",,,,,,,,
,,,,"Gendreau-Berthiaume, B.","1",,,,,,,,,"Acer","3","University of Guelph","1",,,,,,,,
,,,,"Goldblum, D.","1",,,,,,,,,"Acer Saccharum","3","University of Toronto","1",,,,,,,,
,,,,"Goudie, R.I.","1",,,,,,,,,"Anthropogenic Effect","3","University of Winnipeg","1",,,,,,,,
,,,,"Graignic, N.","1",,,,,,,,,"Article","3","Ontario Forest Research Institute","1",,,,,,,,
,,,,"Grondin, P.","1",,,,,,,,,"Aves","3","University of Central Florida","1",,,,,,,,
,,,,"Grotte, K.L.","1",,,,,,,,,"Bird","3","Aarhus Universitet","1",,,,,,,,
,,,,"Habib, L.","1",,,,,,,,,"British Columbia","3","Trent University","1",,,,,,,,
,,,,"Hanel, C.","1",,,,,,,,,"Bryophyta","3","Northern Forestry Centre","1",,,,,,,,
,,,,"Hart, S.J.","1",,,,,,,,,"Canopy Gap","3","University of Wisconsin-Madison","1",,,,,,,,
,,,,"Harvey, B.D.","1",,,,,,,,,"Classification","3","Ministère de l‘Energie et des Ressources naturelles du Québec","1",,,,,,,,
,,,,"He, F.","1",,,,,,,,,"Cluster Analysis","3","Ministry of Forests and Range","1",,,,,,,,
,,,,"Heinrichs, D.K.","1",,,,,,,,,"Coarse Woody Debris","3","LGL Limited Canada","1",,,,,,,,
,,,,"Henkelman, J.","1",,,,,,,,,"Coniferophyta","3",,,,,,,,,,
,,,,"Hodson, J.","1",,,,,,,,,"Ecosystem","3",,,,,,,,,,
,,,,"Imbeau, L.","1",,,,,,,,,"Environmental Disturbance","3",,,,,,,,,,
,,,,"Jean, P.O.","1",,,,,,,,,"Forest Canopy","3",,,,,,,,,,
,,,,"Johnstone, J.F.","1",,,,,,,,,"Forest Cover","3",,,,,,,,,,
,,,,"Kissling, W.D.","1",,,,,,,,,"Forest Fire","3",,,,,,,,,,
,,,,"Klinka, K.","1",,,,,,,,,"Growth","3",,,,,,,,,,
,,,,"Kneeshaw, D.","1",,,,,,,,,"Growth Rate","3",,,,,,,,,,
,,,,"Kneeshaw, D.D.","1",,,,,,,,,"Habitat Fragmentation","3",,,,,,,,,,
,,,,"Kranabetter, J.M.","1",,,,,,,,,"Habitat Structure","3",,,,,,,,,,
,,,,"Kroeger, P.","1",,,,,,,,,"Harvesting","3",,,,,,,,,,
,,,,"Kuuluvainen, T.","1",,,,,,,,,"Heterogeneity","3",,,,,,,,,,
,,,,"Laberge, M.J.","1",,,,,,,,,"Lichen","3",,,,,,,,,,
,,,,"Leithead, M.D.","1",,,,,,,,,"Mortality","3",,,,,,,,,,
,,,,"Lesieur, D.","1",,,,,,,,,"Population Density","3",,,,,,,,,,
,,,,"Levasseur, V.","1",,,,,,,,,"Population Dynamics","3",,,,,,,,,,
,,,,"Mazerolle, M.J.","1",,,,,,,,,"Productivity","3",,,,,,,,,,
,,,,"McCarthy, J.W.","1",,,,,,,,,"Recruitment (population Dynamics)","3",,,,,,,,,,
,,,,"McLoughlin, P.D.","1",,,,,,,,,"Species Difference","3",,,,,,,,,,
,,,,"Munier, A.","1",,,,,,,,,"Species Richness","3",,,,,,,,,,
,,,,"Murray, D.L.","1",,,,,,,,,"Species Specificity","3",,,,,,,,,,
,,,,"Nielsen, S.E.","1",,,,,,,,,"Taiga","3",,,,,,,,,,
,,,,"Perera, A.H.","1",,,,,,,,,"Trees","3",,,,,,,,,,
,,,,"Pilon, V.","1",,,,,,,,,"Wildfire","3",,,,,,,,,,
,,,,"Pitre, N.","1",,,,,,,,,"Adaptation","2",,,,,,,,,,
,,,,"Pollock, S.L.","1",,,,,,,,,"Alberta","2",,,,,,,,,,
,,,,"Price, D.T.","1",,,,,,,,,"Animal","2",,,,,,,,,,
,,,,"Rigg, L.S.","1",,,,,,,,,"Animals","2",,,,,,,,,,
,,,,"Robert, M.","1",,,,,,,,,"Anticosti Island","2",,,,,,,,,,
,,,,"Roth, J.D.","1",,,,,,,,,"Balsam Fir","2",,,,,,,,,,
,,,,"Royo, A.A.","1",,,,,,,,,"Basal Area","2",,,,,,,,,,
,,,,"Savard, G.","1",,,,,,,,,"Betula","2",,,,,,,,,,
,,,,"Scheidegger, C.","1",,,,,,,,,"Betula Pendula","2",,,,,,,,,,
,,,,"Schnekenburger, F.","1",,,,,,,,,"Birds","2",,,,,,,,,,
,,,,"Silva, L.C.R.","1",,,,,,,,,"Black Spruce","2",,,,,,,,,,
,,,,"St-Laurent, M.H.","1",,,,,,,,,"Bryophytes","2",,,,,,,,,,
,,,,"Steury, T.D.","1",,,,,,,,,"Chemistry","2",,,,,,,,,,
,,,,"Strong, W.L.","1",,,,,,,,,"Chronosequence","2",,,,,,,,,,
,,,,"Tardif, J.C.","1",,,,,,,,,"Clearcutting","2",,,,,,,,,,
,,,,"Taylor, A.R.","1",,,,,,,,,"Computer Simulation","2",,,,,,,,,,
,,,,"Timoney, K.P.","1",,,,,,,,,"Correlation","2",,,,,,,,,,
,,,,"Tremblay, F.","1",,,,,,,,,"Deer","2",,,,,,,,,,
,,,,"Tremblay, J.A.","1",,,,,,,,,"Dendroecology","2",,,,,,,,,,
,,,,"Tremblay, J.P.","1",,,,,,,,,"Dicotyledon","2",,,,,,,,,,
,,,,"Truchon-Savard, A.","1",,,,,,,,,"Dominance","2",,,,,,,,,,
,,,,"Vaillancourt, M.A.","1",,,,,,,,,"Dynamics","2",,,,,,,,,,
,,,,"Varga, P.","1",,,,,,,,,"Ecosystem Modeling","2",,,,,,,,,,
,,,,"Vepakomma, U.","1",,,,,,,,,"Ecotone","2",,,,,,,,,,
,,,,"Weaver, K.","1",,,,,,,,,"Environmental Monitoring","2",,,,,,,,,,
,,,,"Weetman, G.","1",,,,,,,,,"Evergreen Tree","2",,,,,,,,,,
,,,,"Yemshanov, D.G.","1",,,,,,,,,"Fires","2",,,,,,,,,,
,,,,"Zhang, J.","1",,,,,,,,,"Forest Ecosystem","2",,,,,,,,,,
,,,,,,,,,,,,,,"Forest Inventory","2",,,,,,,,,,
,,,,,,,,,,,,,,"Growth Kinetics","2",,,,,,,,,,
,,,,,,,,,,,,,,"Growth, Development And Aging","2",,,,,,,,,,
,,,,,,,,,,,,,,"Habitat Heterogeneity","2",,,,,,,,,,
,,,,,,,,,,,,,,"Height Determination","2",,,,,,,,,,
,,,,,,,,,,,,,,"Hexapoda","2",,,,,,,,,,
,,,,,,,,,,,,,,"Insecta","2",,,,,,,,,,
,,,,,,,,,,,,,,"Lagomorph","2",,,,,,,,,,
,,,,,,,,,,,,,,"Landscape Ecology","2",,,,,,,,,,
,,,,,,,,,,,,,,"Lepus","2",,,,,,,,,,
,,,,,,,,,,,,,,"Lepus Americanus","2",,,,,,,,,,
,,,,,,,,,,,,,,"Logging","2",,,,,,,,,,
,,,,,,,,,,,,,,"Newfoundland","2",,,,,,,,,,
,,,,,,,,,,,,,,"Newfoundland And Labrador","2",,,,,,,,,,
,,,,,,,,,,,,,,"Northern Distribution Limit","2",,,,,,,,,,
,,,,,,,,,,,,,,"Numerical Model","2",,,,,,,,,,
,,,,,,,,,,,,,,"Old Growth","2",,,,,,,,,,
,,,,,,,,,,,,,,"Ontario","2",,,,,,,,,,
,,,,,,,,,,,,,,"Pinus Banksiana","2",,,,,,,,,,
,,,,,,,,,,,,,,"Pinus Strobus","2",,,,,,,,,,
,,,,,,,,,,,,,,"Plants","2",,,,,,,,,,
,,,,,,,,,,,,,,"Population Distribution","2",,,,,,,,,,
,,,,,,,,,,,,,,"Population Size","2",,,,,,,,,,
,,,,,,,,,,,,,,"Population Statistics","2",,,,,,,,,,
,,,,,,,,,,,,,,"Populus Tremuloides","2",,,,,,,,,,
,,,,,,,,,,,,,,"Probability","2",,,,,,,,,,
,,,,,,,,,,,,,,"Reconstruction","2",,,,,,,,,,
,,,,,,,,,,,,,,"Reforestation","2",,,,,,,,,,
,,,,,,,,,,,,,,"Sapling","2",,,,,,,,,,
,,,,,,,,,,,,,,"Shade Tolerance","2",,,,,,,,,,
,,,,,,,,,,,,,,"Size Distribution","2",,,,,,,,,,
,,,,,,,,,,,,,,"Size Structure","2",,,,,,,,,,
,,,,,,,,,,,,,,"Snowshoe Hare","2",,,,,,,,,,
,,,,,,,,,,,,,,"Spatial Distribution","2",,,,,,,,,,
,,,,,,,,,,,,,,"Species Occurrence","2",,,,,,,,,,
,,,,,,,,,,,,,,"Stand Age","2",,,,,,,,,,
,,,,,,,,,,,,,,"Stand Development","2",,,,,,,,,,
,,,,,,,,,,,,,,"Standing Dead Trees","2",,,,,,,,,,
,,,,,,,,,,,,,,"Stem","2",,,,,,,,,,
,,,,,,,,,,,,,,"Sugar Maple","2",,,,,,,,,,
,,,,,,,,,,,,,,"Survival","2",,,,,,,,,,
,,,,,,,,,,,,,,"Tamiasciurus Hudsonicus","2",,,,,,,,,,
,,,,,,,,,,,,,,"Time Factors","2",,,,,,,,,,
,,,,,,,,,,,,,,"Tracheophyta","2",,,,,,,,,,
,,,,,,,,,,,,,,"Tree","2",,,,,,,,,,
,,,,,,,,,,,,,,"Tree Regeneration","2",,,,,,,,,,
,,,,,,,,,,,,,,"Understory","2",,,,,,,,,,
,,,,,,,,,,,,,,"Vegetation","2",,,,,,,,,,
,,,,,,,,,,,,,,"14C Dating","1",,,,,,,,,,
,,,,,,,,,,,,,,"(West)","1",,,,,,,,,,
,,,,,,,,,,,,,,"Abies Lasiocarpa","1",,,,,,,,,,
,,,,,,,,,,,,,,"Aboveground Production","1",,,,,,,,,,
,,,,,,,,,,,,,,"Acer Rubrum","1",,,,,,,,,,
,,,,,,,,,,,,,,"Age And Size Structure","1",,,,,,,,,,
,,,,,,,,,,,,,,"Age-class Distribution","1",,,,,,,,,,
,,,,,,,,,,,,,,"Agriculture","1",,,,,,,,,,
,,,,,,,,,,,,,,"Alaska","1",,,,,,,,,,
,,,,,,,,,,,,,,"Alces Alces","1",,,,,,,,,,
,,,,,,,,,,,,,,"Alnus","1",,,,,,,,,,
,,,,,,,,,,,,,,"Alternative Stable State","1",,,,,,,,,,
,,,,,,,,,,,,,,"Alternative Successional Pathways","1",,,,,,,,,,
,,,,,,,,,,,,,,"Animal Feed","1",,,,,,,,,,
