﻿Scopus refine results values

"Your query : ((TITLE-ABS-KEY((Boreal OR {James Bay} OR James-Bay OR {Clay Belt} OR {canadian shield}) AND Quebec) AND PUBYEAR > 1999 AND PUBYEAR < 2020) AND (TITLE-ABS-KEY(Silvicultur* OR Intensive OR {Site preparation}   OR Plantation OR   {Tree planting}) AND PUBYEAR > 1999 AND PUBYEAR < 2020) AND (TITLE-ABS-KEY(Water AND  (quality OR lake OR river OR stream)) AND PUBYEAR > 1999 AND PUBYEAR < 2020))"


Number of results : 3

"ACCESS TYPE",,"YEAR",,"AUTHOR NAME",,"SUBJECT AREA",,"DOCUMENT TYPE",,"PUBLICATION STAGE",,"SOURCE TITLE",,"KEYWORD",,"AFFILIATION",,"FUNDING SPONSOR",,"COUNTRY",,"SOURCE TYPE",,"LANGUAGE",
"Open Access","1","2015","1","Allard, M.","1","Agricultural and Biological Sciences","1","Article","3","final","3","Canadian Journal Of Earth Sciences","1","Canada","3","Ministère des Forêts","1","Hydro-QuÃ©bec","1","Canada","3","Journals","3","English","3"
"Other","2","2006","1","Bergeron, Y.","1","Earth and Planetary Sciences","1",,,,,"Forestry Chronicle","1","Growth Rate","2","Le réseau de l'Université du Québec","1","Indigenous and Northern Affairs Canada","1",,,,,,
,,"2003","1","Fenton, N.J.","1","Environmental Science","1",,,,,"Science Of The Total Environment","1","Animals","1","Universite du Quebec en Abitibi-Temiscamingue","1","Natural Sciences and Engineering Research Council of Canada","1",,,,,,
,,,,"Henneb, M.","1",,,,,,,,,"Aquatic Community","1","Hydro-Quebec","1","Undefined","2",,,,,,
,,,,"Lajeunesse, P.","1",,,,,,,,,"Article","1","Université du Québec à Montréal","1",,,,,,,,
,,,,"Lucotte, M.","1",,,,,,,,,"Bioaccumulation","1","Université Laval","1",,,,,,,,
,,,,"Surette, C.","1",,,,,,,,,"Biogeochemistry","1",,,,,,,,,,
,,,,"Thiffault, N.","1",,,,,,,,,"Biological Materials","1",,,,,,,,,,
,,,,"Tremblay, A.","1",,,,,,,,,"Biomass","1",,,,,,,,,,
,,,,"Valeria, O.","1",,,,,,,,,"Biomass Partitioning","1",,,,,,,,,,
,,,,,,,,,,,,,,"Biota","1",,,,,,,,,,
,,,,,,,,,,,,,,"Boreal Forest","1",,,,,,,,,,
,,,,,,,,,,,,,,"Boreal Forest Management","1",,,,,,,,,,
,,,,,,,,,,,,,,"Chemical Analysis","1",,,,,,,,,,
,,,,,,,,,,,,,,"Concentration (composition)","1",,,,,,,,,,
,,,,,,,,,,,,,,"Concentration (parameters)","1",,,,,,,,,,
,,,,,,,,,,,,,,"Concentration (process)","1",,,,,,,,,,
,,,,,,,,,,,,,,"Deglaciation","1",,,,,,,,,,
,,,,,,,,,,,,,,"Dynamics","1",,,,,,,,,,
,,,,,,,,,,,,,,"Ecosystems","1",,,,,,,,,,
,,,,,,,,,,,,,,"Environmental Monitoring","1",,,,,,,,,,
,,,,,,,,,,,,,,"Fish","1",,,,,,,,,,
,,,,,,,,,,,,,,"Fishes","1",,,,,,,,,,
,,,,,,,,,,,,,,"Fishing","1",,,,,,,,,,
,,,,,,,,,,,,,,"Forest Management","1",,,,,,,,,,
,,,,,,,,,,,,,,"Forestry","1",,,,,,,,,,
,,,,,,,,,,,,,,"Fresh Water","1",,,,,,,,,,
,,,,,,,,,,,,,,"Geologic Sediments","1",,,,,,,,,,
,,,,,,,,,,,,,,"Geomorphology","1",,,,,,,,,,
,,,,,,,,,,,,,,"Glacial Geology","1",,,,,,,,,,
,,,,,,,,,,,,,,"Glaciomarine Deposit","1",,,,,,,,,,
,,,,,,,,,,,,,,"Growth Kinetics","1",,,,,,,,,,
,,,,,,,,,,,,,,"Harvesting","1",,,,,,,,,,
,,,,,,,,,,,,,,"High Water Content","1",,,,,,,,,,
,,,,,,,,,,,,,,"Hypothesis","1",,,,,,,,,,
,,,,,,,,,,,,,,"Hypothesis Testing","1",,,,,,,,,,
,,,,,,,,,,,,,,"Ice Margin","1",,,,,,,,,,
,,,,,,,,,,,,,,"Intensive Culture","1",,,,,,,,,,
,,,,,,,,,,,,,,"Intensive Fishing","1",,,,,,,,,,
,,,,,,,,,,,,,,"Invertebrata","1",,,,,,,,,,
,,,,,,,,,,,,,,"Invertebrate","1",,,,,,,,,,
,,,,,,,,,,,,,,"Invertebrates","1",,,,,,,,,,
,,,,,,,,,,,,,,"James Bay","1",,,,,,,,,,
,,,,,,,,,,,,,,"Lake","1",,,,,,,,,,
,,,,,,,,,,,,,,"Lake Ecosystem","1",,,,,,,,,,
,,,,,,,,,,,,,,"Lakes","1",,,,,,,,,,
,,,,,,,,,,,,,,"Laurentide Ice Sheet","1",,,,,,,,,,
,,,,,,,,,,,,,,"Logging","1",,,,,,,,,,
,,,,,,,,,,,,,,"Logging (timber)","1",,,,,,,,,,
,,,,,,,,,,,,,,"Low Temperature","1",,,,,,,,,,
,,,,,,,,,,,,,,"Mass Burden","1",,,,,,,,,,
,,,,,,,,,,,,,,"Mechanical Property","1",,,,,,,,,,
,,,,,,,,,,,,,,"Mechanical Site Preparation","1",,,,,,,,,,
,,,,,,,,,,,,,,"Mercury","1",,,,,,,,,,
,,,,,,,,,,,,,,"Mercury (element)","1",,,,,,,,,,
,,,,,,,,,,,,,,"Mercury (metal)","1",,,,,,,,,,
,,,,,,,,,,,,,,"Methylmercury","1",,,,,,,,,,
,,,,,,,,,,,,,,"Methylmercury (MeHg)","1",,,,,,,,,,
,,,,,,,,,,,,,,"Methylmercury Compounds","1",,,,,,,,,,
,,,,,,,,,,,,,,"Microsites","1",,,,,,,,,,
,,,,,,,,,,,,,,"Mineral","1",,,,,,,,,,
,,,,,,,,,,,,,,"Mountains","1",,,,,,,,,,
,,,,,,,,,,,,,,"Nonhuman","1",,,,,,,,,,
,,,,,,,,,,,,,,"North America","1",,,,,,,,,,
,,,,,,,,,,,,,,"Northern Quebec","1",,,,,,,,,,
,,,,,,,,,,,,,,"Nutrient Availability","1",,,,,,,,,,
,,,,,,,,,,,,,,"Ontario [Canada]","1",,,,,,,,,,
,,,,,,,,,,,,,,"Organic Compounds","1",,,,,,,,,,
,,,,,,,,,,,,,,"Organic Layer Thickness","1",,,,,,,,,,
,,,,,,,,,,,,,,"Organic Layers","1",,,,,,,,,,
,,,,,,,,,,,,,,"Organic Matter","1",,,,,,,,,,
,,,,,,,,,,,,,,"Organic Matter Decomposition","1",,,,,,,,,,
,,,,,,,,,,,,,,"Paludification","1",,,,,,,,,,
,,,,,,,,,,,,,,"Peat","1",,,,,,,,,,
,,,,,,,,,,,,,,"Peatland","1",,,,,,,,,,
,,,,,,,,,,,,,,"Plankton","1",,,,,,,,,,
,,,,,,,,,,,,,,"Predator","1",,,,,,,,,,
,,,,,,,,,,,,,,"Priority Journal","1",,,,,,,,,,
,,,,,,,,,,,,,,"Quaternary","1",,,,,,,,,,
,,,,,,,,,,,,,,"Quebec","1",,,,,,,,,,
,,,,,,,,,,,,,,"Quebec [Canada]","1",,,,,,,,,,
,,,,,,,,,,,,,,"Radiometry","1",,,,,,,,,,
,,,,,,,,,,,,,,"Reforestation","1",,,,,,,,,,
,,,,,,,,,,,,,,"Regeneration","1",,,,,,,,,,
,,,,,,,,,,,,,,"Rooting","1",,,,,,,,,,
,,,,,,,,,,,,,,"Sea Ice","1",,,,,,,,,,
,,,,,,,,,,,,,,"Sediment","1",,,,,,,,,,
,,,,,,,,,,,,,,"Sedimentology","1",,,,,,,,,,
,,,,,,,,,,,,,,"Sediments","1",,,,,,,,,,
,,,,,,,,,,,,,,"Soil Pollution","1",,,,,,,,,,
,,,,,,,,,,,,,,"Statistical Analysis","1",,,,,,,,,,
,,,,,,,,,,,,,,"Stratigraphy","1",,,,,,,,,,
,,,,,,,,,,,,,,"Suspended Particulate Matter","1",,,,,,,,,,
,,,,,,,,,,,,,,"Transgression","1",,,,,,,,,,
,,,,,,,,,,,,,,"Tree Regeneration","1",,,,,,,,,,
,,,,,,,,,,,,,,"Water Column","1",,,,,,,,,,
,,,,,,,,,,,,,,"Water Contamination","1",,,,,,,,,,
,,,,,,,,,,,,,,"Water Content","1",,,,,,,,,,
,,,,,,,,,,,,,,"Water Pollutants, Chemical","1",,,,,,,,,,
,,,,,,,,,,,,,,,,,,,,,,,,,
,,,,,,,,,,,,,,,,,,,,,,,,,
,,,,,,,,,,,,,,,,,,,,,,,,,
,,,,,,,,,,,,,,,,,,,,,,,,,
,,,,,,,,,,,,,,,,,,,,,,,,,
,,,,,,,,,,,,,,,,,,,,,,,,,
,,,,,,,,,,,,,,,,,,,,,,,,,
,,,,,,,,,,,,,,,,,,,,,,,,,
,,,,,,,,,,,,,,,,,,,,,,,,,
,,,,,,,,,,,,,,,,,,,,,,,,,
,,,,,,,,,,,,,,,,,,,,,,,,,
,,,,,,,,,,,,,,,,,,,,,,,,,
,,,,,,,,,,,,,,,,,,,,,,,,,
,,,,,,,,,,,,,,,,,,,,,,,,,
,,,,,,,,,,,,,,,,,,,,,,,,,
,,,,,,,,,,,,,,,,,,,,,,,,,
,,,,,,,,,,,,,,,,,,,,,,,,,
,,,,,,,,,,,,,,,,,,,,,,,,,
,,,,,,,,,,,,,,,,,,,,,,,,,
,,,,,,,,,,,,,,,,,,,,,,,,,
,,,,,,,,,,,,,,,,,,,,,,,,,
,,,,,,,,,,,,,,,,,,,,,,,,,
,,,,,,,,,,,,,,,,,,,,,,,,,
,,,,,,,,,,,,,,,,,,,,,,,,,
,,,,,,,,,,,,,,,,,,,,,,,,,
,,,,,,,,,,,,,,,,,,,,,,,,,
,,,,,,,,,,,,,,,,,,,,,,,,,
,,,,,,,,,,,,,,,,,,,,,,,,,
,,,,,,,,,,,,,,,,,,,,,,,,,
,,,,,,,,,,,,,,,,,,,,,,,,,
,,,,,,,,,,,,,,,,,,,,,,,,,
,,,,,,,,,,,,,,,,,,,,,,,,,
,,,,,,,,,,,,,,,,,,,,,,,,,
,,,,,,,,,,,,,,,,,,,,,,,,,
,,,,,,,,,,,,,,,,,,,,,,,,,
,,,,,,,,,,,,,,,,,,,,,,,,,
,,,,,,,,,,,,,,,,,,,,,,,,,
,,,,,,,,,,,,,,,,,,,,,,,,,
,,,,,,,,,,,,,,,,,,,,,,,,,
,,,,,,,,,,,,,,,,,,,,,,,,,
,,,,,,,,,,,,,,,,,,,,,,,,,
,,,,,,,,,,,,,,,,,,,,,,,,,
,,,,,,,,,,,,,,,,,,,,,,,,,
,,,,,,,,,,,,,,,,,,,,,,,,,
,,,,,,,,,,,,,,,,,,,,,,,,,
,,,,,,,,,,,,,,,,,,,,,,,,,
,,,,,,,,,,,,,,,,,,,,,,,,,
,,,,,,,,,,,,,,,,,,,,,,,,,
,,,,,,,,,,,,,,,,,,,,,,,,,
,,,,,,,,,,,,,,,,,,,,,,,,,
,,,,,,,,,,,,,,,,,,,,,,,,,
,,,,,,,,,,,,,,,,,,,,,,,,,
,,,,,,,,,,,,,,,,,,,,,,,,,
,,,,,,,,,,,,,,,,,,,,,,,,,
,,,,,,,,,,,,,,,,,,,,,,,,,
,,,,,,,,,,,,,,,,,,,,,,,,,
,,,,,,,,,,,,,,,,,,,,,,,,,
,,,,,,,,,,,,,,,,,,,,,,,,,
,,,,,,,,,,,,,,,,,,,,,,,,,
,,,,,,,,,,,,,,,,,,,,,,,,,
,,,,,,,,,,,,,,,,,,,,,,,,,
