﻿Scopus refine results values

"Your query : ((TITLE-ABS-KEY((Boreal OR {James Bay} OR James-Bay OR {Clay Belt} OR {canadian shield}) AND Quebec) AND PUBYEAR > 1999 AND PUBYEAR < 2020) AND (TITLE-ABS-KEY(Silvicultur* OR Intensive OR {Site preparation}   OR Plantation OR   {Tree planting}) AND PUBYEAR > 1999 AND PUBYEAR < 2020) AND (TITLE-ABS-KEY((species AND diversity) OR biodiversity)))"


Number of results : 31

"ACCESS TYPE",,"YEAR",,"AUTHOR NAME",,"SUBJECT AREA",,"DOCUMENT TYPE",,"PUBLICATION STAGE",,"SOURCE TITLE",,"KEYWORD",,"AFFILIATION",,"FUNDING SPONSOR",,"COUNTRY",,"SOURCE TYPE",,"LANGUAGE",
"Open Access","4","2017","1","Bergeron, Y.","8","Agricultural and Biological Sciences","28","Article","23","final","31","Forestry Chronicle","6","Canada","27","Université du Québec à Montréal","14","Natural Sciences and Engineering Research Council of Canada","8","Canada","31","Journals","30","English","28"
"Other","27","2016","1","Gauthier, S.","5","Biochemistry, Genetics and Molecular Biology","2","Conference Paper","5",,,"Canadian Journal Of Forest Research","5","Biodiversity","26","Universite du Quebec en Abitibi-Temiscamingue","10","Fonds QuÃ©bÃ©cois de la Recherche sur la Nature et les Technologies","5","France","1","Books","1","French","3"
,,"2014","2","Leduc, A.","5","Environmental Science","17","Review","2",,,"Forest Ecology And Management","5","Boreal Forest","22","Université Laval","8","Association pour la Recherche sur les Tumeurs de la Prostate","2","Germany","1",,,,
,,"2013","1","Buddle, C.M.","3",,,"Book Chapter","1",,,"Canadian Journal Of Botany","2","Forestry","19","Canadian Forest Service","7","Bayerische Forschungsallianz","1",,,,,,
,,"2012","2","Bélanger, L.","3",,,,,,,"Silva Fennica","2","Quebec [Canada]","17","Natural Resources Canada","5","Fonds Québécois de la Recherche sur la Nature et les Technologies","1",,,,,,
,,"2011","4","Drapeau, P.","3",,,,,,,"Biodiversity And Conservation","1","Silviculture","16","Ministère de l‘Energie et des Ressources naturelles du Québec","5","Institute of Infection and Immunity","1",,,,,,
,,"2010","1","Brais, S.","2",,,,,,,"Canadian Entomologist","1","Forest Management","15","Environment Canada","3","UniversitÃ© du QuÃ©bec Ã  Rimouski","1",,,,,,
,,"2009","2","Déchêne, A.D.","2",,,,,,,"Canadian Journal Of Zoology","1","Ecosystems","13","Le réseau de l'Université du Québec","3","Undefined","21",,,,,,
,,"2008","1","Haeussler, S.","2",,,,,,,"Ecological Modelling","1","Harvesting","12","McGill University","2",,,,,,,,
,,"2007","3","Harvey, B.D.","2",,,,,,,"Ecoscience","1","North America","12","The University of British Columbia","2",,,,,,,,
,,"2005","2","Jobidon, R.","2",,,,,,,"Environmental Reviews","1","Picea Mariana","11","University of Toronto","2",,,,,,,,
,,"2004","5","Raulier, F.","2",,,,,,,"Forestry","1","Abies Balsamea","9","Conseil de recherches en sciences naturelles et en génie du Canada","2",,,,,,,,
,,"2003","1","Ruel, J.C.","2",,,,,,,"New Forests","1","Soils","8","McGill University, Macdonald Campus","2",,,,,,,,
,,"2002","4","Thiffault, N.","2",,,,,,,"Scandinavian Journal Of Forest Research","1","Ecosystem Management","7","Centre d'études nordiques","1",,,,,,,,
,,"2000","1","Tremblay, F.","2",,,,,,,"Tree Genetics And Genomes","1","Abies","6","Centre d’étude de la forêt CEF","1",,,,,,,,
,,,,"Alvarez, P.E.","1",,,,,,,"Woodlands Ecology Management And Conservation","1","Old-growth Forest","6","Fiducie de recherche sur la forêt des Cantons-de-l'Est/Eastern Townships Forest Research Trust","1",,,,,,,,
,,,,"Anyomi, K.A.","1",,,,,,,,,"Quebec","6","Great Lakes Forestry Centre","1",,,,,,,,
,,,,"Archambault, L.","1",,,,,,,,,"Species Diversity","6","Université du Québec à Rimouski","1",,,,,,,,
,,,,"Arseneault, D.","1",,,,,,,,,"Fires","5","CNRS Centre National de la Recherche Scientifique","1",,,,,,,,
,,,,"Aubry, Y.","1",,,,,,,,,"Picea","5","Ontario Ministry of Natural Resources","1",,,,,,,,
,,,,"Bedford, L.","1",,,,,,,,,"Pinus Banksiana","5","Carleton University","1",,,,,,,,
,,,,"Bouchard, M.","1",,,,,,,,,"Stand Structure","5","Simon Fraser University","1",,,,,,,,
,,,,"Boucher, Y.","1",,,,,,,,,"Conservation","4","Technical University of Munich","1",,,,,,,,
,,,,"Bouthillier, L.","1",,,,,,,,,"Disturbance","4","University of Regina","1",,,,,,,,
,,,,"Brunet, G.","1",,,,,,,,,"Ecological Impact","4","University of Alberta","1",,,,,,,,
,,,,"Cardinal, E.","1",,,,,,,,,"Ecosystem-based Management","4","Centre d'Ecologie Fonctionnelle et Evolutive","1",,,,,,,,
,,,,"Chalifour, D.","1",,,,,,,,,"Forests","4","Ministry of Forests and Range","1",,,,,,,,
,,,,"Charette, L.","1",,,,,,,,,"Logging (timber)","4","Ministére du Développement durable, de l'Environnement et des Parcs","1",,,,,,,,
,,,,"Courbin, N.","1",,,,,,,,,"Plants (botany)","4","Parks Canada","1",,,,,,,,
,,,,"Couturier, S.","1",,,,,,,,,"Regeneration","4","Centre d'étude de la forêt, Montreal","1",,,,,,,,
,,,,"Cyr, G.","1",,,,,,,,,"Sustainable Forestry","4","Wissenschaftszentrum Weihenstephan für Ernährung, Landnutzung und Umwelt","1",,,,,,,,
,,,,"Côét, S.D.","1",,,,,,,,,"Vegetation","4",,,,,,,,,,
,,,,"De Grandpré, L.","1",,,,,,,,,"Abitibi","3",,,,,,,,,,
,,,,"DesRochers, A.","1",,,,,,,,,"Araneae","3",,,,,,,,,,
,,,,"Desponts, M.","1",,,,,,,,,"Bryophyta","3",,,,,,,,,,
,,,,"Desrochers, A.","1",,,,,,,,,"Clearcutting","3",,,,,,,,,,
,,,,"Dussault, C.","1",,,,,,,,,"Climatology","3",,,,,,,,,,
,,,,"Fahrig, L.","1",,,,,,,,,"Community Structure","3",,,,,,,,,,
,,,,"Fall, A.","1",,,,,,,,,"Coniferophyta","3",,,,,,,,,,
,,,,"Fenton, N.","1",,,,,,,,,"Coniferous Tree","3",,,,,,,,,,
,,,,"Fortier, J.","1",,,,,,,,,"Deciduous Forest","3",,,,,,,,,,
,,,,"Fortin, D.","1",,,,,,,,,"Ecology","3",,,,,,,,,,
,,,,"Fortin, M.J.","1",,,,,,,,,"Forestry Production","3",,,,,,,,,,
,,,,"Gachet, S.","1",,,,,,,,,"Insecta","3",,,,,,,,,,
,,,,"Gagnon, D.","1",,,,,,,,,"Logging (forestry)","3",,,,,,,,,,
,,,,"Groot, A.","1",,,,,,,,,"Plantation","3",,,,,,,,,,
,,,,"Harvey, B.","1",,,,,,,,,"Plantation Forestry","3",,,,,,,,,,
,,,,"Heym, M.","1",,,,,,,,,"Reforestation","3",,,,,,,,,,
,,,,"Hodson, J.","1",,,,,,,,,"Species Richness","3",,,,,,,,,,
,,,,"Hébert, C.","1",,,,,,,,,"Spider","3",,,,,,,,,,
,,,,"Kneeshaw, D.D.","1",,,,,,,,,"Structural Complexity","3",,,,,,,,,,
,,,,"Kranabetter, J.M.","1",,,,,,,,,"Sustainable Development","3",,,,,,,,,,
,,,,"Lambert, F.","1",,,,,,,,,"Acari","2",,,,,,,,,,
,,,,"Larrivée, M.","1",,,,,,,,,"Age Structure","2",,,,,,,,,,
,,,,"Lavoie, M.","1",,,,,,,,,"Agriculture","2",,,,,,,,,,
,,,,"LeBlanc, M.L.","1",,,,,,,,,"Animalia","2",,,,,,,,,,
,,,,"Lesieur, D.","1",,,,,,,,,"Aves","2",,,,,,,,,,
,,,,"Légaré, J.P.","1",,,,,,,,,"Biodiversity Indicators","2",,,,,,,,,,
,,,,"Martin, J.L.","1",,,,,,,,,"Boreal Forests","2",,,,,,,,,,
,,,,"Messier, C.","1",,,,,,,,,"Community Composition","2",,,,,,,,,,
,,,,"Mitchell, S.J.","1",,,,,,,,,"Coniferous Forest","2",,,,,,,,,,
,,,,"Nappi, A.","1",,,,,,,,,"Decomposition","2",,,,,,,,,,
,,,,"Nguyen-Xuan, T.","1",,,,,,,,,"Evergreen Tree","2",,,,,,,,,,
,,,,"Ouzennou, H.","1",,,,,,,,,"Experimental Study","2",,,,,,,,,,
,,,,"Paradis, S.","1",,,,,,,,,"Fire","2",,,,,,,,,,
,,,,"Paré, D.","1",,,,,,,,,"Forest Dynamics","2",,,,,,,,,,
,,,,"Pham, A.T.","1",,,,,,,,,"Forest Floor","2",,,,,,,,,,
,,,,"Pinna, S.","1",,,,,,,,,"Growth","2",,,,,,,,,,
,,,,"Pothier, D.","1",,,,,,,,,"Hardwoods","2",,,,,,,,,,
,,,,"Pretzsch, H.","1",,,,,,,,,"Invertebrata","2",,,,,,,,,,
,,,,"Prégent, G.","1",,,,,,,,,"Land Use","2",,,,,,,,,,
,,,,"Savard, J.P.","1",,,,,,,,,"Larix Laricina","2",,,,,,,,,,
,,,,"Savard, J.P.L.","1",,,,,,,,,"Logging","2",,,,,,,,,,
,,,,"Schneider, R.","1",,,,,,,,,"Mauricie","2",,,,,,,,,,
,,,,"Seutin, G.","1",,,,,,,,,"Mites","2",,,,,,,,,,
,,,,"Shorthouse, D.P.","1",,,,,,,,,"Mixed Forest","2",,,,,,,,,,
,,,,"Sirois, L.","1",,,,,,,,,"Natural Disturbance","2",,,,,,,,,,
,,,,"Smyth, C.","1",,,,,,,,,"Natural Disturbances","2",,,,,,,,,,
,,,,"Swiston, K.","1",,,,,,,,,"Ontario [Canada]","2",,,,,,,,,,
,,,,"Tarroux, E.","1",,,,,,,,,"Oribatida","2",,,,,,,,,,
,,,,"Taylor, K.","1",,,,,,,,,"Picea Glauca","2",,,,,,,,,,
,,,,"Thomas, S.C.","1",,,,,,,,,"Plant Community","2",,,,,,,,,,
,,,,"Thorpe, H.C.","1",,,,,,,,,"Rubus Idaeus","2",,,,,,,,,,
,,,,"Truax, B.","1",,,,,,,,,"Sampling","2",,,,,,,,,,
,,,,"Vijayakumar, D.B.I.P.","1",,,,,,,,,"Seed","2",,,,,,,,,,
,,,,"Work, T.T.","1",,,,,,,,,"Site Preparation","2",,,,,,,,,,
,,,,"Yamasaki, S.H.","1",,,,,,,,,"Soil","2",,,,,,,,,,
,,,,,,,,,,,,,,"Spatial Scale","2",,,,,,,,,,
,,,,,,,,,,,,,,"Species Composition","2",,,,,,,,,,
,,,,,,,,,,,,,,"Stand Dynamics","2",,,,,,,,,,
,,,,,,,,,,,,,,"Substrates","2",,,,,,,,,,
,,,,,,,,,,,,,,"Succession","2",,,,,,,,,,
,,,,,,,,,,,,,,"Survival","2",,,,,,,,,,
,,,,,,,,,,,,,,"Temperate Forest","2",,,,,,,,,,
,,,,,,,,,,,,,,"Timber","2",,,,,,,,,,
,,,,,,,,,,,,,,"Understory","2",,,,,,,,,,
,,,,,,,,,,,,,,"Wildfire","2",,,,,,,,,,
,,,,,,,,,,,,,,"Windthrow","2",,,,,,,,,,
,,,,,,,,,,,,,,"Abandoned Land","1",,,,,,,,,,
,,,,,,,,,,,,,,"Afforestation","1",,,,,,,,,,
,,,,,,,,,,,,,,"Age Class","1",,,,,,,,,,
,,,,,,,,,,,,,,"Agroforestry","1",,,,,,,,,,
,,,,,,,,,,,,,,"Allometric Partitioning Theory","1",,,,,,,,,,
,,,,,,,,,,,,,,"Allometrics","1",,,,,,,,,,
,,,,,,,,,,,,,,"Anastomosis","1",,,,,,,,,,
,,,,,,,,,,,,,,"Animals","1",,,,,,,,,,
,,,,,,,,,,,,,,"Anticosti Island","1",,,,,,,,,,
,,,,,,,,,,,,,,"Arachnids","1",,,,,,,,,,
,,,,,,,,,,,,,,"Arthropod","1",,,,,,,,,,
,,,,,,,,,,,,,,"Artificial Regeneration","1",,,,,,,,,,
,,,,,,,,,,,,,,"Atmospheric Humidity","1",,,,,,,,,,
,,,,,,,,,,,,,,"Avifauna","1",,,,,,,,,,
,,,,,,,,,,,,,,"Bacteria (microorganisms)","1",,,,,,,,,,
,,,,,,,,,,,,,,"Balsam Fir","1",,,,,,,,,,
,,,,,,,,,,,,,,"Balsam-fir","1",,,,,,,,,,
,,,,,,,,,,,,,,"Betula Pendula","1",,,,,,,,,,
,,,,,,,,,,,,,,"Bioindicator","1",,,,,,,,,,
,,,,,,,,,,,,,,"Biological Indicators","1",,,,,,,,,,
,,,,,,,,,,,,,,"Biological Invasion","1",,,,,,,,,,
,,,,,,,,,,,,,,"Biomass","1",,,,,,,,,,
,,,,,,,,,,,,,,"Bird Communities","1",,,,,,,,,,
,,,,,,,,,,,,,,"Birds","1",,,,,,,,,,
,,,,,,,,,,,,,,"Black Spruce","1",,,,,,,,,,
,,,,,,,,,,,,,,"Boreal Mixedwood","1",,,,,,,,,,
,,,,,,,,,,,,,,"Boreal Mixedwoods","1",,,,,,,,,,
,,,,,,,,,,,,,,"Browsing","1",,,,,,,,,,
,,,,,,,,,,,,,,"Carbon","1",,,,,,,,,,
,,,,,,,,,,,,,,"Careful Logging","1",,,,,,,,,,
,,,,,,,,,,,,,,"Catharus Bicknelli","1",,,,,,,,,,
,,,,,,,,,,,,,,"Cavity-nesting Birds","1",,,,,,,,,,
,,,,,,,,,,,,,,"Cells","1",,,,,,,,,,
,,,,,,,,,,,,,,"Cervidae","1",,,,,,,,,,
,,,,,,,,,,,,,,"Chronosequence","1",,,,,,,,,,
,,,,,,,,,,,,,,"Chronosequences","1",,,,,,,,,,
,,,,,,,,,,,,,,"Climate Models","1",,,,,,,,,,
,,,,,,,,,,,,,,"Coarse Filter","1",,,,,,,,,,
,,,,,,,,,,,,,,"Coarse Filter Conservation","1",,,,,,,,,,
,,,,,,,,,,,,,,"Cohort Analysis","1",,,,,,,,,,
,,,,,,,,,,,,,,"Competition","1",,,,,,,,,,
,,,,,,,,,,,,,,"Competition (ecology)","1",,,,,,,,,,
,,,,,,,,,,,,,,"Coniferous Boreal Forest","1",,,,,,,,,,
,,,,,,,,,,,,,,"Conservation Management","1",,,,,,,,,,
,,,,,,,,,,,,,,"Cultivation","1",,,,,,,,,,
,,,,,,,,,,,,,,"Cutting","1",,,,,,,,,,
,,,,,,,,,,,,,,"Cytology","1",,,,,,,,,,
,,,,,,,,,,,,,,"Dead Wood","1",,,,,,,,,,
,,,,,,,,,,,,,,"Deciduous Tree","1",,,,,,,,,,
,,,,,,,,,,,,,,"Decision Support Systems","1",,,,,,,,,,
,,,,,,,,,,,,,,"Deer","1",,,,,,,,,,
,,,,,,,,,,,,,,"Deer Browsing","1",,,,,,,,,,
,,,,,,,,,,,,,,"Degradation","1",,,,,,,,,,
,,,,,,,,,,,,,,"Dendrochronology","1",,,,,,,,,,
,,,,,,,,,,,,,,"Density Dependence","1",,,,,,,,,,
,,,,,,,,,,,,,,"Dominance","1",,,,,,,,,,
,,,,,,,,,,,,,,"Downed Woody Material","1",,,,,,,,,,
,,,,,,,,,,,,,,"Drainage","1",,,,,,,,,,
,,,,,,,,,,,,,,"Ecological Disasters","1",,,,,,,,,,
,,,,,,,,,,,,,,"Ecological Modeling","1",,,,,,,,,,
,,,,,,,,,,,,,,"Ecological Value","1",,,,,,,,,,
,,,,,,,,,,,,,,"Ecological Values","1",,,,,,,,,,
