﻿Scopus refine results values

"Your query : ((TITLE-ABS-KEY((Boreal OR {James Bay} OR James-Bay OR {Clay Belt} OR {canadian shield}) AND (Canada OR Quebec OR Ontario OR newfoundland OR Alberta OR British-Columbia) ) AND PUBYEAR > 1999 AND PUBYEAR < 2020) AND (TITLE-ABS-KEY(Contamination OR Contaminant OR Pollut* OR  {acid rain} OR {nitrogen deposition} ) AND PUBYEAR > 1999 AND PUBYEAR < 2020) AND (TITLE-ABS-KEY(Predat* ) AND PUBYEAR > 1999 AND PUBYEAR < 2020))"


Number of results : 13

"ACCESS TYPE",,"YEAR",,"AUTHOR NAME",,"SUBJECT AREA",,"DOCUMENT TYPE",,"PUBLICATION STAGE",,"SOURCE TITLE",,"KEYWORD",,"AFFILIATION",,"FUNDING SPONSOR",,"COUNTRY",,"SOURCE TYPE",,"LANGUAGE",
"Open Access","3","2019","1","Bodaly, R.A.","2","Agricultural and Biological Sciences","5","Article","12","final","13","Environmental Toxicology And Chemistry","2","Canada","12","Environment Canada","2","Natural Sciences and Engineering Research Council of Canada","2","Canada","13","Journals","13","English","13"
"Other","10","2017","1","Anand, M.","1","Earth and Planetary Sciences","1","Review","1",,,"Archives Of Environmental Contamination And Toxicology","1","Article","8","Freshwater Institute, Fisheries and Oceans Canada","2","Alberta Environment and Parks","1","United States","2",,,,
,,"2014","1","Ayotte, P.","1","Environmental Science","11",,,,,"Biological Conservation","1","Priority Journal","7","University of Montreal","2","Canada Research Chairs","1","Argentina","1",,,,
,,"2013","2","Bates, L.M.","1","Immunology and Microbiology","1",,,,,"Canadian Journal Of Fisheries And Aquatic Sciences","1","Animals","6","University of Saskatchewan","2","Environment and Climate Change Canada","1","Germany","1",,,,
,,"2012","1","Belzile, N.","1","Medicine","2",,,,,"Ecoscience","1","Nonhuman","6","University of Regina","2","Hydro-QuÃ©bec","1",,,,,,
,,"2007","2","Blake, T.W.","1","Pharmacology, Toxicology and Pharmaceutics","2",,,,,"Ecotoxicology","1","Fish","5","North/South Consultants Inc.","1","Indigenous and Northern Affairs Canada","1",,,,,,
,,"2006","2","Branigan, M.","1",,,,,,,"Environmental Health A Global Access Science Source","1","Mercury","5","Manitoba Water Stewardship","1","Undefined","9",,,,,,
,,"2005","1","Bugajski, A.","1",,,,,,,"Environmental Reviews","1","Mercury (element)","5","Penobscot River Mercury Study","1",,,,,,,,
,,"2003","1","Carignan, R.","1",,,,,,,"Food And Waterborne Parasitology","1","Animalia","4","USDA ARS Beltsville Agricultural Research Center","1",,,,,,,,
,,"2002","1","Chen, Y.W.","1",,,,,,,"Journal Of Geophysical Research Biogeosciences","1","Bioaccumulation","4","Consejo Nacional de Investigaciones Científicas y Técnicas","1",,,,,,,,
,,,,"Chillo, V.","1",,,,,,,"Journal Of Wildlife Diseases","1","Concentration (composition)","4","Canadian Forest Service","1",,,,,,,,
,,,,"Derksen, A.J.","1",,,,,,,"Science Of The Total Environment","1","Environmental Monitoring","4","Fisheries and Oceans Canada","1",,,,,,,,
,,,,"Dewailly, E.","1",,,,,,,,,"Fishes","4","University of Guelph","1",,,,,,,,
,,,,"Dixit, S.S.","1",,,,,,,,,"Lake","4","Queen's University, Kingston","1",,,,,,,,
,,,,"Dodin, S.","1",,,,,,,,,"Lakes","4","National Center for Atmospheric Research","1",,,,,,,,
,,,,"Doucette, J.L.","1",,,,,,,,,"North America","4","Hydro-Quebec","1",,,,,,,,
,,,,"Dubey, J.P.","1",,,,,,,,,"Water Pollutants, Chemical","4","McMaster University, Faculty of Health Sciences","1",,,,,,,,
,,,,"Eccles, K.M.","1",,,,,,,,,"Concentration (parameters)","3","Agence de la santé publique du Canada","1",,,,,,,,
,,,,"Elkin, B.","1",,,,,,,,,"Esox Lucius","3","Université du Québec à Montréal","1",,,,,,,,
,,,,"Friedli, H.R.","1",,,,,,,,,"Female","3","University of Ottawa, Canada","1",,,,,,,,
,,,,"Fudge, R.J.P.","1",,,,,,,,,"Food Chain","3","INRS- Centre Eau, Terre &amp; Environnement","1",,,,,,,,
,,,,"Garcia, E.","1",,,,,,,,,"Lake Ecosystem","3","McMaster University","1",,,,,,,,
,,,,"Godson, D.L.","1",,,,,,,,,"Mercury (metal)","3","Hôpital Saint-Francois d'Assise","1",,,,,,,,
,,,,"Graham, M.D.","1",,,,,,,,,"Methylmercury Compounds","3","Instituto Argentino de Investigaciones de Zonas Aridas","1",,,,,,,,
,,,,"Green, D.J.","1",,,,,,,,,"Quebec","3","Institut National de Sante Publique Du Québec","1",,,,,,,,
,,,,"Gunn, J.M.","1",,,,,,,,,"Soil Pollution","3","ECT Oekotoxikologie GmbH","1",,,,,,,,
,,,,"Hall, B.D.","1",,,,,,,,,"Stizostedion Vitreum","3","CHU de Québec - Université Laval","1",,,,,,,,
,,,,"Jansen, W.A.","1",,,,,,,,,"Adult","2","Government of the Northwest Territories","1",,,,,,,,
,,,,"Jenkins, E.","1",,,,,,,,,"Analytic Method","2",,,,,,,,,,
,,,,"Johnston, T.A.","1",,,,,,,,,"Animal","2",,,,,,,,,,
,,,,"Jänsch, S.","1",,,,,,,,,"Animal Tissue","2",,,,,,,,,,
,,,,"Larter, N.C.","1",,,,,,,,,"Aves","2",,,,,,,,,,
,,,,"Leggett, W.C.","1",,,,,,,,,"Biomagnification","2",,,,,,,,,,
,,,,"Lucotte, M.","1",,,,,,,,,"Blood","2",,,,,,,,,,
,,,,"Lynham, T.J.","1",,,,,,,,,"Boreal Forest","2",,,,,,,,,,
,,,,"Majewski, A.R.","1",,,,,,,,,"Controlled Study","2",,,,,,,,,,
,,,,"McRae, D.J.","1",,,,,,,,,"Felidae","2",,,,,,,,,,
,,,,"Mulders, R.","1",,,,,,,,,"Forestry","2",,,,,,,,,,
,,,,"Mundy, L.J.","1",,,,,,,,,"Fresh Water","2",,,,,,,,,,
,,,,"Nieboer, E.","1",,,,,,,,,"Invertebrata","2",,,,,,,,,,
,,,,"Niyogi, S.","1",,,,,,,,,"James Bay","2",,,,,,,,,,
,,,,"Ogden, N.H.","1",,,,,,,,,"Male","2",,,,,,,,,,
,,,,"Parker, S.","1",,,,,,,,,"Methylmercury","2",,,,,,,,,,
,,,,"Paunescu, A.C.","1",,,,,,,,,"Pollution Exposure","2",,,,,,,,,,
,,,,"Payne, N.J.","1",,,,,,,,,"Predation","2",,,,,,,,,,
,,,,"Pongracz, J.","1",,,,,,,,,"Predator","2",,,,,,,,,,
,,,,"Poulin, M.B.","1",,,,,,,,,"Prey","2",,,,,,,,,,
,,,,"Radke, L.F.","1",,,,,,,,,"Saskatchewan","2",,,,,,,,,,
,,,,"Rousseau, A.N.","1",,,,,,,,,"Tissue Distribution","2",,,,,,,,,,
,,,,"Römbke, J.","1",,,,,,,,,"Toxicity","2",,,,,,,,,,
,,,,"Scroggins, R.","1",,,,,,,,,"Toxoplasma Gondii","2",,,,,,,,,,
,,,,"Sharma, R.","1",,,,,,,,,"Water Contamination","2",,,,,,,,,,
,,,,"Simon, A.","1",,,,,,,,,"Wildlife","2",,,,,,,,,,
,,,,"Somers, C.M.","1",,,,,,,,,"Acari","1",,,,,,,,,,
,,,,"Strange, N.E.","1",,,,,,,,,"Acid Deposition","1",,,,,,,,,,
,,,,"Surette, C.","1",,,,,,,,,"Acidification","1",,,,,,,,,,
,,,,"Swanson, H.K.","1",,,,,,,,,"Age","1",,,,,,,,,,
,,,,"Thomas, P.J.","1",,,,,,,,,"Age Factors","1",,,,,,,,,,
,,,,"Tremblay, A.","1",,,,,,,,,"Aged","1",,,,,,,,,,
,,,,"Vinebrooke, R.D.","1",,,,,,,,,"Alberta","1",,,,,,,,,,
,,,,,,,,,,,,,,"Alga","1",,,,,,,,,,
,,,,,,,,,,,,,,"Algae","1",,,,,,,,,,
,,,,,,,,,,,,,,"American Indian","1",,,,,,,,,,
,,,,,,,,,,,,,,"American Marten","1",,,,,,,,,,
,,,,,,,,,,,,,,"American Native Continental Ancestry Group","1",,,,,,,,,,
,,,,,,,,,,,,,,"Analysis","1",,,,,,,,,,
,,,,,,,,,,,,,,"Animal Disease","1",,,,,,,,,,
,,,,,,,,,,,,,,"Anthropogenic Disturbance","1",,,,,,,,,,
,,,,,,,,,,,,,,"Antibodies, Protozoan","1",,,,,,,,,,
,,,,,,,,,,,,,,"Antibody","1",,,,,,,,,,
,,,,,,,,,,,,,,"Antibody Detection","1",,,,,,,,,,
,,,,,,,,,,,,,,"Anticoagulant","1",,,,,,,,,,
,,,,,,,,,,,,,,"Anticoagulant Rodenticide","1",,,,,,,,,,
,,,,,,,,,,,,,,"Apolipoprotein B","1",,,,,,,,,,
,,,,,,,,,,,,,,"Aquatic Community","1",,,,,,,,,,
,,,,,,,,,,,,,,"Assessment Method","1",,,,,,,,,,
,,,,,,,,,,,,,,"Bacillariophyta","1",,,,,,,,,,
,,,,,,,,,,,,,,"Basal Area","1",,,,,,,,,,
,,,,,,,,,,,,,,"Bioavailability","1",,,,,,,,,,
,,,,,,,,,,,,,,"Biodiversity","1",,,,,,,,,,
,,,,,,,,,,,,,,"Biological Invasions","1",,,,,,,,,,
,,,,,,,,,,,,,,"Biomass","1",,,,,,,,,,
,,,,,,,,,,,,,,"Biomass Partitioning","1",,,,,,,,,,
,,,,,,,,,,,,,,"Biota","1",,,,,,,,,,
,,,,,,,,,,,,,,"Bird","1",,,,,,,,,,
,,,,,,,,,,,,,,"Birds","1",,,,,,,,,,
,,,,,,,,,,,,,,"Body Constitution","1",,,,,,,,,,
,,,,,,,,,,,,,,"Body Mass","1",,,,,,,,,,
,,,,,,,,,,,,,,"Body Size","1",,,,,,,,,,
,,,,,,,,,,,,,,"Bone","1",,,,,,,,,,
,,,,,,,,,,,,,,"Bone And Bones","1",,,,,,,,,,
,,,,,,,,,,,,,,"Boreal Kingdom","1",,,,,,,,,,
,,,,,,,,,,,,,,"Bradyzoite","1",,,,,,,,,,
,,,,,,,,,,,,,,"Breast","1",,,,,,,,,,
,,,,,,,,,,,,,,"Bryophyta","1",,,,,,,,,,
,,,,,,,,,,,,,,"Calcaneal Ultrasound Parameters","1",,,,,,,,,,
,,,,,,,,,,,,,,"Canadian Boreal Lakes","1",,,,,,,,,,
,,,,,,,,,,,,,,"Canadian Lynx","1",,,,,,,,,,
,,,,,,,,,,,,,,"Canadian Shield","1",,,,,,,,,,
,,,,,,,,,,,,,,"Carabidae","1",,,,,,,,,,
,,,,,,,,,,,,,,"Carbon","1",,,,,,,,,,
,,,,,,,,,,,,,,"Carcass","1",,,,,,,,,,
,,,,,,,,,,,,,,"Cat","1",,,,,,,,,,
,,,,,,,,,,,,,,"Cat Disease","1",,,,,,,,,,
,,,,,,,,,,,,,,"Cat Diseases","1",,,,,,,,,,
,,,,,,,,,,,,,,"Catchment","1",,,,,,,,,,
,,,,,,,,,,,,,,"Catchments","1",,,,,,,,,,
,,,,,,,,,,,,,,"Cats","1",,,,,,,,,,
,,,,,,,,,,,,,,"Chemical Analysis","1",,,,,,,,,,
,,,,,,,,,,,,,,"Clear-cut","1",,,,,,,,,,
,,,,,,,,,,,,,,"Clupeoid","1",,,,,,,,,,
,,,,,,,,,,,,,,"Coccidia","1",,,,,,,,,,
,,,,,,,,,,,,,,"Coleoptera","1",,,,,,,,,,
,,,,,,,,,,,,,,"Collembola","1",,,,,,,,,,
,,,,,,,,,,,,,,"Community Structure","1",,,,,,,,,,
,,,,,,,,,,,,,,"Concentration (process)","1",,,,,,,,,,
,,,,,,,,,,,,,,"Conservation Of Natural Resources","1",,,,,,,,,,
,,,,,,,,,,,,,,"Contamination","1",,,,,,,,,,
,,,,,,,,,,,,,,"Copper","1",,,,,,,,,,
,,,,,,,,,,,,,,"Copper-nickel Smelter","1",,,,,,,,,,
,,,,,,,,,,,,,,"Coregonus Clupeaformis","1",,,,,,,,,,
,,,,,,,,,,,,,,"Correlation Analysis","1",,,,,,,,,,
,,,,,,,,,,,,,,"Cree Women","1",,,,,,,,,,
,,,,,,,,,,,,,,"Cross-Sectional Studies","1",,,,,,,,,,
,,,,,,,,,,,,,,"Cross-sectional Study","1",,,,,,,,,,
,,,,,,,,,,,,,,"Deciduous Tree","1",,,,,,,,,,
,,,,,,,,,,,,,,"Demethylation","1",,,,,,,,,,
,,,,,,,,,,,,,,"Deposition","1",,,,,,,,,,
,,,,,,,,,,,,,,"Diaphragm","1",,,,,,,,,,
,,,,,,,,,,,,,,"Dioxin","1",,,,,,,,,,
,,,,,,,,,,,,,,"Dioxin Like Compound","1",,,,,,,,,,
,,,,,,,,,,,,,,"Dioxin-Like Compounds","1",,,,,,,,,,
,,,,,,,,,,,,,,"Dioxins","1",,,,,,,,,,
,,,,,,,,,,,,,,"Disease Carrier","1",,,,,,,,,,
,,,,,,,,,,,,,,"Disease Reservoirs","1",,,,,,,,,,
,,,,,,,,,,,,,,"Disease Transmission","1",,,,,,,,,,
,,,,,,,,,,,,,,"Drug Effects","1",,,,,,,,,,
,,,,,,,,,,,,,,"Drug Inactivation","1",,,,,,,,,,
,,,,,,,,,,,,,,"Dynamics","1",,,,,,,,,,
,,,,,,,,,,,,,,"Ecology","1",,,,,,,,,,
,,,,,,,,,,,,,,"Ecoregion","1",,,,,,,,,,
,,,,,,,,,,,,,,"Ecosystems","1",,,,,,,,,,
,,,,,,,,,,,,,,"Enchytraeidae","1",,,,,,,,,,
,,,,,,,,,,,,,,"Environmental Disturbance","1",,,,,,,,,,
,,,,,,,,,,,,,,"Environmental Exposure","1",,,,,,,,,,
,,,,,,,,,,,,,,"Environmental Pollutants","1",,,,,,,,,,
,,,,,,,,,,,,,,"Environmental Stress","1",,,,,,,,,,
,,,,,,,,,,,,,,"Enzyme Linked Immunosorbent Assay","1",,,,,,,,,,
,,,,,,,,,,,,,,"Epidemiology","1",,,,,,,,,,
,,,,,,,,,,,,,,"Erythrocyte Membrane","1",,,,,,,,,,
,,,,,,,,,,,,,,"Esox","1",,,,,,,,,,
,,,,,,,,,,,,,,"Feces","1",,,,,,,,,,
,,,,,,,,,,,,,,"Feeding Behavior","1",,,,,,,,,,
,,,,,,,,,,,,,,"Felis Catus","1",,,,,,,,,,
,,,,,,,,,,,,,,"Fire","1",,,,,,,,,,
,,,,,,,,,,,,,,"Fires","1",,,,,,,,,,
,,,,,,,,,,,,,,"Fish-eating Birds","1",,,,,,,,,,
,,,,,,,,,,,,,,"Fisher","1",,,,,,,,,,
,,,,,,,,,,,,,,"Fisheries","1",,,,,,,,,,
,,,,,,,,,,,,,,"Fishing","1",,,,,,,,,,
