﻿Scopus refine results values

"Your query : ((TITLE-ABS-KEY((Boreal OR {James Bay} OR James-Bay OR {Clay Belt} OR {canadian shield}) AND Quebec) AND PUBYEAR > 1999 AND PUBYEAR < 2020) AND (TITLE-ABS-KEY(weather OR   Season* OR meteo*) AND PUBYEAR > 1999 AND PUBYEAR < 2020) AND (TITLE-ABS-KEY(Predat* ) AND PUBYEAR > 1999 AND PUBYEAR < 2020))"


Number of results : 7

"ACCESS TYPE",,"YEAR",,"AUTHOR NAME",,"SUBJECT AREA",,"DOCUMENT TYPE",,"PUBLICATION STAGE",,"SOURCE TITLE",,"KEYWORD",,"AFFILIATION",,"FUNDING SPONSOR",,"COUNTRY",,"SOURCE TYPE",,"LANGUAGE",
"Open Access","2","2018","1","Courtois, R.","3","Agricultural and Biological Sciences","7","Article","5","final","7","Biological Conservation","2","Boreal Forest","6","Université du Québec à Rimouski","5","Natural Sciences and Engineering Research Council of Canada","2","Canada","6","Journals","7","English","7"
"Other","5","2017","1","Fortin, D.","3","Environmental Science","2","Conference Paper","1",,,"Ardea","1","Canada","6","Université Laval","5","Canada Economic Development for Quebec Regions","1","United Kingdom","1",,,,
,,"2014","1","St-Laurent, M.H.","3",,,"Review","1",,,"Canadian Journal Of Zoology","1","Quebec [Canada]","5","Ministère de l‘Energie et des Ressources naturelles du Québec","3","Concordia University","1",,,,,,
,,"2010","1","Dussault, C.","2",,,,,,,"Ecology","1","Home Range","4","Ministère des Forêts de la Faune et des Parcs du Québec","1","Fonds QuÃ©bÃ©cois de la Recherche sur la Nature et les Technologies","1",,,,,,
,,"2008","1","Ouellet, J.P.","2",,,,,,,"Forestry Chronicle","1","Rangifer Tarandus","4","Universite du Quebec en Abitibi-Temiscamingue","1","Fonds de recherche du QuÃ©bec â Nature et technologies","1",,,,,,
,,"2006","1","Beauchesne, D.","1",,,,,,,"Journal Of Animal Ecology","1","Rangifer Tarandus Caribou","4","UK Centre for Ecology &amp; Hydrology","1","MinistÃ¨re des ForÃªts, de la Faune et des Parcs","1",,,,,,
,,"2004","1","Bouchard, M.","1",,,,,,,,,"Forest Harvesting","3","Canadian Forest Service","1","MinistÃ¨re des Ressources Naturelles et de la Faune","1",,,,,,
,,,,"Brodeur, V.","1",,,,,,,,,"Space Use","3","Natural Resources Canada","1","World Wildlife Fund","1",,,,,,
,,,,"Correia, D.L.P.","1",,,,,,,,,"Ursus Americanus","3","Conseil de recherches en sciences naturelles et en génie du Canada","1","Undefined","5",,,,,,
,,,,"Drapeau, P.","1",,,,,,,,,"Animal","2","Université du Québec à Montréal","1",,,,,,,,
,,,,"Faille, G.","1",,,,,,,,,"Animals","2","Concordia University","1",,,,,,,,
,,,,"Gingras, A.","1",,,,,,,,,"Conservation Planning","2","Institut des sciences de la mer de Rimouski","1",,,,,,,,
,,,,"Jaeger, J.A.G.","1",,,,,,,,,"Deer","2",,,,,,,,,,
,,,,"Lafontaine, A.","1",,,,,,,,,"Habitat Selection","2",,,,,,,,,,
,,,,"Martel, V.","1",,,,,,,,,"Logging (timber)","2",,,,,,,,,,
,,,,"Newton, I.","1",,,,,,,,,"North America","2",,,,,,,,,,
,,,,"Quellet, J.P.","1",,,,,,,,,"Predation","2",,,,,,,,,,
,,,,"Régnière, J.","1",,,,,,,,,"Quebec","2",,,,,,,,,,
,,,,"Therrien, P.","1",,,,,,,,,"Range Fidelity","2",,,,,,,,,,
,,,,,,,,,,,,,,"Seasonal Variation","2",,,,,,,,,,
,,,,,,,,,,,,,,"Site Fidelity","2",,,,,,,,,,
,,,,,,,,,,,,,,"Ungulata","2",,,,,,,,,,
,,,,,,,,,,,,,,"Ungulate","2",,,,,,,,,,
,,,,,,,,,,,,,,"Woodland","2",,,,,,,,,,
,,,,,,,,,,,,,,"Woodland Caribou","2",,,,,,,,,,
,,,,,,,,,,,,,,"Abundance","1",,,,,,,,,,
,,,,,,,,,,,,,,"Adaptive Management","1",,,,,,,,,,
,,,,,,,,,,,,,,"Animal Behavior","1",,,,,,,,,,
,,,,,,,,,,,,,,"Animalia","1",,,,,,,,,,
,,,,,,,,,,,,,,"Annual Variation","1",,,,,,,,,,
,,,,,,,,,,,,,,"Anthropogenic Effect","1",,,,,,,,,,
,,,,,,,,,,,,,,"Aves","1",,,,,,,,,,
,,,,,,,,,,,,,,"Bear","1",,,,,,,,,,
,,,,,,,,,,,,,,"Behavioral Response","1",,,,,,,,,,
,,,,,,,,,,,,,,"Bombycilla Garrulus","1",,,,,,,,,,
,,,,,,,,,,,,,,"Boreal Caribou","1",,,,,,,,,,
,,,,,,,,,,,,,,"Boreal Forests","1",,,,,,,,,,
,,,,,,,,,,,,,,"Breeding Site","1",,,,,,,,,,
,,,,,,,,,,,,,,"Bryophyta","1",,,,,,,,,,
,,,,,,,,,,,,,,"Calf","1",,,,,,,,,,
,,,,,,,,,,,,,,"Canadian Boreal Forest","1",,,,,,,,,,
,,,,,,,,,,,,,,"Canidae","1",,,,,,,,,,
,,,,,,,,,,,,,,"Canis","1",,,,,,,,,,
,,,,,,,,,,,,,,"Carduelis Flammea","1",,,,,,,,,,
,,,,,,,,,,,,,,"Carduelis Pinus","1",,,,,,,,,,
,,,,,,,,,,,,,,"Carduelis Spinus","1",,,,,,,,,,
,,,,,,,,,,,,,,"Caribou","1",,,,,,,,,,
,,,,,,,,,,,,,,"Choristoneura Fumiferana","1",,,,,,,,,,
,,,,,,,,,,,,,,"Climate","1",,,,,,,,,,
,,,,,,,,,,,,,,"Climate Change","1",,,,,,,,,,
,,,,,,,,,,,,,,"Coniferophyta","1",,,,,,,,,,
,,,,,,,,,,,,,,"Connectivity","1",,,,,,,,,,
,,,,,,,,,,,,,,"Conservation","1",,,,,,,,,,
,,,,,,,,,,,,,,"Conservation Management","1",,,,,,,,,,
,,,,,,,,,,,,,,"Disturbance Threshold","1",,,,,,,,,,
,,,,,,,,,,,,,,"Ecological Modeling","1",,,,,,,,,,
,,,,,,,,,,,,,,"Ecological Trap","1",,,,,,,,,,
,,,,,,,,,,,,,,"Ecology","1",,,,,,,,,,
,,,,,,,,,,,,,,"Ecosystem","1",,,,,,,,,,
,,,,,,,,,,,,,,"Ecosystem Approach","1",,,,,,,,,,
,,,,,,,,,,,,,,"Ecosystem Management","1",,,,,,,,,,
,,,,,,,,,,,,,,"Ecosystems","1",,,,,,,,,,
,,,,,,,,,,,,,,"Ecotype","1",,,,,,,,,,
,,,,,,,,,,,,,,"Environmental Disturbance","1",,,,,,,,,,
,,,,,,,,,,,,,,"Environmental Response","1",,,,,,,,,,
,,,,,,,,,,,,,,"Familiarity","1",,,,,,,,,,
,,,,,,,,,,,,,,"Female","1",,,,,,,,,,
,,,,,,,,,,,,,,"Finches","1",,,,,,,,,,
,,,,,,,,,,,,,,"Fitness","1",,,,,,,,,,
,,,,,,,,,,,,,,"Food Limitation","1",,,,,,,,,,
,,,,,,,,,,,,,,"Forest","1",,,,,,,,,,
,,,,,,,,,,,,,,"Forest Insect Outbreaks","1",,,,,,,,,,
,,,,,,,,,,,,,,"Forest Management","1",,,,,,,,,,
,,,,,,,,,,,,,,"Forest-dwelling Ecotype","1",,,,,,,,,,
,,,,,,,,,,,,,,"Forestry","1",,,,,,,,,,
,,,,,,,,,,,,,,"Forests","1",,,,,,,,,,
,,,,,,,,,,,,,,"Fringillidae","1",,,,,,,,,,
,,,,,,,,,,,,,,"Frugivory","1",,,,,,,,,,
,,,,,,,,,,,,,,"GPS","1",,,,,,,,,,
,,,,,,,,,,,,,,"GPS Telemetry","1",,,,,,,,,,
,,,,,,,,,,,,,,"Genetic Fitness","1",,,,,,,,,,
,,,,,,,,,,,,,,"Guidelines","1",,,,,,,,,,
,,,,,,,,,,,,,,"Habitat Conservation","1",,,,,,,,,,
,,,,,,,,,,,,,,"Habitat Fragmentation","1",,,,,,,,,,
,,,,,,,,,,,,,,"Habitat Use","1",,,,,,,,,,
,,,,,,,,,,,,,,"Harvesting","1",,,,,,,,,,
,,,,,,,,,,,,,,"Heterogeneity","1",,,,,,,,,,
,,,,,,,,,,,,,,"Hexapoda","1",,,,,,,,,,
,,,,,,,,,,,,,,"Homing Behavior","1",,,,,,,,,,
,,,,,,,,,,,,,,"Host Plant","1",,,,,,,,,,
,,,,,,,,,,,,,,"Host-parasite Interaction","1",,,,,,,,,,
,,,,,,,,,,,,,,"Industrial Engineering","1",,,,,,,,,,
,,,,,,,,,,,,,,"Industrial Management","1",,,,,,,,,,
,,,,,,,,,,,,,,"Intensive Agriculture","1",,,,,,,,,,
,,,,,,,,,,,,,,"Invasion","1",,,,,,,,,,
,,,,,,,,,,,,,,"Irruption","1",,,,,,,,,,
,,,,,,,,,,,,,,"Laboratory Method","1",,,,,,,,,,
,,,,,,,,,,,,,,"Larva","1",,,,,,,,,,
,,,,,,,,,,,,,,"Larval Development","1",,,,,,,,,,
,,,,,,,,,,,,,,"Laurentian Mountains","1",,,,,,,,,,
,,,,,,,,,,,,,,"Laurentides Wildlife Reserve","1",,,,,,,,,,
,,,,,,,,,,,,,,"Longevity","1",,,,,,,,,,
,,,,,,,,,,,,,,"Loxia","1",,,,,,,,,,
,,,,,,,,,,,,,,"Loxia Curvirostra","1",,,,,,,,,,
,,,,,,,,,,,,,,"Migration","1",,,,,,,,,,
,,,,,,,,,,,,,,"Moth","1",,,,,,,,,,
,,,,,,,,,,,,,,"Moths","1",,,,,,,,,,
,,,,,,,,,,,,,,"Movement","1",,,,,,,,,,
,,,,,,,,,,,,,,"Natural Enemy","1",,,,,,,,,,
,,,,,,,,,,,,,,"Nyctea","1",,,,,,,,,,
,,,,,,,,,,,,,,"Nyctea Scandiaca","1",,,,,,,,,,
,,,,,,,,,,,,,,"Old-growth Forest","1",,,,,,,,,,
,,,,,,,,,,,,,,"Owls","1",,,,,,,,,,
,,,,,,,,,,,,,,"Parasitism","1",,,,,,,,,,
,,,,,,,,,,,,,,"Passerine","1",,,,,,,,,,
,,,,,,,,,,,,,,"Phenology","1",,,,,,,,,,
,,,,,,,,,,,,,,"Physiology","1",,,,,,,,,,
,,,,,,,,,,,,,,"Picea","1",,,,,,,,,,
,,,,,,,,,,,,,,"Population Decline","1",,,,,,,,,,
,,,,,,,,,,,,,,"Population Outbreak","1",,,,,,,,,,
,,,,,,,,,,,,,,"Predation Risk","1",,,,,,,,,,
,,,,,,,,,,,,,,"Range Expansion","1",,,,,,,,,,
,,,,,,,,,,,,,,"Range Size","1",,,,,,,,,,
,,,,,,,,,,,,,,"Raptor","1",,,,,,,,,,
,,,,,,,,,,,,,,"Reindeer","1",,,,,,,,,,
,,,,,,,,,,,,,,"Reproduction","1",,,,,,,,,,
,,,,,,,,,,,,,,"Reproductive Fitness","1",,,,,,,,,,
,,,,,,,,,,,,,,"Reproductive Success","1",,,,,,,,,,
,,,,,,,,,,,,,,"Resource Selection","1",,,,,,,,,,
,,,,,,,,,,,,,,"Roads","1",,,,,,,,,,
,,,,,,,,,,,,,,"Rodent","1",,,,,,,,,,
,,,,,,,,,,,,,,"Rodentia","1",,,,,,,,,,
,,,,,,,,,,,,,,"Season","1",,,,,,,,,,
,,,,,,,,,,,,,,"Seasons","1",,,,,,,,,,
,,,,,,,,,,,,,,"Seed Predation","1",,,,,,,,,,
,,,,,,,,,,,,,,"Silviculture","1",,,,,,,,,,
,,,,,,,,,,,,,,"Softwoods","1",,,,,,,,,,
,,,,,,,,,,,,,,"Spatial Distribution","1",,,,,,,,,,
,,,,,,,,,,,,,,"Spatial Memory","1",,,,,,,,,,
,,,,,,,,,,,,,,"Spruce Budworm","1",,,,,,,,,,
,,,,,,,,,,,,,,"Spruce Forest","1",,,,,,,,,,
,,,,,,,,,,,,,,"Strigiformes","1",,,,,,,,,,
,,,,,,,,,,,,,,"Structural Equation models","1",,,,,,,,,,
,,,,,,,,,,,,,,"Survival","1",,,,,,,,,,
,,,,,,,,,,,,,,"Synchrony","1",,,,,,,,,,
,,,,,,,,,,,,,,"Telemetry","1",,,,,,,,,,
,,,,,,,,,,,,,,"Trees","1",,,,,,,,,,
,,,,,,,,,,,,,,"Vegetation Cover","1",,,,,,,,,,
,,,,,,,,,,,,,,"Western Hemisphere","1",,,,,,,,,,
,,,,,,,,,,,,,,"Wildlifes","1",,,,,,,,,,
,,,,,,,,,,,,,,"Wood Preservation","1",,,,,,,,,,
,,,,,,,,,,,,,,"World","1",,,,,,,,,,
,,,,,,,,,,,,,,,,,,,,,,,,,
,,,,,,,,,,,,,,,,,,,,,,,,,
,,,,,,,,,,,,,,,,,,,,,,,,,
,,,,,,,,,,,,,,,,,,,,,,,,,
,,,,,,,,,,,,,,,,,,,,,,,,,
,,,,,,,,,,,,,,,,,,,,,,,,,
,,,,,,,,,,,,,,,,,,,,,,,,,
,,,,,,,,,,,,,,,,,,,,,,,,,
