﻿Scopus refine results values

"Your query : ((TITLE-ABS-KEY((Boreal OR {James Bay} OR James-Bay OR {Clay Belt} OR {canadian shield}) AND (Canada OR Quebec OR Ontario OR newfoundland OR Alberta OR British-Columbia) ) AND PUBYEAR > 1999 AND PUBYEAR < 2020) AND (TITLE-ABS-KEY((Forest AND Fire) OR ""Wildfire"" OR ""crown fire"" OR ""Wildland fire"" ) AND PUBYEAR > 1999 AND PUBYEAR < 2020) AND (TITLE-ABS-KEY({Age structure}  OR  old-growth) AND PUBYEAR > 1999 AND PUBYEAR < 2020))"


Number of results : 99

"ACCESS TYPE",,"YEAR",,"AUTHOR NAME",,"SUBJECT AREA",,"DOCUMENT TYPE",,"PUBLICATION STAGE",,"SOURCE TITLE",,"KEYWORD",,"AFFILIATION",,"FUNDING SPONSOR",,"COUNTRY",,"SOURCE TYPE",,"LANGUAGE",
"Open Access","14","2019","1","Bergeron, Y.","30","Agricultural and Biological Sciences","78","Article","87","final","99","Forest Ecology And Management","16","Canada","86","Canadian Forest Service","34","Natural Sciences and Engineering Research Council of Canada","25","Canada","96","Journals","98","English","98"
"Other","85","2018","8","Gauthier, S.","22","Arts and Humanities","4","Conference Paper","8",,,"Canadian Journal Of Forest Research","15","Boreal Forest","82","Université Laval","34","Fonds QuÃ©bÃ©cois de la Recherche sur la Nature et les Technologies","6","United States","8","Book Series","1","French","1"
,,"2017","5","Raulier, F.","10","Biochemistry, Genetics and Molecular Biology","4","Review","4",,,"Forestry Chronicle","8","Forestry","53","Université du Québec à Montréal","29","Environment and Climate Change Canada","2","France","4",,,,
,,"2016","3","Payette, S.","7","Decision Sciences","1",,,,,"Ecological Applications","3","Forest Management","36","Universite du Quebec en Abitibi-Temiscamingue","25","Government of Canada","2","Germany","3",,,,
,,"2015","7","Pothier, D.","7","Earth and Planetary Sciences","5",,,,,"Ecoscience","3","Old-growth Forest","35","Natural Resources Canada","23","Institute at Brown for Environment and Society, Brown University","2","China","2",,,,
,,"2014","6","Leduc, A.","6","Economics, Econometrics and Finance","2",,,,,"Forests","3","Picea Mariana","32","Le réseau de l'Université du Québec","8","Institute for Biodiversity, Ecosystem Science, and Sustainability","2","Argentina","1",,,,
,,"2013","4","Drapeau, P.","5","Environmental Science","69",,,,,"Silva Fennica","3","Fires","30","University of Alberta","8","MinistÃ¨re des Ressources Naturelles et de la Faune","2","Australia","1",,,,
,,"2012","7","Fall, A.","5","Immunology and Microbiology","1",,,,,"Ambio","2","Boreal Forests","29","Ministère de l‘Energie et des Ressources naturelles du Québec","7","Natural Resources Canada","2","Czech Republic","1",,,,
,,"2011","10","Boucher, Y.","4","Multidisciplinary","2",,,,,"Ecology","2","Forest Fire","29","Simon Fraser University","5","UniversitÃ© Laval","2","Russian Federation","1",,,,
,,"2010","5","Fenton, N.J.","4","Social Sciences","6",,,,,"Ecosphere","2","Ecosystems","25","Université du Québec à Chicoutimi","5","Cameco","1","South Africa","1",,,,
,,"2009","3","Grondin, P.","4",,,,,,,"Ecosystems","2","North America","25","University of Toronto","4","Canada Economic Development for Quebec Regions","1","Spain","1",,,,
,,"2008","5","Asselin, H.","3",,,,,,,"Environmental Reviews","2","Harvesting","24","Lakehead University","4","Canada Research Chairs","1","Sweden","1",,,,
,,"2007","3","Bernier, P.Y.","3",,,,,,,"Forest Policy And Economics","2","Age Structure","23","Conseil de recherches en sciences naturelles et en génie du Canada","4","Canadian Forest Service","1","Switzerland","1",,,,
,,"2006","2","Boudreault, C.","3",,,,,,,"Global Change Biology","2","Biodiversity","23","Northern Forestry Centre","4","Fonds Québécois de la Recherche sur la Nature et les Technologies","1",,,,,,
,,"2005","6","Cumming, S.G.","3",,,,,,,"Holocene","2","Quebec [Canada]","23","Université du Québec à Rimouski","3","Fonds de recherche du QuÃ©bec â Nature et technologies","1",,,,,,
,,"2004","5","Fortin, M.J.","3",,,,,,,"Landscape Ecology","2","Fire","22","University of Saskatchewan","3","Fonds pour la Formation de Chercheurs et l'Aide Ã  la Recherche","1",,,,,,
,,"2003","4","Hagemann, U.","3",,,,,,,"Plos One","2","Disturbance","20","Technische Universität Dresden","3","Foundation for Community Association Research","1",,,,,,
,,"2002","7","Ibarzabal, J.","3",,,,,,,"Annales Zoologici Fennici","1","Forests","17","Centre d'étude de la forêt, Montreal","3","Luonnontieteiden ja Tekniikan Tutkimuksen Toimikunta","1",,,,,,
,,"2001","2","Kneeshaw, D.","3",,,,,,,"Applied Vegetation Science","1","Picea","16","Environment Canada","2","MinistÃ¨re de l'Ãcologie, du DÃ©veloppement Durable et de l'Ãnergie","1",,,,,,
,,"2000","6","Moroni, M.T.","3",,,,,,,"Biological Conservation","1","Ecology","14","University of Calgary","2","MinistÃ¨re des ForÃªts, de la Faune et des Parcs","1",,,,,,
,,,,"Savard, J.P.L.","3",,,,,,,"Botany","1","Forest Fires","14","McGill University","2","National Science Foundation","1",,,,,,
,,,,"Azeria, E.T.","2",,,,,,,"Bryologist","1","Coniferous Forest","13","University of Montreal","2","UniversitÃ© du QuÃ©bec Ã  Chicoutimi","1",,,,,,
,,,,"Baret, M.","2",,,,,,,"Canadian Field Naturalist","1","Stand Structure","13","The University of British Columbia","2","Western Economic Diversification Canada","1",,,,,,
,,,,"Bouchard, M.","2",,,,,,,"Canadian Journal Of Botany","1","Succession","13","University of Alaska Fairbanks","2","Undefined","65",,,,,,
,,,,"Boulanger, Y.","2",,,,,,,"Canadian Journal Of Remote Sensing","1","Wildfire","13","University of Guelph","2",,,,,,,,
,,,,"Bégin, Y.","2",,,,,,,"Canadian Journal Of Soil Science","1","Climate Change","12","Wilkes University","2",,,,,,,,
,,,,"Bélanger, L.","2",,,,,,,"Canadian Journal Of Zoology","1","Environmental Disturbance","12","Pacific Forestry Centre","2",,,,,,,,
,,,,"Chen, H.Y.H.","2",,,,,,,"Conservation Genetics","1","Fire History","12","University of Wisconsin-Madison","2",,,,,,,,
,,,,"Cyr, D.","2",,,,,,,"Ecological Indicators","1","Abies Balsamea","11","Institut National de la Recherche Scientifique","2",,,,,,,,
,,,,"De Grandpré, L.","2",,,,,,,"Ecological Modelling","1","Bryophyta","11","Ministère des Forêts de la Faune et des Parcs du Québec","1",,,,,,,,
,,,,"Dhital, N.","2",,,,,,,"Forest Ecosystems","1","Chronosequence","11","Treeline Ecological Research","1",,,,,,,,
,,,,"Flannigan, M.D.","2",,,,,,,"Forestry","1","Stand Dynamics","10","Symbios Research and Restoration","1",,,,,,,,
,,,,"Fortin, D.","2",,,,,,,"Journal Of Applied Ecology","1","Clearcutting","9","Prince Albert National Park","1",,,,,,,,
,,,,"Girardin, M.P.","2",,,,,,,"Journal Of Biogeography","1","Coniferophyta","9","Gowlland Technologies Ltd.","1",,,,,,,,
,,,,"Hannon, S.J.","2",,,,,,,"Journal Of Environmental Management","1","Landscape","9","Manitoba Conservation","1",,,,,,,,
,,,,"Harvey, B.D.","2",,,,,,,"Journal Of Forest Research","1","Logging","9","Swedish Inst. for Ecol. Sustainab.","1",,,,,,,,
,,,,"Imbeau, L.","2",,,,,,,"Journal Of Ornithology","1","Logging (timber)","9","NSERC Northern Research Chair","1",,,,,,,,
,,,,"Johnstone, J.F.","2",,,,,,,"Journal Of Quaternary Science","1","Silviculture","9","Centre d’étude de la forêt CEF","1",,,,,,,,
,,,,"Kneeshaw, D.D.","2",,,,,,,"Natural Areas Journal","1","Timber","9","Wildlife Research","1",,,,,,,,
,,,,"Lefort, P.","2",,,,,,,"Philosophical Transactions Of The Royal Society B Biological Sciences","1","Age Class","8","Wildlife Research","1",,,,,,,,
,,,,"Lesieur, D.","2",,,,,,,"Plant Ecology","1","Ecosystem Management","8","Ministère des Forêts","1",,,,,,,,
,,,,"Lowe, J.","2",,,,,,,"Quaternary Research","1","Picea Glauca","8","Wood Waste to Rural Heat Project","1",,,,,,,,
,,,,"Lussier, J.M.","2",,,,,,,"Soil Biology And Biochemistry","1","Quebec","8","Ecology Centre","1",,,,,,,,
,,,,"Makeschin, F.","2",,,,,,,"Soil Science Society Of America Journal","1","Sustainability","8","Guizhou Province Enginee-ring Research Center for Agricultural Resources and Environment","1",,,,,,,,
,,,,"Martell, D.L.","2",,,,,,,"Studies In Avian Biology","1","Black Spruce","7","Sustainable Forest Management","1",,,,,,,,
,,,,"McIntire, E.J.B.","2",,,,,,,,,"Coniferous Tree","7","Great Lakes Forestry Centre","1",,,,,,,,
,,,,"Messier, C.","2",,,,,,,,,"Landscape Ecology","7","Universidad Nacional de Tucuman UNT","1",,,,,,,,
,,,,"Morin, H.","2",,,,,,,,,"Natural Disturbance","7","Guizhou University","1",,,,,,,,
,,,,"Nielsen, S.E.","2",,,,,,,,,"Pinus Banksiana","7","Northeast Forestry University","1",,,,,,,,
,,,,"Pepin, S.","2",,,,,,,,,"Sustainable Development","7","University of California, Irvine","1",,,,,,,,
,,,,"Pitre, N.","2",,,,,,,,,"Timber Supply","7","CNRS Centre National de la Recherche Scientifique","1",,,,,,,,
,,,,"Rijal, B.","2",,,,,,,,,"Abies","6","Eidgenössische Forschungsanstalt fur Wald, Schnee Und Landschaft Eth-Bereichs","1",,,,,,,,
,,,,"Rompré, G.","2",,,,,,,,,"Abundance","6","Ontario Ministry of Natural Resources","1",,,,,,,,
,,,,"St-Laurent, M.H.","2",,,,,,,,,"Article","6","University of KwaZulu-Natal","1",,,,,,,,
,,,,"Taylor, A.R.","2",,,,,,,,,"Aves","6","University of California, Davis","1",,,,,,,,
,,,,"Tittler, R.","2",,,,,,,,,"Bryophytes","6","Dalhousie University","1",,,,,,,,
,,,,"Tremblay, J.A.","2",,,,,,,,,"Charcoal","6","University of New Brunswick","1",,,,,,,,
,,,,"Valeria, O.","2",,,,,,,,,"Community Composition","6","Carleton University","1",,,,,,,,
,,,,"Ward, C.","2",,,,,,,,,"Computer Simulation","6","Ontario Forest Research Institute","1",,,,,,,,
,,,,"Ali, A.A.","1",,,,,,,,,"Fire Frequency","6","Université du Québec en Outaouais","1",,,,,,,,
,,,,"Alvarez, P.E.","1",,,,,,,,,"Forest Dynamics","6","University of Maryland","1",,,,,,,,
,,,,"Anand, M.","1",,,,,,,,,"Forest Ecosystem","6","Russian Academy of Sciences","1",,,,,,,,
,,,,"Archambault, L.","1",,,,,,,,,"Old Growth","6","University of Notre Dame","1",,,,,,,,
,,,,"Archibald, D.J.","1",,,,,,,,,"Old-growth","6","Pacific Northwest National Laboratory","1",,,,,,,,
,,,,"Arsenault, A.","1",,,,,,,,,"Old-growth Stands","6","Czech University of Life Sciences Prague","1",,,,,,,,
,,,,"Arseneault, D.","1",,,,,,,,,"Populus Tremuloides","6","University of California, Santa Cruz","1",,,,,,,,
,,,,"Auger, I.","1",,,,,,,,,"Spatiotemporal Analysis","6","University of California, Berkeley","1",,,,,,,,
,,,,"Auger, S.","1",,,,,,,,,"Species Richness","6","Universität Freiburg im Breisgau","1",,,,,,,,
,,,,"Autin, J.","1",,,,,,,,,"Vegetation","6","INRS- Centre Eau, Terre &amp; Environnement","1",,,,,,,,
,,,,"Baldwin, D.J.B.","1",,,,,,,,,"Betula Papyrifera","5","Universidad Pública de Navarra","1",,,,,,,,
,,,,"Barrette, J.","1",,,,,,,,,"Bird","5","McGill University, Macdonald Campus","1",,,,,,,,
,,,,"Bartels, S.F.","1",,,,,,,,,"Conservation","5","Leibniz-Zentrum für Agrarlandschaftsforschung ZALF e. V.","1",,,,,,,,
,,,,"Beaudoin, A.","1",,,,,,,,,"Fire Behavior","5","College of the North Atlantic","1",,,,,,,,
,,,,"Beguin, J.","1",,,,,,,,,"Forestry Production","5","Federal Scientific Center of the East Asia Terrestrial Biodiversity, Far Eastern Branch of the Russian Academy of Sciences","1",,,,,,,,
,,,,"Belleau, A.","1",,,,,,,,,"Habitat Fragmentation","5","Bowater Canadian Forest Products Inc, Canada","1",,,,,,,,
,,,,"Bescond, H.","1",,,,,,,,,"Lichen","5","Université de Montpellier","1",,,,,,,,
,,,,"Blanco, J.A.","1",,,,,,,,,"Moss","5","Department of Environmental Science, Policy, and Management","1",,,,,,,,
,,,,"Bond-Lamberty, B.","1",,,,,,,,,"Plants (botany)","5",,,,,,,,,,
,,,,"Boucher, D.","1",,,,,,,,,"Reconstruction","5",,,,,,,,,,
,,,,"Boucher, J.","1",,,,,,,,,"Simulation","5",,,,,,,,,,
,,,,"Boudreau, S.","1",,,,,,,,,"Stand Development","5",,,,,,,,,,
,,,,"Bouthillier, L.","1",,,,,,,,,"Temporal Variation","5",,,,,,,,,,
,,,,"Boychuk, D.","1",,,,,,,,,"Trees","5",,,,,,,,,,
,,,,"Brais, S.","1",,,,,,,,,"Understory","5",,,,,,,,,,
,,,,"Brassard, B.W.","1",,,,,,,,,"Western Hemisphere","5",,,,,,,,,,
,,,,"Brooks, D.","1",,,,,,,,,"World","5",,,,,,,,,,
,,,,"Brossier, B.","1",,,,,,,,,"Alberta","4",,,,,,,,,,
,,,,"Burton, P.J.","1",,,,,,,,,"Animals","4",,,,,,,,,,
,,,,"Bélanger, N.","1",,,,,,,,,"Anthropogenic Effect","4",,,,,,,,,,
,,,,"Bélisle, A.C.","1",,,,,,,,,"Biomass","4",,,,,,,,,,
,,,,"Calvin, K.","1",,,,,,,,,"Conservation Management","4",,,,,,,,,,
,,,,"Chapin, F.S.","1",,,,,,,,,"Decomposition","4",,,,,,,,,,
,,,,"Chavel, E.E.","1",,,,,,,,,"Dendrochronology","4",,,,,,,,,,
,,,,"Chourmouzis, C.","1",,,,,,,,,"Ecosystem","4",,,,,,,,,,
,,,,"Clarke, B.","1",,,,,,,,,"Fire Hazards","4",,,,,,,,,,
,,,,"Claveau, Y.","1",,,,,,,,,"Fire Protection","4",,,,,,,,,,
,,,,"Cyr, D.","1",,,,,,,,,"Forest Cover","4",,,,,,,,,,
,,,,"Côté, P.","1",,,,,,,,,"Forest Inventory","4",,,,,,,,,,
,,,,"De Grandpre, L.","1",,,,,,,,,"Gap Dynamics","4",,,,,,,,,,
,,,,"DeGrandpré, L.","1",,,,,,,,,"Growth","4",,,,,,,,,,
,,,,"DeLancey, E.R.","1",,,,,,,,,"Land Use","4",,,,,,,,,,
,,,,"Delwaide, A.","1",,,,,,,,,"Natural Disturbances","4",,,,,,,,,,
,,,,"Denneler, B.","1",,,,,,,,,"Newfoundland And Labrador","4",,,,,,,,,,
,,,,"Didion, M.","1",,,,,,,,,"Picoides Arcticus","4",,,,,,,,,,
,,,,"Dubois, D.","1",,,,,,,,,"Population Dynamics","4",,,,,,,,,,
,,,,"Dy, B.","1",,,,,,,,,"Regeneration","4",,,,,,,,,,
,,,,"Earle, E.","1",,,,,,,,,"Risk Assessment","4",,,,,,,,,,
,,,,"Engelmark, O.","1",,,,,,,,,"Species Diversity","4",,,,,,,,,,
,,,,"Fenton, N.","1",,,,,,,,,"Sustainable Forestry","4",,,,,,,,,,
,,,,"Ferguson, S.H.","1",,,,,,,,,"Taiga","4",,,,,,,,,,
,,,,"Filion, L.","1",,,,,,,,,"Timber Harvesting","4",,,,,,,,,,
,,,,"Finsinger, W.","1",,,,,,,,,"Tree","4",,,,,,,,,,
,,,,"Flanders, D.N.","1",,,,,,,,,"Animalia","3",,,,,,,,,,
,,,,"Flannigan, M.","1",,,,,,,,,"Birds","3",,,,,,,,,,
,,,,"Garet, J.","1",,,,,,,,,"Canadian Boreal Forest","3",,,,,,,,,,
,,,,"Gennaretti, F.","1",,,,,,,,,"Carbon","3",,,,,,,,,,
,,,,"Girardin, M.","1",,,,,,,,,"Choristoneura Fumiferana","3",,,,,,,,,,
,,,,"Gleißner, J.","1",,,,,,,,,"Chronosequences","3",,,,,,,,,,
,,,,"Goulden, M.L.","1",,,,,,,,,"Coarse Woody Debris","3",,,,,,,,,,
,,,,"Grenier, D.J.","1",,,,,,,,,"Coleoptera","3",,,,,,,,,,
,,,,"Guindon, L.","1",,,,,,,,,"Conservation Planning","3",,,,,,,,,,
,,,,"Hammond, H.E.J.","1",,,,,,,,,"Debris","3",,,,,,,,,,
,,,,"Harper, K.","1",,,,,,,,,"Deciduous Forest","3",,,,,,,,,,
,,,,"Harper, K.A.","1",,,,,,,,,"Deforestation","3",,,,,,,,,,
,,,,"Hart, S.J.","1",,,,,,,,,"Environmental Impact","3",,,,,,,,,,
,,,,"Hendershot, W.H.","1",,,,,,,,,"Fire Cycle","3",,,,,,,,,,
,,,,"Henkelman, J.","1",,,,,,,,,"Fire Regime","3",,,,,,,,,,
,,,,"Hodson, J.","1",,,,,,,,,"Forest","3",,,,,,,,,,
,,,,"Holmes, B.","1",,,,,,,,,"Forest Canopy","3",,,,,,,,,,
,,,,"Hoyt, J.S.","1",,,,,,,,,"Fragmentation","3",,,,,,,,,,
,,,,"Huot, M.","1",,,,,,,,,"Hardwoods","3",,,,,,,,,,
,,,,"Hébert, C.","1",,,,,,,,,"Historical Ecology","3",,,,,,,,,,
,,,,"Hély, C.","1",,,,,,,,,"Holocene","3",,,,,,,,,,
,,,,"Johnson, E.A.","1",,,,,,,,,"Insecta","3",,,,,,,,,,
,,,,"Kafka, V.","1",,,,,,,,,"Labrador","3",,,,,,,,,,
,,,,"King, G.","1",,,,,,,,,"Lake Duparquet","3",,,,,,,,,,
,,,,"Klinka, K.","1",,,,,,,,,"Logging (forestry)","3",,,,,,,,,,
,,,,"Krawchuk, M.A.","1",,,,,,,,,"Management","3",,,,,,,,,,
,,,,"Krestov, P.V.","1",,,,,,,,,"Mathematical Models","3",,,,,,,,,,
,,,,"Kurz, W.A.","1",,,,,,,,,"Mortality","3",,,,,,,,,,
,,,,"Laberge, M.J.","1",,,,,,,,,"Old-growth Forests","3",,,,,,,,,,
,,,,"Langor, D.W.","1",,,,,,,,,"Ontario","3",,,,,,,,,,
,,,,"Larouche, A.C.","1",,,,,,,,,"Paleoecology","3",,,,,,,,,,
,,,,"Lavigne, D.","1",,,,,,,,,"Paludification","3",,,,,,,,,,
,,,,"Le Blanc, M.L.","1",,,,,,,,,"Plants","3",,,,,,,,,,
,,,,"LeBel, L.","1",,,,,,,,,"Productivity","3",,,,,,,,,,
,,,,"LeBlanc, R.","1",,,,,,,,,"Rangifer Tarandus","3",,,,,,,,,,
,,,,"Leithead, M.","1",,,,,,,,,"Soil Organic Matter","3",,,,,,,,,,
,,,,"Lemaître, J.","1",,,,,,,,,"Soils","3",,,,,,,,,,
,,,,"Littlejohn, D.","1",,,,,,,,,"Sphagnum","3",,,,,,,,,,
,,,,"MacDonald, J.D.","1",,,,,,,,,"Stand Age","3",,,,,,,,,,
,,,,"Mann, I.K.","1",,,,,,,,,"Sustainable Forest Management","3",,,,,,,,,,
,,,,"Mansuy, N.","1",,,,,,,,,"Thuja Occidentalis","3",,,,,,,,,,
,,,,"Martin, M.","1",,,,,,,,,"Tracheophyta","3",,,,,,,,,,
,,,,"Mazerolle, M.J.","1",,,,,,,,,"Tree Ring","3",,,,,,,,,,
,,,,"McLoughlin, P.D.","1",,,,,,,,,"Wood","3",,,,,,,,,,
,,,,"Miyanishi, K.","1",,,,,,,,,"Woodland","3",,,,,,,,,,
,,,,"Molina, E.","1",,,,,,,,,"Woody Debris","3",,,,,,,,,,
,,,,"Morneau, C.","1",,,,,,,,,"(West)","2",,,,,,,,,,
,,,,"Moshofsky, M.","1",,,,,,,,,"Acer Saccharum","2",,,,,,,,,,
