﻿Scopus refine results values

"Your query : ((TITLE-ABS-KEY((Boreal OR {James Bay} OR James-Bay OR {Clay Belt} OR {canadian shield}) AND (Canada OR Quebec OR Ontario OR newfoundland OR Alberta OR British-Columbia) ) AND PUBYEAR > 1999 AND PUBYEAR < 2020) AND (TITLE-ABS-KEY(Contamination OR Contaminant OR Pollut* OR  {acid rain} OR {nitrogen deposition} ) AND PUBYEAR > 1999 AND PUBYEAR < 2020) AND (TITLE-ABS-KEY({Age structure}  OR  old-growth) AND PUBYEAR > 1999 AND PUBYEAR < 2020))"


Number of results : 2

"ACCESS TYPE",,"YEAR",,"AUTHOR NAME",,"SUBJECT AREA",,"DOCUMENT TYPE",,"PUBLICATION STAGE",,"SOURCE TITLE",,"KEYWORD",,"AFFILIATION",,"FUNDING SPONSOR",,"COUNTRY",,"SOURCE TYPE",,"LANGUAGE",
"Other","2","2008","1","Bayne, E.M.","1","Chemistry","1","Article","2","final","2","Environmental Science And Technology","1","Canada","2","University of Alberta","2","Undefined","2","Canada","2","Journals","2","English","2"
,,"2007","1","Boutin, S.","1","Environmental Science","2",,,,,"Journal Of Applied Ecology","1","North America","2","R and K Research Inc.","1",,,"United States","1",,,,
,,,,"Graydon, J.A.","1",,,,,,,,,"Acer","1","Freshwater Institute, Fisheries and Oceans Canada","1",,,,,,,,
,,,,"Habib, L.","1",,,,,,,,,"Age Structure","1","Fisheries and Oceans Canada","1",,,,,,,,
,,,,"Hall, B.D.","1",,,,,,,,,"Alberta","1","Oak Ridge National Laboratory","1",,,,,,,,
,,,,"Hintelmann, H.","1",,,,,,,,,"Animals","1","University of Regina","1",,,,,,,,
,,,,"Kelly, C.A.","1",,,,,,,,,"Anthropogenic Source","1","Trent University","1",,,,,,,,
,,,,"Lindberg, S.E.","1",,,,,,,,,"Article","1",,,,,,,,,,
,,,,"Mowat, L.D.","1",,,,,,,,,"Atmospheric Deposition","1",,,,,,,,,,
,,,,"Rudd, J.W.M.","1",,,,,,,,,"Atmospheric Loading","1",,,,,,,,,,
,,,,"Sandilands, K.A.","1",,,,,,,,,"Atmospheric Loadings","1",,,,,,,,,,
,,,,"St. Louis, V.L.","1",,,,,,,,,"Atmospheric Pollution","1",,,,,,,,,,
,,,,,,,,,,,,,,"Aves","1",,,,,,,,,,
,,,,,,,,,,,,,,"Biogeographic Region","1",,,,,,,,,,
,,,,,,,,,,,,,,"Boreal Forest","1",,,,,,,,,,
,,,,,,,,,,,,,,"Calculation","1",,,,,,,,,,
,,,,,,,,,,,,,,"Canopy","1",,,,,,,,,,
,,,,,,,,,,,,,,"Compressor Stations","1",,,,,,,,,,
,,,,,,,,,,,,,,"Concentration (parameters)","1",,,,,,,,,,
,,,,,,,,,,,,,,"Curing","1",,,,,,,,,,
,,,,,,,,,,,,,,"Deciduous Forest","1",,,,,,,,,,
,,,,,,,,,,,,,,"Deposition","1",,,,,,,,,,
,,,,,,,,,,,,,,"Direct Method","1",,,,,,,,,,
,,,,,,,,,,,,,,"Direct Methods","1",,,,,,,,,,
,,,,,,,,,,,,,,"Dry Deposition","1",,,,,,,,,,
,,,,,,,,,,,,,,"Dry Depositions","1",,,,,,,,,,
,,,,,,,,,,,,,,"Ecoregion","1",,,,,,,,,,
,,,,,,,,,,,,,,"Ecoregions","1",,,,,,,,,,
,,,,,,,,,,,,,,"Ecosystem","1",,,,,,,,,,
,,,,,,,,,,,,,,"Environmental Impact Assessment","1",,,,,,,,,,
,,,,,,,,,,,,,,"Environmental Monitoring","1",,,,,,,,,,
,,,,,,,,,,,,,,"Estimation","1",,,,,,,,,,
,,,,,,,,,,,,,,"Experimental Lakes Area","1",,,,,,,,,,
,,,,,,,,,,,,,,"Fish","1",,,,,,,,,,
,,,,,,,,,,,,,,"Foliage","1",,,,,,,,,,
,,,,,,,,,,,,,,"Forest","1",,,,,,,,,,
,,,,,,,,,,,,,,"Forest Canopies","1",,,,,,,,,,
,,,,,,,,,,,,,,"Forest Canopy","1",,,,,,,,,,
,,,,,,,,,,,,,,"Forested Sites","1",,,,,,,,,,
,,,,,,,,,,,,,,"Forestry","1",,,,,,,,,,
,,,,,,,,,,,,,,"Fresh Water","1",,,,,,,,,,
,,,,,,,,,,,,,,"Humans","1",,,,,,,,,,
,,,,,,,,,,,,,,"Industrial Impacts","1",,,,,,,,,,
,,,,,,,,,,,,,,"Industrialization","1",,,,,,,,,,
,,,,,,,,,,,,,,"Inorganic Mercuries","1",,,,,,,,,,
,,,,,,,,,,,,,,"Inorganic Mercury","1",,,,,,,,,,
,,,,,,,,,,,,,,"Jack Pine","1",,,,,,,,,,
,,,,,,,,,,,,,,"Jack Pines","1",,,,,,,,,,
,,,,,,,,,,,,,,"Lake","1",,,,,,,,,,
,,,,,,,,,,,,,,"Landforms","1",,,,,,,,,,
,,,,,,,,,,,,,,"Landscape","1",,,,,,,,,,
,,,,,,,,,,,,,,"Litterfall","1",,,,,,,,,,
,,,,,,,,,,,,,,"Litterfalls","1",,,,,,,,,,
,,,,,,,,,,,,,,"Loading","1",,,,,,,,,,
,,,,,,,,,,,,,,"Magnesium Printing Plates","1",,,,,,,,,,
,,,,,,,,,,,,,,"Mating Success","1",,,,,,,,,,
,,,,,,,,,,,,,,"Mercury","1",,,,,,,,,,
,,,,,,,,,,,,,,"Mercury (metal)","1",,,,,,,,,,
,,,,,,,,,,,,,,"Methyl Mercuries","1",,,,,,,,,,
,,,,,,,,,,,,,,"Methyl Mercury","1",,,,,,,,,,
,,,,,,,,,,,,,,"Methylmercury","1",,,,,,,,,,
,,,,,,,,,,,,,,"Methylmercury Compounds","1",,,,,,,,,,
,,,,,,,,,,,,,,"Noise","1",,,,,,,,,,
,,,,,,,,,,,,,,"Old Growth","1",,,,,,,,,,
,,,,,,,,,,,,,,"Old Growths","1",,,,,,,,,,
,,,,,,,,,,,,,,"Ontario","1",,,,,,,,,,
,,,,,,,,,,,,,,"Ontario , Canada","1",,,,,,,,,,
,,,,,,,,,,,,,,"Ontario [Canada]","1",,,,,,,,,,
,,,,,,,,,,,,,,"Ovenbird","1",,,,,,,,,,
,,,,,,,,,,,,,,"Pair Bond","1",,,,,,,,,,
,,,,,,,,,,,,,,"Pairing Success","1",,,,,,,,,,
,,,,,,,,,,,,,,"Passerine","1",,,,,,,,,,
,,,,,,,,,,,,,,"Photo-reduction","1",,,,,,,,,,
,,,,,,,,,,,,,,"Pine","1",,,,,,,,,,
,,,,,,,,,,,,,,"Pinus Banksiana","1",,,,,,,,,,
,,,,,,,,,,,,,,"Printing Plates","1",,,,,,,,,,
,,,,,,,,,,,,,,"Sample","1",,,,,,,,,,
,,,,,,,,,,,,,,"Seiurus","1",,,,,,,,,,
,,,,,,,,,,,,,,"Seiurus Aurocapillus","1",,,,,,,,,,
,,,,,,,,,,,,,,"Song","1",,,,,,,,,,
,,,,,,,,,,,,,,"Spruce","1",,,,,,,,,,
,,,,,,,,,,,,,,"Taiga","1",,,,,,,,,,
,,,,,,,,,,,,,,"Throughfall","1",,,,,,,,,,
,,,,,,,,,,,,,,"Total Mercuries","1",,,,,,,,,,
,,,,,,,,,,,,,,"Trees","1",,,,,,,,,,
,,,,,,,,,,,,,,"Water Pollutants, Chemical","1",,,,,,,,,,
,,,,,,,,,,,,,,"Water Sheds","1",,,,,,,,,,
,,,,,,,,,,,,,,"Watershed","1",,,,,,,,,,
,,,,,,,,,,,,,,"Watersheds","1",,,,,,,,,,
,,,,,,,,,,,,,,"Wet And Dries","1",,,,,,,,,,
,,,,,,,,,,,,,,"Wet And Dry","1",,,,,,,,,,
,,,,,,,,,,,,,,"Wet Deposition","1",,,,,,,,,,
,,,,,,,,,,,,,,"Wet Depositions","1",,,,,,,,,,
,,,,,,,,,,,,,,"Wetland","1",,,,,,,,,,
,,,,,,,,,,,,,,"Wetlands","1",,,,,,,,,,
,,,,,,,,,,,,,,,,,,,,,,,,,
,,,,,,,,,,,,,,,,,,,,,,,,,
,,,,,,,,,,,,,,,,,,,,,,,,,
,,,,,,,,,,,,,,,,,,,,,,,,,
,,,,,,,,,,,,,,,,,,,,,,,,,
,,,,,,,,,,,,,,,,,,,,,,,,,
,,,,,,,,,,,,,,,,,,,,,,,,,
,,,,,,,,,,,,,,,,,,,,,,,,,
,,,,,,,,,,,,,,,,,,,,,,,,,
,,,,,,,,,,,,,,,,,,,,,,,,,
,,,,,,,,,,,,,,,,,,,,,,,,,
,,,,,,,,,,,,,,,,,,,,,,,,,
,,,,,,,,,,,,,,,,,,,,,,,,,
,,,,,,,,,,,,,,,,,,,,,,,,,
,,,,,,,,,,,,,,,,,,,,,,,,,
,,,,,,,,,,,,,,,,,,,,,,,,,
,,,,,,,,,,,,,,,,,,,,,,,,,
,,,,,,,,,,,,,,,,,,,,,,,,,
,,,,,,,,,,,,,,,,,,,,,,,,,
,,,,,,,,,,,,,,,,,,,,,,,,,
,,,,,,,,,,,,,,,,,,,,,,,,,
,,,,,,,,,,,,,,,,,,,,,,,,,
,,,,,,,,,,,,,,,,,,,,,,,,,
,,,,,,,,,,,,,,,,,,,,,,,,,
,,,,,,,,,,,,,,,,,,,,,,,,,
,,,,,,,,,,,,,,,,,,,,,,,,,
,,,,,,,,,,,,,,,,,,,,,,,,,
,,,,,,,,,,,,,,,,,,,,,,,,,
,,,,,,,,,,,,,,,,,,,,,,,,,
,,,,,,,,,,,,,,,,,,,,,,,,,
,,,,,,,,,,,,,,,,,,,,,,,,,
,,,,,,,,,,,,,,,,,,,,,,,,,
,,,,,,,,,,,,,,,,,,,,,,,,,
,,,,,,,,,,,,,,,,,,,,,,,,,
,,,,,,,,,,,,,,,,,,,,,,,,,
,,,,,,,,,,,,,,,,,,,,,,,,,
,,,,,,,,,,,,,,,,,,,,,,,,,
,,,,,,,,,,,,,,,,,,,,,,,,,
,,,,,,,,,,,,,,,,,,,,,,,,,
,,,,,,,,,,,,,,,,,,,,,,,,,
,,,,,,,,,,,,,,,,,,,,,,,,,
,,,,,,,,,,,,,,,,,,,,,,,,,
,,,,,,,,,,,,,,,,,,,,,,,,,
,,,,,,,,,,,,,,,,,,,,,,,,,
,,,,,,,,,,,,,,,,,,,,,,,,,
,,,,,,,,,,,,,,,,,,,,,,,,,
,,,,,,,,,,,,,,,,,,,,,,,,,
,,,,,,,,,,,,,,,,,,,,,,,,,
,,,,,,,,,,,,,,,,,,,,,,,,,
,,,,,,,,,,,,,,,,,,,,,,,,,
,,,,,,,,,,,,,,,,,,,,,,,,,
,,,,,,,,,,,,,,,,,,,,,,,,,
,,,,,,,,,,,,,,,,,,,,,,,,,
,,,,,,,,,,,,,,,,,,,,,,,,,
,,,,,,,,,,,,,,,,,,,,,,,,,
,,,,,,,,,,,,,,,,,,,,,,,,,
,,,,,,,,,,,,,,,,,,,,,,,,,
,,,,,,,,,,,,,,,,,,,,,,,,,
,,,,,,,,,,,,,,,,,,,,,,,,,
,,,,,,,,,,,,,,,,,,,,,,,,,
,,,,,,,,,,,,,,,,,,,,,,,,,
,,,,,,,,,,,,,,,,,,,,,,,,,
,,,,,,,,,,,,,,,,,,,,,,,,,
,,,,,,,,,,,,,,,,,,,,,,,,,
,,,,,,,,,,,,,,,,,,,,,,,,,
