﻿Scopus refine results values

"Your query : ((TITLE-ABS-KEY((Boreal OR {James Bay} OR James-Bay OR {Clay Belt} OR {canadian shield}) AND (Canada OR Quebec OR Ontario OR newfoundland OR Alberta OR British-Columbia) ) AND PUBYEAR > 1999 AND PUBYEAR < 2020) AND (TITLE-ABS-KEY(Species AND (Distribution OR Extinct* OR Invasi*  OR Transition Or exotic)) AND PUBYEAR > 1999 AND PUBYEAR < 2020) AND (TITLE-ABS-KEY(Road  AND (Density OR Network)) AND PUBYEAR > 1999 AND PUBYEAR < 2020))"


Number of results : 13

"ACCESS TYPE",,"YEAR",,"AUTHOR NAME",,"SUBJECT AREA",,"DOCUMENT TYPE",,"PUBLICATION STAGE",,"SOURCE TITLE",,"KEYWORD",,"AFFILIATION",,"FUNDING SPONSOR",,"COUNTRY",,"SOURCE TYPE",,"LANGUAGE",
"Open Access","5","2019","2","Bayne, E.M.","3","Agricultural and Biological Sciences","12","Article","13","final","13","Biological Conservation","2","Canada","8","University of Alberta","6","Natural Sciences and Engineering Research Council of Canada","6","Canada","13","Journals","13","English","13"
"Other","8","2018","1","Fortin, D.","3","Biochemistry, Genetics and Molecular Biology","3",,,,,"Plos One","2","Boreal Forest","6","Canadian Forest Service","4","Parks Canada","2","United States","7",,,,
,,"2017","1","Fryxell, J.M.","3","Computer Science","1",,,,,"Avian Conservation And Ecology","1","Rangifer Tarandus Caribou","6","Trent University","4","Alberta Conservation Association","1","Finland","1",,,,
,,"2015","2","Patterson, B.R.","3","Environmental Science","6",,,,,"Canadian Journal Of Zoology","1","Alces Alces","5","Ontario Ministry of Natural Resources","3","Alberta Innovates - Technology Futures","1","New Zealand","1",,,,
,,"2014","3","Anderson, M.","2","Mathematics","1",,,,,"Computational Statistics And Data Analysis","1","Canis Lupus","5","University of Guelph","3","BC Oil and Gas Research and Innovation Society","1","Sri Lanka","1",,,,
,,"2013","2","Avgar, T.","2","Multidisciplinary","2",,,,,"Ecological Complexity","1","Animals","4","Université Laval","3","Canadian Association of Petroleum Producers","1",,,,,,
,,"2010","1","Baker, J.A.","2",,,,,,,"Ecological Monographs","1","Canid","4","Environment Canada","2","ConocoPhillips","1",,,,,,
,,"2008","1","Brown, G.S.","2",,,,,,,"Ecology And Evolution","1","Animal","3","University of Calgary","2","MinistÃ¨re des ForÃªts, de la Faune et des Parcs","1",,,,,,
,,,,"Cameron, E.K.","2",,,,,,,"Ecosphere","1","Article","3","Université du Québec à Rimouski","2","Mitacs","1",,,,,,
,,,,"Dussault, C.","2",,,,,,,"Journal Of Animal Ecology","1","Deer","3","University of Montana","2","National Aeronautics and Space Administration","1",,,,,,
,,,,"Hagens, J.","2",,,,,,,"Molecular Ecology","1","Ecosystem","3","University of Minnesota","2","Petroleum Technology Alliance Canada","1",,,,,,
,,,,"Hebblewhite, M.","2",,,,,,,,,"Endangered Species","3","Ministère de l‘Energie et des Ressources naturelles du Québec","2","Shell","1",,,,,,
,,,,"Iwachewski, E.","2",,,,,,,,,"Habitat Quality","3","Government of Alberta","2","University of Montana","1",,,,,,
,,,,"Kittle, A.M.","2",,,,,,,,,"Predation Risk","3","Wildlife Conservation Society Canada","1","University of Northern British Columbia","1",,,,,,
,,,,"Moffatt, S.","2",,,,,,,,,"Quebec","3","Wildlife Research and Management","1","Undefined","5",,,,,,
,,,,"Mosser, A.","2",,,,,,,,,"Rangifer Tarandus","3","ConocoPhillips Canada","1",,,,,,,,
,,,,"Musiani, M.","2",,,,,,,,,"Winter","3","Alberta Biodiversity Monitoring Institute","1",,,,,,,,
,,,,"Reid, D.E.B.","2",,,,,,,,,"Animal Distribution","2","Direction de la faune terrestre et de l'avifaune","1",,,,,,,,
,,,,"Rodgers, A.R.","2",,,,,,,,,"Anthropogenic Effect","2","Wilderness and Wildlife Conservation Trust","1",,,,,,,,
,,,,"Shuter, J.","2",,,,,,,,,"Canidae","2","Lands","1",,,,,,,,
,,,,"St-Laurent, M.H.","2",,,,,,,,,"Conservation","2","Boreal Avian Modelling Project","1",,,,,,,,
,,,,"Street, G.M.","2",,,,,,,,,"Conservation Of Natural Resources","2","University of Alberta c/o Yukon Research Centre","1",,,,,,,,
,,,,"Thompson, I.D.","2",,,,,,,,,"Forest Ecosystem","2","Mississippi State University","1",,,,,,,,
,,,,"Beauchesne, D.","1",,,,,,,,,"Forestry","2","Helsingin Yliopisto","1",,,,,,,,
,,,,"Beguin, J.","1",,,,,,,,,"Functional Response","2","University of Victoria","1",,,,,,,,
,,,,"Birkigt, D.A.","1",,,,,,,,,"Geography","2","The Ohio State University","1",,,,,,,,
,,,,"Bowman, J.","1",,,,,,,,,"Habitat Selection","2","Manitoba Hydro","1",,,,,,,,
,,,,"Campbell, D.A.","1",,,,,,,,,"Landscape","2","University of Northern British Columbia","1",,,,,,,,
,,,,"Chkrebtii, O.A.","1",,,,,,,,,"Logging (timber)","2","University of Saskatchewan","1",,,,,,,,
,,,,"Coltman, D.W.","1",,,,,,,,,"Nonhuman","2","Dalhousie University","1",,,,,,,,
,,,,"Courbin, N.","1",,,,,,,,,"Ontario [Canada]","2","Manaaki Whenua - Landcare Research","1",,,,,,,,
,,,,"Courtois, R.","1",,,,,,,,,"Physiology","2","Simon Fraser University","1",,,,,,,,
,,,,"Cumming, S.G.","1",,,,,,,,,"Population Dynamics","2","University of Montana College of Forestry and Conservation","1",,,,,,,,
,,,,"Dussault, C.","1",,,,,,,,,"Quebec [Canada]","2","Natural Resources Canada","1",,,,,,,,
,,,,"Fontaine, T.","1",,,,,,,,,"Reindeer","2","National Oceanic and Atmospheric Administration","1",,,,,,,,
,,,,"Gillingham, M.P.","1",,,,,,,,,"Roads","2","Pacific Forestry Centre","1",,,,,,,,
,,,,"Grindal, S.","1",,,,,,,,,"Season","2","Concordia University","1",,,,,,,,
,,,,"Haché, S.","1",,,,,,,,,"Seasons","2","Government of British Columbia","1",,,,,,,,
,,,,"Jaeger, J.A.G.","1",,,,,,,,,"Wolves","2","Government of Nunavut","1",,,,,,,,
,,,,"Johnson, C.A.","1",,,,,,,,,"Accessibility","1","Ministry of Forests and Range","1",,,,,,,,
,,,,"Johnson, C.J.","1",,,,,,,,,"Agent-based Model","1",,,,,,,,,,
,,,,"Johnson, D.S.","1",,,,,,,,,"Alberta","1",,,,,,,,,,
,,,,"Latham, A.D.M.","1",,,,,,,,,"Animal Behavior","1",,,,,,,,,,
,,,,"Latham, M.C.","1",,,,,,,,,"Animal Dispersal","1",,,,,,,,,,
,,,,"Leblond, M.","1",,,,,,,,,"Animal Movement","1",,,,,,,,,,
,,,,"Magoun, A.J.","1",,,,,,,,,"Animalia","1",,,,,,,,,,
,,,,"Marceau, D.J.","1",,,,,,,,,"Annelid Worm","1",,,,,,,,,,
,,,,"Mazerolle, D.","1",,,,,,,,,"Anthropogenic Disturbance","1",,,,,,,,,,
,,,,"McIntire, E.J.B.","1",,,,,,,,,"Anthropogenic Disturbances","1",,,,,,,,,,
,,,,"McLoughlin, P.D.","1",,,,,,,,,"Anthropogenic Linear Features","1",,,,,,,,,,
,,,,"Merrill, E.","1",,,,,,,,,"Apparent Competition","1",,,,,,,,,,
,,,,"Muhly, T.B.","1",,,,,,,,,"Autocorrelation","1",,,,,,,,,,
,,,,"Mumma, M.A.","1",,,,,,,,,"Base Sequence","1",,,,,,,,,,
,,,,"Neil Dawson, F.","1",,,,,,,,,"Bayesian Networks","1",,,,,,,,,,
,,,,"Neilson, E.W.","1",,,,,,,,,"Behavior, Animal","1",,,,,,,,,,
,,,,"Paquet, P.C.","1",,,,,,,,,"Behavioral Response","1",,,,,,,,,,
,,,,"Parker, K.L.","1",,,,,,,,,"Boreal","1",,,,,,,,,,
,,,,"Racine, P.","1",,,,,,,,,"British Columbia","1",,,,,,,,,,
,,,,"Raulier, F.","1",,,,,,,,,"Brownian Bridge","1",,,,,,,,,,
,,,,"Ray, J.C.","1",,,,,,,,,"Brownian Motion","1",,,,,,,,,,
,,,,"Schmiegelow, F.","1",,,,,,,,,"Canada Warbler","1",,,,,,,,,,
,,,,"Scurrah, F.","1",,,,,,,,,"Canis Familiaris","1",,,,,,,,,,
,,,,"Semeniuk, C.A.D.","1",,,,,,,,,"Caribou","1",,,,,,,,,,
,,,,"Staicer, C.","1",,,,,,,,,"Carlo","1",,,,,,,,,,
,,,,"Sólymos, P.","1",,,,,,,,,"Cervidae","1",,,,,,,,,,
,,,,"Vander Vennen, L.M.","1",,,,,,,,,"Climate","1",,,,,,,,,,
,,,,"Vennen, L.M.V.","1",,,,,,,,,"Climate Change","1",,,,,,,,,,
,,,,"Watters, M.","1",,,,,,,,,"Coexistence","1",,,,,,,,,,
,,,,"Westwood, A.R.","1",,,,,,,,,"Coniferous Forest","1",,,,,,,,,,
,,,,,,,,,,,,,,"Connectivity","1",,,,,,,,,,
,,,,,,,,,,,,,,"Cote-Nord","1",,,,,,,,,,
,,,,,,,,,,,,,,"Cytochrome Oxidase I","1",,,,,,,,,,
,,,,,,,,,,,,,,"Deciduous Forest","1",,,,,,,,,,
,,,,,,,,,,,,,,"Decision Making","1",,,,,,,,,,
,,,,,,,,,,,,,,"Dendrobaena Octaedra","1",,,,,,,,,,
,,,,,,,,,,,,,,"Disturbance","1",,,,,,,,,,
,,,,,,,,,,,,,,"Earthworms","1",,,,,,,,,,
,,,,,,,,,,,,,,"Ecosystem Conservation","1",,,,,,,,,,
,,,,,,,,,,,,,,"Environmental Protection","1",,,,,,,,,,
,,,,,,,,,,,,,,"Expert-based Knowledge","1",,,,,,,,,,
,,,,,,,,,,,,,,"Female","1",,,,,,,,,,
,,,,,,,,,,,,,,"Fire","1",,,,,,,,,,
,,,,,,,,,,,,,,"Foraging Behavior","1",,,,,,,,,,
,,,,,,,,,,,,,,"Forest Management","1",,,,,,,,,,
,,,,,,,,,,,,,,"Functional Connectivity","1",,,,,,,,,,
,,,,,,,,,,,,,,"GPS","1",,,,,,,,,,
,,,,,,,,,,,,,,"Generalized Least Squares","1",,,,,,,,,,
,,,,,,,,,,,,,,"Genetic Variability","1",,,,,,,,,,
,,,,,,,,,,,,,,"Genetics","1",,,,,,,,,,
,,,,,,,,,,,,,,"Geographic Distribution","1",,,,,,,,,,
,,,,,,,,,,,,,,"Geographic Information System","1",,,,,,,,,,
,,,,,,,,,,,,,,"Geographic Information Systems","1",,,,,,,,,,
,,,,,,,,,,,,,,"Global Change","1",,,,,,,,,,
,,,,,,,,,,,,,,"Global Positioning System","1",,,,,,,,,,
,,,,,,,,,,,,,,"Graph Theory","1",,,,,,,,,,
,,,,,,,,,,,,,,"Group Size","1",,,,,,,,,,
,,,,,,,,,,,,,,"Gulo Gulo","1",,,,,,,,,,
,,,,,,,,,,,,,,"Habitat Conservation","1",,,,,,,,,,
,,,,,,,,,,,,,,"Habitat Use","1",,,,,,,,,,
,,,,,,,,,,,,,,"Haplotype","1",,,,,,,,,,
,,,,,,,,,,,,,,"Haplotypes","1",,,,,,,,,,
,,,,,,,,,,,,,,"Hypothesis Testing","1",,,,,,,,,,
,,,,,,,,,,,,,,"Intraspecific Competition","1",,,,,,,,,,
,,,,,,,,,,,,,,"Introduction Mechanism","1",,,,,,,,,,
,,,,,,,,,,,,,,"Invasion","1",,,,,,,,,,
,,,,,,,,,,,,,,"Land Management","1",,,,,,,,,,
,,,,,,,,,,,,,,"Leapfrog Effect","1",,,,,,,,,,
,,,,,,,,,,,,,,"Likelihood-free Inference","1",,,,,,,,,,
,,,,,,,,,,,,,,"Linear Models","1",,,,,,,,,,
,,,,,,,,,,,,,,"Logging","1",,,,,,,,,,
,,,,,,,,,,,,,,"Mammalia","1",,,,,,,,,,
,,,,,,,,,,,,,,"Markov Chain","1",,,,,,,,,,
,,,,,,,,,,,,,,"Markov Processes","1",,,,,,,,,,
,,,,,,,,,,,,,,"Mitochondria","1",,,,,,,,,,
,,,,,,,,,,,,,,"Mitochondrion","1",,,,,,,,,,
,,,,,,,,,,,,,,"Molecular Genetics","1",,,,,,,,,,
,,,,,,,,,,,,,,"Molecular Sequence Data","1",,,,,,,,,,
,,,,,,,,,,,,,,"Monte","1",,,,,,,,,,
,,,,,,,,,,,,,,"Mortality","1",,,,,,,,,,
,,,,,,,,,,,,,,"Multi-response Optimization","1",,,,,,,,,,
,,,,,,,,,,,,,,"Multi-trophic Habitat Network Analysis","1",,,,,,,,,,
,,,,,,,,,,,,,,"Network Analysis","1",,,,,,,,,,
,,,,,,,,,,,,,,"Non-native","1",,,,,,,,,,
,,,,,,,,,,,,,,"Non-native Earthworms","1",,,,,,,,,,
,,,,,,,,,,,,,,"Nucleotide Sequence","1",,,,,,,,,,
,,,,,,,,,,,,,,"Odocoileus Virginianus","1",,,,,,,,,,
,,,,,,,,,,,,,,"Oligochaeta","1",,,,,,,,,,
,,,,,,,,,,,,,,"Olive-sided Flycatcher","1",,,,,,,,,,
,,,,,,,,,,,,,,"Ontario","1",,,,,,,,,,
,,,,,,,,,,,,,,"Optimal Group Size","1",,,,,,,,,,
,,,,,,,,,,,,,,"Parks And Protected Areas","1",,,,,,,,,,
,,,,,,,,,,,,,,"Patch Choice","1",,,,,,,,,,
,,,,,,,,,,,,,,"Patch Dynamics","1",,,,,,,,,,
,,,,,,,,,,,,,,"Population Density","1",,,,,,,,,,
,,,,,,,,,,,,,,"Population Distribution","1",,,,,,,,,,
,,,,,,,,,,,,,,"Predator Density","1",,,,,,,,,,
,,,,,,,,,,,,,,"Predator-prey Game","1",,,,,,,,,,
,,,,,,,,,,,,,,"Procedures","1",,,,,,,,,,
,,,,,,,,,,,,,,"Regression Analysis","1",,,,,,,,,,
,,,,,,,,,,,,,,"Repeated Measures","1",,,,,,,,,,
,,,,,,,,,,,,,,"Residency Time","1",,,,,,,,,,
,,,,,,,,,,,,,,"Reversible Jump","1",,,,,,,,,,
,,,,,,,,,,,,,,"Risk Management","1",,,,,,,,,,
,,,,,,,,,,,,,,"Road","1",,,,,,,,,,
,,,,,,,,,,,,,,"Road Transport","1",,,,,,,,,,
,,,,,,,,,,,,,,"Rubber Disc Hypothesis","1",,,,,,,,,,
,,,,,,,,,,,,,,"Scenario-sensitivity Analysis","1",,,,,,,,,,
,,,,,,,,,,,,,,"Seismic Lines","1",,,,,,,,,,
,,,,,,,,,,,,,,"Seismic Method","1",,,,,,,,,,
,,,,,,,,,,,,,,"Social Behavior","1",,,,,,,,,,
,,,,,,,,,,,,,,"Spatial Autocorrelation","1",,,,,,,,,,
,,,,,,,,,,,,,,"Species At Risk","1",,,,,,,,,,
,,,,,,,,,,,,,,"Species Distribution Models","1",,,,,,,,,,
,,,,,,,,,,,,,,"Species Occurrence","1",,,,,,,,,,
,,,,,,,,,,,,,,"Spring","1",,,,,,,,,,
,,,,,,,,,,,,,,"Stand Dynamics","1",,,,,,,,,,
,,,,,,,,,,,,,,"Statistical Model","1",,,,,,,,,,
,,,,,,,,,,,,,,"Summer","1",,,,,,,,,,
,,,,,,,,,,,,,,"Survival","1",,,,,,,,,,
,,,,,,,,,,,,,,"Taiga","1",,,,,,,,,,
