﻿Scopus refine results values

"Your query : ((TITLE-ABS-KEY((Boreal OR {James Bay} OR James-Bay OR {Clay Belt} OR {canadian shield}) AND Quebec) AND PUBYEAR > 1999 AND PUBYEAR < 2020) AND (TITLE-ABS-KEY(Contamination OR Contaminant OR Pollut* OR  {acid rain} OR {nitrogen deposition} ) AND PUBYEAR > 1999 AND PUBYEAR < 2020) AND (TITLE-ABS-KEY(Predat* ) AND PUBYEAR > 1999 AND PUBYEAR < 2020))"


Number of results : 3

"ACCESS TYPE",,"YEAR",,"AUTHOR NAME",,"SUBJECT AREA",,"DOCUMENT TYPE",,"PUBLICATION STAGE",,"SOURCE TITLE",,"KEYWORD",,"AFFILIATION",,"FUNDING SPONSOR",,"COUNTRY",,"SOURCE TYPE",,"LANGUAGE",
"Open Access","1","2013","2","Ayotte, P.","1","Agricultural and Biological Sciences","1","Article","3","final","3","Environmental Health A Global Access Science Source","1","Article","3","USDA ARS Beltsville Agricultural Research Center","1","Hydro-QuÃ©bec","1","Canada","3","Journals","3","English","3"
"Other","2","2006","1","Dewailly, E.","1","Environmental Science","3",,,,,"Journal Of Wildlife Diseases","1","Canada","3","University of Montreal","1","Indigenous and Northern Affairs Canada","1","United States","1",,,,
,,,,"Dodin, S.","1","Medicine","1",,,,,"Science Of The Total Environment","1","Quebec","3","Hydro-Quebec","1","Natural Sciences and Engineering Research Council of Canada","1",,,,,,
,,,,"Dubey, J.P.","1",,,,,,,,,"Animals","2","McMaster University, Faculty of Health Sciences","1","Undefined","2",,,,,,
,,,,"Lucotte, M.","1",,,,,,,,,"Blood","2","Agence de la santé publique du Canada","1",,,,,,,,
,,,,"Nieboer, E.","1",,,,,,,,,"Concentration (composition)","2","Université du Québec à Montréal","1",,,,,,,,
,,,,"Ogden, N.H.","1",,,,,,,,,"Environmental Monitoring","2","INRS- Centre Eau, Terre &amp; Environnement","1",,,,,,,,
,,,,"Paunescu, A.C.","1",,,,,,,,,"Female","2","McMaster University","1",,,,,,,,
,,,,"Poulin, M.B.","1",,,,,,,,,"James Bay","2","Hôpital Saint-Francois d'Assise","1",,,,,,,,
,,,,"Rousseau, A.N.","1",,,,,,,,,"Priority Journal","2","Institut National de Sante Publique Du Québec","1",,,,,,,,
,,,,"Simon, A.","1",,,,,,,,,"Adult","1","CHU de Québec - Université Laval","1",,,,,,,,
,,,,"Surette, C.","1",,,,,,,,,"Age","1",,,,,,,,,,
,,,,"Tremblay, A.","1",,,,,,,,,"Age Factors","1",,,,,,,,,,
,,,,,,,,,,,,,,"Aged","1",,,,,,,,,,
,,,,,,,,,,,,,,"American Indian","1",,,,,,,,,,
,,,,,,,,,,,,,,"American Native Continental Ancestry Group","1",,,,,,,,,,
,,,,,,,,,,,,,,"Animal","1",,,,,,,,,,
,,,,,,,,,,,,,,"Animal Disease","1",,,,,,,,,,
,,,,,,,,,,,,,,"Animalia","1",,,,,,,,,,
,,,,,,,,,,,,,,"Antibodies, Protozoan","1",,,,,,,,,,
,,,,,,,,,,,,,,"Apolipoprotein B","1",,,,,,,,,,
,,,,,,,,,,,,,,"Aquatic Community","1",,,,,,,,,,
,,,,,,,,,,,,,,"Bioaccumulation","1",,,,,,,,,,
,,,,,,,,,,,,,,"Biomass","1",,,,,,,,,,
,,,,,,,,,,,,,,"Biomass Partitioning","1",,,,,,,,,,
,,,,,,,,,,,,,,"Biota","1",,,,,,,,,,
,,,,,,,,,,,,,,"Body Mass","1",,,,,,,,,,
,,,,,,,,,,,,,,"Bone","1",,,,,,,,,,
,,,,,,,,,,,,,,"Bone And Bones","1",,,,,,,,,,
,,,,,,,,,,,,,,"Calcaneal Ultrasound Parameters","1",,,,,,,,,,
,,,,,,,,,,,,,,"Canadian Lynx","1",,,,,,,,,,
,,,,,,,,,,,,,,"Cat","1",,,,,,,,,,
,,,,,,,,,,,,,,"Cat Disease","1",,,,,,,,,,
,,,,,,,,,,,,,,"Cat Diseases","1",,,,,,,,,,
,,,,,,,,,,,,,,"Cats","1",,,,,,,,,,
,,,,,,,,,,,,,,"Chemical Analysis","1",,,,,,,,,,
,,,,,,,,,,,,,,"Coccidia","1",,,,,,,,,,
,,,,,,,,,,,,,,"Concentration (parameters)","1",,,,,,,,,,
,,,,,,,,,,,,,,"Concentration (process)","1",,,,,,,,,,
,,,,,,,,,,,,,,"Cree Women","1",,,,,,,,,,
,,,,,,,,,,,,,,"Cross-Sectional Studies","1",,,,,,,,,,
,,,,,,,,,,,,,,"Cross-sectional Study","1",,,,,,,,,,
,,,,,,,,,,,,,,"Dioxin","1",,,,,,,,,,
,,,,,,,,,,,,,,"Dioxin Like Compound","1",,,,,,,,,,
,,,,,,,,,,,,,,"Dioxin-Like Compounds","1",,,,,,,,,,
,,,,,,,,,,,,,,"Dioxins","1",,,,,,,,,,
,,,,,,,,,,,,,,"Disease Carrier","1",,,,,,,,,,
,,,,,,,,,,,,,,"Disease Reservoirs","1",,,,,,,,,,
,,,,,,,,,,,,,,"Disease Transmission","1",,,,,,,,,,
,,,,,,,,,,,,,,"Drug Effects","1",,,,,,,,,,
,,,,,,,,,,,,,,"Dynamics","1",,,,,,,,,,
,,,,,,,,,,,,,,"Ecosystems","1",,,,,,,,,,
,,,,,,,,,,,,,,"Environmental Pollutants","1",,,,,,,,,,
,,,,,,,,,,,,,,"Epidemiology","1",,,,,,,,,,
,,,,,,,,,,,,,,"Erythrocyte Membrane","1",,,,,,,,,,
,,,,,,,,,,,,,,"Feces","1",,,,,,,,,,
,,,,,,,,,,,,,,"Felidae","1",,,,,,,,,,
,,,,,,,,,,,,,,"Felis Catus","1",,,,,,,,,,
,,,,,,,,,,,,,,"Fish","1",,,,,,,,,,
,,,,,,,,,,,,,,"Fishes","1",,,,,,,,,,
,,,,,,,,,,,,,,"Fishing","1",,,,,,,,,,
,,,,,,,,,,,,,,"Fresh Water","1",,,,,,,,,,
,,,,,,,,,,,,,,"Gene Flow","1",,,,,,,,,,
,,,,,,,,,,,,,,"Geologic Sediments","1",,,,,,,,,,
,,,,,,,,,,,,,,"Glucose","1",,,,,,,,,,
,,,,,,,,,,,,,,"Glucose Blood Level","1",,,,,,,,,,
,,,,,,,,,,,,,,"Growth Kinetics","1",,,,,,,,,,
,,,,,,,,,,,,,,"Growth Rate","1",,,,,,,,,,
,,,,,,,,,,,,,,"Heavy Metal","1",,,,,,,,,,
,,,,,,,,,,,,,,"Human","1",,,,,,,,,,
,,,,,,,,,,,,,,"Humans","1",,,,,,,,,,
,,,,,,,,,,,,,,"Hypothesis","1",,,,,,,,,,
,,,,,,,,,,,,,,"Hypothesis Testing","1",,,,,,,,,,
,,,,,,,,,,,,,,"Intensive Culture","1",,,,,,,,,,
,,,,,,,,,,,,,,"Intensive Fishing","1",,,,,,,,,,
,,,,,,,,,,,,,,"Invertebrata","1",,,,,,,,,,
,,,,,,,,,,,,,,"Invertebrate","1",,,,,,,,,,
,,,,,,,,,,,,,,"Invertebrates","1",,,,,,,,,,
,,,,,,,,,,,,,,"Lake","1",,,,,,,,,,
,,,,,,,,,,,,,,"Lake Ecosystem","1",,,,,,,,,,
,,,,,,,,,,,,,,"Lakes","1",,,,,,,,,,
,,,,,,,,,,,,,,"Lead Blood Level","1",,,,,,,,,,
,,,,,,,,,,,,,,"Lepus Americanus","1",,,,,,,,,,
,,,,,,,,,,,,,,"Lynx","1",,,,,,,,,,
,,,,,,,,,,,,,,"Lynx Canadensis","1",,,,,,,,,,
,,,,,,,,,,,,,,"Major Clinical Study","1",,,,,,,,,,
,,,,,,,,,,,,,,"Male","1",,,,,,,,,,
,,,,,,,,,,,,,,"Mass Burden","1",,,,,,,,,,
,,,,,,,,,,,,,,"Mercury","1",,,,,,,,,,
,,,,,,,,,,,,,,"Mercury (element)","1",,,,,,,,,,
,,,,,,,,,,,,,,"Mercury (metal)","1",,,,,,,,,,
,,,,,,,,,,,,,,"Metals, Heavy","1",,,,,,,,,,
,,,,,,,,,,,,,,"Methylmercury","1",,,,,,,,,,
,,,,,,,,,,,,,,"Methylmercury (MeHg)","1",,,,,,,,,,
,,,,,,,,,,,,,,"Methylmercury Compounds","1",,,,,,,,,,
,,,,,,,,,,,,,,"Middle Aged","1",,,,,,,,,,
,,,,,,,,,,,,,,"Nonhuman","1",,,,,,,,,,
,,,,,,,,,,,,,,"North America","1",,,,,,,,,,
,,,,,,,,,,,,,,"Northern Quebec","1",,,,,,,,,,
,,,,,,,,,,,,,,"Odds Ratio","1",,,,,,,,,,
,,,,,,,,,,,,,,"Omega 6 Fatty Acid","1",,,,,,,,,,
,,,,,,,,,,,,,,"Parameterization","1",,,,,,,,,,
,,,,,,,,,,,,,,"Parasite Egg Count","1",,,,,,,,,,
,,,,,,,,,,,,,,"Parasite Identification","1",,,,,,,,,,
,,,,,,,,,,,,,,"Parasitology","1",,,,,,,,,,
,,,,,,,,,,,,,,"Physical Activity","1",,,,,,,,,,
,,,,,,,,,,,,,,"Physiology","1",,,,,,,,,,
,,,,,,,,,,,,,,"Plankton","1",,,,,,,,,,
,,,,,,,,,,,,,,"Pollutant","1",,,,,,,,,,
,,,,,,,,,,,,,,"Pollution Exposure","1",,,,,,,,,,
,,,,,,,,,,,,,,"Polychlorinated Biphenyl","1",,,,,,,,,,
,,,,,,,,,,,,,,"Polychlorinated Biphenyls","1",,,,,,,,,,
,,,,,,,,,,,,,,"Predator","1",,,,,,,,,,
,,,,,,,,,,,,,,"Predator-prey Cycle","1",,,,,,,,,,
,,,,,,,,,,,,,,"Protein Blood Level","1",,,,,,,,,,
,,,,,,,,,,,,,,"Protozoon Antibody","1",,,,,,,,,,
,,,,,,,,,,,,,,"Quantitative Analysis","1",,,,,,,,,,
,,,,,,,,,,,,,,"Questionnaire Survey","1",,,,,,,,,,
,,,,,,,,,,,,,,"Risk","1",,,,,,,,,,
,,,,,,,,,,,,,,"Sediment","1",,,,,,,,,,
,,,,,,,,,,,,,,"Sediments","1",,,,,,,,,,
,,,,,,,,,,,,,,"Seroepidemiologic Studies","1",,,,,,,,,,
,,,,,,,,,,,,,,"Sex Difference","1",,,,,,,,,,
,,,,,,,,,,,,,,"Sex Factors","1",,,,,,,,,,
,,,,,,,,,,,,,,"Smoking","1",,,,,,,,,,
,,,,,,,,,,,,,,"Snowshoe Hare","1",,,,,,,,,,
,,,,,,,,,,,,,,"Soil Pollution","1",,,,,,,,,,
,,,,,,,,,,,,,,"Spatiotemporal Dynamic Of Infection","1",,,,,,,,,,
,,,,,,,,,,,,,,"Statistical Analysis","1",,,,,,,,,,
,,,,,,,,,,,,,,"Suspended Particulate Matter","1",,,,,,,,,,
,,,,,,,,,,,,,,"Toxicity","1",,,,,,,,,,
,,,,,,,,,,,,,,"Toxoplasma Gondii","1",,,,,,,,,,
,,,,,,,,,,,,,,"Toxoplasmosis","1",,,,,,,,,,
,,,,,,,,,,,,,,"Toxoplasmosis, Animal","1",,,,,,,,,,
,,,,,,,,,,,,,,"Unclassified Drug","1",,,,,,,,,,
,,,,,,,,,,,,,,"Vermes","1",,,,,,,,,,
,,,,,,,,,,,,,,"Vitamin Blood Level","1",,,,,,,,,,
,,,,,,,,,,,,,,"Vitamin D","1",,,,,,,,,,
,,,,,,,,,,,,,,"Water Column","1",,,,,,,,,,
,,,,,,,,,,,,,,"Water Contamination","1",,,,,,,,,,
,,,,,,,,,,,,,,"Water Pollutants, Chemical","1",,,,,,,,,,
,,,,,,,,,,,,,,"Womens Health","1",,,,,,,,,,
,,,,,,,,,,,,,,,,,,,,,,,,,
,,,,,,,,,,,,,,,,,,,,,,,,,
,,,,,,,,,,,,,,,,,,,,,,,,,
,,,,,,,,,,,,,,,,,,,,,,,,,
,,,,,,,,,,,,,,,,,,,,,,,,,
,,,,,,,,,,,,,,,,,,,,,,,,,
,,,,,,,,,,,,,,,,,,,,,,,,,
,,,,,,,,,,,,,,,,,,,,,,,,,
,,,,,,,,,,,,,,,,,,,,,,,,,
,,,,,,,,,,,,,,,,,,,,,,,,,
,,,,,,,,,,,,,,,,,,,,,,,,,
,,,,,,,,,,,,,,,,,,,,,,,,,
,,,,,,,,,,,,,,,,,,,,,,,,,
,,,,,,,,,,,,,,,,,,,,,,,,,
,,,,,,,,,,,,,,,,,,,,,,,,,
,,,,,,,,,,,,,,,,,,,,,,,,,
,,,,,,,,,,,,,,,,,,,,,,,,,
,,,,,,,,,,,,,,,,,,,,,,,,,
