﻿Scopus refine results values

"Your query : ((TITLE-ABS-KEY((Boreal OR {James Bay} OR James-Bay OR {Clay Belt} OR {canadian shield}) AND (Canada OR Quebec OR Ontario OR newfoundland OR Alberta OR British-Columbia) ) AND PUBYEAR > 1999 AND PUBYEAR < 2020) AND (TITLE-ABS-KEY(Species AND (Distribution OR Extinct* OR Invasi*  OR Transition Or exotic)) AND PUBYEAR > 1999 AND PUBYEAR < 2020) AND (TITLE-ABS-KEY(geese OR goose) AND PUBYEAR > 1999 AND PUBYEAR < 2020))"


Number of results : 8

"ACCESS TYPE",,"YEAR",,"AUTHOR NAME",,"SUBJECT AREA",,"DOCUMENT TYPE",,"PUBLICATION STAGE",,"SOURCE TITLE",,"KEYWORD",,"AFFILIATION",,"FUNDING SPONSOR",,"COUNTRY",,"SOURCE TYPE",,"LANGUAGE",
"Open Access","1","2018","1","Abraham, K.F.","1","Agricultural and Biological Sciences","4","Article","8","final","8","Canadian Field Naturalist","2","Canada","6","Environment Canada","2","Alberta Agriculture and Forestry","1","Canada","7","Journals","8","English","8"
"Other","7","2013","1","Barber, Q.E.","1","Environmental Science","5",,,,,"Ecoscience","1","Branta Canadensis","4","University of Toronto","2","Alberta Innovates","1","Ireland","1",,,,
,,"2010","2","Blaney, C.S.","1","Multidisciplinary","1",,,,,"Journal Of Environmental Radioactivity","1","Anser","3","Ducks Unlimited Canada","2","Arctic Institute of North America","1","Undefined","1",,,,
,,"2003","1","Bordage, D.","1","Social Sciences","1",,,,,"Landscape Research","1","Waterfowl","3","Ontario Min. of N. R.","1","CorporaciÃ³n TecnolÃ³gica de AndalucÃ­a","1",,,,,,
,,"2002","1","Ciuti, S.","1",,,,,,,"Occasional Paper Of The Canadian Wildlife Service","1","Anas","2","University of Calgary","1","Natural Sciences and Engineering Research Council of Canada","1",,,,,,
,,"2001","1","Darveau, M.","1",,,,,,,"Scientific Reports","1","Anatidae","2","Universite du Quebec en Abitibi-Temiscamingue","1","UniversitÃ© de MontrÃ©al","1",,,,,,
,,"2000","1","Dickson, K.M.","1",,,,,,,"Wetlands","1","Aythya Collaris","2","University College Dublin","1","Undefined","6",,,,,,
,,,,"Gabor, T.S.","1",,,,,,,,,"Breeding Population","2","University of Montreal","1",,,,,,,,
,,,,"Gadawski, T.R.","1",,,,,,,,,"Bucephala Clangula","2","Ontario Ministry of Natural Resources","1",,,,,,,,
,,,,"Herrmann, T.M.","1",,,,,,,,,"Forest","2","University of Alberta","1",,,,,,,,
,,,,"Imbeau, L.","1",,,,,,,,,"James Bay","2","Université Laval","1",,,,,,,,
,,,,"Jefferies, R.L.","1",,,,,,,,,"Lophodytes Cucullatus","2","Ministère de l‘Energie et des Ressources naturelles du Québec","1",,,,,,,,
,,,,"Kotanen, P.M.","1",,,,,,,,,"Species Diversity","2","ECOMatters Inc","1",,,,,,,,
,,,,"Lemelin, L.V.","1",,,,,,,,,"129 I","1",,,,,,,,,,
,,,,"Long, J.M.","1",,,,,,,,,"36 Cl","1",,,,,,,,,,
,,,,"Maher, R.","1",,,,,,,,,"Abundance","1",,,,,,,,,,
,,,,"Milakovic, B.","1",,,,,,,,,"Airborne Survey","1",,,,,,,,,,
,,,,"Nielsen, S.E.","1",,,,,,,,,"Aix","1",,,,,,,,,,
,,,,"Rempel, R.S.","1",,,,,,,,,"Aix Sponsa","1",,,,,,,,,,
,,,,"Roberts, D.","1",,,,,,,,,"Akimiski Island","1",,,,,,,,,,
,,,,"Ross, R.K.","1",,,,,,,,,"Alces","1",,,,,,,,,,
,,,,"Royer, M.J.S.","1",,,,,,,,,"Anas Americana","1",,,,,,,,,,
,,,,"Sanipelli, B.","1",,,,,,,,,"Anas Crecca","1",,,,,,,,,,
,,,,"Sheppard, S.C.","1",,,,,,,,,"Anas Platyrhynchos","1",,,,,,,,,,
,,,,"Willier, C.","1",,,,,,,,,"Anas Rubripes","1",,,,,,,,,,
,,,,,,,,,,,,,,"Anas Sp.","1",,,,,,,,,,
,,,,,,,,,,,,,,"Animalia","1",,,,,,,,,,
,,,,,,,,,,,,,,"Animals","1",,,,,,,,,,
,,,,,,,,,,,,,,"Anser Caerulescens","1",,,,,,,,,,
,,,,,,,,,,,,,,"Anser Sp.","1",,,,,,,,,,
,,,,,,,,,,,,,,"Araneae","1",,,,,,,,,,
,,,,,,,,,,,,,,"Article","1",,,,,,,,,,
,,,,,,,,,,,,,,"Assessment","1",,,,,,,,,,
,,,,,,,,,,,,,,"Aves","1",,,,,,,,,,
,,,,,,,,,,,,,,"Beetle","1",,,,,,,,,,
,,,,,,,,,,,,,,"Biodiversity","1",,,,,,,,,,
,,,,,,,,,,,,,,"Blueberry","1",,,,,,,,,,
,,,,,,,,,,,,,,"Blueberry Plant","1",,,,,,,,,,
,,,,,,,,,,,,,,"Boreal","1",,,,,,,,,,
,,,,,,,,,,,,,,"Boreal Forest","1",,,,,,,,,,
,,,,,,,,,,,,,,"Breeding Site","1",,,,,,,,,,
,,,,,,,,,,,,,,"Canada Geese","1",,,,,,,,,,
,,,,,,,,,,,,,,"Carabidae","1",,,,,,,,,,
,,,,,,,,,,,,,,"Castor Fiber","1",,,,,,,,,,
,,,,,,,,,,,,,,"Cervidae","1",,,,,,,,,,
,,,,,,,,,,,,,,"Cervus Elaphus","1",,,,,,,,,,
,,,,,,,,,,,,,,"Chemical Contamination","1",,,,,,,,,,
,,,,,,,,,,,,,,"Chen","1",,,,,,,,,,
,,,,,,,,,,,,,,"Chlorine","1",,,,,,,,,,
,,,,,,,,,,,,,,"Chlorine 36","1",,,,,,,,,,
,,,,,,,,,,,,,,"Clangula","1",,,,,,,,,,
,,,,,,,,,,,,,,"Coleoptera","1",,,,,,,,,,
,,,,,,,,,,,,,,"Community Structure","1",,,,,,,,,,
,,,,,,,,,,,,,,"Conservation Management","1",,,,,,,,,,
,,,,,,,,,,,,,,"Controlled Study","1",,,,,,,,,,
,,,,,,,,,,,,,,"Cree First Nation","1",,,,,,,,,,
,,,,,,,,,,,,,,"Data Interpretation","1",,,,,,,,,,
,,,,,,,,,,,,,,"Deciduous Tree","1",,,,,,,,,,
,,,,,,,,,,,,,,"Deep Water","1",,,,,,,,,,
,,,,,,,,,,,,,,"Deer","1",,,,,,,,,,
,,,,,,,,,,,,,,"Degradation","1",,,,,,,,,,
,,,,,,,,,,,,,,"Diet","1",,,,,,,,,,
,,,,,,,,,,,,,,"Disturbance","1",,,,,,,,,,
,,,,,,,,,,,,,,"Ducks","1",,,,,,,,,,
,,,,,,,,,,,,,,"Eastern Canada","1",,,,,,,,,,
,,,,,,,,,,,,,,"Eastern James Bay","1",,,,,,,,,,
,,,,,,,,,,,,,,"Environmental Assessment","1",,,,,,,,,,
,,,,,,,,,,,,,,"Environmental Exposure","1",,,,,,,,,,
,,,,,,,,,,,,,,"Environmental Factor","1",,,,,,,,,,
,,,,,,,,,,,,,,"Exposure","1",,,,,,,,,,
,,,,,,,,,,,,,,"Fish","1",,,,,,,,,,
,,,,,,,,,,,,,,"Fishes","1",,,,,,,,,,
,,,,,,,,,,,,,,"Flora","1",,,,,,,,,,
,,,,,,,,,,,,,,"Floristics","1",,,,,,,,,,
,,,,,,,,,,,,,,"Food Chain","1",,,,,,,,,,
,,,,,,,,,,,,,,"Food Contamination, Radioactive","1",,,,,,,,,,
,,,,,,,,,,,,,,"Forests","1",,,,,,,,,,
,,,,,,,,,,,,,,"Freshwater Sediment","1",,,,,,,,,,
,,,,,,,,,,,,,,"Game Animal","1",,,,,,,,,,
,,,,,,,,,,,,,,"Gavia Immer","1",,,,,,,,,,
,,,,,,,,,,,,,,"Geese","1",,,,,,,,,,
,,,,,,,,,,,,,,"Geologic Sediments","1",,,,,,,,,,
,,,,,,,,,,,,,,"Global Change","1",,,,,,,,,,
,,,,,,,,,,,,,,"Goose","1",,,,,,,,,,
,,,,,,,,,,,,,,"Grubbing","1",,,,,,,,,,
,,,,,,,,,,,,,,"Habitat","1",,,,,,,,,,
,,,,,,,,,,,,,,"Habitat Degradation","1",,,,,,,,,,
,,,,,,,,,,,,,,"Habitat Management","1",,,,,,,,,,
,,,,,,,,,,,,,,"Habitat Use","1",,,,,,,,,,
,,,,,,,,,,,,,,"Herbivory","1",,,,,,,,,,
,,,,,,,,,,,,,,"Heterogeneity","1",,,,,,,,,,
,,,,,,,,,,,,,,"Indigenous Population","1",,,,,,,,,,
,,,,,,,,,,,,,,"Invertebrata","1",,,,,,,,,,
,,,,,,,,,,,,,,"Iodine","1",,,,,,,,,,
,,,,,,,,,,,,,,"Iodine 129","1",,,,,,,,,,
,,,,,,,,,,,,,,"Iodine Radioisotopes","1",,,,,,,,,,
,,,,,,,,,,,,,,"La Perouse Bay","1",,,,,,,,,,
,,,,,,,,,,,,,,"Landscape Change","1",,,,,,,,,,
,,,,,,,,,,,,,,"Landscape Planning","1",,,,,,,,,,
,,,,,,,,,,,,,,"Lesser Snow Geese","1",,,,,,,,,,
,,,,,,,,,,,,,,"Lesser Snow Goose","1",,,,,,,,,,
,,,,,,,,,,,,,,"Lophodytes","1",,,,,,,,,,
,,,,,,,,,,,,,,"Macrophyte","1",,,,,,,,,,
,,,,,,,,,,,,,,"Manitoba","1",,,,,,,,,,
,,,,,,,,,,,,,,"Meat","1",,,,,,,,,,
,,,,,,,,,,,,,,"Meats","1",,,,,,,,,,
,,,,,,,,,,,,,,"Moose","1",,,,,,,,,,
,,,,,,,,,,,,,,"Nonhuman","1",,,,,,,,,,
,,,,,,,,,,,,,,"North America","1",,,,,,,,,,
,,,,,,,,,,,,,,"Nuclear Waste","1",,,,,,,,,,
,,,,,,,,,,,,,,"Nunavut","1",,,,,,,,,,
,,,,,,,,,,,,,,"Odocoileus Virginianus","1",,,,,,,,,,
,,,,,,,,,,,,,,"Oil And Gas Field","1",,,,,,,,,,
,,,,,,,,,,,,,,"Oil And Gas Fields","1",,,,,,,,,,
,,,,,,,,,,,,,,"Ontario","1",,,,,,,,,,
,,,,,,,,,,,,,,"Physiology","1",,,,,,,,,,
,,,,,,,,,,,,,,"Phytogeography","1",,,,,,,,,,
,,,,,,,,,,,,,,"Platyrhynchos","1",,,,,,,,,,
,,,,,,,,,,,,,,"Population Distribution","1",,,,,,,,,,
,,,,,,,,,,,,,,"Populations","1",,,,,,,,,,
,,,,,,,,,,,,,,"Quebec [Canada]","1",,,,,,,,,,
,,,,,,,,,,,,,,"Radioactive Waste","1",,,,,,,,,,
,,,,,,,,,,,,,,"Radioactive Wastes","1",,,,,,,,,,
,,,,,,,,,,,,,,"Radioisotopes","1",,,,,,,,,,
,,,,,,,,,,,,,,"Radionuclide","1",,,,,,,,,,
,,,,,,,,,,,,,,"Rangifer Tarandus","1",,,,,,,,,,
,,,,,,,,,,,,,,"Reindeer","1",,,,,,,,,,
,,,,,,,,,,,,,,"Resource Management","1",,,,,,,,,,
,,,,,,,,,,,,,,"Sediment","1",,,,,,,,,,
,,,,,,,,,,,,,,"Sedimentology","1",,,,,,,,,,
,,,,,,,,,,,,,,"Seed Dispersal","1",,,,,,,,,,
,,,,,,,,,,,,,,"Shoreline","1",,,,,,,,,,
,,,,,,,,,,,,,,"Site Selection","1",,,,,,,,,,
,,,,,,,,,,,,,,"Small Mammal","1",,,,,,,,,,
,,,,,,,,,,,,,,"Small Wetlands","1",,,,,,,,,,
,,,,,,,,,,,,,,"Socio-environmental Change","1",,,,,,,,,,
,,,,,,,,,,,,,,"Soil Invertebrates","1",,,,,,,,,,
,,,,,,,,,,,,,,"Spatial Distribution","1",,,,,,,,,,
,,,,,,,,,,,,,,"Spider","1",,,,,,,,,,
,,,,,,,,,,,,,,"Stream","1",,,,,,,,,,
,,,,,,,,,,,,,,"Streams","1",,,,,,,,,,
,,,,,,,,,,,,,,"Subsistence","1",,,,,,,,,,
,,,,,,,,,,,,,,"Taxonomy","1",,,,,,,,,,
,,,,,,,,,,,,,,"Time Factor","1",,,,,,,,,,
,,,,,,,,,,,,,,"Time Factors","1",,,,,,,,,,
,,,,,,,,,,,,,,"Transfer Factor","1",,,,,,,,,,
,,,,,,,,,,,,,,"Typhaceae","1",,,,,,,,,,
,,,,,,,,,,,,,,"Vaccinium","1",,,,,,,,,,
,,,,,,,,,,,,,,"Vaccinium Myrtilloides","1",,,,,,,,,,
,,,,,,,,,,,,,,"Vascular Plant","1",,,,,,,,,,
,,,,,,,,,,,,,,"Vegetation Mapping","1",,,,,,,,,,
,,,,,,,,,,,,,,"Wader","1",,,,,,,,,,
,,,,,,,,,,,,,,"Waste Management","1",,,,,,,,,,
,,,,,,,,,,,,,,"Water Pollutants, Radioactive","1",,,,,,,,,,
,,,,,,,,,,,,,,"Wetland","1",,,,,,,,,,
,,,,,,,,,,,,,,"Woodland Caribou","1",,,,,,,,,,
,,,,,,,,,,,,,,,,,,,,,,,,,
,,,,,,,,,,,,,,,,,,,,,,,,,
,,,,,,,,,,,,,,,,,,,,,,,,,
,,,,,,,,,,,,,,,,,,,,,,,,,
