﻿Scopus refine results values

"Your query : ((TITLE-ABS-KEY((Boreal OR {James Bay} OR James-Bay OR {Clay Belt} OR {canadian shield}) AND Quebec) AND PUBYEAR > 1999 AND PUBYEAR < 2020) AND (TITLE-ABS-KEY((Forest AND Fire) OR ""Wildfire"" OR ""crown fire"" OR ""Wildland fire"" ) AND PUBYEAR > 1999 AND PUBYEAR < 2020) AND (TITLE-ABS-KEY(naturalness OR  wilderness OR Primeval OR Preindustrial OR Pre-industrial  OR {intact forest}) AND PUBYEAR > 1999 AND PUBYEAR < 2020))"


Number of results : 6

"ACCESS TYPE",,"YEAR",,"AUTHOR NAME",,"SUBJECT AREA",,"DOCUMENT TYPE",,"PUBLICATION STAGE",,"SOURCE TITLE",,"KEYWORD",,"AFFILIATION",,"FUNDING SPONSOR",,"COUNTRY",,"SOURCE TYPE",,"LANGUAGE",
"Other","6","2017","1","Arseneault, D.","2","Agricultural and Biological Sciences","6","Article","6","final","6","Forest Ecology And Management","2","Boreal Forest","6","Universite du Quebec en Abitibi-Temiscamingue","2","Luonnontieteiden ja Tekniikan Tutkimuksen Toimikunta","1","Canada","6","Journals","6","English","5"
,,"2016","2","Bergeron, Y.","2","Environmental Science","5",,,,,"Journal Of Vegetation Science","2","Canada","6","Université du Québec à Rimouski","2","UniversitÃ© Laval","1",,,,,"French","1"
,,"2011","2","Bouchard, M.","2",,,,,,,"Canadian Journal Of Forest Research","1","Picea Mariana","6","Canadian Forest Service","2","Undefined","5",,,,,,
,,"2008","1","Pothier, D.","2",,,,,,,"Forestry Chronicle","1","Quebec [Canada]","6","Université du Québec à Montréal","2",,,,,,,,
,,,,"Alvarez, P.E.","1",,,,,,,,,"Forest Management","5","Université Laval","2",,,,,,,,
,,,,"Archambault, L.","1",,,,,,,,,"Abies Balsamea","4","Centre d'étude de la forêt, Montreal","2",,,,,,,,
,,,,"Auger, I.","1",,,,,,,,,"Coniferous Tree","4","Ministère des Forêts de la Faune et des Parcs du Québec","1",,,,,,,,
,,,,"Boucher, Y.","1",,,,,,,,,"Abundance","3","Centre d’étude de la forêt CEF","1",,,,,,,,
,,,,"Bélanger, L.","1",,,,,,,,,"Disturbance","3","Le réseau de l'Université du Québec","1",,,,,,,,
,,,,"Danneyrolles, V.","1",,,,,,,,,"Environmental Disturbance","3",,,,,,,,,,
,,,,"Fenton, N.J.","1",,,,,,,,,"Forest Fire","3",,,,,,,,,,
,,,,"Gauthier, S.","1",,,,,,,,,"Forestry","3",,,,,,,,,,
,,,,"Grondin, P.","1",,,,,,,,,"Harvesting","3",,,,,,,,,,
,,,,"Leduc, A.","1",,,,,,,,,"Populus Tremuloides","3",,,,,,,,,,
,,,,"Moussaoui, L.","1",,,,,,,,,"Succession","3",,,,,,,,,,
,,,,"Noël, J.","1",,,,,,,,,"Abies","2",,,,,,,,,,
,,,,"Raulier, F.","1",,,,,,,,,"Coniferous Forest","2",,,,,,,,,,
,,,,,,,,,,,,,,"Deciduous Tree","2",,,,,,,,,,
,,,,,,,,,,,,,,"Fires","2",,,,,,,,,,
,,,,,,,,,,,,,,"Forest Dynamics","2",,,,,,,,,,
,,,,,,,,,,,,,,"Forest Inventory","2",,,,,,,,,,
,,,,,,,,,,,,,,"Historical Ecology","2",,,,,,,,,,
,,,,,,,,,,,,,,"Natural Disturbance","2",,,,,,,,,,
,,,,,,,,,,,,,,"Natural Disturbances","2",,,,,,,,,,
,,,,,,,,,,,,,,"Spatiotemporal Analysis","2",,,,,,,,,,
,,,,,,,,,,,,,,"Twentieth Century","2",,,,,,,,,,
,,,,,,,,,,,,,,"Age Structure","1",,,,,,,,,,
,,,,,,,,,,,,,,"Anthropogenic Effect","1",,,,,,,,,,
,,,,,,,,,,,,,,"Astatine","1",,,,,,,,,,
,,,,,,,,,,,,,,"Atlantic Ocean","1",,,,,,,,,,
,,,,,,,,,,,,,,"Betula","1",,,,,,,,,,
,,,,,,,,,,,,,,"Betula Papyrifera","1",,,,,,,,,,
,,,,,,,,,,,,,,"Betula Pendula","1",,,,,,,,,,
,,,,,,,,,,,,,,"Biodiversity","1",,,,,,,,,,
,,,,,,,,,,,,,,"Black Spruce","1",,,,,,,,,,
,,,,,,,,,,,,,,"Black Spruce Boreal Forests","1",,,,,,,,,,
,,,,,,,,,,,,,,"Black Spruce Forests","1",,,,,,,,,,
,,,,,,,,,,,,,,"Black Spruce-feathermoss Forest","1",,,,,,,,,,
,,,,,,,,,,,,,,"Boreal Forests","1",,,,,,,,,,
,,,,,,,,,,,,,,"Chamaecyparis","1",,,,,,,,,,
,,,,,,,,,,,,,,"Choristoneura Fumiferana","1",,,,,,,,,,
,,,,,,,,,,,,,,"Clearcutting","1",,,,,,,,,,
,,,,,,,,,,,,,,"Cluster Analysis","1",,,,,,,,,,
,,,,,,,,,,,,,,"Community Composition","1",,,,,,,,,,
,,,,,,,,,,,,,,"Coniferophyta","1",,,,,,,,,,
,,,,,,,,,,,,,,"Data Set","1",,,,,,,,,,
,,,,,,,,,,,,,,"Dead Wood","1",,,,,,,,,,
,,,,,,,,,,,,,,"Dynamics","1",,,,,,,,,,
,,,,,,,,,,,,,,"Ecology","1",,,,,,,,,,
,,,,,,,,,,,,,,"Ecosystem Based Management","1",,,,,,,,,,
,,,,,,,,,,,,,,"Ecosystem Management","1",,,,,,,,,,
,,,,,,,,,,,,,,"Ecosystem-based Management","1",,,,,,,,,,
,,,,,,,,,,,,,,"Ecosystems","1",,,,,,,,,,
,,,,,,,,,,,,,,"Environmental Gradient","1",,,,,,,,,,
,,,,,,,,,,,,,,"Evergreen Forest","1",,,,,,,,,,
,,,,,,,,,,,,,,"Field Survey","1",,,,,,,,,,
,,,,,,,,,,,,,,"Forest Composition","1",,,,,,,,,,
,,,,,,,,,,,,,,"Forest Compositions","1",,,,,,,,,,
,,,,,,,,,,,,,,"Forest Cover","1",,,,,,,,,,
,,,,,,,,,,,,,,"Forest Ecosystem","1",,,,,,,,,,
,,,,,,,,,,,,,,"Forest Regeneration","1",,,,,,,,,,
,,,,,,,,,,,,,,"Forest Retention Harvest","1",,,,,,,,,,
,,,,,,,,,,,,,,"Forest Succession","1",,,,,,,,,,
,,,,,,,,,,,,,,"Geographic Variations","1",,,,,,,,,,
,,,,,,,,,,,,,,"Geographical Variation","1",,,,,,,,,,
,,,,,,,,,,,,,,"Global Change","1",,,,,,,,,,
,,,,,,,,,,,,,,"Gulf Of Saint Lawrence","1",,,,,,,,,,
,,,,,,,,,,,,,,"Habitat Quality","1",,,,,,,,,,
,,,,,,,,,,,,,,"Hardwoods","1",,,,,,,,,,
,,,,,,,,,,,,,,"Historical Forest Ecology","1",,,,,,,,,,
,,,,,,,,,,,,,,"Industry","1",,,,,,,,,,
,,,,,,,,,,,,,,"K-means Analysis","1",,,,,,,,,,
,,,,,,,,,,,,,,"Land Surveys","1",,,,,,,,,,
,,,,,,,,,,,,,,"Land Use","1",,,,,,,,,,
,,,,,,,,,,,,,,"Land Use Change","1",,,,,,,,,,
,,,,,,,,,,,,,,"Land-use Change","1",,,,,,,,,,
,,,,,,,,,,,,,,"Land-use Legacies","1",,,,,,,,,,
,,,,,,,,,,,,,,"Landscape","1",,,,,,,,,,
,,,,,,,,,,,,,,"Landscape Change","1",,,,,,,,,,
,,,,,,,,,,,,,,"Logging (timber)","1",,,,,,,,,,
,,,,,,,,,,,,,,"Mauricie","1",,,,,,,,,,
,,,,,,,,,,,,,,"Mixed Forest","1",,,,,,,,,,
,,,,,,,,,,,,,,"Mixedwood Forest","1",,,,,,,,,,
,,,,,,,,,,,,,,"Mixedwood Forests","1",,,,,,,,,,
,,,,,,,,,,,,,,"Mortality Dynamics","1",,,,,,,,,,
,,,,,,,,,,,,,,"Moss","1",,,,,,,,,,
,,,,,,,,,,,,,,"Moth","1",,,,,,,,,,
,,,,,,,,,,,,,,"Multivariate Analysis","1",,,,,,,,,,
,,,,,,,,,,,,,,"Natural Range Of Variability","1",,,,,,,,,,
,,,,,,,,,,,,,,"Naturalness","1",,,,,,,,,,
,,,,,,,,,,,,,,"North America","1",,,,,,,,,,
,,,,,,,,,,,,,,"Old-growth Forest","1",,,,,,,,,,
,,,,,,,,,,,,,,"Patch Dynamics","1",,,,,,,,,,
,,,,,,,,,,,,,,"Picea","1",,,,,,,,,,
,,,,,,,,,,,,,,"Pinus Banksiana","1",,,,,,,,,,
,,,,,,,,,,,,,,"Pinus Strobus","1",,,,,,,,,,
,,,,,,,,,,,,,,"Populus","1",,,,,,,,,,
,,,,,,,,,,,,,,"Pre-industrial","1",,,,,,,,,,
,,,,,,,,,,,,,,"RDA","1",,,,,,,,,,
,,,,,,,,,,,,,,"Recruitment (population Dynamics)","1",,,,,,,,,,
,,,,,,,,,,,,,,"Reforestation","1",,,,,,,,,,
,,,,,,,,,,,,,,"Regrowth","1",,,,,,,,,,
,,,,,,,,,,,,,,"Separators","1",,,,,,,,,,
,,,,,,,,,,,,,,"Silviculture","1",,,,,,,,,,
,,,,,,,,,,,,,,"Spatial Scale","1",,,,,,,,,,
,,,,,,,,,,,,,,"Spatially Constrained Clustering","1",,,,,,,,,,
,,,,,,,,,,,,,,"Species Diversity","1",,,,,,,,,,
,,,,,,,,,,,,,,"Stand Development","1",,,,,,,,,,
,,,,,,,,,,,,,,"Standing Deadwoods","1",,,,,,,,,,
,,,,,,,,,,,,,,"Structure (composition)","1",,,,,,,,,,
,,,,,,,,,,,,,,"Structures","1",,,,,,,,,,
,,,,,,,,,,,,,,"Sustainable Development","1",,,,,,,,,,
,,,,,,,,,,,,,,"Temperate Forest","1",,,,,,,,,,
,,,,,,,,,,,,,,"Temporal Period","1",,,,,,,,,,
,,,,,,,,,,,,,,"Thuja","1",,,,,,,,,,
,,,,,,,,,,,,,,"Thuja Occidentalis","1",,,,,,,,,,
,,,,,,,,,,,,,,"Tree Species","1",,,,,,,,,,
,,,,,,,,,,,,,,"Variable Retentions","1",,,,,,,,,,
,,,,,,,,,,,,,,"Wildfire","1",,,,,,,,,,
,,,,,,,,,,,,,,"Windthrow","1",,,,,,,,,,
,,,,,,,,,,,,,,,,,,,,,,,,,
,,,,,,,,,,,,,,,,,,,,,,,,,
,,,,,,,,,,,,,,,,,,,,,,,,,
,,,,,,,,,,,,,,,,,,,,,,,,,
,,,,,,,,,,,,,,,,,,,,,,,,,
,,,,,,,,,,,,,,,,,,,,,,,,,
,,,,,,,,,,,,,,,,,,,,,,,,,
,,,,,,,,,,,,,,,,,,,,,,,,,
,,,,,,,,,,,,,,,,,,,,,,,,,
,,,,,,,,,,,,,,,,,,,,,,,,,
,,,,,,,,,,,,,,,,,,,,,,,,,
,,,,,,,,,,,,,,,,,,,,,,,,,
,,,,,,,,,,,,,,,,,,,,,,,,,
,,,,,,,,,,,,,,,,,,,,,,,,,
,,,,,,,,,,,,,,,,,,,,,,,,,
,,,,,,,,,,,,,,,,,,,,,,,,,
,,,,,,,,,,,,,,,,,,,,,,,,,
,,,,,,,,,,,,,,,,,,,,,,,,,
,,,,,,,,,,,,,,,,,,,,,,,,,
,,,,,,,,,,,,,,,,,,,,,,,,,
,,,,,,,,,,,,,,,,,,,,,,,,,
,,,,,,,,,,,,,,,,,,,,,,,,,
,,,,,,,,,,,,,,,,,,,,,,,,,
,,,,,,,,,,,,,,,,,,,,,,,,,
,,,,,,,,,,,,,,,,,,,,,,,,,
,,,,,,,,,,,,,,,,,,,,,,,,,
,,,,,,,,,,,,,,,,,,,,,,,,,
,,,,,,,,,,,,,,,,,,,,,,,,,
,,,,,,,,,,,,,,,,,,,,,,,,,
,,,,,,,,,,,,,,,,,,,,,,,,,
,,,,,,,,,,,,,,,,,,,,,,,,,
,,,,,,,,,,,,,,,,,,,,,,,,,
,,,,,,,,,,,,,,,,,,,,,,,,,
,,,,,,,,,,,,,,,,,,,,,,,,,
,,,,,,,,,,,,,,,,,,,,,,,,,
,,,,,,,,,,,,,,,,,,,,,,,,,
,,,,,,,,,,,,,,,,,,,,,,,,,
,,,,,,,,,,,,,,,,,,,,,,,,,
,,,,,,,,,,,,,,,,,,,,,,,,,
,,,,,,,,,,,,,,,,,,,,,,,,,
