﻿Scopus refine results values

"Your query : ((TITLE-ABS-KEY((Boreal OR {James Bay} OR James-Bay OR {Clay Belt} OR {canadian shield}) AND (Canada OR Quebec OR Ontario OR newfoundland OR Alberta OR British-Columbia) ) AND PUBYEAR > 1999 AND PUBYEAR < 2020) AND (TITLE-ABS-KEY(weather OR   Season* OR meteo*) AND PUBYEAR > 1999 AND PUBYEAR < 2020) AND (TITLE-ABS-KEY(Truck OR Train OR (Noise  AND Disturbance)) AND PUBYEAR > 1999 AND PUBYEAR < 2020))"


Number of results : 6

"ACCESS TYPE",,"YEAR",,"AUTHOR NAME",,"SUBJECT AREA",,"DOCUMENT TYPE",,"PUBLICATION STAGE",,"SOURCE TITLE",,"KEYWORD",,"AFFILIATION",,"FUNDING SPONSOR",,"COUNTRY",,"SOURCE TYPE",,"LANGUAGE",
"Open Access","2","2019","2","Blais, J.M.","1","Agricultural and Biological Sciences","1","Article","6","final","6","Climate Dynamics","2","Canada","3","Pusan National University","2","Natural Sciences and Engineering Research Council of Canada","2","Canada","3","Journals","6","English","6"
"Other","4","2016","1","Eickmeyer, D.C.","1","Earth and Planetary Sciences","4",,,,,"Behavioral Ecology","1","Sea Surface Temperature","3","University of Colorado Boulder","1","Environment and Climate Change Canada","1","United States","3",,,,
,,"2013","1","Ethier, J.P.","1","Environmental Science","1",,,,,"Journal Of Climate","1","Atlantic Ocean","2","Environment Canada","1","Korea Basic Science Institute","1","South Korea","2",,,,
,,"2012","1","Feng, X.","1",,,,,,,"Quarterly Journal Of The Royal Meteorological Society","1","Atlantic Ocean (North)","2","University of Illinois at Urbana-Champaign","1","Memorial University of Newfoundland","1",,,,,,
,,"2005","1","Ha, K.J.","1",,,,,,,"Science Of The Total Environment","1","Boreal Forest","2","Center for Ocean-Land-Atmosphere Studies","1","National Aeronautics and Space Administration","1",,,,,,
,,,,"Hennigar, B.","1",,,,,,,,,"Climate Change","2","School of Ocean and Earth Science and Technology","1","National Oceanic and Atmospheric Administration","1",,,,,,
,,,,"Hoerling, M.P.","1",,,,,,,,,"Climate Prediction","2","Cooperative Institute for Research in Environmental Sciences","1","National Science Foundation","1",,,,,,
,,,,"Huang, B.","1",,,,,,,,,"North Atlantic Oscillation","2","University of Hawaii at Manoa","1","Undefined","3",,,,,,
,,,,"Kimpe, L.E.","1",,,,,,,,,"Northern Hemisphere","2","George Mason University, Fairfax Campus","1",,,,,,,,
,,,,"Korosi, J.B.","1",,,,,,,,,"Pacific Ocean","2","Memorial University of Newfoundland","1",,,,,,,,
,,,,"Lee, J.Y.","1",,,,,,,,,"Seasonal Variation","2","University of Ottawa, Canada","1",,,,,,,,
,,,,"Li, S.","1",,,,,,,,,"Summer","2","Government of the Northwest Territories","1",,,,,,,,
,,,,"Lin, H.","1",,,,,,,,,"Temperature Anomaly","2","Institute for Basic Science, Daejeon","1",,,,,,,,
,,,,"Moon, J.Y.","1",,,,,,,,,"United States","2",,,,,,,,,,
,,,,"Palmer, M.J.","1",,,,,,,,,"Air Pollutant","1",,,,,,,,,,
,,,,"Peng, S.","1",,,,,,,,,"Air Pollutants","1",,,,,,,,,,
,,,,"Robinson, W.A.","1",,,,,,,,,"Analysis","1",,,,,,,,,,
,,,,"Straus, D.M.","1",,,,,,,,,"Animalia","1",,,,,,,,,,
,,,,"Thienpont, J.R.","1",,,,,,,,,"Anthropogenic Effect","1",,,,,,,,,,
,,,,"Wang, B.","1",,,,,,,,,"Anthropogenic Light","1",,,,,,,,,,
,,,,"Wilson, D.R.","1",,,,,,,,,"Anthropogenic Noise","1",,,,,,,,,,
,,,,"Wu, Z.","1",,,,,,,,,"Aquatic Ecosystems","1",,,,,,,,,,
,,,,,,,,,,,,,,"Aquatic Environment","1",,,,,,,,,,
,,,,,,,,,,,,,,"Arctic","1",,,,,,,,,,
,,,,,,,,,,,,,,"Arctic Vehicles","1",,,,,,,,,,
,,,,,,,,,,,,,,"Aromatic Compounds","1",,,,,,,,,,
,,,,,,,,,,,,,,"Article","1",,,,,,,,,,
,,,,,,,,,,,,,,"Atlantic Ocean (Equatorial)","1",,,,,,,,,,
,,,,,,,,,,,,,,"Atmosphere-ocean Coupling","1",,,,,,,,,,
,,,,,,,,,,,,,,"Atmospheric General Circulation Model","1",,,,,,,,,,
,,,,,,,,,,,,,,"Atmospheric General Circulation Model (AGCM)","1",,,,,,,,,,
,,,,,,,,,,,,,,"Atmospheric Pressure","1",,,,,,,,,,
,,,,,,,,,,,,,,"Aves","1",,,,,,,,,,
,,,,,,,,,,,,,,"Bay Of Bengal","1",,,,,,,,,,
,,,,,,,,,,,,,,"Bird","1",,,,,,,,,,
,,,,,,,,,,,,,,"Birdsong","1",,,,,,,,,,
,,,,,,,,,,,,,,"Boreal Forests","1",,,,,,,,,,
,,,,,,,,,,,,,,"Boreal Summer Intraseasonal Oscillation","1",,,,,,,,,,
,,,,,,,,,,,,,,"Breeding Season","1",,,,,,,,,,
,,,,,,,,,,,,,,"California","1",,,,,,,,,,
,,,,,,,,,,,,,,"Chemical Composition","1",,,,,,,,,,
,,,,,,,,,,,,,,"Circulation Anomalies","1",,,,,,,,,,
,,,,,,,,,,,,,,"Climate Event","1",,,,,,,,,,
,,,,,,,,,,,,,,"Combined Effect","1",,,,,,,,,,
,,,,,,,,,,,,,,"Combustion","1",,,,,,,,,,
,,,,,,,,,,,,,,"Commercial Vehicles","1",,,,,,,,,,
,,,,,,,,,,,,,,"Comparative Study","1",,,,,,,,,,
,,,,,,,,,,,,,,"Comparison Analysis","1",,,,,,,,,,
,,,,,,,,,,,,,,"Controlled Study","1",,,,,,,,,,
,,,,,,,,,,,,,,"Decadal Variation","1",,,,,,,,,,
,,,,,,,,,,,,,,"Deforestation","1",,,,,,,,,,
,,,,,,,,,,,,,,"Dendroica Coronata","1",,,,,,,,,,
,,,,,,,,,,,,,,"Diesel","1",,,,,,,,,,
,,,,,,,,,,,,,,"Diesel Emission","1",,,,,,,,,,
,,,,,,,,,,,,,,"Diesel Emissions","1",,,,,,,,,,
,,,,,,,,,,,,,,"Diesel Fuel","1",,,,,,,,,,
,,,,,,,,,,,,,,"Disturbance","1",,,,,,,,,,
,,,,,,,,,,,,,,"ENSO Signal","1",,,,,,,,,,
,,,,,,,,,,,,,,"ENSO-NAO Relationship","1",,,,,,,,,,
,,,,,,,,,,,,,,"Earth Atmosphere","1",,,,,,,,,,
,,,,,,,,,,,,,,"El Nino-Southern Oscillation","1",,,,,,,,,,
,,,,,,,,,,,,,,"Emission","1",,,,,,,,,,
,,,,,,,,,,,,,,"Ensemble Forecasting","1",,,,,,,,,,
,,,,,,,,,,,,,,"Environmental Monitoring","1",,,,,,,,,,
,,,,,,,,,,,,,,"Exhaust Gas","1",,,,,,,,,,
,,,,,,,,,,,,,,"Extratropical","1",,,,,,,,,,
,,,,,,,,,,,,,,"Fire","1",,,,,,,,,,
,,,,,,,,,,,,,,"Fires","1",,,,,,,,,,
,,,,,,,,,,,,,,"Forest Fire","1",,,,,,,,,,
,,,,,,,,,,,,,,"Forestry","1",,,,,,,,,,
,,,,,,,,,,,,,,"Geologic Models","1",,,,,,,,,,
,,,,,,,,,,,,,,"Human Impact (environment)","1",,,,,,,,,,
,,,,,,,,,,,,,,"India","1",,,,,,,,,,
,,,,,,,,,,,,,,"Indian Ocean","1",,,,,,,,,,
,,,,,,,,,,,,,,"Inter-decadal Variability","1",,,,,,,,,,
,,,,,,,,,,,,,,"Interdecadal Changes","1",,,,,,,,,,
,,,,,,,,,,,,,,"Intraseasonal Variation","1",,,,,,,,,,
,,,,,,,,,,,,,,"Jet Stream","1",,,,,,,,,,
,,,,,,,,,,,,,,"Junco Hyemalis","1",,,,,,,,,,
,,,,,,,,,,,,,,"Labrador","1",,,,,,,,,,
,,,,,,,,,,,,,,"Lake Pollution","1",,,,,,,,,,
,,,,,,,,,,,,,,"Lake Water","1",,,,,,,,,,
,,,,,,,,,,,,,,"Lakes","1",,,,,,,,,,
,,,,,,,,,,,,,,"Light Pollution","1",,,,,,,,,,
,,,,,,,,,,,,,,"Meridional Circulation","1",,,,,,,,,,
,,,,,,,,,,,,,,"Metal","1",,,,,,,,,,
,,,,,,,,,,,,,,"Microphone Array","1",,,,,,,,,,
,,,,,,,,,,,,,,"Monsoon","1",,,,,,,,,,
,,,,,,,,,,,,,,"Newfoundland And Labrador","1",,,,,,,,,,
,,,,,,,,,,,,,,"Nickel Compounds","1",,,,,,,,,,
,,,,,,,,,,,,,,"Noise Pollution","1",,,,,,,,,,
,,,,,,,,,,,,,,"North Atlantic Horsceshoe (NAH)","1",,,,,,,,,,
,,,,,,,,,,,,,,"North Atlantic Oscillation (NAO)","1",,,,,,,,,,
,,,,,,,,,,,,,,"North Atlantic Oscillations","1",,,,,,,,,,
,,,,,,,,,,,,,,"North Pacific","1",,,,,,,,,,
,,,,,,,,,,,,,,"Northwest Territories","1",,,,,,,,,,
,,,,,,,,,,,,,,"Numerical Experiments","1",,,,,,,,,,
,,,,,,,,,,,,,,"Nunavut","1",,,,,,,,,,
,,,,,,,,,,,,,,"Ocean Currents","1",,,,,,,,,,
,,,,,,,,,,,,,,"Oceanic Regions","1",,,,,,,,,,
,,,,,,,,,,,,,,"Oceanography","1",,,,,,,,,,
,,,,,,,,,,,,,,"Organization","1",,,,,,,,,,
,,,,,,,,,,,,,,"PAH","1",,,,,,,,,,
,,,,,,,,,,,,,,"Pacific Ocean (Central)","1",,,,,,,,,,
,,,,,,,,,,,,,,"Pacific Ocean (North)","1",,,,,,,,,,
,,,,,,,,,,,,,,"Pacific Ocean (West)","1",,,,,,,,,,
,,,,,,,,,,,,,,"Passeriformes","1",,,,,,,,,,
,,,,,,,,,,,,,,"Passerine","1",,,,,,,,,,
,,,,,,,,,,,,,,"Philippine Sea","1",,,,,,,,,,
,,,,,,,,,,,,,,"Polycyclic Aromatic Compound","1",,,,,,,,,,
,,,,,,,,,,,,,,"Polycyclic Aromatic Compounds","1",,,,,,,,,,
,,,,,,,,,,,,,,"Polycyclic Aromatic Hydrocarbon","1",,,,,,,,,,
,,,,,,,,,,,,,,"Polycyclic Aromatic Hydrocarbons","1",,,,,,,,,,
,,,,,,,,,,,,,,"Priority Journal","1",,,,,,,,,,
,,,,,,,,,,,,,,"Rainfall","1",,,,,,,,,,
,,,,,,,,,,,,,,"Regulus Calendula","1",,,,,,,,,,
,,,,,,,,,,,,,,"Roads And Streets","1",,,,,,,,,,
,,,,,,,,,,,,,,"Rossby Wave","1",,,,,,,,,,
,,,,,,,,,,,,,,"Sea Surface Temperature (SST)","1",,,,,,,,,,
,,,,,,,,,,,,,,"Sea Surface Temperatures","1",,,,,,,,,,
,,,,,,,,,,,,,,"Seasonal Prediction","1",,,,,,,,,,
,,,,,,,,,,,,,,"Sediment","1",,,,,,,,,,
,,,,,,,,,,,,,,"Sediments","1",,,,,,,,,,
,,,,,,,,,,,,,,"Snow","1",,,,,,,,,,
,,,,,,,,,,,,,,"Spatial Cognition","1",,,,,,,,,,
,,,,,,,,,,,,,,"Spatial Ecology","1",,,,,,,,,,
,,,,,,,,,,,,,,"Storm Track","1",,,,,,,,,,
,,,,,,,,,,,,,,"Subarctic Region","1",,,,,,,,,,
,,,,,,,,,,,,,,"Taiga","1",,,,,,,,,,
,,,,,,,,,,,,,,"Teleconnection","1",,,,,,,,,,
,,,,,,,,,,,,,,"Transportation","1",,,,,,,,,,
,,,,,,,,,,,,,,"Trucks","1",,,,,,,,,,
,,,,,,,,,,,,,,"Tundra","1",,,,,,,,,,
,,,,,,,,,,,,,,"Vehicle Emissions","1",,,,,,,,,,
,,,,,,,,,,,,,,"Vocalization","1",,,,,,,,,,
,,,,,,,,,,,,,,"Water Analysis","1",,,,,,,,,,
,,,,,,,,,,,,,,"Water Contamination","1",,,,,,,,,,
,,,,,,,,,,,,,,"Water Pollutant","1",,,,,,,,,,
,,,,,,,,,,,,,,"Water Pollution","1",,,,,,,,,,
,,,,,,,,,,,,,,"Water Quality","1",,,,,,,,,,
,,,,,,,,,,,,,,"Wildfire","1",,,,,,,,,,
,,,,,,,,,,,,,,"Winter","1",,,,,,,,,,
,,,,,,,,,,,,,,"World","1",,,,,,,,,,
,,,,,,,,,,,,,,"Yellowknife","1",,,,,,,,,,
,,,,,,,,,,,,,,"Zonotrichia Albicollis","1",,,,,,,,,,
,,,,,,,,,,,,,,,,,,,,,,,,,
,,,,,,,,,,,,,,,,,,,,,,,,,
,,,,,,,,,,,,,,,,,,,,,,,,,
,,,,,,,,,,,,,,,,,,,,,,,,,
,,,,,,,,,,,,,,,,,,,,,,,,,
,,,,,,,,,,,,,,,,,,,,,,,,,
,,,,,,,,,,,,,,,,,,,,,,,,,
,,,,,,,,,,,,,,,,,,,,,,,,,
,,,,,,,,,,,,,,,,,,,,,,,,,
,,,,,,,,,,,,,,,,,,,,,,,,,
,,,,,,,,,,,,,,,,,,,,,,,,,
,,,,,,,,,,,,,,,,,,,,,,,,,
,,,,,,,,,,,,,,,,,,,,,,,,,
,,,,,,,,,,,,,,,,,,,,,,,,,
,,,,,,,,,,,,,,,,,,,,,,,,,
