﻿Scopus refine results values

"Your query : ((TITLE-ABS-KEY((Boreal OR {James Bay} OR James-Bay OR {Clay Belt} OR {canadian shield}) AND (Canada OR Quebec OR Ontario OR newfoundland OR Alberta OR British-Columbia) ) AND PUBYEAR > 1999 AND PUBYEAR < 2020) AND (TITLE-ABS-KEY(Harvest* OR Logging OR Cut OR Clear-cut  OR Clearcut OR {Clear Cut}) AND PUBYEAR > 1999 AND PUBYEAR < 2020) AND (TITLE-ABS-KEY({tree composition} OR {tree species composition} OR {Stand composition} OR {tree assemblage} OR {tree species assemblage}  ) AND PUBYEAR > 1999 AND PUBYEAR < 2020))"


Number of results : 24

"ACCESS TYPE",,"YEAR",,"AUTHOR NAME",,"SUBJECT AREA",,"DOCUMENT TYPE",,"PUBLICATION STAGE",,"SOURCE TITLE",,"KEYWORD",,"AFFILIATION",,"FUNDING SPONSOR",,"COUNTRY",,"SOURCE TYPE",,"LANGUAGE",
"Open Access","3","2019","1","Bergeron, Y.","4","Agricultural and Biological Sciences","22","Article","22","final","24","Forest Ecology And Management","11","Canada","23","Canadian Forest Service","6","Natural Sciences and Engineering Research Council of Canada","6","Canada","21","Journals","24","English","24"
"Other","21","2018","1","Chen, H.Y.H.","3","Environmental Science","16","Conference Paper","1",,,"Canadian Journal Of Botany","1","Boreal Forest","20","Universite du Quebec en Abitibi-Temiscamingue","5","Fonds QuÃ©bÃ©cois de la Recherche sur la Nature et les Technologies","2","United States","5",,,,
,,"2017","1","Bartels, S.F.","2","Immunology and Microbiology","1","Review","1",,,"Canadian Journal Of Forest Research","1","Forestry","13","Lakehead University","4","Fonds de recherche du QuÃ©bec â Nature et technologies","2","Germany","2",,,,
,,"2016","1","Arseneault, D.","1","Social Sciences","1",,,,,"Ecology","1","Forest Management","10","University of Alberta","4","Canadian Forest Service","1","France","1",,,,
,,"2015","2","Auger, I.","1",,,,,,,"European Journal Of Forest Research","1","Reforestation","10","Le réseau de l'Université du Québec","3","Canadian Space Agency","1",,,,,,
,,"2014","4","Baker, J.A.","1",,,,,,,"Forestry","1","Coniferophyta","9","Université Laval","3","Human Resources and Skills Development Canada","1",,,,,,
,,"2013","1","Bokalo, M.","1",,,,,,,"Forestry Chronicle","1","Harvesting","9","Ontario Ministry of Natural Resources","2","Joint Fire Science Program","1",,,,,,
,,"2012","2","Bouchard, M.","1",,,,,,,"Global Ecology And Biogeography","1","Quebec [Canada]","9","University of Guelph","2","Luonnontieteiden ja Tekniikan Tutkimuksen Toimikunta","1",,,,,,
,,"2011","2","Boucher, D.","1",,,,,,,"Journal Of Vegetation Science","1","Regeneration","9","University of Toronto","2","MinistÃ¨re des ForÃªts, de la Faune et des Parcs","1",,,,,,
,,"2010","2","Boucher, Y.","1",,,,,,,"Landscape Ecology","1","Coniferous Forest","8","Ontario Forest Research Institute","2","MinistÃ¨re des Ressources Naturelles et de la Faune","1",,,,,,
,,"2008","1","Brais, S.","1",,,,,,,"New Forests","1","Disturbance","8","Natural Resources Canada","2","National Institute of Food and Agriculture","1",,,,,,
,,"2007","1","Brassard, B.","1",,,,,,,"Oikos","1","Populus Tremuloides","7","Université du Québec à Montréal","2","Natural Resources Canada","1",,,,,,
,,"2006","1","Brice, M.H.","1",,,,,,,"Soil Biology And Biochemistry","1","Clearcutting","6","Northern Forestry Centre","2","Ohio State University","1",,,,,,
,,"2005","1","Béland, M.","1",,,,,,,"Water Air And Soil Pollution","1","Ecology","6","Département des Sciences Biologiques","1","U.S. Department of Agriculture","1",,,,,,
,,"2004","1","Cadieux, P.","1",,,,,,,,,"Fires","6","Seney National Wildlife Refuge","1","U.S. Fish and Wildlife Service","1",,,,,,
,,"2000","2","Calmels, S.","1",,,,,,,,,"Picea Mariana","6","Ecl. Sup. d'Agriculture de Purpan","1","U.S. Geological Survey","1",,,,,,
,,,,"Cavard, X.","1",,,,,,,,,"Species Diversity","6","Environment Canada","1","University of Alberta","1",,,,,,
,,,,"Cazelles, K.","1",,,,,,,,,"Stand Structure","6","McGill University","1","University of Maine","1",,,,,,
,,,,"Chen, J.","1",,,,,,,,,"Biodiversity","5","Great Lakes Forestry Centre","1","Undefined","12",,,,,,
,,,,"Cimon-Morin, J.","1",,,,,,,,,"Community Composition","5","USDA Forest Service","1",,,,,,,,
,,,,"Colombo, S.J.","1",,,,,,,,,"Coniferous Tree","5","The Ohio State University","1",,,,,,,,
,,,,"Corace, R.G.","1",,,,,,,,,"Ecosystems","5","Université du Québec à Rimouski","1",,,,,,,,
,,,,"Dang, Q.L.","1",,,,,,,,,"Environmental Disturbance","5","Mount Saint Vincent University","1",,,,,,,,
,,,,"Darveau, M.","1",,,,,,,,,"North America","5","University of Maine","1",,,,,,,,
,,,,"Drapeau, P.","1",,,,,,,,,"Picea","5","University of Montreal","1",,,,,,,,
,,,,"Drobyshev, I.","1",,,,,,,,,"Abies","4","Universite de Moncton","1",,,,,,,,
,,,,"Drouin, P.","1",,,,,,,,,"Abies Balsamea","4","United States Geological Survey","1",,,,,,,,
,,,,"Dupuis, S.","1",,,,,,,,,"Community Structure","4","Ohio Agricultural Research and Development Center","1",,,,,,,,
,,,,"Elkie, P.C.","1",,,,,,,,,"Forest Fire","4","University of Winnipeg","1",,,,,,,,
,,,,"Fortin, M.J.","1",,,,,,,,,"Growth Rate","4","West Virginia University","1",,,,,,,,
,,,,"Fourrier, A.","1",,,,,,,,,"Logging","4","Université du Québec à Chicoutimi","1",,,,,,,,
,,,,"Fryxell, J.M.","1",,,,,,,,,"Mixed Forest","4","Universität Freiburg im Breisgau","1",,,,,,,,
,,,,"Gauthier, S.","1",,,,,,,,,"Ontario [Canada]","4","Clemson University","1",,,,,,,,
,,,,"Gendreau-Berthiaume, B.","1",,,,,,,,,"Picea Glauca","4","Conseil de recherches en sciences naturelles et en génie du Canada","1",,,,,,,,
,,,,"Goebel, P.C.","1",,,,,,,,,"Pinus Banksiana","4","Universität Göttingen","1",,,,,,,,
,,,,"Greene, D.F.","1",,,,,,,,,"Populus","4","Pacific Forestry Centre","1",,,,,,,,
,,,,"Grondin, P.","1",,,,,,,,,"Species Richness","4","Concordia University","1",,,,,,,,
,,,,"Gärtner, S.M.","1",,,,,,,,,"Sustainability","4","Ministère de l‘Energie et des Ressources naturelles du Québec","1",,,,,,,,
,,,,"Hannam, K.D.","1",,,,,,,,,"Alberta","3","Government of Alberta","1",,,,,,,,
,,,,"Harrison, D.J.","1",,,,,,,,,"Aves","3","Lallemand Animal Nutrition- North America","1",,,,,,,,
,,,,"Harvey, B.D.","1",,,,,,,,,"Betula Papyrifera","3",,,,,,,,,,
,,,,"Heath, L.S.","1",,,,,,,,,"Birds","3",,,,,,,,,,
,,,,"Hix, D.M.","1",,,,,,,,,"Boreal","3",,,,,,,,,,
,,,,"Ibarzabal, J.","1",,,,,,,,,"Dead Wood","3",,,,,,,,,,
,,,,"Kebli, H.","1",,,,,,,,,"Dominance","3",,,,,,,,,,
,,,,"Kemball, K.J.","1",,,,,,,,,"Fire","3",,,,,,,,,,
,,,,"Kernaghan, G.","1",,,,,,,,,"Forest","3",,,,,,,,,,
,,,,"Kishchuk, B.E.","1",,,,,,,,,"Forests","3",,,,,,,,,,
,,,,"Kneeshaw, D.D.","1",,,,,,,,,"Logging (forestry)","3",,,,,,,,,,
,,,,"Laganière, J.","1",,,,,,,,,"Old-growth Forest","3",,,,,,,,,,
,,,,"Langor, D.","1",,,,,,,,,"Plants","3",,,,,,,,,,
,,,,"Legendre, P.","1",,,,,,,,,"Silviculture","3",,,,,,,,,,
,,,,"Loftin, C.S.","1",,,,,,,,,"Soils","3",,,,,,,,,,
,,,,"MacLean, H.L.","1",,,,,,,,,"Stand Dynamics","3",,,,,,,,,,
,,,,"Macdonald, S.E.","1",,,,,,,,,"Succession","3",,,,,,,,,,
,,,,"Maher, S.C.","1",,,,,,,,,"Wildfire","3",,,,,,,,,,
,,,,"McKechnie, J.","1",,,,,,,,,"Abundance","2",,,,,,,,,,
,,,,"Noël, J.","1",,,,,,,,,"Anthropogenic Effect","2",,,,,,,,,,
,,,,"Paré, D.","1",,,,,,,,,"Avifauna","2",,,,,,,,,,
,,,,"Pothier, D.","1",,,,,,,,,"Balsam Fir","2",,,,,,,,,,
,,,,"Quideau, S.A.","1",,,,,,,,,"Bird","2",,,,,,,,,,
,,,,"Rolek, B.W.","1",,,,,,,,,"Black Spruce","2",,,,,,,,,,
,,,,"Rouillard, D.P.","1",,,,,,,,,"Boreal Forests","2",,,,,,,,,,
,,,,"Ruel, J.C.","1",,,,,,,,,"Carbon","2",,,,,,,,,,
,,,,"Savard, J.P.L.","1",,,,,,,,,"Choristoneura Fumiferana","2",,,,,,,,,,
,,,,"Schwendenmann, L.","1",,,,,,,,,"Clay Soil","2",,,,,,,,,,
,,,,"Semko-Duncan, M.E.","1",,,,,,,,,"Clear-cutting","2",,,,,,,,,,
,,,,"Shorthouse, D.P.","1",,,,,,,,,"Climate Change","2",,,,,,,,,,
,,,,"Sirois, L.","1",,,,,,,,,"Comparative Study","2",,,,,,,,,,
,,,,"Spence, J.R.","1",,,,,,,,,"Conservation Management","2",,,,,,,,,,
,,,,"Stadt, K.","1",,,,,,,,,"Deadwood","2",,,,,,,,,,
,,,,"Ter-Mikaelian, M.T.","1",,,,,,,,,"Debris","2",,,,,,,,,,
,,,,"Thompson, I.D.","1",,,,,,,,,"Deciduous Forest","2",,,,,,,,,,
,,,,"Tremblay, J.A.","1",,,,,,,,,"Diversity","2",,,,,,,,,,
,,,,"Volney, W.J.A.","1",,,,,,,,,"Fire History","2",,,,,,,,,,
,,,,"Wang, G.G.","1",,,,,,,,,"Fire Management","2",,,,,,,,,,
,,,,"White, J.C.","1",,,,,,,,,"Forest Canopy","2",,,,,,,,,,
,,,,"Wood, P.B.","1",,,,,,,,,"Forest Composition","2",,,,,,,,,,
,,,,"Work, T.T.","1",,,,,,,,,"Forest Ecosystem","2",,,,,,,,,,
,,,,"Wulder, M.A.","1",,,,,,,,,"Forest Fires","2",,,,,,,,,,
,,,,,,,,,,,,,,"Forest Floor","2",,,,,,,,,,
,,,,,,,,,,,,,,"Forest Inventory","2",,,,,,,,,,
,,,,,,,,,,,,,,"Habitat Fragmentation","2",,,,,,,,,,
,,,,,,,,,,,,,,"Height","2",,,,,,,,,,
,,,,,,,,,,,,,,"Heterogeneity","2",,,,,,,,,,
,,,,,,,,,,,,,,"Management","2",,,,,,,,,,
,,,,,,,,,,,,,,"Management Practice","2",,,,,,,,,,
,,,,,,,,,,,,,,"Mixedwood","2",,,,,,,,,,
,,,,,,,,,,,,,,"Mortality","2",,,,,,,,,,
,,,,,,,,,,,,,,"Ontario","2",,,,,,,,,,
,,,,,,,,,,,,,,"Plants (botany)","2",,,,,,,,,,
,,,,,,,,,,,,,,"Principal Component Analysis","2",,,,,,,,,,
,,,,,,,,,,,,,,"Quebec","2",,,,,,,,,,
,,,,,,,,,,,,,,"Reconstruction","2",,,,,,,,,,
,,,,,,,,,,,,,,"Sustainable Forest Management","2",,,,,,,,,,
,,,,,,,,,,,,,,"Timber","2",,,,,,,,,,
,,,,,,,,,,,,,,"Timber Harvesting","2",,,,,,,,,,
,,,,,,,,,,,,,,"Trembling Aspen","2",,,,,,,,,,
,,,,,,,,,,,,,,"United States","2",,,,,,,,,,
,,,,,,,,,,,,,,"Vegetation","2",,,,,,,,,,
,,,,,,,,,,,,,,"White Spruce","2",,,,,,,,,,
,,,,,,,,,,,,,,"Β-diversity","1",,,,,,,,,,
,,,,,,,,,,,,,,"ABS Resins","1",,,,,,,,,,
,,,,,,,,,,,,,,"Abies Amabilis","1",,,,,,,,,,
,,,,,,,,,,,,,,"Abundance Estimation","1",,,,,,,,,,
,,,,,,,,,,,,,,"Acadia","1",,,,,,,,,,
,,,,,,,,,,,,,,"Acadian Forest","1",,,,,,,,,,
,,,,,,,,,,,,,,"Accuracy Assessment","1",,,,,,,,,,
,,,,,,,,,,,,,,"Acer","1",,,,,,,,,,
,,,,,,,,,,,,,,"Acer Spp.","1",,,,,,,,,,
,,,,,,,,,,,,,,"Adaptation","1",,,,,,,,,,
,,,,,,,,,,,,,,"Aerial Photograph Interpretation","1",,,,,,,,,,
,,,,,,,,,,,,,,"Aerial Seedbank Species","1",,,,,,,,,,
,,,,,,,,,,,,,,"Age Class","1",,,,,,,,,,
,,,,,,,,,,,,,,"Among-site Heterogeneity","1",,,,,,,,,,
,,,,,,,,,,,,,,"Animalia","1",,,,,,,,,,
,,,,,,,,,,,,,,"Anthropogenic Impact","1",,,,,,,,,,
,,,,,,,,,,,,,,"Araneae","1",,,,,,,,,,
,,,,,,,,,,,,,,"Arthropod","1",,,,,,,,,,
,,,,,,,,,,,,,,"Arthropoda","1",,,,,,,,,,
,,,,,,,,,,,,,,"Article","1",,,,,,,,,,
,,,,,,,,,,,,,,"Aspen","1",,,,,,,,,,
,,,,,,,,,,,,,,"Assembly Rule","1",,,,,,,,,,
,,,,,,,,,,,,,,"Average Rate","1",,,,,,,,,,
,,,,,,,,,,,,,,"Avian Abundance","1",,,,,,,,,,
,,,,,,,,,,,,,,"Bas Saint Laurent","1",,,,,,,,,,
,,,,,,,,,,,,,,"Benchmarking","1",,,,,,,,,,
,,,,,,,,,,,,,,"Betula","1",,,,,,,,,,
,,,,,,,,,,,,,,"Betula Pendula","1",,,,,,,,,,
,,,,,,,,,,,,,,"Biodegradation","1",,,,,,,,,,
,,,,,,,,,,,,,,"Biome","1",,,,,,,,,,
,,,,,,,,,,,,,,"Black Spruce Boreal Forests","1",,,,,,,,,,
,,,,,,,,,,,,,,"Black-backed Woodpecker","1",,,,,,,,,,
,,,,,,,,,,,,,,"Boreal Forest Attributes","1",,,,,,,,,,
,,,,,,,,,,,,,,"Boreal Forest Disturbance Regimes","1",,,,,,,,,,
,,,,,,,,,,,,,,"Boreal Forest Zone","1",,,,,,,,,,
,,,,,,,,,,,,,,"Boreal Mixed Wood","1",,,,,,,,,,
,,,,,,,,,,,,,,"Boreal Mixedwood Forest","1",,,,,,,,,,
,,,,,,,,,,,,,,"Boreal Mixedwood Stand Dynamics","1",,,,,,,,,,
,,,,,,,,,,,,,,"Boreal Mixedwood Stands","1",,,,,,,,,,
,,,,,,,,,,,,,,"Boreal Riparian Plant Communities","1",,,,,,,,,,
,,,,,,,,,,,,,,"Breeding Site","1",,,,,,,,,,
,,,,,,,,,,,,,,"Bryophyta","1",,,,,,,,,,
,,,,,,,,,,,,,,"Calcium","1",,,,,,,,,,
,,,,,,,,,,,,,,"Canopy Dynamics","1",,,,,,,,,,
,,,,,,,,,,,,,,"Canopy Gaps","1",,,,,,,,,,
,,,,,,,,,,,,,,"Carbon Sequestration","1",,,,,,,,,,
,,,,,,,,,,,,,,"Carbon Storage","1",,,,,,,,,,
,,,,,,,,,,,,,,"Cation","1",,,,,,,,,,
,,,,,,,,,,,,,,"Cation Exchange Capacity","1",,,,,,,,,,
,,,,,,,,,,,,,,"Cavity Nesters","1",,,,,,,,,,
,,,,,,,,,,,,,,"Cavity-nesting Bird","1",,,,,,,,,,
,,,,,,,,,,,,,,"Cavity-nesting Birds","1",,,,,,,,,,
,,,,,,,,,,,,,,"Chemical Analysis","1",,,,,,,,,,
,,,,,,,,,,,,,,"Chemical Soil Properties","1",,,,,,,,,,
,,,,,,,,,,,,,,"Chronosequence","1",,,,,,,,,,
,,,,,,,,,,,,,,"Clay","1",,,,,,,,,,
,,,,,,,,,,,,,,"Clear Cutting","1",,,,,,,,,,
,,,,,,,,,,,,,,"Clearcut","1",,,,,,,,,,
,,,,,,,,,,,,,,"Climate Change Mitigation","1",,,,,,,,,,
