﻿Scopus refine results values

"Your query : ((TITLE-ABS-KEY((Boreal OR {James Bay} OR James-Bay OR {Clay Belt} OR {canadian shield}) AND (Canada OR Quebec OR Ontario OR newfoundland OR Alberta OR British-Columbia) ) AND PUBYEAR > 1999 AND PUBYEAR < 2020) AND (TITLE-ABS-KEY(Harvest* OR Logging OR Cut OR Clear-cut  OR Clearcut OR {Clear Cut}) AND PUBYEAR > 1999 AND PUBYEAR < 2020) AND (TITLE-ABS-KEY({Age structure}  OR  old-growth) AND PUBYEAR > 1999 AND PUBYEAR < 2020))"


Number of results : 90

"ACCESS TYPE",,"YEAR",,"AUTHOR NAME",,"SUBJECT AREA",,"DOCUMENT TYPE",,"PUBLICATION STAGE",,"SOURCE TITLE",,"KEYWORD",,"AFFILIATION",,"FUNDING SPONSOR",,"COUNTRY",,"SOURCE TYPE",,"LANGUAGE",
"Open Access","14","2018","3","Bergeron, Y.","16","Agricultural and Biological Sciences","77","Article","79","final","90","Canadian Journal Of Forest Research","15","Canada","78","Université Laval","31","Natural Sciences and Engineering Research Council of Canada","20","Canada","88","Journals","88","English","88"
"Other","76","2017","3","Gauthier, S.","13","Biochemistry, Genetics and Molecular Biology","3","Conference Paper","7",,,"Forest Ecology And Management","15","Boreal Forest","73","Canadian Forest Service","24","Fonds QuÃ©bÃ©cois de la Recherche sur la Nature et les Technologies","6","Germany","4","Books","1","French","2"
,,"2016","4","Raulier, F.","9","Decision Sciences","1","Review","3",,,"Forestry Chronicle","10","Forestry","52","Université du Québec à Montréal","21","Alberta Conservation Association","3","United States","3","Book Series","1",,
,,"2015","7","Fortin, D.","8","Earth and Planetary Sciences","1","Book Chapter","1",,,"Ecoscience","5","Harvesting","43","Natural Resources Canada","18","Canadian Forest Service","3","Argentina","1",,,,
,,"2014","3","Ruel, J.C.","7","Economics, Econometrics and Finance","3",,,,,"Forestry","4","Forest Management","41","Universite du Quebec en Abitibi-Temiscamingue","15","MinistÃ¨re des Ressources Naturelles et de la Faune","3","Australia","1",,,,
,,"2013","6","Leduc, A.","6","Environmental Science","60",,,,,"Forest Policy And Economics","3","Old-growth Forest","37","University of Alberta","11","Government of Canada","2","Finland","1",,,,
,,"2012","9","Fall, A.","5","Immunology and Microbiology","1",,,,,"Canadian Field Naturalist","2","Biodiversity","26","Ministère de l‘Energie et des Ressources naturelles du Québec","11","Institute at Brown for Environment and Society, Brown University","2","South Africa","1",,,,
,,"2011","9","Pothier, D.","5","Multidisciplinary","2",,,,,"Canadian Journal Of Zoology","2","Picea Mariana","26","University of Toronto","8","Institute for Biodiversity, Ecosystem Science, and Sustainability","2",,,,,,
,,"2010","4","Drapeau, P.","4","Social Sciences","6",,,,,"Ecological Applications","2","Ecosystems","25","Le réseau de l'Université du Québec","7","Luonnontieteiden ja Tekniikan Tutkimuksen Toimikunta","2",,,,,,
,,"2009","3","Fenton, N.J.","4",,,,,,,"Ecological Modelling","2","North America","25","Environment Canada","5","Natural Resources Canada","2",,,,,,
,,"2008","7","Fortin, M.J.","4",,,,,,,"Landscape Ecology","2","Quebec [Canada]","23","Simon Fraser University","5","UniversitÃ© Laval","2",,,,,,
,,"2007","5","Bouchard, M.","3",,,,,,,"Plos One","2","Boreal Forests","22","Université du Québec à Chicoutimi","5","Association pour la Recherche sur les Tumeurs de la Prostate","1",,,,,,
,,"2006","1","Boucher, Y.","3",,,,,,,"Silva Fennica","2","Fires","20","Université du Québec à Rimouski","4","Canada Economic Development for Quebec Regions","1",,,,,,
,,"2005","5","Bélanger, L.","3",,,,,,,"Ambio","1","Silviculture","19","The University of British Columbia","4","Canada Foundation for Innovation","1",,,,,,
,,"2004","5","Grondin, P.","3",,,,,,,"Biodiversity And Conservation","1","Clearcutting","18","Technische Universität Dresden","3","Environment and Climate Change Canada","1",,,,,,
,,"2003","5","Hagemann, U.","3",,,,,,,"Biological Conservation","1","Forest Fire","18","Conseil de recherches en sciences naturelles et en génie du Canada","3","Fisheries and Oceans Canada","1",,,,,,
,,"2002","5","Hannon, S.J.","3",,,,,,,"Botany","1","Coniferous Forest","14","Centre d'étude de la forêt, Montreal","3","Fonds Québécois de la Recherche sur la Nature et les Technologies","1",,,,,,
,,"2001","2","Harvey, B.D.","3",,,,,,,"Bulletin Of Entomological Research","1","Disturbance","14","University of Northern British Columbia","2","Fonds de recherche du QuÃ©bec â Nature et technologies","1",,,,,,
,,"2000","4","Hodson, J.","3",,,,,,,"Canadian Entomologist","1","Fire","14","University of Saskatchewan","2","Institute for Wetland and Waterfowl Research, Ducks Unlimited Canada","1",,,,,,
,,,,"Hébert, C.","3",,,,,,,"Canadian Journal Of Botany","1","Age Structure","13","Lakehead University","2","MinistÃ¨re de l'Ãcologie, du DÃ©veloppement Durable et de l'Ãnergie","1",,,,,,
,,,,"Ibarzabal, J.","3",,,,,,,"Canadian Journal Of Soil Science","1","Coniferophyta","13","Northern Forestry Centre","2","MinistÃ¨re des ForÃªts, de la Faune et des Parcs","1",,,,,,
,,,,"Kneeshaw, D.D.","3",,,,,,,"Condor","1","Picea","13","McGill University, Macdonald Campus","2","National Research Council Canada","1",,,,,,
,,,,"Lussier, J.M.","3",,,,,,,"Conservation Biology","1","Abies Balsamea","12","Ducks Unlimited Canada","2","Parks Canada","1",,,,,,
,,,,"Martell, D.L.","3",,,,,,,"Ecological Indicators","1","Forests","12","Soc. la Faune et des Parcs du Que.","1","University of Alberta","1",,,,,,
,,,,"Messier, C.","3",,,,,,,"Ecology","1","Logging (timber)","12","Treeline Ecological Research","1","UniversitÃ© du QuÃ©bec Ã  MontrÃ©al","1",,,,,,
,,,,"Moroni, M.T.","3",,,,,,,"Environmental Reviews","1","Timber","12","Terra Nova National Park","1","Undefined","59",,,,,,
,,,,"Tremblay, J.A.","3",,,,,,,"Forests","1","Stand Structure","11","Service Canadien des Forêts","1",,,,,,,,
,,,,"Anyomi, K.A.","2",,,,,,,"International Journal Of Remote Sensing","1","Aves","10","Département des Sciences Biologiques","1",,,,,,,,
,,,,"Azeria, E.T.","2",,,,,,,"Journal Of Biogeography","1","Ecology","10","Daishowa Marubeni International Ltd.","1",,,,,,,,
,,,,"Bernier, P.Y.","2",,,,,,,"Journal Of Environmental Management","1","Forest Fires","10","Ernst Environmental Services","1",,,,,,,,
,,,,"Boudreault, C.","2",,,,,,,"Journal Of Forest Research","1","Bryophyta","9","Gowlland Technologies Ltd.","1",,,,,,,,
,,,,"Boulanger, Y.","2",,,,,,,"Journal Of Wildlife Management","1","Ecosystem Management","9","Service canadien de la faune","1",,,,,,,,
,,,,"Cumming, S.G.","2",,,,,,,"Natural Areas Journal","1","Forest Ecosystem","9","NSERC Northern Research Chair","1",,,,,,,,
,,,,"Cyr, D.","2",,,,,,,"Soil Biology And Biochemistry","1","Logging","9","Bureau du Forestier en Chef","1",,,,,,,,
,,,,"Darveau, M.","2",,,,,,,"Studies In Avian Biology","1","Abundance","8","Aquila Conservation and Environmental Consulting","1",,,,,,,,
,,,,"Desrochers, A.","2",,,,,,,"Water Air And Soil Pollution","1","Coniferous Tree","8","Ecological Logistics and Research Ltd.","1",,,,,,,,
,,,,"Dhital, N.","2",,,,,,,"Woodlands Ecology Management And Conservation","1","Environmental Disturbance","8","Ministère des Forêts de la Faune et des Parcs","1",,,,,,,,
,,,,"Garet, J.","2",,,,,,,,,"Timber Harvesting","8","Ecology Centre","1",,,,,,,,
,,,,"Imbeau, L.","2",,,,,,,,,"Abies","7","McGill University","1",,,,,,,,
,,,,"Kneeshaw, D.","2",,,,,,,,,"Bird","7","Universidad Nacional de Tucuman UNT","1",,,,,,,,
,,,,"Lemaître, J.","2",,,,,,,,,"Community Composition","7","University of Montreal","1",,,,,,,,
,,,,"Makeschin, F.","2",,,,,,,,,"Conservation","7","Washington University in St. Louis","1",,,,,,,,
,,,,"Morin, H.","2",,,,,,,,,"Landscape","7","University of KwaZulu-Natal","1",,,,,,,,
,,,,"Ouellet, J.P.","2",,,,,,,,,"Quebec","7","Fisheries and Oceans Canada","1",,,,,,,,
,,,,"Rijal, B.","2",,,,,,,,,"Succession","7","Université de Sherbrooke","1",,,,,,,,
,,,,"Savard, J.P.L.","2",,,,,,,,,"Timber Supply","7","Oulun Yliopisto","1",,,,,,,,
,,,,"St-Laurent, M.H.","2",,,,,,,,,"Wildfire","7","Dalhousie University","1",,,,,,,,
,,,,"Tittler, R.","2",,,,,,,,,"Animals","6","University of New Brunswick","1",,,,,,,,
,,,,"Zhao, Q.","2",,,,,,,,,"Article","6","Alberta Research Council","1",,,,,,,,
,,,,"Archibald, D.J.","1",,,,,,,,,"Balsam Fir","6","Ontario Forest Research Institute","1",,,,,,,,
,,,,"Arsenault, A.","1",,,,,,,,,"Ecological Impact","6","Université du Québec en Outaouais","1",,,,,,,,
,,,,"Asselin, H.","1",,,,,,,,,"Forest Canopy","6","University of Central Florida","1",,,,,,,,
,,,,"Auger, I.","1",,,,,,,,,"Forestry Production","6","University of California, Berkeley","1",,,,,,,,
,,,,"Barker, T.","1",,,,,,,,,"Habitat Fragmentation","6","Universität Freiburg im Breisgau","1",,,,,,,,
,,,,"Bauce, E.","1",,,,,,,,,"Habitat Use","6","Trent University","1",,,,,,,,
,,,,"Bayne, E.M.","1",,,,,,,,,"Old-growth","6","Universität Göttingen","1",,,,,,,,
,,,,"Beaudoin, A.","1",,,,,,,,,"Picea Glauca","6","Pacific Forestry Centre","1",,,,,,,,
,,,,"Beguin, J.","1",,,,,,,,,"Populus Tremuloides","6","University of Wisconsin-Madison","1",,,,,,,,
,,,,"Belleau, A.","1",,,,,,,,,"Regeneration","6","Leibniz-Zentrum für Agrarlandschaftsforschung ZALF e. V.","1",,,,,,,,
,,,,"Berthiaume, R.","1",,,,,,,,,"Age Class","5","College of the North Atlantic","1",,,,,,,,
,,,,"Bertrand, N.","1",,,,,,,,,"Alberta","5","Alberta Conservation Association","1",,,,,,,,
,,,,"Bescond, H.","1",,,,,,,,,"Anthropogenic Effect","5","Alberta-Pacific Forest Industries Inc.","1",,,,,,,,
,,,,"Blanc, M.L.L.","1",,,,,,,,,"Birds","5","Bowater Canadian Forest Products Inc, Canada","1",,,,,,,,
,,,,"Bois, C.H.","1",,,,,,,,,"Black Spruce","5","Cultus Lake Salmon Research Laboratory, Fisheries and Oceans Canada","1",,,,,,,,
,,,,"Boucher, D.","1",,,,,,,,,"Experimental Study","5","Department of Environmental Science, Policy, and Management","1",,,,,,,,
,,,,"Boucher, J.","1",,,,,,,,,"Forest","5",,,,,,,,,,
,,,,"Boudreau, S.","1",,,,,,,,,"Hexapoda","5",,,,,,,,,,
,,,,"Bouthillier, L.","1",,,,,,,,,"Landscape Ecology","5",,,,,,,,,,
,,,,"Brodeur, J.","1",,,,,,,,,"Moss","5",,,,,,,,,,
,,,,"Brodeur, V.","1",,,,,,,,,"Natural Disturbance","5",,,,,,,,,,
,,,,"Brooks, D.","1",,,,,,,,,"Newfoundland And Labrador","5",,,,,,,,,,
,,,,"Buddle, C.M.","1",,,,,,,,,"Plants (botany)","5",,,,,,,,,,
,,,,"Bélanger, N.","1",,,,,,,,,"Stand Dynamics","5",,,,,,,,,,
,,,,"Bélisle, A.C.","1",,,,,,,,,"Sustainability","5",,,,,,,,,,
,,,,"Carleton, T.J.","1",,,,,,,,,"Sustainable Development","5",,,,,,,,,,
,,,,"Chen, J.","1",,,,,,,,,"Vegetation","5",,,,,,,,,,
,,,,"Clarke, B.","1",,,,,,,,,"Western Hemisphere","5",,,,,,,,,,
,,,,"Claveau, Y.","1",,,,,,,,,"World","5",,,,,,,,,,
,,,,"Colombo, S.J.","1",,,,,,,,,"Betula Papyrifera","4",,,,,,,,,,
,,,,"Cooke, H.A.","1",,,,,,,,,"Choristoneura Fumiferana","4",,,,,,,,,,
,,,,"Courbin, N.","1",,,,,,,,,"Climate Change","4",,,,,,,,,,
,,,,"Courtois, R.","1",,,,,,,,,"Community Structure","4",,,,,,,,,,
,,,,"Couturier, S.","1",,,,,,,,,"Conservation Management","4",,,,,,,,,,
,,,,"Coxson, D.","1",,,,,,,,,"Ecosystem","4",,,,,,,,,,
,,,,"Côté, P.","1",,,,,,,,,"Environmental Impact","4",,,,,,,,,,
,,,,"De Grandpré, L.","1",,,,,,,,,"Forest Dynamics","4",,,,,,,,,,
,,,,"DeGrandpré, L.","1",,,,,,,,,"Fragmentation","4",,,,,,,,,,
,,,,"Deans, A.M.","1",,,,,,,,,"Growth","4",,,,,,,,,,
,,,,"Deshaies, D.","1",,,,,,,,,"Growth Kinetics","4",,,,,,,,,,
,,,,"Desponts, M.","1",,,,,,,,,"Habitat Selection","4",,,,,,,,,,
,,,,"Didion, M.","1",,,,,,,,,"Lepus","4",,,,,,,,,,
,,,,"Dussault, C.","1",,,,,,,,,"Lepus Americanus","4",,,,,,,,,,
,,,,"Earle, E.","1",,,,,,,,,"Logging (forestry)","4",,,,,,,,,,
,,,,"Ernst, J.","1",,,,,,,,,"Ontario [Canada]","4",,,,,,,,,,
,,,,"Ferguson, S.H.","1",,,,,,,,,"Picoides Arcticus","4",,,,,,,,,,
,,,,"Franklin, S.E.","1",,,,,,,,,"Population Dynamics","4",,,,,,,,,,
,,,,"Fredeen, A.L.","1",,,,,,,,,"Reforestation","4",,,,,,,,,,
,,,,"Fuchs, S.A.","1",,,,,,,,,"Risk Assessment","4",,,,,,,,,,
,,,,"Gendreau-Berthiaume, B.","1",,,,,,,,,"Simulation","4",,,,,,,,,,
,,,,"Genet, A.","1",,,,,,,,,"Soils","4",,,,,,,,,,
,,,,"Girardin, M.","1",,,,,,,,,"Spatiotemporal Analysis","4",,,,,,,,,,
,,,,"Gleißner, J.","1",,,,,,,,,"Species Conservation","4",,,,,,,,,,
,,,,"Godbout, G.","1",,,,,,,,,"Species Richness","4",,,,,,,,,,
,,,,"Gosse, J.W.","1",,,,,,,,,"Sustainable Forest Management","4",,,,,,,,,,
,,,,"Grenier, D.J.","1",,,,,,,,,"Trees","4",,,,,,,,,,
,,,,"Guindon, L.","1",,,,,,,,,"Woody Debris","4",,,,,,,,,,
,,,,"Gunn, E.A.","1",,,,,,,,,"Animal","3",,,,,,,,,,
,,,,"Guo, X.G.","1",,,,,,,,,"Animalia","3",,,,,,,,,,
,,,,"Haché, S.","1",,,,,,,,,"Avifauna","3",,,,,,,,,,
,,,,"Hammond, H.E.J.","1",,,,,,,,,"Biomass","3",,,,,,,,,,
,,,,"Harper, K.","1",,,,,,,,,"Carbon","3",,,,,,,,,,
,,,,"Hendershot, W.H.","1",,,,,,,,,"Chronosequence","3",,,,,,,,,,
,,,,"Hinch, S.G.","1",,,,,,,,,"Climatology","3",,,,,,,,,,
,,,,"Hoyt, J.S.","1",,,,,,,,,"Community Response","3",,,,,,,,,,
,,,,"Hunt, A.R.","1",,,,,,,,,"Computer Simulation","3",,,,,,,,,,
,,,,"Huot, J.","1",,,,,,,,,"Cutting","3",,,,,,,,,,
,,,,"Innes, J.","1",,,,,,,,,"Dead Wood","3",,,,,,,,,,
,,,,"Janzen, D.T.","1",,,,,,,,,"Deciduous Forest","3",,,,,,,,,,
,,,,"Jastrebski, C.","1",,,,,,,,,"Decomposition","3",,,,,,,,,,
,,,,"Kant, S.","1",,,,,,,,,"Deforestation","3",,,,,,,,,,
,,,,"Khajuria, R.P.","1",,,,,,,,,"Dominance","3",,,,,,,,,,
,,,,"Kirk, D.A.","1",,,,,,,,,"Economic Analysis","3",,,,,,,,,,
,,,,"Krawchuk, M.A.","1",,,,,,,,,"Endangered Species","3",,,,,,,,,,
,,,,"Krcmar, E.","1",,,,,,,,,"Fire Behavior","3",,,,,,,,,,
,,,,"Laaksonen-Craig, S.","1",,,,,,,,,"Fire Hazards","3",,,,,,,,,,
,,,,"Landhäusser, S.M.","1",,,,,,,,,"Fire History","3",,,,,,,,,,
,,,,"Langor, D.W.","1",,,,,,,,,"Forest Age","3",,,,,,,,,,
,,,,"Lapointe, M.A.","1",,,,,,,,,"Forest Inventory","3",,,,,,,,,,
,,,,"Lavigne, D.","1",,,,,,,,,"Forest Management Units","3",,,,,,,,,,
,,,,"Le Blanc, M.L.","1",,,,,,,,,"Fungi","3",,,,,,,,,,
,,,,"LeBel, L.","1",,,,,,,,,"Habitat Conservation","3",,,,,,,,,,
,,,,"LeBlanc, M.L.","1",,,,,,,,,"Heterogeneity","3",,,,,,,,,,
,,,,"LeBlanc, R.","1",,,,,,,,,"Historical Ecology","3",,,,,,,,,,
,,,,"Lee, P.","1",,,,,,,,,"Home Range","3",,,,,,,,,,
,,,,"Lieffers, V.J.","1",,,,,,,,,"Insect","3",,,,,,,,,,
,,,,"Légaré, J.P.","1",,,,,,,,,"Labrador","3",,,,,,,,,,
,,,,"MacDonald, J.D.","1",,,,,,,,,"Lagomorph","3",,,,,,,,,,
,,,,"Maclean, H.L.","1",,,,,,,,,"Lambdina Fiscellaria","3",,,,,,,,,,
,,,,"Malcolm, J.R.","1",,,,,,,,,"Land Use","3",,,,,,,,,,
,,,,"Mann, I.K.","1",,,,,,,,,"Management","3",,,,,,,,,,
,,,,"Mansuy, N.","1",,,,,,,,,"Management Practice","3",,,,,,,,,,
,,,,"Mathey, A.H.","1",,,,,,,,,"Multivariate Analysis","3",,,,,,,,,,
,,,,"McCarthy, J.W.","1",,,,,,,,,"Natural Disturbances","3",,,,,,,,,,
,,,,"McIntire, E.J.B.","1",,,,,,,,,"Newfoundland","3",,,,,,,,,,
,,,,"Mckechnie, J.","1",,,,,,,,,"Numerical Model","3",,,,,,,,,,
,,,,"Mellina, E.","1",,,,,,,,,"Old Growth","3",,,,,,,,,,
,,,,"Mitchell, S.J.","1",,,,,,,,,"Old-growth Stands","3",,,,,,,,,,
,,,,"Montevecchi, W.A.","1",,,,,,,,,"Ontario","3",,,,,,,,,,
,,,,"Moore, T.Y.","1",,,,,,,,,"Partial Cutting","3",,,,,,,,,,
,,,,"Morneau, C.","1",,,,,,,,,"Picidae","3",,,,,,,,,,
,,,,"Murray, D.L.","1",,,,,,,,,"Populus","3",,,,,,,,,,
,,,,"Mönkkönen, M.","1",,,,,,,,,"Rangifer Tarandus","3",,,,,,,,,,
,,,,"Norton, M.","1",,,,,,,,,"Rangifer Tarandus Caribou","3",,,,,,,,,,
,,,,"Ouzennou, H.","1",,,,,,,,,"Reconstruction","3",,,,,,,,,,
,,,,"Paradis, S.","1",,,,,,,,,"Relative Abundance","3",,,,,,,,,,
,,,,"Parent, S.","1",,,,,,,,,"Selection Cutting","3",,,,,,,,,,
,,,,"Paré, D.","1",,,,,,,,,"Selective Logging","3",,,,,,,,,,
,,,,"Payette, S.","1",,,,,,,,,"Snag","3",,,,,,,,,,
,,,,"Pitre, N.","1",,,,,,,,,"Sustainable Forestry","3",,,,,,,,,,
,,,,"Potvin, F.","1",,,,,,,,,"Taiga","3",,,,,,,,,,
