﻿Scopus refine results values

"Your query : ((TITLE-ABS-KEY((Boreal OR {James Bay} OR James-Bay OR {Clay Belt} OR {canadian shield}) AND (Canada OR Quebec OR Ontario OR newfoundland OR Alberta OR British-Columbia) ) AND PUBYEAR > 1999 AND PUBYEAR < 2020) AND (TITLE-ABS-KEY(Silvicultur* OR Intensive OR {Site preparation}   OR Plantation OR   {Tree planting}) AND PUBYEAR > 1999 AND PUBYEAR < 2020) AND (TITLE-ABS-KEY((species AND diversity) OR biodiversity)))"


Number of results : 109

"ACCESS TYPE",,"YEAR",,"AUTHOR NAME",,"SUBJECT AREA",,"DOCUMENT TYPE",,"PUBLICATION STAGE",,"SOURCE TITLE",,"KEYWORD",,"AFFILIATION",,"FUNDING SPONSOR",,"COUNTRY",,"SOURCE TYPE",,"LANGUAGE",
"Open Access","17","2019","7","Bergeron, Y.","13","Agricultural and Biological Sciences","98","Article","89","final","109","Forest Ecology And Management","24","Canada","90","Canadian Forest Service","31","Natural Sciences and Engineering Research Council of Canada","29","Canada","109","Journals","106","English","105"
"Other","92","2018","8","Gauthier, S.","7","Biochemistry, Genetics and Molecular Biology","4","Conference Paper","8",,,"Forestry Chronicle","20","Biodiversity","81","Université du Québec à Montréal","23","Fonds QuÃ©bÃ©cois de la Recherche sur la Nature et les Technologies","8","United States","4","Books","3","French","4"
,,"2017","3","Leduc, A.","6","Decision Sciences","2","Review","8",,,"Canadian Journal Of Forest Research","13","Boreal Forest","77","Universite du Quebec en Abitibi-Temiscamingue","17","Ministry of Natural Resources","4","France","3",,,"Spanish","1"
,,"2016","3","Bell, F.W.","5","Earth and Planetary Sciences","1","Book Chapter","3",,,"Silva Fennica","5","Forestry","65","Université Laval","14","Natural Resources Canada","3","China","2",,,,
,,"2015","1","Ruel, J.C.","5","Economics, Econometrics and Finance","1","Short Survey","1",,,"Forests","4","Forest Management","48","Ontario Ministry of Natural Resources","13","Office of Energy Research and Development","3","Finland","2",,,,
,,"2014","4","Bedford, L.","4","Environmental Science","67",,,,,"Ecoscience","3","Silviculture","48","Natural Resources Canada","13","Alberta Conservation Association","2","Switzerland","2",,,,
,,"2013","10","Brais, S.","4","Immunology and Microbiology","1",,,,,"Biodiversity And Conservation","2","Harvesting","40","University of Alberta","13","Association pour la Recherche sur les Tumeurs de la Prostate","2","Australia","1",,,,
,,"2012","5","Bélanger, L.","4","Multidisciplinary","1",,,,,"Canadian Entomologist","2","Ecosystems","37","Great Lakes Forestry Centre","10","Research and Development","2","Germany","1",,,,
,,"2011","10","Haeussler, S.","4","Social Sciences","1",,,,,"Canadian Journal Of Botany","2","North America","33","Ministry of Forests and Range","10","Alberta Agriculture and Forestry","1","Netherlands","1",,,,
,,"2010","3","Harvey, B.D.","4",,,,,,,"Ecological Indicators","2","Picea","24","Ontario Forest Research Institute","8","Alberta Biodiversity Monitoring Institute","1","Spain","1",,,,
,,"2009","4","Macdonald, S.E.","4",,,,,,,"Forestry","2","Species Diversity","24","University of Northern British Columbia","7","Alberta Environment and Parks","1","Sweden","1",,,,
,,"2008","6","Messier, C.","4",,,,,,,"Journal Of Applied Ecology","2","Coniferophyta","23","Ministère de l‘Energie et des Ressources naturelles du Québec","7","Alberta Innovates","1",,,,,,
,,"2007","8","Thiffault, N.","4",,,,,,,"BMC Ecology","1","Boreal Forests","18","The University of British Columbia","6","Bayerische Forschungsallianz","1",,,,,,
,,"2006","5","Thompson, I.D.","4",,,,,,,"Biological Conservation","1","Forests","18","University of Guelph","6","Canada Foundation for Innovation","1",,,,,,
,,"2005","4","Venier, L.","4",,,,,,,"Biology Of Rove Beetles Staphylinidae Life History Evolution Ecology And Distribution","1","Picea Glauca","18","Lakehead University","5","Canadian Forest Service","1",,,,,,
,,"2004","8","Buddle, C.M.","3",,,,,,,"Botany","1","Picea Mariana","17","Environment Canada","4","Fonds Québécois de la Recherche sur la Nature et les Technologies","1",,,,,,
,,"2003","4","Comeau, P.G.","3",,,,,,,"Bryologist","1","Pinus Banksiana","17","Le réseau de l'Université du Québec","4","Government of Alberta","1",,,,,,
,,"2002","11","Dacosta, J.","3",,,,,,,"Canadian Journal Of Zoology","1","Quebec [Canada]","17","University of Toronto","4","Institute of Infection and Immunity","1",,,,,,
,,"2001","2","Drapeau, P.","3",,,,,,,"Community Ecology","1","Regeneration","17","University of Calgary","3","Lakehead University","1",,,,,,
,,"2000","3","Fortin, D.","3",,,,,,,"Condor","1","Stand Structure","17","Conseil de recherches en sciences naturelles et en génie du Canada","3","Luonnontieteiden ja Tekniikan Tutkimuksen Toimikunta","1",,,,,,
,,,,"Groot, A.","3",,,,,,,"Conservation Biology","1","Disturbance","16","Applied Mammal Research Institute","3","Ministry of Forests, Lands and Natural Resource Operations","1",,,,,,
,,,,"Handa, I.T.","3",,,,,,,"Crop Protection","1","Species Richness","16","Centre d'étude de la forêt, Montreal","3","Ministère des Ressources Naturelles et de la Faune","1",,,,,,
,,,,"Hébert, C.","3",,,,,,,"Ecological Applications","1","Soils","15","Royal Alberta Museum","2","Mitacs","1",,,,,,
,,,,"Newmaster, S.G.","3",,,,,,,"Ecological Economics","1","Community Composition","14","McGill University","2","Ontario Ministry of Natural Resources and Forestry","1",,,,,,
,,,,"Rousseau, L.","3",,,,,,,"Ecological Modelling","1","Coniferous Tree","14","Université du Québec à Rimouski","2","Parks Canada","1",,,,,,
,,,,"Sharma, M.","3",,,,,,,"Ecosphere","1","Mixed Forest","14","CNRS Centre National de la Recherche Scientifique","2","Sustainable Forestry Initiative","1",,,,,,
,,,,"Sullivan, D.S.","3",,,,,,,"Environmental Reviews","1","Ontario [Canada]","14","Eidgenössische Forschungsanstalt fur Wald, Schnee Und Landschaft Eth-Bereichs","2","University of Alberta","1",,,,,,
,,,,"Sullivan, T.P.","3",,,,,,,"Erdkunde","1","Plantation","14","University of Saskatchewan","2","University of New Brunswick","1",,,,,,
,,,,"Aubin, I.","2",,,,,,,"Journal Of Environmental Management","1","Reforestation","14","Université du Québec en Outaouais","2","University of Northern British Columbia","1",,,,,,
,,,,"Baker, J.A.","2",,,,,,,"Journal Of Forest Science","1","Vegetation","14","McGill University, Macdonald Campus","2","University of Waterloo","1",,,,,,
,,,,"Boateng, J.O.","2",,,,,,,"New Forests","1","Alberta","13","Treeline Ecological Research","1","UniversitÃ© du QuÃ©bec Ã  Rimouski","1",,,,,,
,,,,"Bouchard, M.","2",,,,,,,"Plant Biosystems","1","Ecology","13","Yukon College","1","Weyerhaeuser Company","1",,,,,,
,,,,"Boutin, S.","2",,,,,,,"Plantations Biodiversity Carbon Sequestration And Restoration","1","Understory","13","J. Heineman Forestry Consulting","1","Wildlife Conservation Society","1",,,,,,
,,,,"Dhar, A.","2",,,,,,,"Plos One","1","Coniferous Forest","12","Skeena Forestry Consultants","1","Undefined","68",,,,,,
,,,,"Déchêne, A.D.","2",,,,,,,"Scandinavian Journal Of Forest Research","1","Sustainable Development","12","Skeena Forestry Consultants","1",,,,,,,,
,,,,"Fenton, N.J.","2",,,,,,,"Science Of The Total Environment","1","Abies Balsamea","11","Prairie and Northern Wildlife Research Centre","1",,,,,,,,
,,,,"Fleming, R.","2",,,,,,,"Soil Biology And Biochemistry","1","Ecosystem Management","11","Canadian National Collection of Insects","1",,,,,,,,
,,,,"Grover, G.","2",,,,,,,"Tree Genetics And Genomes","1","Clearcutting","10","Gentian Botanical Research","1",,,,,,,,
,,,,"Hawkins, C.D.B.","2",,,,,,,"Western Journal Of Applied Forestry","1","Fires","10","Forestry Corp.","1",,,,,,,,
,,,,"Hazlett, P.","2",,,,,,,"Woodlands Ecology Management And Conservation","1","Plant Community","10","Policy Research Initiative Human Resources and Social Development Canada","1",,,,,,,,
,,,,"Hunt, S.","2",,,,,,,,,"Stand Dynamics","10","Centre d’étude de la forêt","1",,,,,,,,
,,,,"Jastrebski, C.","2",,,,,,,,,"British Columbia","9","Centre Canadien Sur la Fibre de Bois","1",,,,,,,,
,,,,"Jobidon, R.","2",,,,,,,,,"Community Structure","9","Centre d'études nordiques","1",,,,,,,,
,,,,"Klimaszewski, J.","2",,,,,,,,,"Logging (timber)","9","Centre d'enseignement et de recherche en foresterie CERFO","1",,,,,,,,
,,,,"Kneeshaw, D.D.","2",,,,,,,,,"Mammalia","9","Centre d’étude de la forêt CEF","1",,,,,,,,
,,,,"Lindgren, B.S.","2",,,,,,,,,"Plants","9","FORREX Forum for Research and Extension in Natural Resources","1",,,,,,,,
,,,,"Légaré, J.P.","2",,,,,,,,,"Populus Tremuloides","9","Millar Western Forest Products Ltd.","1",,,,,,,,
,,,,"Malcolm, J.R.","2",,,,,,,,,"Abies","8","Northern Bioscience Ecological Consulting","1",,,,,,,,
,,,,"McClarnon, J.","2",,,,,,,,,"Abundance","8","Yukon Research Centre","1",,,,,,,,
,,,,"McLaren, B.E.","2",,,,,,,,,"Animals","8","Fiducie de recherche sur la forêt des Cantons-de-l'Est/Eastern Townships Forest Research Trust","1",,,,,,,,
,,,,"Morris, D.","2",,,,,,,,,"Climate Change","8","Millennium EMS Solution Ltd.","1",,,,,,,,
,,,,"Paré, D.","2",,,,,,,,,"Growth","8","Aquila Conservation and Environmental Consulting","1",,,,,,,,
,,,,"Pinna, S.","2",,,,,,,,,"Site Preparation","8","Ecological Logistics and Research Ltd.","1",,,,,,,,
,,,,"Pothier, D.","2",,,,,,,,,"Temperate Forest","8","Ministère des Forêts de la Faune et des Parcs","1",,,,,,,,
,,,,"Raulier, F.","2",,,,,,,,,"White Spruce","8","Corridor appalachien","1",,,,,,,,
,,,,"Rogers, B.J.","2",,,,,,,,,"Aves","7","Institut Canadien de Recherches en Génie Forestier FERIC","1",,,,,,,,
,,,,"Savard, J.P.L.","2",,,,,,,,,"Bryophyta","7","FFujian Normal University","1",,,,,,,,
,,,,"Sirois, L.","2",,,,,,,,,"Conservation","7","Lapin Yliopisto","1",,,,,,,,
,,,,"Spence, J.R.","2",,,,,,,,,"Fire","7","Universidad de Castilla-La Mancha","1",,,,,,,,
,,,,"Strong, W.L.","2",,,,,,,,,"Forest Ecosystem","7","Helsingin Yliopisto","1",,,,,,,,
,,,,"Tremblay, F.","2",,,,,,,,,"Herbicide","7","Wageningen University and Research Centre","1",,,,,,,,
,,,,"Work, T.T.","2",,,,,,,,,"Insecta","7","Mount Saint Vincent University","1",,,,,,,,
,,,,"Adamowicz, S.J.","1",,,,,,,,,"Mammals","7","Museé canadien de la nature","1",,,,,,,,
,,,,"Adamowicz, W.L.","1",,,,,,,,,"Old-growth Forest","7","Alberta Agriculture and Rural Development","1",,,,,,,,
,,,,"Alvarez, P.E.","1",,,,,,,,,"Plants (botany)","7","The University of Adelaide","1",,,,,,,,
,,,,"Anand, M.","1",,,,,,,,,"Succession","7","University of Manitoba","1",,,,,,,,
,,,,"Anyomi, K.A.","1",,,,,,,,,"Sustainable Forestry","7","Western University","1",,,,,,,,
,,,,"Archambault, L.","1",,,,,,,,,"Beetle","6","Université de Sherbrooke","1",,,,,,,,
,,,,"Archibald, D.J.","1",,,,,,,,,"Biomass","6","Laurentian University","1",,,,,,,,
,,,,"Arseneault, D.","1",,,,,,,,,"Coleoptera","6","South Australian Research and Development Institute","1",,,,,,,,
,,,,"Aubry, Y.","1",,,,,,,,,"Ecological Impact","6","University of Waterloo","1",,,,,,,,
,,,,"Azeria, E.T.","1",,,,,,,,,"Environmental Disturbance","6","University of New Brunswick","1",,,,,,,,
,,,,"Baldwin, K.A.","1",,,,,,,,,"Herbicides","6","University of Winnipeg","1",,,,,,,,
,,,,"Bartels, S.F.","1",,,,,,,,,"Logging","6","Carleton University","1",,,,,,,,
,,,,"Bartemucci, P.","1",,,,,,,,,"Mortality","6","Geological Survey of Canada","1",,,,,,,,
,,,,"Bayne, E.","1",,,,,,,,,"Oribatida","6","Simon Fraser University","1",,,,,,,,
,,,,"Berg, K.","1",,,,,,,,,"Pinus Contorta","6","Memorial University of Newfoundland","1",,,,,,,,
,,,,"Blanco, J.A.","1",,,,,,,,,"Plantation Forestry","6","Chinese Academy of Sciences","1",,,,,,,,
,,,,"Boan, J.J.","1",,,,,,,,,"Populus","6","Technical University of Munich","1",,,,,,,,
,,,,"Bose, A.K.","1",,,,,,,,,"Quebec","6","Agriculture et Agroalimentaire Canada","1",,,,,,,,
,,,,"Boucher, Y.","1",,,,,,,,,"Seed","6","Centre INRAE Bretagne-Normandie","1",,,,,,,,
,,,,"Bouthillier, L.","1",,,,,,,,,"Sustainability","6","Portland State University","1",,,,,,,,
,,,,"Boyle, E.E.","1",,,,,,,,,"Wood","6","Sveriges lantbruksuniversitet","1",,,,,,,,
,,,,"Bradley, R.L.","1",,,,,,,,,"Woody Debris","6","Museum National d'Histoire Naturelle","1",,,,,,,,
,,,,"Bradshaw, C.J.A.","1",,,,,,,,,"Article","5","University of Regina","1",,,,,,,,
,,,,"Brockley, R.","1",,,,,,,,,"Boreal Mixedwoods","5","Northern Forestry Centre","1",,,,,,,,
,,,,"Brunet, G.","1",,,,,,,,,"Deciduous Forest","5","Pacific Forestry Centre","1",,,,,,,,
,,,,"Brunke, A.J.","1",,,,,,,,,"Ecosystem Function","5","University of Wisconsin-Madison","1",,,,,,,,
,,,,"Burton, P.J.","1",,,,,,,,,"Ecosystem-based Management","5","Concordia University","1",,,,,,,,
,,,,"Calogeropoulos, C.","1",,,,,,,,,"Forest Floor","5","Centre d'Ecologie Fonctionnelle et Evolutive","1",,,,,,,,
,,,,"Campbell, C.","1",,,,,,,,,"Hardwoods","5","Government of Alberta","1",,,,,,,,
,,,,"Campbell, I.D.","1",,,,,,,,,"Land Use","5","Government of British Columbia","1",,,,,,,,
,,,,"Caners, R.T.","1",,,,,,,,,"Natural Disturbance","5","Ministére du Développement durable, de l'Environnement et des Parcs","1",,,,,,,,
,,,,"Cardinal, E.","1",,,,,,,,,"Plantations","5","Parks Canada","1",,,,,,,,
,,,,"Carpenter, C.","1",,,,,,,,,"Productivity","5","Alberta-Pacific Forest Industries Inc.","1",,,,,,,,
,,,,"Chalifour, D.","1",,,,,,,,,"Sustainable Forest Management","5","Arktinen keskus, Rovaniemi","1",,,,,,,,
,,,,"Charette, L.","1",,,,,,,,,"Tracheophyta","5","Bowater Canadian Forest Products Inc, Canada","1",,,,,,,,
,,,,"Chen, H.Y.H.","1",,,,,,,,,"Agriculture","4","Écosystèmes, Biodiversité, Évolution","1",,,,,,,,
,,,,"Chen, S.","1",,,,,,,,,"Amphibia","4","Wissenschaftszentrum Weihenstephan für Ernährung, Landnutzung und Umwelt","1",,,,,,,,
,,,,"Clergeau, P.","1",,,,,,,,,"Animalia","4",,,,,,,,,,
,,,,"Coates, K.D.","1",,,,,,,,,"Araneae","4",,,,,,,,,,
,,,,"Cobb, T.P.","1",,,,,,,,,"Aspen","4",,,,,,,,,,
,,,,"Cobbaert, D.","1",,,,,,,,,"Birds","4",,,,,,,,,,
,,,,"Corbett, D.","1",,,,,,,,,"Carbon","4",,,,,,,,,,
,,,,"Cormier, D.","1",,,,,,,,,"Climatology","4",,,,,,,,,,
,,,,"Cortini, F.","1",,,,,,,,,"Competition (ecology)","4",,,,,,,,,,
,,,,"Courbin, N.","1",,,,,,,,,"Deciduous Tree","4",,,,,,,,,,
,,,,"Couturier, S.","1",,,,,,,,,"Dominance","4",,,,,,,,,,
,,,,"Cyr, G.","1",,,,,,,,,"Environmental Change","4",,,,,,,,,,
,,,,"Côté, M.","1",,,,,,,,,"Environmental Impact","4",,,,,,,,,,
,,,,"Côét, S.D.","1",,,,,,,,,"Forest Cover","4",,,,,,,,,,
,,,,"Dampier, J.E.E.","1",,,,,,,,,"Forest Product","4",,,,,,,,,,
,,,,"De Grandpré, L.","1",,,,,,,,,"Fungi","4",,,,,,,,,,
,,,,"DeGroot, J.","1",,,,,,,,,"Hexapoda","4",,,,,,,,,,
,,,,"DesRochers, A.","1",,,,,,,,,"Invertebrata","4",,,,,,,,,,
,,,,"Desponts, M.","1",,,,,,,,,"Lodgepole Pine","4",,,,,,,,,,
,,,,"Desrochers, A.","1",,,,,,,,,"Logging (forestry)","4",,,,,,,,,,
,,,,"Doucet, R.","1",,,,,,,,,"Management Practice","4",,,,,,,,,,
,,,,"Drouin, P.","1",,,,,,,,,"Mechanical Site Preparation","4",,,,,,,,,,
,,,,"Dussault, C.","1",,,,,,,,,"Ontario","4",,,,,,,,,,
,,,,"Dymond, C.C.","1",,,,,,,,,"Plant Diversity","4",,,,,,,,,,
,,,,"Eaton, B.R.","1",,,,,,,,,"Population Dynamics","4",,,,,,,,,,
,,,,"Elkin, C.M.","1",,,,,,,,,"Relative Abundance","4",,,,,,,,,,
,,,,"Emslie, K.","1",,,,,,,,,"Shrub","4",,,,,,,,,,
,,,,"Fahrig, L.","1",,,,,,,,,"Silvicultural Treatments","4",,,,,,,,,,
,,,,"Fall, A.","1",,,,,,,,,"Soil","4",,,,,,,,,,
,,,,"Fast, W.","1",,,,,,,,,"Species Composition","4",,,,,,,,,,
,,,,"Feng, Z.","1",,,,,,,,,"Spider","4",,,,,,,,,,
,,,,"Fenton, N.","1",,,,,,,,,"Structural Complexity","4",,,,,,,,,,
,,,,"Ferguson, S.H.","1",,,,,,,,,"Survival","4",,,,,,,,,,
,,,,"Ficken, C.D.","1",,,,,,,,,"Trees","4",,,,,,,,,,
,,,,"Flannigan, M.","1",,,,,,,,,"Abitibi","3",,,,,,,,,,
,,,,"Fleming, R.L.","1",,,,,,,,,"Acari","3",,,,,,,,,,
,,,,"Fortier, J.","1",,,,,,,,,"Amphibian","3",,,,,,,,,,
,,,,"Fortin, M.J.","1",,,,,,,,,"Avifauna","3",,,,,,,,,,
,,,,"Foster, R.F.","1",,,,,,,,,"Balsam Fir","3",,,,,,,,,,
,,,,"Fournier, R.A.","1",,,,,,,,,"Betula Papyrifera","3",,,,,,,,,,
,,,,"Fraser, E.C.","1",,,,,,,,,"Bioindicator","3",,,,,,,,,,
,,,,"Frego, K.A.","1",,,,,,,,,"Bryophytes","3",,,,,,,,,,
,,,,"Fryxell, J.","1",,,,,,,,,"Calamagrostis Canadensis","3",,,,,,,,,,
,,,,"Gachet, S.","1",,,,,,,,,"Coarse Woody Debris","3",,,,,,,,,,
,,,,"Gagnon, D.","1",,,,,,,,,"Collembola","3",,,,,,,,,,
,,,,"Garet, J.","1",,,,,,,,,"Competition","3",,,,,,,,,,
,,,,"Gendreau-Berthiaume, B.","1",,,,,,,,,"Dead Wood","3",,,,,,,,,,
,,,,"Gillingham, M.P.","1",,,,,,,,,"Debris","3",,,,,,,,,,
,,,,"Gordon, A.M.","1",,,,,,,,,"Dynamics","3",,,,,,,,,,
,,,,"Goulet, H.","1",,,,,,,,,"Economic Analysis","3",,,,,,,,,,
,,,,"Greene, D.F.","1",,,,,,,,,"Ecosystem Resilience","3",,,,,,,,,,
,,,,"Grondin, P.","1",,,,,,,,,"Ecosystem Service","3",,,,,,,,,,
,,,,"Gévry, M.F.","1",,,,,,,,,"Experimental Study","3",,,,,,,,,,
,,,,"Hannon, S.J.","1",,,,,,,,,"Fertilizer Application","3",,,,,,,,,,
,,,,"Harris, S.A.","1",,,,,,,,,"Forest Dynamics","3",,,,,,,,,,
,,,,"Hart, S.C.","1",,,,,,,,,"Forest Ecology","3",,,,,,,,,,
,,,,"Harvey, B.","1",,,,,,,,,"Forest Fire","3",,,,,,,,,,
,,,,"Haughian, S.R.","1",,,,,,,,,"Forestry Production","3",,,,,,,,,,
,,,,"Hawkins, C.","1",,,,,,,,,"Growing Season","3",,,,,,,,,,
,,,,"He, F.","1",,,,,,,,,"Growth Modeling","3",,,,,,,,,,
,,,,"Heineman, J.L.","1",,,,,,,,,"Growth Rate","3",,,,,,,,,,
,,,,"Heym, M.","1",,,,,,,,,"Habitat Fragmentation","3",,,,,,,,,,
,,,,"Hobson, K.A.","1",,,,,,,,,"Herb","3",,,,,,,,,,
