﻿Scopus refine results values

"Your query : ((TITLE-ABS-KEY((Boreal OR {James Bay} OR James-Bay OR {Clay Belt} OR {canadian shield}) AND (Canada OR Quebec OR Ontario OR newfoundland OR Alberta OR British-Columbia) ) AND PUBYEAR > 1999 AND PUBYEAR < 2020) AND (TITLE-ABS-KEY(Harvest* OR Logging OR Cut OR Clear-cut  OR Clearcut OR {Clear Cut}) AND PUBYEAR > 1999 AND PUBYEAR < 2020) AND (TITLE-ABS-KEY( soil  OR  ground  OR  {woody debris}  OR  microtopography  OR  micro-topography  AND NOT  {sediment core}  OR  {breeding ground}  OR  {spawning ground} ) AND PUBYEAR > 1999 AND PUBYEAR < 2020))"


Number of results : 342

"ACCESS TYPE",,"YEAR",,"AUTHOR NAME",,"SUBJECT AREA",,"DOCUMENT TYPE",,"PUBLICATION STAGE",,"SOURCE TITLE",,"KEYWORD",,"AFFILIATION",,"FUNDING SPONSOR",,"COUNTRY",,"SOURCE TYPE",,"LANGUAGE",
"Open Access","47","2019","13","Bergeron, Y.","33","Agricultural and Biological Sciences","292","Article","318","final","341","Forest Ecology And Management","74","Canada","280","Canadian Forest Service","111","Natural Sciences and Engineering Research Council of Canada","78","Canada","329","Journals","337","English","339"
"Other","295","2018","14","Paré, D.","29","Biochemistry, Genetics and Molecular Biology","7","Conference Paper","14","aip","1","Canadian Journal Of Forest Research","50","Boreal Forest","226","University of Alberta","75","Fonds QuÃ©bÃ©cois de la Recherche sur la Nature et les Technologies","14","United States","32","Conference Proceedings","2","French","4"
,,"2017","12","Spence, J.R.","14","Chemical Engineering","1","Review","8",,,"Forestry Chronicle","22","Forestry","169","Natural Resources Canada","56","Canadian Forest Service","13","Germany","7","Books","1","Spanish","1"
,,"2016","13","Thiffault, E.","14","Chemistry","1","Book Chapter","1",,,"Canadian Journal Of Soil Science","12","Harvesting","155","Université du Québec à Montréal","48","Ministry of Natural Resources","12","United Kingdom","6","Trade Publications","1",,
,,"2015","14","Brais, S.","11","Computer Science","2","Short Survey","1",,,"Soil Biology And Biochemistry","10","North America","97","Université Laval","48","Natural Resources Canada","12","Australia","5","Book Series","1",,
,,"2014","14","Devito, K.J.","10","Decision Sciences","3",,,,,"Forests","9","Soils","79","Universite du Quebec en Abitibi-Temiscamingue","42","University of Alberta","8","China","4",,,,
,,"2013","18","Fenton, N.J.","10","Earth and Planetary Sciences","17",,,,,"Ecoscience","8","Forest Management","78","Northern Forestry Centre","32","Alberta Conservation Association","7","Finland","4",,,,
,,"2012","25","Langor, D.W.","10","Energy","4",,,,,"Hydrological Processes","7","Picea Mariana","73","Lakehead University","27","Canadian Foundation for Climate and Atmospheric Sciences","6","South Korea","4",,,,
,,"2011","13","Macdonald, S.E.","10","Engineering","4",,,,,"Ecosystems","6","Clearcutting","65","Ontario Ministry of Natural Resources","24","Environment Canada","4","Argentina","3",,,,
,,"2010","23","Thiffault, N.","10","Environmental Science","225",,,,,"Silva Fennica","6","Biodiversity","61","Le réseau de l'Université du Québec","20","Government of Alberta","4","France","3",,,,
,,"2009","18","Mallik, A.U.","9","Health Professions","1",,,,,"Plant And Soil","5","Ecosystems","58","Great Lakes Forestry Centre","18","Office of Energy Research and Development","4","Japan","3",,,,
,,"2008","24","Munson, A.D.","9","Immunology and Microbiology","12",,,,,"Soil Science Society Of America Journal","5","Disturbance","55","University of Saskatchewan","17","Association pour la Recherche sur les Tumeurs de la Prostate","3","Switzerland","3",,,,
,,"2007","18","Bélanger, N.","8","Materials Science","4",,,,,"Agricultural And Forest Meteorology","4","Alberta","52","Ministère de l‘Energie et des Ressources naturelles du Québec","17","Government of Canada","3","Estonia","2",,,,
,,"2006","23","Moroni, M.T.","8","Mathematics","1",,,,,"Biodiversity And Conservation","4","Picea","51","University of Toronto","16","Institute at Brown for Environment and Society, Brown University","3","Netherlands","2",,,,
,,"2005","21","Chen, H.Y.H.","7","Medicine","1",,,,,"Canadian Field Naturalist","4","Boreal Forests","48","Pacific Forestry Centre","15","Institute for Biodiversity, Ecosystem Science, and Sustainability","3","Bangladesh","1",,,,
,,"2004","11","Drapeau, P.","7","Physics and Astronomy","1",,,,,"Canadian Journal Of Zoology","4","Coniferous Forest","48","The University of British Columbia","14","Luonnontieteiden ja Tekniikan Tutkimuksen Toimikunta","3","Brazil","1",,,,
,,"2003","19","Kishchuk, B.E.","7","Social Sciences","4",,,,,"Ecological Applications","4","Coniferophyta","47","Ministry of Forests and Range","12","Parks Canada","3","Czech Republic","1",,,,
,,"2002","19","Lafleur, B.","7",,,,,,,"Environmental Reviews","4","Regeneration","47","Environment Canada","11","UniversitÃ© du QuÃ©bec en Abitibi-TÃ©miscamingue","3","Mexico","1",,,,
,,"2001","10","Work, T.T.","7",,,,,,,"Global Change Biology","4","Quebec [Canada]","46","University of Northern British Columbia","11","Agriculture and Agri-Food Canada","2","New Zealand","1",,,,
,,"2000","20","Barr, A.G.","6",,,,,,,"New Forests","4","Forests","44","Ontario Forest Research Institute","11","Alberta Ingenuity","2","Russian Federation","1",,,,
,,,,"Black, T.A.","6",,,,,,,"Ecological Indicators","3","Silviculture","44","University of Guelph","9","Arctic Institute of North America","2","South Africa","1",,,,
,,,,"Gauthier, S.","6",,,,,,,"Ecological Modelling","3","Coniferous Tree","43","Queen's University, Kingston","8","BIOCAP Canada","2","Sweden","1",,,,
,,,,"Klimaszewski, J.","6",,,,,,,"Ecosphere","3","Soil","42","McGill University","7","Fonds de recherche du QuÃ©bec â Nature et technologies","2","Undefined","1",,,,
,,,,"Peng, C.","6",,,,,,,"Journal Of Insect Conservation","3","Reforestation","41","Université du Québec à Rimouski","6","Ontario Ministry of Natural Resources and Forestry","2",,,,,,
,,,,"Quideau, S.A.","6",,,,,,,"Journal Of Vegetation Science","3","Logging (timber)","40","Western University","6","Tembec","2",,,,,,
,,,,"Venier, L.","6",,,,,,,"Tree Physiology","3","Vegetation","38","University of Waterloo","6","Agrium","1",,,,,,
,,,,"Hazlett, P.W.","5",,,,,,,"Water Air And Soil Pollution","3","Biomass","37","Alberta Research Council","6","Alberta Agriculture and Forestry","1",,,,,,
,,,,"Landhäusser, S.M.","5",,,,,,,"Biomass And Bioenergy","2","Pinus Banksiana","37","Agriculture et Agroalimentaire Canada","6","Alberta Innovates","1",,,,,,
,,,,"Malcolm, J.R.","5",,,,,,,"Canadian Entomologist","2","Populus Tremuloides","37","Conseil de recherches en sciences naturelles et en génie du Canada","6","Beijing Forestry University","1",,,,,,
,,,,"Pinzon, J.","5",,,,,,,"Geoderma","2","Wildfire","37","Technische Universität Dresden","5","BioFuelNet Canada","1",,,,,,
,,,,"Prepas, E.E.","5",,,,,,,"Journal Of Applied Ecology","2","Ecology","36","McMaster University","5","Canada Foundation for Innovation","1",,,,,,
,,,,"Valeria, O.","5",,,,,,,"Journal Of Environmental Engineering And Science","2","Picea Glauca","36","McGill University, Macdonald Campus","5","Canadian Natural Resources Limited","1",,,,,,
,,,,"Van Rees, K.C.J.","5",,,,,,,"Journal Of Hydrology","2","Forest Floor","34","Centre d'étude de la forêt, Montreal","5","Canadian Water Network","1",,,,,,
,,,,"Baker, J.A.","4",,,,,,,"Northern Journal Of Applied Forestry","2","Environmental Disturbance","32","Université de Sherbrooke","4","Connecting Europe Facility","1",,,,,,
,,,,"Chang, S.X.","4",,,,,,,"Oikos","2","Fires","32","Mokpo National University","4","Cure Cancer Australia Foundation","1",,,,,,
,,,,"Fenton, N.","4",,,,,,,"Plant Ecology","2","Carbon","30","University of Wisconsin-Madison","4","Dairy Management","1",,,,,,
,,,,"Fyles, J.W.","4",,,,,,,"Remote Sensing Of Environment","2","Forest Ecosystem","30","Royal Alberta Museum","3","Estonian Science Foundation","1",,,,,,
,,,,"Hagemann, U.","4",,,,,,,"Zookeys","2","Forest Soil","29","University of Calgary","3","Fonds pour la Formation de Chercheurs et l'Aide Ã  la Recherche","1",,,,,,
,,,,"Hazlett, P.","4",,,,,,,"Agricultural And Forest Entomology","1","Logging","29","Helsingin Yliopisto","3","Forest Genetics Council of British Columbia","1",,,,,,
,,,,"Kabzems, R.","4",,,,,,,"Ambio","1","Logging (forestry)","29","USDA Forest Service","3","Foundation for Community Association Research","1",,,,,,
,,,,"Kurz, W.A.","4",,,,,,,"Annals Of Botany","1","Ontario [Canada]","29","Forestry Tasmania","3","Human Resources and Skills Development Canada","1",,,,,,
,,,,"Leduc, A.","4",,,,,,,"Annals Of Forest Science","1","Abies Balsamea","27","Purdue University","3","Joint Fire Science Program","1",,,,,,
,,,,"Lee, S.I.","4",,,,,,,"Applied And Environmental Microbiology","1","Bryophyta","25","University of Montreal","3","Lakehead University","1",,,,,,
,,,,"Lieffers, V.J.","4",,,,,,,"Applied Vegetation Science","1","Stand Structure","25","Universite de Moncton","3","Ministry of Environment","1",,,,,,
,,,,"Lorente, M.","4",,,,,,,"Auk","1","Forest Fire","23","Oregon State University","3","Ministry of Forests, Lands and Natural Resource Operations","1",,,,,,
,,,,"Makeschin, F.","4",,,,,,,"Avian Conservation And Ecology","1","Mixed Forest","23","Carleton University","3","MinistÃ¨re des ForÃªts, de la Faune et des Parcs","1",,,,,,
,,,,"Margolis, H.A.","4",,,,,,,"Bioenergy Research","1","Wood","23","Memorial University of Newfoundland","3","Ministère des Ressources Naturelles et de la Faune","1",,,,,,
,,,,"McCaughey, J.H.","4",,,,,,,"Biogeochemistry","1","Soil Carbon","22","Université du Québec en Outaouais","3","Mitacs","1",,,,,,
,,,,"McNabb, D.H.","4",,,,,,,"Biology And Fertility Of Soils","1","Abies","21","Université du Québec à Chicoutimi","3","National Aeronautics and Space Administration","1",,,,,,
,,,,"Oh, S.W.","4",,,,,,,"Biology Of Rove Beetles Staphylinidae Life History Evolution Ecology And Distribution","1","Climate Change","21","Trent University","3","National Eye Research Centre","1",,,,,,
,,,,"Ouellet, J.P.","4",,,,,,,"Bulletin Of The Geological Survey Of Canada","1","Community Composition","21","Ministère des Forêts de la Faune et des Parcs du Québec","2","National Institute of Advanced Industrial Science and Technology","1",,,,,,
,,,,"Payette, S.","4",,,,,,,"Canadian Journal Of Plant Science","1","Ontario","21","Ministère des Forêts de la Faune et des Parcs","2","National Research Council Canada","1",,,,,,
,,,,"Pearce, J.L.","4",,,,,,,"Climatic Change","1","Populus","21","Wilfrid Laurier University","2","National Science Foundation","1",,,,,,
,,,,"Ruel, J.C.","4",,,,,,,"Condor","1","Productivity","21","Universidad de Buenos Aires","2","Networks of Centres of Excellence of Canada","1",,,,,,
,,,,"Shaw, C.H.","4",,,,,,,"Conservation Biology","1","Species Richness","21","Swansea University","2","Ohio State University","1",,,,,,
,,,,"Simard, M.","4",,,,,,,"Critical Reviews In Plant Sciences","1","British Columbia","20","Mount Saint Vincent University","2","Organization of American States","1",,,,,,
,,,,"Startsev, A.D.","4",,,,,,,"Diversity And Distributions","1","Coleoptera","20","Eidgenössische Forschungsanstalt fur Wald, Schnee Und Landschaft Eth-Bereichs","2","Queen's University","1",,,,,,
,,,,"Thompson, I.D.","4",,,,,,,"Ecohydrology","1","Deciduous Forest","20","University of Manitoba","2","Shell Canada","1",,,,,,
,,,,"Venier, L.A.","4",,,,,,,"Ecology","1","Growth Rate","20","Laurentian University","2","University of British Columbia","1",,,,,,
,,,,"Amiro, B.D.","3",,,,,,,"Environmental Entomology","1","Nitrogen","20","University of New Brunswick","2","University of Minnesota","1",,,,,,
,,,,"Apps, M.J.","3",,,,,,,"Environmental Monitoring And Assessment","1","Timber Harvesting","20","Simon Fraser University","2","University of North Carolina at Charlotte","1",,,,,,
,,,,"Bhatti, J.S.","3",,,,,,,"Field Crops Research","1","Understory","20","University of Montana","2","UniversitÃ© Laval","1",,,,,,
,,,,"Buddle, C.M.","3",,,,,,,"Forest Ecosystems","1","Carbon Sequestration","19","National Institute of Advanced Industrial Science and Technology","2","UniversitÃ© du QuÃ©bec Ã  MontrÃ©al","1",,,,,,
,,,,"Coursolle, C.","3",,,,,,,"Frontiers In Environmental Science","1","Coarse Woody Debris","19","University of Lethbridge","2","Weyerhaeuser Company","1",,,,,,
,,,,"Creed, I.F.","3",,,,,,,"Gcb Bioenergy","1","Fire","19","Acadia University","2","Undefined","223",,,,,,
,,,,"Darveau, M.","3",,,,,,,"Geological Society Memoir","1","Plants","19","Estonian University of Life Sciences","2",,,,,,,,
,,,,"Duchesne, L.","3",,,,,,,"Geomorphology","1","Quebec","19","Institut National de la Recherche Scientifique","2",,,,,,,,
,,,,"Fahrig, L.","3",,,,,,,"International Journal Of Sustainability In Economic Social And Cultural Context","1","Species Diversity","19","Ducks Unlimited Canada","2",,,,,,,,
,,,,"Fleming, R.L.","3",,,,,,,"International Journal Of Technology Knowledge And Society","1","Woody Debris","19","McMaster University, Faculty of Science","2",,,,,,,,
,,,,"Fredeen, A.L.","3",,,,,,,"J For","1","Anthropogenic Effect","18","Soc. la Faune et des Parcs du Que.","1",,,,,,,,
,,,,"Gower, S.T.","3",,,,,,,"Journal Of Agricultural Meteorology","1","Black Spruce","18","Centre Saint-Laurent","1",,,,,,,,
,,,,"Handa, I.T.","3",,,,,,,"Journal Of Biogeography","1","Nutrients","18","Alpha Wildlife Research and Management Ltd.","1",,,,,,,,
,,,,"Hannam, K.D.","3",,,,,,,"Journal Of Ecology","1","Abundance","17","College of New Caledonia","1",,,,,,,,
,,,,"Houle, D.","3",,,,,,,"Journal Of Environmental Management","1","Beetle","17","Ctr. Rech. Devmt. sur les Sols G.","1",,,,,,,,
,,,,"Hébert, F.","3",,,,,,,"Journal Of Forest Research","1","Forest Fires","17","Yukon College","1",,,,,,,,
,,,,"Imbeau, L.","3",,,,,,,"Journal Of Forestry Research","1","Soil Moisture","17","Millar Western Forest Products Ltd.","1",,,,,,,,
,,,,"Jiang, H.","3",,,,,,,"Journal Of Plant Ecology","1","Succession","17","Manitoba Department of Natural Resources","1",,,,,,,,
,,,,"Keddy, T.","3",,,,,,,"Journal Of Wildlife Management","1","Chronosequence","16","Albian Sands Energy Inc.","1",,,,,,,,
,,,,"Kranabetter, J.M.","3",,,,,,,"Marine And Freshwater Research","1","Community Structure","16","Industrial Forestry Service Ltd.","1",,,,,,,,
,,,,"Kreutzweiser, D.P.","3",,,,,,,"Mitigation And Adaptation Strategies For Global Change","1","Debris","16","Western Newfoundland Model Forest","1",,,,,,,,
,,,,"Langor, D.","3",,,,,,,"NCASI Technical Bulletin","1","Ecosystem Management","16","Institut Québécois d'Aménagement de la Forêt Feuillue IQAFF","1",,,,,,,,
,,,,"Larocque, G.R.","3",,,,,,,"Nature Plants","1","Lakes","16","Seney National Wildlife Refuge","1",,,,,,,,
,,,,"Larrivée, M.","3",,,,,,,"Proceedings Of SPIE The International Society For Optical Engineering","1","Plant Community","16","Science and Technology Branch","1",,,,,,,,
,,,,"Lavoie, M.","3",,,,,,,"Restoration Ecology","1","Soil Nutrient","16","Ernst Environmental Services","1",,,,,,,,
,,,,"MacDonald, G.B.","3",,,,,,,"Rural And Remote Health","1","Sustainable Forestry","16","Lake Abitibi Model Forest","1",,,,,,,,
,,,,"Mackereth, R.W.","3",,,,,,,"Scandinavian Journal Of Forest Research","1","Growing Season","15","Soc. la Faune et des Parcs du Quebec","1",,,,,,,,
,,,,"Messier, C.","3",,,,,,,"Soil And Tillage Research","1","Nutrient Availability","15","Soc. la Faune et des Parcs du Quebec","1",,,,,,,,
,,,,"Morris, D.","3",,,,,,,"Studies In Mycology","1","Soil Nitrogen","15","Atlantic Forestry Centre","1",,,,,,,,
,,,,"Nesic, Z.","3",,,,,,,"Tectonophysics","1","Sphagnum","15","Smithers","1",,,,,,,,
,,,,"Nielsen, S.E.","3",,,,,,,"Tellus Series B Chemical And Physical Meteorology","1","Boreal","14","Bureau 200","1",,,,,,,,
,,,,"Prévost, M.","3",,,,,,,"Trees Structure And Function","1","Carbon Dioxide","14","Habitat Acquisition Trust","1",,,,,,,,
,,,,"Quideau, S.","3",,,,,,,,,"Plants (botany)","14","Groupe de Recherche en Écologic Forestière Inter-universitaire GREFi","1",,,,,,,,
,,,,"Rousseau, L.","3",,,,,,,,,"Wetlands","14","Industrielle CRSNG-UQAT-UQAM en Aménagement Forestier Durable","1",,,,,,,,
,,,,"Sidders, D.","3",,,,,,,,,"Bryophytes","13","Valeur Nature","1",,,,,,,,
,,,,"Smith, S.M.","3",,,,,,,,,"Comparative Study","13","Centre d’étude de la forêt","1",,,,,,,,
,,,,"Tan, X.","3",,,,,,,,,"Dead Wood","13","U.B.C","1",,,,,,,,
,,,,"Tsuji, L.J.S.","3",,,,,,,,,"Newfoundland And Labrador","13","ForestSoil Science Ltd. 8775 Strathearn Crescent","1",,,,,,,,
,,,,"Work, T.","3",,,,,,,,,"Peatland","13","Universit́ du Qúbec ̀ Rimouski","1",,,,,,,,
,,,,"Amichev, B.Y.","2",,,,,,,,,"Compaction","12","Louisiana-Pacific Canada Ltd.","1",,,,,,,,
,,,,"Arocena, J.M.","2",,,,,,,,,"Conservation","12","Centre d'enseignement et de recherche en foresterie CERFO","1",,,,,,,,
,,,,"Aubin, I.","2",,,,,,,,,"Deciduous Tree","12","Lake-head University","1",,,,,,,,
,,,,"Bayne, E.M.","2",,,,,,,,,"Floors","12","Inspec-Sol Inc.","1",,,,,,,,
,,,,"Bell, F.W.","2",,,,,,,,,"Growth","12","Enhancement Branch","1",,,,,,,,
,,,,"Bellocq, M.I.","2",,,,,,,,,"Organic Matter","12","Tree Physiologist Department","1",,,,,,,,
,,,,"Bernier, P.Y.","2",,,,,,,,,"Paludification","12","NSERC Northern Research Chair","1",,,,,,,,
,,,,"Biswas, S.R.","2",,,,,,,,,"Snag","12","Georgian College","1",,,,,,,,
,,,,"Bock, M.D.","2",,,,,,,,,"Survival","12","Centre d’étude de la forêt CEF","1",,,,,,,,
,,,,"Bois, C.H.","2",,,,,,,,,"Sustainability","12","Ecl. Sup. d'Agriculture de Purpan","1",,,,,,,,
,,,,"Bork, E.W.","2",,,,,,,,,"Western Hemisphere","12","FORREX Forum for Research and Extension in Natural Resources","1",,,,,,,,
,,,,"Boulet, M.","2",,,,,,,,,"World","12","University of Albertaa","1",,,,,,,,
,,,,"Bourdon, C.","2",,,,,,,,,"Article","11","Catalina Island Conservancy","1",,,,,,,,
,,,,"Boutin, R.","2",,,,,,,,,"Deforestation","11","AAFC Agassiz Research Centre","1",,,,,,,,
,,,,"Bradley, R.L.","2",,,,,,,,,"Ecological Impact","11","Pierre Beaudry and Associates Ltd.","1",,,,,,,,
,,,,"Brassard, B.W.","2",,,,,,,,,"Forest Cover","11","445 Boul. de l'Université","1",,,,,,,,
,,,,"Béland, M.","2",,,,,,,,,"Fungi","11","Centre for Forest Research","1",,,,,,,,
,,,,"Bélanger, L.","2",,,,,,,,,"Moisture","11","Alberta Innovates","1",,,,,,,,
,,,,"Caners, R.T.","2",,,,,,,,,"Nutrient Cycling","11","Fiducie de recherche sur la forêt des Cantons-de-l'Est/Eastern Townships Forest Research Trust","1",,,,,,,,
,,,,"Carmosini, N.","2",,,,,,,,,"Seed","11","Ministère des Forêts","1",,,,,,,,
,,,,"Carter, P.Q.","2",,,,,,,,,"Site Preparation","11","Institut de recherche en mines et en environnement IRME","1",,,,,,,,
,,,,"Cavard, X.","2",,,,,,,,,"Soil Temperature","11","Institut de recherche sur les forêts IRF","1",,,,,,,,
,,,,"Chanasyk, D.S.","2",,,,,,,,,"White Spruce","11","Rakvere City Government","1",,,,,,,,
,,,,"Chasmer, L.","2",,,,,,,,,"Animals","10","Parc Canada","1",,,,,,,,
,,,,"Cheng, L.Z.","2",,,,,,,,,"Araneae","10","Manitoba Environmental Industries Association MEIA","1",,,,,,,,
,,,,"Cobb, T.P.","2",,,,,,,,,"Decomposition","10","BioForest","1",,,,,,,,
,,,,"Courtois, R.","2",,,,,,,,,"Forest Canopy","10","EcoDiverse Ecological Services","1",,,,,,,,
,,,,"Dabros, A.","2",,,,,,,,,"Hexapoda","10","Ministère des Forêts de la Faune et des Parcs du Québec","1",,,,,,,,
,,,,"Dacosta, J.","2",,,,,,,,,"Jack Pine","10","Memorial University of Newfoundland, Grenfell Campus","1",,,,,,,,
,,,,"Delwaide, A.","2",,,,,,,,,"Moss","10","Universidade Estadual do Maranhao","1",,,,,,,,
,,,,"Donkor, N.T.","2",,,,,,,,,"Natural Disturbance","10","CBS Fungal Biodiversity Center CBS - KNAW","1",,,,,,,,
,,,,"Dussault, C.","2",,,,,,,,,"Natural Regeneration","10","USDA Forest Service Rocky Mountain Research Station","1",,,,,,,,
,,,,"Déchêne, A.D.","2",,,,,,,,,"Net Primary Production","10","University of Victoria","1",,,,,,,,
,,,,"Fleming, R.","2",,,,,,,,,"Old-growth Forest","10","The Ohio State University","1",,,,,,,,
,,,,"Frey, B.R.","2",,,,,,,,,"Pinus Contorta","10","USDA Forest Service Pacific Northwest Research Station","1",,,,,,,,
,,,,"Fryxell, J.M.","2",,,,,,,,,"Seedling","10","Universidad Nacional de Tucuman UNT","1",,,,,,,,
,,,,"Germida, J.J.","2",,,,,,,,,"Spider","10","Geological Survey of Canada Calgary","1",,,,,,,,
,,,,"Gordon, A.M.","2",,,,,,,,,"Sustainable Development","10","Royal Ontario Museum","1",,,,,,,,
,,,,"Groot, A.","2",,,,,,,,,"Sustainable Forest Management","10","Wageningen University and Research Centre","1",,,,,,,,
,,,,"Haeussler, S.","2",,,,,,,,,"Bryophyte","9","Consejo Nacional de Investigaciones Científicas y Técnicas","1",,,,,,,,
,,,,"Hammond, H.E.J.","2",,,,,,,,,"Carabidae","9","Yale University","1",,,,,,,,
,,,,"Hannon, S.J.","2",,,,,,,,,"Carbon Budget","9","Alberta Agriculture and Rural Development","1",,,,,,,,
,,,,"Harper, K.A.","2",,,,,,,,,"Carbon Flux","9","Sewanee: The University of the South","1",,,,,,,,
,,,,"Harvey, B.D.","2",,,,,,,,,"Choristoneura Fumiferana","9","Beijing Forestry University","1",,,,,,,,
,,,,"Hawthorne, I.","2",,,,,,,,,"Dominance","9","The University of North Carolina at Charlotte","1",,,,,,,,
,,,,"Hendershot, W.H.","2",,,,,,,,,"Forest Dynamics","9","University of Prince Edward Island","1",,,,,,,,
,,,,"Hopkinson, C.","2",,,,,,,,,"Forest Harvesting","9","CNRS Centre National de la Recherche Scientifique","1",,,,,,,,
,,,,"Hynes, H.M.","2",,,,,,,,,"Habitat Fragmentation","9","Jet Propulsion Laboratory","1",,,,,,,,
,,,,"Jacobs, J.M.","2",,,,,,,,,"Microbial Community","9","Colorado State University","1",,,,,,,,
,,,,"Janzen, D.T.","2",,,,,,,,,"Newfoundland","9","Ontario Ministry of the Environment","1",,,,,,,,
,,,,"Jerabkova, L.","2",,,,,,,,,"Organic Compounds","9","University of Minnesota Duluth","1",,,,,,,,
,,,,"Jobidon, R.","2",,,,,,,,,"Picea Engelmannii","9","Harvard University","1",,,,,,,,
,,,,"Jutras, S.","2",,,,,,,,,"Saskatchewan","9","The University of Arizona","1",,,,,,,,
,,,,"Jõgiste, K.","2",,,,,,,,,"Shrub","9","Potato Research Centre","1",,,,,,,,
,,,,"Kidston, J.","2",,,,,,,,,"Soil Microorganism","9","University of Florida Institute of Food and Agricultural Sciences","1",,,,,,,,
,,,,"Kljun, N.","2",,,,,,,,,"Soil Organic Matter","9","University of KwaZulu-Natal","1",,,,,,,,
,,,,"Kneeshaw, D.","2",,,,,,,,,"Spatial Distribution","9","Conservation Science Program","1",,,,,,,,
,,,,"Krause, C.","2",,,,,,,,,"Timber","9","Fisheries and Oceans Canada","1",,,,,,,,
,,,,"Kurz, W.","2",,,,,,,,,"Trembling Aspen","9","Brown University","1",,,,,,,,
,,,,"Laamrani, A.","2",,,,,,,,,"Aves","8","University of Windsor","1",,,,,,,,
,,,,"Leblanc, J.D.","2",,,,,,,,,"Carbon Cycle","8","Ohio Agricultural Research and Development Center","1",,,,,,,,
,,,,"Lecomte, N.","2",,,,,,,,,"Catchments","8","China Agricultural University","1",,,,,,,,
