﻿Scopus refine results values

"Your query : ((TITLE-ABS-KEY((Boreal OR {James Bay} OR James-Bay OR {Clay Belt} OR {canadian shield}) AND Quebec) AND PUBYEAR > 1999 AND PUBYEAR < 2020) AND (TITLE-ABS-KEY((Forest AND Fire) OR ""Wildfire"" OR ""crown fire"" OR ""Wildland fire"" ) AND PUBYEAR > 1999 AND PUBYEAR < 2020) AND (TITLE-ABS-KEY((species AND diversity) OR biodiversity)))"


Number of results : 55

"ACCESS TYPE",,"YEAR",,"AUTHOR NAME",,"SUBJECT AREA",,"DOCUMENT TYPE",,"PUBLICATION STAGE",,"SOURCE TITLE",,"KEYWORD",,"AFFILIATION",,"FUNDING SPONSOR",,"COUNTRY",,"SOURCE TYPE",,"LANGUAGE",
"Open Access","2","2019","1","Bergeron, Y.","26","Agricultural and Biological Sciences","48","Article","46","final","55","Canadian Journal Of Forest Research","9","Canada","46","Université du Québec à Montréal","31","Natural Sciences and Engineering Research Council of Canada","9","Canada","55","Journals","55","English","52"
"Other","53","2018","1","Gauthier, S.","16","Biochemistry, Genetics and Molecular Biology","3","Conference Paper","5",,,"Forest Ecology And Management","8","Boreal Forest","45","Universite du Quebec en Abitibi-Temiscamingue","26","Fonds QuÃ©bÃ©cois de la Recherche sur la Nature et les Technologies","5","United States","2",,,"French","3"
,,"2017","2","Drapeau, P.","9","Chemical Engineering","1","Review","4",,,"Silva Fennica","5","Biodiversity","31","Canadian Forest Service","22","Fonds de recherche du QuÃ©bec â Nature et technologies","2","China","1",,,,
,,"2016","2","De Grandpré, L.","6","Chemistry","1",,,,,"Forestry Chronicle","4","Quebec [Canada]","31","Natural Resources Canada","19","Canada Foundation for Innovation","1","Finland","1",,,,
,,"2015","4","Bouchard, M.","5","Engineering","1",,,,,"Ecoscience","3","Forestry","26","Université Laval","16","Canadian Forest Service","1","France","1",,,,
,,"2014","2","Leduc, A.","5","Environmental Science","41",,,,,"Journal Of Vegetation Science","3","Picea Mariana","26","Le réseau de l'Université du Québec","7","Fondation Daniel Langlois pour l'Art, la Science et la Technologie","1","Sweden","1",,,,
,,"2013","3","Harper, K.A.","4","Materials Science","1",,,,,"Conservation Genetics","2","North America","19","Conseil de recherches en sciences naturelles et en génie du Canada","4","MinistÃ¨re de l'Ãnergie et des Ressources Naturelles","1","United Kingdom","1",,,,
,,"2012","2","Hébert, C.","4","Social Sciences","1",,,,,"Environmental Reviews","2","Fires","17","McGill University","3","Ontario Ministry of Natural Resources and Forestry","1",,,,,,
,,"2011","5","Pothier, D.","4",,,,,,,"Global Ecology And Biogeography","2","Forest Management","15","Concordia University","3","Tembec","1",,,,,,
,,"2010","2","Boucher, D.","3",,,,,,,"Journal Of Ecology","2","Ecosystems","14","Université du Québec à Rimouski","2","Université du Québec à Montréal","1",,,,,,
,,"2008","2","Boudreault, C.","3",,,,,,,"Applied Vegetation Science","1","Forest Fire","14","University of Montreal","2","Undefined","43",,,,,,
,,"2007","2","Brais, S.","3",,,,,,,"Bryologist","1","Quebec","14","University of Toronto","2",,,,,,,,
,,"2006","5","Harvey, B.D.","3",,,,,,,"Canadian Journal Of Botany","1","Abies Balsamea","13","Université du Québec en Outaouais","2",,,,,,,,
,,"2005","5","Kneeshaw, D.","3",,,,,,,"Canadian Journal Of Soil Science","1","Fire","12","Université du Québec à Chicoutimi","2",,,,,,,,
,,"2004","7","Lesieur, D.","3",,,,,,,"Ecological Applications","1","Picea","12","Wilkes University","2",,,,,,,,
,,"2003","3","Paré, D.","3",,,,,,,"Ecology","1","Abies","10","McGill University, Macdonald Campus","2",,,,,,,,
,,"2002","4","Payette, S.","3",,,,,,,"Environmental Entomology","1","Harvesting","10","Ministère des Forêts de la Faune et des Parcs du Québec","1",,,,,,,,
,,"2001","1","Raulier, F.","3",,,,,,,"Forestry","1","Succession","10","Yukon College","1",,,,,,,,
,,"2000","2","Savard, J.P.L.","3",,,,,,,"J For","1","Community Structure","9","Ctr. de Rech. en Biol. Forestiere","1",,,,,,,,
,,,,"Tremblay, F.","3",,,,,,,"Journal Of Biogeography","1","Ecology","9","Institut Québécois d'Aménagement de la Forêt Feuillue IQAFF","1",,,,,,,,
,,,,"Fortin, D.","2",,,,,,,"Journal Of Ornithology","1","Stand Structure","9","Agence Candienne d'Eval. E.","1",,,,,,,,
,,,,"Fortin, M.J.","2",,,,,,,"Landscape Ecology","1","Boreal Forests","8","NSERC Northern Research Chair","1",,,,,,,,
,,,,"Greene, D.F.","2",,,,,,,"Microbial Ecology","1","Bryophyta","7","Centre d’étude de la forêt CEF","1",,,,,,,,
,,,,"Imbeau, L.","2",,,,,,,"Molecular Ecology","1","Disturbance","7","Wildlife Research","1",,,,,,,,
,,,,"Kneeshaw, D.D.","2",,,,,,,"Revue Des Sciences De L Eau","1","Ecosystem Management","7","Wildlife Research","1",,,,,,,,
,,,,"Lowe, J.","2",,,,,,,,,"Old-growth Forest","7","445 Boul. de l'Université","1",,,,,,,,
,,,,"Messier, C.","2",,,,,,,,,"Species Diversity","7","Ministère des Forêts","1",,,,,,,,
,,,,"Namroud, M.C.","2",,,,,,,,,"Wildfire","7","Guizhou Province Enginee-ring Research Center for Agricultural Resources and Environment","1",,,,,,,,
,,,,"Noël, J.","2",,,,,,,,,"Clearcutting","6","Environment Canada","1",,,,,,,,
,,,,"Rompré, G.","2",,,,,,,,,"Coniferous Tree","6","Great Lakes Forestry Centre","1",,,,,,,,
,,,,"Alvarez, P.E.","1",,,,,,,,,"Environmental Disturbance","6","Mount Saint Vincent University","1",,,,,,,,
,,,,"Archambault, L.","1",,,,,,,,,"Forest Fires","6","Guizhou University","1",,,,,,,,
,,,,"Arseneault, D.","1",,,,,,,,,"Forests","6","The University of British Columbia","1",,,,,,,,
,,,,"Azeria, E.T.","1",,,,,,,,,"Mixed Forest","6","Ontario Ministry of Natural Resources","1",,,,,,,,
,,,,"Barrette, J.","1",,,,,,,,,"Populus Tremuloides","6","Université de Sherbrooke","1",,,,,,,,
,,,,"Bichet, O.","1",,,,,,,,,"Abundance","5","University of Guelph","1",,,,,,,,
,,,,"Biswas, S.R.","1",,,,,,,,,"Choristoneura Fumiferana","5","Dalhousie University","1",,,,,,,,
,,,,"Boucher, P.","1",,,,,,,,,"Chronosequence","5","Carleton University","1",,,,,,,,
,,,,"Bousquet, J.","1",,,,,,,,,"Community Composition","5","Simon Fraser University","1",,,,,,,,
,,,,"Bouthillier, L.","1",,,,,,,,,"Coniferous Forest","5","Université du Québec à Trois-Rivières","1",,,,,,,,
,,,,"Bradley, R.","1",,,,,,,,,"Forest Dynamics","5","Lakehead University","1",,,,,,,,
,,,,"Brice, M.H.","1",,,,,,,,,"Insecta","5","University of Oxford","1",,,,,,,,
,,,,"Bégin, Y.","1",,,,,,,,,"Pinus Banksiana","5","Stockholms universitet","1",,,,,,,,
,,,,"Bélanger, L.","1",,,,,,,,,"Silviculture","5","INRS- Centre Eau, Terre &amp; Environnement","1",,,,,,,,
,,,,"Bélisle, A.C.","1",,,,,,,,,"Species Richness","5","University of Alberta","1",,,,,,,,
,,,,"Carignan, R.","1",,,,,,,,,"Age Structure","4","Umeå Universitet","1",,,,,,,,
,,,,"Cazelles, K.","1",,,,,,,,,"Animals","4","Ministère de l‘Energie et des Ressources naturelles du Québec","1",,,,,,,,
,,,,"Chavel, E.E.","1",,,,,,,,,"Aves","4","Institut National de la Recherche Scientifique","1",,,,,,,,
,,,,"Cyr, D.","1",,,,,,,,,"Coniferophyta","4","Centre d'étude de la forêt, Montreal","1",,,,,,,,
,,,,"Cyr, D.","1",,,,,,,,,"Dendrochronology","4","Itä-Suomen yliopisto","1",,,,,,,,
,,,,"DeBellis, T.","1",,,,,,,,,"Disturbances","4","Mid Sweden University, Sundsvall","1",,,,,,,,
,,,,"DeGrandpré, L.","1",,,,,,,,,"Ecological Impact","4",,,,,,,,,,
,,,,"Doyon, F.","1",,,,,,,,,"Fire Behavior","4",,,,,,,,,,
,,,,"Dragotescu, I.","1",,,,,,,,,"Habitat Fragmentation","4",,,,,,,,,,
,,,,"Drever, C.R.","1",,,,,,,,,"Heterogeneity","4",,,,,,,,,,
,,,,"Dupuch, A.","1",,,,,,,,,"Plants (botany)","4",,,,,,,,,,
,,,,"Esseen, P.A.","1",,,,,,,,,"Recruitment (population Dynamics)","4",,,,,,,,,,
,,,,"Fahrig, L.","1",,,,,,,,,"Regeneration","4",,,,,,,,,,
,,,,"Fall, A.","1",,,,,,,,,"Spatiotemporal Analysis","4",,,,,,,,,,
,,,,"Fenton, N.","1",,,,,,,,,"Sphagnum","4",,,,,,,,,,
,,,,"Fenton, N.J.","1",,,,,,,,,"Stand Dynamics","4",,,,,,,,,,
,,,,"Fourrier, A.","1",,,,,,,,,"Trees","4",,,,,,,,,,
,,,,"Francoeur, A.","1",,,,,,,,,"Aerial Photograph","3",,,,,,,,,,
,,,,"Fyles, J.W.","1",,,,,,,,,"Animal","3",,,,,,,,,,
,,,,"Gamache, I.","1",,,,,,,,,"Animalia","3",,,,,,,,,,
,,,,"Gennaretti, F.","1",,,,,,,,,"Betula Pendula","3",,,,,,,,,,
,,,,"Groot, A.","1",,,,,,,,,"Birds","3",,,,,,,,,,
,,,,"Haeussler, S.","1",,,,,,,,,"Bryophytes","3",,,,,,,,,,
,,,,"Harper, K.","1",,,,,,,,,"Canopy Architecture","3",,,,,,,,,,
,,,,"Hylander, K.","1",,,,,,,,,"Classification","3",,,,,,,,,,
,,,,"Jaramillo-Correa, J.P.","1",,,,,,,,,"Fire Cycle","3",,,,,,,,,,
,,,,"Jobidon, R.","1",,,,,,,,,"Fire History","3",,,,,,,,,,
,,,,"Jonsson, B.G.","1",,,,,,,,,"Forest","3",,,,,,,,,,
,,,,"Kernaghan, G.","1",,,,,,,,,"Hexapoda","3",,,,,,,,,,
,,,,"Kouki, J.","1",,,,,,,,,"Landscape","3",,,,,,,,,,
,,,,"Larrivée, M.","1",,,,,,,,,"Mammalia","3",,,,,,,,,,
,,,,"Latrémouille, C.","1",,,,,,,,,"Moss","3",,,,,,,,,,
,,,,"Lavoie, M.","1",,,,,,,,,"Natural Disturbances","3",,,,,,,,,,
,,,,"Le Borgne, H.","1",,,,,,,,,"Paludification","3",,,,,,,,,,
,,,,"Lecomte, N.","1",,,,,,,,,"Paragnetina","3",,,,,,,,,,
,,,,"Legendre, P.","1",,,,,,,,,"Physiology","3",,,,,,,,,,
,,,,"Macdonald, S.E.","1",,,,,,,,,"Picea Glauca","3",,,,,,,,,,
,,,,"Magnan, P.","1",,,,,,,,,"Plants","3",,,,,,,,,,
,,,,"Mallik, A.U.","1",,,,,,,,,"Reconstruction","3",,,,,,,,,,
,,,,"Mayerhofer, M.S.","1",,,,,,,,,"Sustainable Development","3",,,,,,,,,,
,,,,"Mazerolle, M.J.","1",,,,,,,,,"Time Since Fire","3",,,,,,,,,,
,,,,"Morin, H.","1",,,,,,,,,"Tree","3",,,,,,,,,,
,,,,"Morissette, J.","1",,,,,,,,,"Understory","3",,,,,,,,,,
,,,,"Moussaoui, L.","1",,,,,,,,,"Western Hemisphere","3",,,,,,,,,,
,,,,"Nappi, A.","1",,,,,,,,,"Windthrow","3",,,,,,,,,,
,,,,"Nguyen, T.","1",,,,,,,,,"World","3",,,,,,,,,,
,,,,"Ouzennou, H.","1",,,,,,,,,"Age Class","2",,,,,,,,,,
,,,,"Paradis, S.","1",,,,,,,,,"Araneae","2",,,,,,,,,,
,,,,"Pham, A.T.","1",,,,,,,,,"Article","2",,,,,,,,,,
,,,,"Pinel-Alloul, B.","1",,,,,,,,,"Aspen","2",,,,,,,,,,
,,,,"Planas, D.","1",,,,,,,,,"Betula Papyrifera","2",,,,,,,,,,
,,,,"Purdon, M.","1",,,,,,,,,"Bioindicator","2",,,,,,,,,,
,,,,"Reyes, G.P.","1",,,,,,,,,"Bird","2",,,,,,,,,,
,,,,"Robitaille, A.","1",,,,,,,,,"Black Spruce","2",,,,,,,,,,
,,,,"Rousseau, M.","1",,,,,,,,,"Black Spruce Boreal Forests","2",,,,,,,,,,
,,,,"Saint-Germain, M.","1",,,,,,,,,"Black Spruce Forests","2",,,,,,,,,,
,,,,"Saucier, J.P.","1",,,,,,,,,"Boreal Mixedwood","2",,,,,,,,,,
,,,,"Savard, J.","1",,,,,,,,,"Canopy","2",,,,,,,,,,
,,,,"Simard, D.G.","1",,,,,,,,,"Canopy Composition","2",,,,,,,,,,
,,,,"Sirois, L.","1",,,,,,,,,"Carbon","2",,,,,,,,,,
,,,,"Smirnova, E.","1",,,,,,,,,"Cohort Analysis","2",,,,,,,,,,
,,,,"Smyth, C.","1",,,,,,,,,"Colonization","2",,,,,,,,,,
,,,,"Stewart, K.J.","1",,,,,,,,,"Conservation Management","2",,,,,,,,,,
,,,,"Taylor, K.","1",,,,,,,,,"Cote-Nord","2",,,,,,,,,,
,,,,"Thiffault, E.","1",,,,,,,,,"DNA","2",,,,,,,,,,
,,,,"Turgeon, J.","1",,,,,,,,,"Dead Wood","2",,,,,,,,,,
,,,,"Valeria, O.","1",,,,,,,,,"Deciduous Forest","2",,,,,,,,,,
,,,,"Vijayakumar, D.B.I.P.","1",,,,,,,,,"Deforestation","2",,,,,,,,,,
,,,,"Widden, P.","1",,,,,,,,,"Drainage","2",,,,,,,,,,
,,,,"Work, T.T.","1",,,,,,,,,"Ecosystem","2",,,,,,,,,,
,,,,"Xu, H.","1",,,,,,,,,"Ecosystem-based Management","2",,,,,,,,,,
,,,,"Yamasaki, S.H.","1",,,,,,,,,"Environmental Factor","2",,,,,,,,,,
,,,,"de Lafontaine, G.","1",,,,,,,,,"Fire Hazards","2",,,,,,,,,,
,,,,,,,,,,,,,,"Fire Management","2",,,,,,,,,,
,,,,,,,,,,,,,,"Fire Protection","2",,,,,,,,,,
,,,,,,,,,,,,,,"Fire Severity","2",,,,,,,,,,
,,,,,,,,,,,,,,"Forest Cover","2",,,,,,,,,,
,,,,,,,,,,,,,,"Gene Flow","2",,,,,,,,,,
,,,,,,,,,,,,,,"Hypothesis Testing","2",,,,,,,,,,
,,,,,,,,,,,,,,"Insect","2",,,,,,,,,,
,,,,,,,,,,,,,,"Insects","2",,,,,,,,,,
,,,,,,,,,,,,,,"Invertebrata","2",,,,,,,,,,
,,,,,,,,,,,,,,"Landscape Structure","2",,,,,,,,,,
,,,,,,,,,,,,,,"Logging","2",,,,,,,,,,
,,,,,,,,,,,,,,"Logging (timber)","2",,,,,,,,,,
,,,,,,,,,,,,,,"Mammals","2",,,,,,,,,,
,,,,,,,,,,,,,,"Mauricie","2",,,,,,,,,,
,,,,,,,,,,,,,,"Mixedwoods","2",,,,,,,,,,
,,,,,,,,,,,,,,"Mortality","2",,,,,,,,,,
,,,,,,,,,,,,,,"Multivariate Analysis","2",,,,,,,,,,
,,,,,,,,,,,,,,"Natural Disturbance","2",,,,,,,,,,
,,,,,,,,,,,,,,"Old Growth","2",,,,,,,,,,
,,,,,,,,,,,,,,"Old-growth","2",,,,,,,,,,
,,,,,,,,,,,,,,"Ontario [Canada]","2",,,,,,,,,,
,,,,,,,,,,,,,,"Overstory","2",,,,,,,,,,
,,,,,,,,,,,,,,"Persistence","2",,,,,,,,,,
,,,,,,,,,,,,,,"Pest Outbreak","2",,,,,,,,,,
,,,,,,,,,,,,,,"Plant","2",,,,,,,,,,
,,,,,,,,,,,,,,"Productivity","2",,,,,,,,,,
,,,,,,,,,,,,,,"Reforestation","2",,,,,,,,,,
,,,,,,,,,,,,,,"Regression Analysis","2",,,,,,,,,,
,,,,,,,,,,,,,,"Regrowth","2",,,,,,,,,,
,,,,,,,,,,,,,,"Salvage Logging","2",,,,,,,,,,
,,,,,,,,,,,,,,"Shade Tolerance","2",,,,,,,,,,
,,,,,,,,,,,,,,"Snag","2",,,,,,,,,,
,,,,,,,,,,,,,,"Snags","2",,,,,,,,,,
,,,,,,,,,,,,,,"Software","2",,,,,,,,,,
,,,,,,,,,,,,,,"Soil","2",,,,,,,,,,
,,,,,,,,,,,,,,"Soils","2",,,,,,,,,,
,,,,,,,,,,,,,,"Species Occurrence","2",,,,,,,,,,
,,,,,,,,,,,,,,"Spider","2",,,,,,,,,,
,,,,,,,,,,,,,,"Spruce Budworm","2",,,,,,,,,,
,,,,,,,,,,,,,,"Spruce Budworm Outbreaks","2",,,,,,,,,,
,,,,,,,,,,,,,,"Statistical Methods","2",,,,,,,,,,
,,,,,,,,,,,,,,"Structural Development","2",,,,,,,,,,
