﻿Scopus refine results values

"Your query : ((TITLE-ABS-KEY((Boreal OR {James Bay} OR James-Bay OR {Clay Belt} OR {canadian shield}) AND Quebec) AND PUBYEAR > 1999 AND PUBYEAR < 2020) AND (TITLE-ABS-KEY((Forest AND Fire) OR ""Wildfire"" OR ""crown fire"" OR ""Wildland fire"" ) AND PUBYEAR > 1999 AND PUBYEAR < 2020) AND (TITLE-ABS-KEY({tree composition} OR {tree species composition} OR {Stand composition} OR {tree assemblage} OR {tree species assemblage}  ) AND PUBYEAR > 1999 AND PUBYEAR < 2020))"


Number of results : 17

"ACCESS TYPE",,"YEAR",,"AUTHOR NAME",,"SUBJECT AREA",,"DOCUMENT TYPE",,"PUBLICATION STAGE",,"SOURCE TITLE",,"KEYWORD",,"AFFILIATION",,"FUNDING SPONSOR",,"COUNTRY",,"SOURCE TYPE",,"LANGUAGE",
"Open Access","1","2019","1","Bergeron, Y.","12","Agricultural and Biological Sciences","16","Article","17","final","17","Journal Of Vegetation Science","3","Canada","15","Universite du Quebec en Abitibi-Temiscamingue","8","Natural Sciences and Engineering Research Council of Canada","3","Canada","17","Journals","17","English","17"
"Other","16","2014","1","Lecomte, N.","4","Environmental Science","14",,,,,"Ecology","2","Quebec [Canada]","12","Université du Québec à Montréal","7","Fonds QuÃ©bÃ©cois de la Recherche sur la Nature et les Technologies","1","France","2",,,,
,,"2013","2","Gauthier, S.","3","Social Sciences","1",,,,,"Ecoscience","2","Boreal Forest","11","Canadian Forest Service","6","Undefined","14","United States","2",,,,
,,"2011","2","Belleau, A.","2",,,,,,,"Canadian Journal Of Forest Research","1","Picea Mariana","8","Le réseau de l'Université du Québec","5",,,,,,,,
,,"2010","1","Simard, M.","2",,,,,,,"Ecosphere","1","Succession","7","Natural Resources Canada","5",,,,,,,,
,,"2006","5","Arseneault, D.","1",,,,,,,"Ecosystems","1","North America","6","Université Laval","4",,,,,,,,
,,"2005","1","Asselin, H.","1",,,,,,,"Forest Ecology And Management","1","Quebec","6","University of Wisconsin-Madison","2",,,,,,,,
,,"2003","1","Bartels, S.F.","1",,,,,,,"Forest Science","1","Abies Balsamea","5","Concordia University","2",,,,,,,,
,,"2001","1","Boiffin, J.","1",,,,,,,"Forestry Chronicle","1","Pinus Banksiana","5","Ecl. Sup. d'Agriculture de Purpan","1",,,,,,,,
,,"2000","2","Bouchard, M.","1",,,,,,,"Global Ecology And Biogeography","1","Abies","4","Valeur Nature","1",,,,,,,,
,,,,"Boucher, D.","1",,,,,,,"International Journal Of Wildland Fire","1","Betula Papyrifera","4","McGill University","1",,,,,,,,
,,,,"Bradley, R.","1",,,,,,,"Landscape Ecology","1","Black Spruce","4","Université du Québec à Rimouski","1",,,,,,,,
,,,,"Brice, M.H.","1",,,,,,,"Microbial Ecology","1","Coniferophyta","4","CNRS Centre National de la Recherche Scientifique","1",,,,,,,,
,,,,"Béland, M.","1",,,,,,,,,"Coniferous Tree","4","University of Montreal","1",,,,,,,,
,,,,"Calmels, S.","1",,,,,,,,,"Fire","4","Universite de Moncton","1",,,,,,,,
,,,,"Cazelles, K.","1",,,,,,,,,"Forest Succession","4","Université de Sherbrooke","1",,,,,,,,
,,,,"Chen, H.Y.H.","1",,,,,,,,,"Forestry","4","Centre Européen de Recherche et d'Enseignement des Géosciences de l'Environnement","1",,,,,,,,
,,,,"De Grandpré, L.","1",,,,,,,,,"Biodiversity","3","University of Guelph","1",,,,,,,,
,,,,"DeBellis, T.","1",,,,,,,,,"Chronosequence","3","University of Toronto","1",,,,,,,,
,,,,"Dupuis, S.","1",,,,,,,,,"Coniferous Forest","3","Université Paul Cézanne Aix-Marseille III","1",,,,,,,,
,,,,"Fenton, N.","1",,,,,,,,,"Fire History","3","Lakehead University","1",,,,,,,,
,,,,"Flannigan, M.","1",,,,,,,,,"Fires","3","Northern Forestry Centre","1",,,,,,,,
,,,,"Fortin, M.J.","1",,,,,,,,,"Forest Fire","3",,,,,,,,,,
,,,,"Greene, D.F.","1",,,,,,,,,"Jack Pine","3",,,,,,,,,,
,,,,"Heĺy, C.","1",,,,,,,,,"Overstory","3",,,,,,,,,,
,,,,"Kafka, V.","1",,,,,,,,,"Picea","3",,,,,,,,,,
,,,,"Kernaghan, G.","1",,,,,,,,,"Picea Glauca","3",,,,,,,,,,
,,,,"Kneeshaw, D.","1",,,,,,,,,"Stand Dynamics","3",,,,,,,,,,
,,,,"Leduc, A.","1",,,,,,,,,"Stand Structure","3",,,,,,,,,,
,,,,"Legendre, P.","1",,,,,,,,,"Article","2",,,,,,,,,,
,,,,"Munson, A.D.","1",,,,,,,,,"Balsam Fir","2",,,,,,,,,,
,,,,"Noël, J.","1",,,,,,,,,"Betula","2",,,,,,,,,,
,,,,"Sirois, L.","1",,,,,,,,,"Bryophyta","2",,,,,,,,,,
,,,,"Widden, P.","1",,,,,,,,,"Choristoneura Fumiferana","2",,,,,,,,,,
,,,,,,,,,,,,,,"Clay","2",,,,,,,,,,
,,,,,,,,,,,,,,"Clay Belt","2",,,,,,,,,,
,,,,,,,,,,,,,,"Community Composition","2",,,,,,,,,,
,,,,,,,,,,,,,,"Community Structure","2",,,,,,,,,,
,,,,,,,,,,,,,,"Comparative Study","2",,,,,,,,,,
,,,,,,,,,,,,,,"Dendrochronology","2",,,,,,,,,,
,,,,,,,,,,,,,,"Dendroecology","2",,,,,,,,,,
,,,,,,,,,,,,,,"Disturbance","2",,,,,,,,,,
,,,,,,,,,,,,,,"Ecosystem","2",,,,,,,,,,
,,,,,,,,,,,,,,"Environmental Disturbance","2",,,,,,,,,,
,,,,,,,,,,,,,,"Fire Behavior","2",,,,,,,,,,
,,,,,,,,,,,,,,"Forest Floor","2",,,,,,,,,,
,,,,,,,,,,,,,,"Mixed Forest","2",,,,,,,,,,
,,,,,,,,,,,,,,"Natural Disturbances","2",,,,,,,,,,
,,,,,,,,,,,,,,"Ontario [Canada]","2",,,,,,,,,,
,,,,,,,,,,,,,,"Paludification","2",,,,,,,,,,
,,,,,,,,,,,,,,"Pest Outbreak","2",,,,,,,,,,
,,,,,,,,,,,,,,"Populus Tremuloides","2",,,,,,,,,,
,,,,,,,,,,,,,,"Spruce Budworm","2",,,,,,,,,,
,,,,,,,,,,,,,,"Tree","2",,,,,,,,,,
,,,,,,,,,,,,,,"Trees","2",,,,,,,,,,
,,,,,,,,,,,,,,"Β-diversity","1",,,,,,,,,,
,,,,,,,,,,,,,,"Abundance","1",,,,,,,,,,
,,,,,,,,,,,,,,"Accumulation","1",,,,,,,,,,
,,,,,,,,,,,,,,"Acer","1",,,,,,,,,,
,,,,,,,,,,,,,,"Acer Spp.","1",,,,,,,,,,
,,,,,,,,,,,,,,"Aerial Photography","1",,,,,,,,,,
,,,,,,,,,,,,,,"Aerial Seedbank Species","1",,,,,,,,,,
,,,,,,,,,,,,,,"Aging","1",,,,,,,,,,
,,,,,,,,,,,,,,"Aging Of Materials","1",,,,,,,,,,
,,,,,,,,,,,,,,"Alternative Stable States","1",,,,,,,,,,
,,,,,,,,,,,,,,"Among-site Heterogeneity","1",,,,,,,,,,
,,,,,,,,,,,,,,"Analytical Method","1",,,,,,,,,,
,,,,,,,,,,,,,,"Animal","1",,,,,,,,,,
,,,,,,,,,,,,,,"Animals","1",,,,,,,,,,
,,,,,,,,,,,,,,"Aspen","1",,,,,,,,,,
,,,,,,,,,,,,,,"Bas Saint Laurent","1",,,,,,,,,,
,,,,,,,,,,,,,,"Basidiomycota","1",,,,,,,,,,
,,,,,,,,,,,,,,"Bedrock","1",,,,,,,,,,
,,,,,,,,,,,,,,"Betula Pendula","1",,,,,,,,,,
,,,,,,,,,,,,,,"Biomass Accumulation","1",,,,,,,,,,
,,,,,,,,,,,,,,"Biomass Allocation","1",,,,,,,,,,
,,,,,,,,,,,,,,"Biomass Partitioning","1",,,,,,,,,,
,,,,,,,,,,,,,,"Birch Dieback","1",,,,,,,,,,
,,,,,,,,,,,,,,"Black Spruce (Picea Mariana)","1",,,,,,,,,,
,,,,,,,,,,,,,,"Boreal Forest Disturbance Regimes","1",,,,,,,,,,
,,,,,,,,,,,,,,"Boreal Mixed Wood","1",,,,,,,,,,
,,,,,,,,,,,,,,"Bryophyte","1",,,,,,,,,,
,,,,,,,,,,,,,,"Bryophytes","1",,,,,,,,,,
,,,,,,,,,,,,,,"Burn Severity","1",,,,,,,,,,
,,,,,,,,,,,,,,"Canonical Analysis","1",,,,,,,,,,
,,,,,,,,,,,,,,"Canopy Gaps","1",,,,,,,,,,
,,,,,,,,,,,,,,"Cenococcum Geophilum","1",,,,,,,,,,
,,,,,,,,,,,,,,"Classification","1",,,,,,,,,,
,,,,,,,,,,,,,,"Clay Soil","1",,,,,,,,,,
,,,,,,,,,,,,,,"Clearcutting","1",,,,,,,,,,
,,,,,,,,,,,,,,"Climate Change","1",,,,,,,,,,
,,,,,,,,,,,,,,"Climate-disturbance Interaction","1",,,,,,,,,,
,,,,,,,,,,,,,,"Clone","1",,,,,,,,,,
,,,,,,,,,,,,,,"Coarse Woody Debris","1",,,,,,,,,,
,,,,,,,,,,,,,,"Community Dynamics","1",,,,,,,,,,
,,,,,,,,,,,,,,"Community Temperature Index","1",,,,,,,,,,
,,,,,,,,,,,,,,"Community Temporal Change","1",,,,,,,,,,
,,,,,,,,,,,,,,"Competition","1",,,,,,,,,,
,,,,,,,,,,,,,,"Computer Program","1",,,,,,,,,,
,,,,,,,,,,,,,,"Cortinarius","1",,,,,,,,,,
,,,,,,,,,,,,,,"Cytology","1",,,,,,,,,,
,,,,,,,,,,,,,,"DNA","1",,,,,,,,,,
,,,,,,,,,,,,,,"DNA, Fungal","1",,,,,,,,,,
,,,,,,,,,,,,,,"DNA, Ribosomal","1",,,,,,,,,,
,,,,,,,,,,,,,,"Database","1",,,,,,,,,,
,,,,,,,,,,,,,,"Delimbing","1",,,,,,,,,,
,,,,,,,,,,,,,,"Disease Outbreaks","1",,,,,,,,,,
,,,,,,,,,,,,,,"Disturbances","1",,,,,,,,,,
,,,,,,,,,,,,,,"Diverging Types","1",,,,,,,,,,
,,,,,,,,,,,,,,"Dominance","1",,,,,,,,,,
,,,,,,,,,,,,,,"Eastern White Cedar","1",,,,,,,,,,
,,,,,,,,,,,,,,"Ecological Convergence","1",,,,,,,,,,
,,,,,,,,,,,,,,"Ecoregion","1",,,,,,,,,,
,,,,,,,,,,,,,,"Ecotone","1",,,,,,,,,,
,,,,,,,,,,,,,,"Ectomycorrhiza","1",,,,,,,,,,
,,,,,,,,,,,,,,"Environmental Factor","1",,,,,,,,,,
,,,,,,,,,,,,,,"Epidemic","1",,,,,,,,,,
,,,,,,,,,,,,,,"Evergreen Tree","1",,,,,,,,,,
,,,,,,,,,,,,,,"Experimental Design","1",,,,,,,,,,
,,,,,,,,,,,,,,"Facilitation","1",,,,,,,,,,
,,,,,,,,,,,,,,"Feasibility Study","1",,,,,,,,,,
,,,,,,,,,,,,,,"Fire Behaviour","1",,,,,,,,,,
,,,,,,,,,,,,,,"Fire Disturbance","1",,,,,,,,,,
,,,,,,,,,,,,,,"Fire Hazards","1",,,,,,,,,,
,,,,,,,,,,,,,,"Fire Intensity","1",,,,,,,,,,
,,,,,,,,,,,,,,"Fire Management","1",,,,,,,,,,
,,,,,,,,,,,,,,"Fire Resistance","1",,,,,,,,,,
,,,,,,,,,,,,,,"Fire Severity","1",,,,,,,,,,
,,,,,,,,,,,,,,"Fire Variables","1",,,,,,,,,,
,,,,,,,,,,,,,,"Forest","1",,,,,,,,,,
,,,,,,,,,,,,,,"Forest Canopy","1",,,,,,,,,,
,,,,,,,,,,,,,,"Forest Cover","1",,,,,,,,,,
,,,,,,,,,,,,,,"Forest Dynamics","1",,,,,,,,,,
,,,,,,,,,,,,,,"Forest Dynamics And Succession","1",,,,,,,,,,
,,,,,,,,,,,,,,"Forest Ecosystem","1",,,,,,,,,,
,,,,,,,,,,,,,,"Forest Fires","1",,,,,,,,,,
,,,,,,,,,,,,,,"Forest Floor Organic Matter","1",,,,,,,,,,
,,,,,,,,,,,,,,"Forest Management","1",,,,,,,,,,
,,,,,,,,,,,,,,"Forest Soil","1",,,,,,,,,,
,,,,,,,,,,,,,,"Forestry Practice","1",,,,,,,,,,
,,,,,,,,,,,,,,"Fungal DNA","1",,,,,,,,,,
,,,,,,,,,,,,,,"Fungi","1",,,,,,,,,,
,,,,,,,,,,,,,,"GIS","1",,,,,,,,,,
,,,,,,,,,,,,,,"Genetics","1",,,,,,,,,,
,,,,,,,,,,,,,,"Geographic Information Systems","1",,,,,,,,,,
,,,,,,,,,,,,,,"Geography","1",,,,,,,,,,
,,,,,,,,,,,,,,"Growing Season","1",,,,,,,,,,
,,,,,,,,,,,,,,"Growth","1",,,,,,,,,,
,,,,,,,,,,,,,,"Growth Rate","1",,,,,,,,,,
,,,,,,,,,,,,,,"Harvesting","1",,,,,,,,,,
,,,,,,,,,,,,,,"Herb","1",,,,,,,,,,
,,,,,,,,,,,,,,"Heterogeneity","1",,,,,,,,,,
,,,,,,,,,,,,,,"Historical Forest Ecology","1",,,,,,,,,,
,,,,,,,,,,,,,,"Host","1",,,,,,,,,,
,,,,,,,,,,,,,,"Host Plant","1",,,,,,,,,,
,,,,,,,,,,,,,,"Human Activity","1",,,,,,,,,,
,,,,,,,,,,,,,,"Human Settlement","1",,,,,,,,,,
,,,,,,,,,,,,,,"Insecta","1",,,,,,,,,,
,,,,,,,,,,,,,,"Ion Exchange","1",,,,,,,,,,
,,,,,,,,,,,,,,"Jack Pine (Pinus Banksiana)","1",,,,,,,,,,
