﻿Scopus refine results values

"Your query : ((TITLE-ABS-KEY((Boreal OR {James Bay} OR James-Bay OR {Clay Belt} OR {canadian shield}) AND Quebec) AND PUBYEAR > 1999 AND PUBYEAR < 2020) AND (TITLE-ABS-KEY(Harvest* OR Logging OR Cut OR Clear-cut  OR Clearcut OR {Clear Cut}) AND PUBYEAR > 1999 AND PUBYEAR < 2020) AND (TITLE-ABS-KEY((species AND diversity) OR biodiversity)))"


Number of results : 67

"ACCESS TYPE",,"YEAR",,"AUTHOR NAME",,"SUBJECT AREA",,"DOCUMENT TYPE",,"PUBLICATION STAGE",,"SOURCE TITLE",,"KEYWORD",,"AFFILIATION",,"FUNDING SPONSOR",,"COUNTRY",,"SOURCE TYPE",,"LANGUAGE",
"Open Access","9","2019","2","Bergeron, Y.","19","Agricultural and Biological Sciences","57","Article","56","final","67","Forest Ecology And Management","17","Canada","56","Université du Québec à Montréal","31","Natural Sciences and Engineering Research Council of Canada","18","Canada","67","Journals","66","English","63"
"Other","58","2018","1","Drapeau, P.","11","Biochemistry, Genetics and Molecular Biology","2","Conference Paper","6",,,"Canadian Journal Of Forest Research","11","Boreal Forest","48","Universite du Quebec en Abitibi-Temiscamingue","23","Fonds QuÃ©bÃ©cois de la Recherche sur la Nature et les Technologies","12","United States","3","Books","1","French","4"
,,"2017","2","Gauthier, S.","7","Chemical Engineering","1","Review","4",,,"Forestry Chronicle","8","Biodiversity","47","Canadian Forest Service","16","Canada Foundation for Innovation","3","Australia","1",,,,
,,"2016","3","Brais, S.","6","Chemistry","1","Book Chapter","1",,,"Biodiversity And Conservation","4","Quebec [Canada]","41","Natural Resources Canada","15","Fonds de recherche du QuÃ©bec â Nature et technologies","3","Brazil","1",,,,
,,"2015","3","Leduc, A.","6","Engineering","1",,,,,"Silva Fennica","4","Forestry","38","Université Laval","15","Association pour la Recherche sur les Tumeurs de la Prostate","2","Finland","1",,,,
,,"2014","2","Paré, D.","5","Environmental Science","48",,,,,"Ecological Applications","2","Harvesting","30","Le réseau de l'Université du Québec","7","MinistÃ¨re des ForÃªts, de la Faune et des Parcs","2","France","1",,,,
,,"2013","5","Harvey, B.D.","4","Materials Science","1",,,,,"Environmental Reviews","2","Forest Management","27","Ministère de l‘Energie et des Ressources naturelles du Québec","7","MinistÃ¨re des Ressources Naturelles et de la Faune","2","Norway","1",,,,
,,"2012","7","Hébert, C.","4",,,,,,,"Applied Vegetation Science","1","Picea Mariana","22","McGill University","5","UniversitÃ© du QuÃ©bec Ã  Rimouski","2","Sweden","1",,,,
,,"2011","4","Imbeau, L.","4",,,,,,,"Canadian Entomologist","1","Ecosystems","21","Université du Québec à Rimouski","4","Canadian Forest Service","1","United Kingdom","1",,,,
,,"2010","2","Ruel, J.C.","4",,,,,,,"Canadian Journal Of Botany","1","North America","20","Conseil de recherches en sciences naturelles et en génie du Canada","4","Fondation de lâUniversitÃ© du QuÃ©bec en Abitibi-TÃ©miscamingue","1",,,,,,
,,"2009","2","Work, T.T.","4",,,,,,,"Canadian Journal Of Soil Science","1","Ecosystem Management","15","Environment Canada","3","Fonds Québécois de la Recherche sur la Nature et les Technologies","1",,,,,,
,,"2008","5","Boudreault, C.","3",,,,,,,"Canadian Journal Of Zoology","1","Quebec","15","Great Lakes Forestry Centre","3","Fonds de recherche du Québec – Nature et technologies","1",,,,,,
,,"2007","6","Buddle, C.M.","3",,,,,,,"Diversity And Distributions","1","Clearcutting","14","University of Montreal","3","MinistÃ¨re de l'Ãconomie, de lâInnovation et des Exportations du QuÃ©bec","1",,,,,,
,,"2006","1","Fortin, D.","3",,,,,,,"Ecological Modelling","1","Species Diversity","14","University of Toronto","3","MinistÃ¨re de l'Ãnergie et des Ressources Naturelles","1",,,,,,
,,"2005","3","Kneeshaw, D.","3",,,,,,,"Ecology And Society","1","Silviculture","12","Université du Québec à Chicoutimi","3","Natural Resources Canada","1",,,,,,
,,"2004","6","Raulier, F.","3",,,,,,,"European Journal Of Forest Research","1","Picea","11","McGill University, Macdonald Campus","3","Networks of Centres of Excellence of Canada","1",,,,,,
,,"2003","2","St-Laurent, M.H.","3",,,,,,,"Forestry","1","Ecology","10","Centre d'étude de la forêt, Montreal","3","UniversitÃ© Laval","1",,,,,,
,,"2002","5","Bouchard, M.","2",,,,,,,"Forests","1","Fires","10","Soc. la Faune et des Parcs du Que.","2","Université du Québec à Montréal","1",,,,,,
,,"2001","5","Bélanger, L.","2",,,,,,,"Global Ecology And Biogeography","1","Abies Balsamea","9","Mount Saint Vincent University","2","World Wildlife Fund","1",,,,,,
,,"2000","1","Côté, S.D.","2",,,,,,,"J For","1","Aves","9","The University of British Columbia","2","Undefined","44",,,,,,
,,,,"Darveau, M.","2",,,,,,,"Journal Of Ecology","1","Stand Structure","9","Université du Québec en Outaouais","2",,,,,,,,
,,,,"Dussault, C.","2",,,,,,,"Journal Of Mammalogy","1","Bryophyta","8","Lakehead University","2",,,,,,,,
,,,,"Déchêne, A.D.","2",,,,,,,"Oikos","1","Community Structure","8","University of Alberta","2",,,,,,,,
,,,,"Fenton, N.J.","2",,,,,,,"Revue Des Sciences De L Eau","1","Coniferous Forest","8","Ministère des Forêts de la Faune et des Parcs du Québec","1",,,,,,,,
,,,,"Ferron, J.","2",,,,,,,"Woodlands Ecology Management And Conservation","1","Coniferous Tree","8","Yukon College","1",,,,,,,,
,,,,"Fortin, M.J.","2",,,,,,,"Zookeys","1","Disturbance","8","Institut Québécois d'Aménagement de la Forêt Feuillue IQAFF","1",,,,,,,,
,,,,"Haeussler, S.","2",,,,,,,,,"Environmental Disturbance","8","Raincoast Conservation Foundation","1",,,,,,,,
,,,,"Harper, K.A.","2",,,,,,,,,"Logging (timber)","8","Centre d'études nordiques","1",,,,,,,,
,,,,"Huot, J.","2",,,,,,,,,"Old-growth Forest","8","445 Boul. de l'Université","1",,,,,,,,
,,,,"Jobidon, R.","2",,,,,,,,,"Plants (botany)","8","Fiducie de recherche sur la forêt des Cantons-de-l'Est/Eastern Townships Forest Research Trust","1",,,,,,,,
,,,,"Klimaszewski, J.","2",,,,,,,,,"Soils","8","NSERC-UQAT-UQAM","1",,,,,,,,
,,,,"Kneeshaw, D.D.","2",,,,,,,,,"Succession","8","Ministère des Forêts","1",,,,,,,,
,,,,"Lesieur, D.","2",,,,,,,,,"Boreal Forests","7","Universidade Estadual do Maranhao","1",,,,,,,,
,,,,"Potvin, F.","2",,,,,,,,,"Forest Ecosystem","7","University of Victoria","1",,,,,,,,
,,,,"Savard, J.P.L.","2",,,,,,,,,"Forests","7","The University of Arizona","1",,,,,,,,
,,,,"Thiffault, E.","2",,,,,,,,,"Habitat Fragmentation","7","Ontario Ministry of Natural Resources","1",,,,,,,,
,,,,"Aggarwal, A.","1",,,,,,,,,"Logging (forestry)","7","The University of Texas at Austin","1",,,,,,,,
,,,,"Anyomi, K.A.","1",,,,,,,,,"Species Richness","7","University of Saskatchewan","1",,,,,,,,
,,,,"Arseneault, D.","1",,,,,,,,,"Bird","6","Universidade Federal do Maranhao","1",,,,,,,,
,,,,"Barrette, J.","1",,,,,,,,,"Birds","6","University of Guelph","1",,,,,,,,
,,,,"Beauchesne, P.","1",,,,,,,,,"Conservation","6","Dalhousie University","1",,,,,,,,
,,,,"Beaulieu, J.","1",,,,,,,,,"Ecological Impact","6","Carleton University","1",,,,,,,,
,,,,"Bedford, L.","1",,,,,,,,,"Logging","6","Simon Fraser University","1",,,,,,,,
,,,,"Belle-Isle, J.","1",,,,,,,,,"Ontario [Canada]","6","Agriculture et Agroalimentaire Canada","1",,,,,,,,
,,,,"Bertrand, N.","1",,,,,,,,,"Black Spruce","5","Norwegian Institute for Nature Research","1",,,,,,,,
,,,,"Bescond, H.","1",,,,,,,,,"Dead Wood","5","Université du Québec à Trois-Rivières","1",,,,,,,,
,,,,"Bichet, O.","1",,,,,,,,,"Deciduous Forest","5","University of Oxford","1",,,,,,,,
,,,,"Biswas, S.R.","1",,,,,,,,,"Ecosystem-based Management","5","Stockholms universitet","1",,,,,,,,
,,,,"Bose, A.","1",,,,,,,,,"Fire","5","University of Regina","1",,,,,,,,
,,,,"Boucher, D.","1",,,,,,,,,"Forest","5","Umeå Universitet","1",,,,,,,,
,,,,"Boucher, Y.","1",,,,,,,,,"Forest Fire","5","Northern Forestry Centre","1",,,,,,,,
,,,,"Bourdon, C.","1",,,,,,,,,"Forest Fires","5","Pacific Forestry Centre","1",,,,,,,,
,,,,"Bourgeois, L.","1",,,,,,,,,"Populus Tremuloides","5","CSIRO Sustainable Ecosystems","1",,,,,,,,
,,,,"Bousquet, J.","1",,,,,,,,,"Reforestation","5","Concordia University","1",,,,,,,,
,,,,"Bousquet, Y.","1",,,,,,,,,"Regeneration","5","Centre d'Ecologie Fonctionnelle et Evolutive","1",,,,,,,,
,,,,"Bouthillier, L.","1",,,,,,,,,"Sustainable Forestry","5","Ministry of Forests and Range","1",,,,,,,,
,,,,"Brassard, B.","1",,,,,,,,,"Timber","5","Ducks Unlimited Canada","1",,,,,,,,
,,,,"Breton, L.","1",,,,,,,,,"Timber Harvesting","5","Itä-Suomen yliopisto","1",,,,,,,,
,,,,"Brice, M.H.","1",,,,,,,,,"Vegetation","5","Mid Sweden University, Sundsvall","1",,,,,,,,
,,,,"Brousseau, P.M.","1",,,,,,,,,"Abitibi","4","TÉLUQ University","1",,,,,,,,
,,,,"Bélanger, N.","1",,,,,,,,,"Abundance","4","Lallemand Animal Nutrition- North America","1",,,,,,,,
,,,,"Bélisle, A.C.","1",,,,,,,,,"Animalia","4",,,,,,,,,,
,,,,"Cadieux, P.","1",,,,,,,,,"Choristoneura Fumiferana","4",,,,,,,,,,
,,,,"Cardinal, E.","1",,,,,,,,,"Climatology","4",,,,,,,,,,
,,,,"Carignan, R.","1",,,,,,,,,"Coniferophyta","4",,,,,,,,,,
,,,,"Cavard, X.","1",,,,,,,,,"Conservation Management","4",,,,,,,,,,
,,,,"Cazelles, K.","1",,,,,,,,,"Dominance","4",,,,,,,,,,
,,,,"Celentano, D.","1",,,,,,,,,"Experimental Study","4",,,,,,,,,,
,,,,"Chen, H.Y.H.","1",,,,,,,,,"Habitat Selection","4",,,,,,,,,,
,,,,"Chion, C.","1",,,,,,,,,"Hexapoda","4",,,,,,,,,,
,,,,"Cloutier, C.","1",,,,,,,,,"Insect","4",,,,,,,,,,
,,,,"Correia, D.L.P.","1",,,,,,,,,"Mammalia","4",,,,,,,,,,
,,,,"Courbin, N.","1",,,,,,,,,"Riparian Forest","4",,,,,,,,,,
,,,,"Courtois, R.","1",,,,,,,,,"Snag","4",,,,,,,,,,
,,,,"Couturier, S.","1",,,,,,,,,"Sustainable Development","4",,,,,,,,,,
,,,,"Crête, M.","1",,,,,,,,,"Windthrow","4",,,,,,,,,,
,,,,"Cyr, D.","1",,,,,,,,,"Abies","3",,,,,,,,,,
,,,,"Côté, M.","1",,,,,,,,,"Alberta","3",,,,,,,,,,
,,,,"Daoust, G.","1",,,,,,,,,"Animals","3",,,,,,,,,,
,,,,"DeGrandpré, L.","1",,,,,,,,,"Araneae","3",,,,,,,,,,
,,,,"Deslauriers, M.","1",,,,,,,,,"Black Spruce Forests","3",,,,,,,,,,
,,,,"Desponts, M.","1",,,,,,,,,"Carabidae","3",,,,,,,,,,
,,,,"Desrochers, A.","1",,,,,,,,,"Coleoptera","3",,,,,,,,,,
,,,,"Dragotescu, I.","1",,,,,,,,,"Community Composition","3",,,,,,,,,,
,,,,"Drouin, P.","1",,,,,,,,,"Competition (ecology)","3",,,,,,,,,,
,,,,"Dupuch, A.","1",,,,,,,,,"Cutting","3",,,,,,,,,,
,,,,"Esseen, P.A.","1",,,,,,,,,"Decomposition","3",,,,,,,,,,
,,,,"Fahrig, L.","1",,,,,,,,,"Deer","3",,,,,,,,,,
,,,,"Fall, A.","1",,,,,,,,,"Disturbances","3",,,,,,,,,,
,,,,"Fauchald, P.","1",,,,,,,,,"Ecosystem Resilience","3",,,,,,,,,,
,,,,"Fenton, N.","1",,,,,,,,,"Edge Effect","3",,,,,,,,,,
,,,,"Filotas, É.","1",,,,,,,,,"Forest Harvesting","3",,,,,,,,,,
,,,,"Fortier, J.","1",,,,,,,,,"Forest Strips","3",,,,,,,,,,
,,,,"Fyles, J.W.","1",,,,,,,,,"Forestry Production","3",,,,,,,,,,
,,,,"Gachet, S.","1",,,,,,,,,"Habitat Quality","3",,,,,,,,,,
,,,,"Gagnon, D.","1",,,,,,,,,"Habitat Use","3",,,,,,,,,,
,,,,"Gagnon, R.","1",,,,,,,,,"Heterogeneity","3",,,,,,,,,,
,,,,"Gagné, C.","1",,,,,,,,,"Human Activity","3",,,,,,,,,,
,,,,"Gonzalès, R.","1",,,,,,,,,"Lepus Americanus","3",,,,,,,,,,
,,,,"Greene, D.F.","1",,,,,,,,,"Mammal","3",,,,,,,,,,
,,,,"Groot, A.","1",,,,,,,,,"Mixed Forest","3",,,,,,,,,,
,,,,"Haché, S.","1",,,,,,,,,"Moss","3",,,,,,,,,,
,,,,"Hammond, J.H.E.","1",,,,,,,,,"Ocean Habitats","3",,,,,,,,,,
,,,,"Harper, K.","1",,,,,,,,,"Odocoileus Virginianus","3",,,,,,,,,,
,,,,"Harvey, B.","1",,,,,,,,,"Paludification","3",,,,,,,,,,
,,,,"Hodson, J.","1",,,,,,,,,"Physiology","3",,,,,,,,,,
,,,,"Hylander, K.","1",,,,,,,,,"Picea Glauca","3",,,,,,,,,,
,,,,"Hébert, F.","1",,,,,,,,,"Picidae","3",,,,,,,,,,
,,,,"Ibarzabal, J.","1",,,,,,,,,"Plants","3",,,,,,,,,,
,,,,"Jacobs, J.","1",,,,,,,,,"Recruitment (population Dynamics)","3",,,,,,,,,,
,,,,"Jonsson, B.G.","1",,,,,,,,,"Regrowth","3",,,,,,,,,,
,,,,"Kebli, H.","1",,,,,,,,,"Riparia","3",,,,,,,,,,
,,,,"Kernaghan, G.","1",,,,,,,,,"Spatial Distribution","3",,,,,,,,,,
,,,,"Kouki, J.","1",,,,,,,,,"Sphagnum","3",,,,,,,,,,
,,,,"Kranabetter, J.M.","1",,,,,,,,,"Spider","3",,,,,,,,,,
,,,,"Labbé, P.","1",,,,,,,,,"Stand Dynamics","3",,,,,,,,,,
,,,,"Laganière, J.","1",,,,,,,,,"Sustainable Forest Management","3",,,,,,,,,,
,,,,"Lambert, F.","1",,,,,,,,,"Wildfire","3",,,,,,,,,,
,,,,"Langor, D.W.","1",,,,,,,,,"Acari","2",,,,,,,,,,
,,,,"Larrivée, M.","1",,,,,,,,,"Aerial Photograph","2",,,,,,,,,,
,,,,"Latombe, G.","1",,,,,,,,,"Age Class","2",,,,,,,,,,
,,,,"Lavoie, M.","1",,,,,,,,,"Age Structure","2",,,,,,,,,,
,,,,"Lavoie, S.","1",,,,,,,,,"Agriculture","2",,,,,,,,,,
,,,,"Le Borgne, H.","1",,,,,,,,,"Alces Alces","2",,,,,,,,,,
,,,,"LeBlanc, M.L.","1",,,,,,,,,"Alnus","2",,,,,,,,,,
,,,,"Leclerc, M.","1",,,,,,,,,"Anthropogenic Effect","2",,,,,,,,,,
,,,,"Legendre, P.","1",,,,,,,,,"Anticosti Island","2",,,,,,,,,,
,,,,"Lemaître, J.","1",,,,,,,,,"Avifauna","2",,,,,,,,,,
,,,,"Lesmerises, F.","1",,,,,,,,,"Betula Alleghaniensis","2",,,,,,,,,,
,,,,"Légaré, J.P.","1",,,,,,,,,"Betula Papyrifera","2",,,,,,,,,,
,,,,"Macdonald, S.E.","1",,,,,,,,,"Biodiversity Indicators","2",,,,,,,,,,
,,,,"Magnan, P.","1",,,,,,,,,"Biomass","2",,,,,,,,,,
,,,,"Mallik, A.U.","1",,,,,,,,,"Boreal","2",,,,,,,,,,
,,,,"Margules, C.R.","1",,,,,,,,,"Boreal Mixedwood","2",,,,,,,,,,
,,,,"Martin, J.L.","1",,,,,,,,,"Boreal Mixedwoods","2",,,,,,,,,,
,,,,"Marzell, L.","1",,,,,,,,,"Browsing","2",,,,,,,,,,
,,,,"Mascarúa López, L.","1",,,,,,,,,"Canopy Architecture","2",,,,,,,,,,
,,,,"Mayerhofer, M.S.","1",,,,,,,,,"Careful Logging","2",,,,,,,,,,
,,,,"Messier, C.","1",,,,,,,,,"Cavity-nesting Birds","2",,,,,,,,,,
,,,,"Mitchell, S.J.","1",,,,,,,,,"Cervidae","2",,,,,,,,,,
,,,,"Morin, H.","1",,,,,,,,,"Colonization","2",,,,,,,,,,
,,,,"Moussaoui, L.","1",,,,,,,,,"Community Dynamics","2",,,,,,,,,,
,,,,"Munson, A.D.","1",,,,,,,,,"Community Response","2",,,,,,,,,,
,,,,"Nappi, A.","1",,,,,,,,,"Comparative Study","2",,,,,,,,,,
,,,,"Nguyen, T.","1",,,,,,,,,"Deadwood","2",,,,,,,,,,
,,,,"Nguyen-Xuan, T.","1",,,,,,,,,"Deciduous Tree","2",,,,,,,,,,
,,,,"Nicholls, A.O.","1",,,,,,,,,"Degradation","2",,,,,,,,,,
,,,,"Noël, J.","1",,,,,,,,,"Dendrochronology","2",,,,,,,,,,
,,,,"O'Connor, C.D.","1",,,,,,,,,"Drainage","2",,,,,,,,,,
,,,,"Ouzennou, H.","1",,,,,,,,,"Ecosystem Based Management","2",,,,,,,,,,
,,,,"Paradis, S.","1",,,,,,,,,"Ecosystem Function","2",,,,,,,,,,
,,,,"Parrott, L.","1",,,,,,,,,"Ecosystem Integrity","2",,,,,,,,,,
,,,,"Pinel-Alloul, B.","1",,,,,,,,,"Edge Effects","2",,,,,,,,,,
,,,,"Planas, D.","1",,,,,,,,,"Empidonax Alnorum","2",,,,,,,,,,
,,,,"Pothier, D.","1",,,,,,,,,"Endangered Species","2",,,,,,,,,,
,,,,"Purdon, M.","1",,,,,,,,,"Environmental Factor","2",,,,,,,,,,
,,,,"Robert, E.","1",,,,,,,,,"Fire Behavior","2",,,,,,,,,,
,,,,"Robitaille, A.","1",,,,,,,,,"Fire Management","2",,,,,,,,,,
,,,,"Saint-Germain, M.","1",,,,,,,,,"Fire Severity","2",,,,,,,,,,
,,,,"Sarakinos, H.","1",,,,,,,,,"Foraging Behavior","2",,,,,,,,,,
