﻿Scopus refine results values

"Your query : ((TITLE-ABS-KEY((Boreal OR {James Bay} OR James-Bay OR {Clay Belt} OR {canadian shield}) AND Quebec) AND PUBYEAR > 1999 AND PUBYEAR < 2020) AND (TITLE-ABS-KEY(Harvest* OR Logging OR Cut OR Clear-cut  OR Clearcut OR {Clear Cut}) AND PUBYEAR > 1999 AND PUBYEAR < 2020) AND (TITLE-ABS-KEY(Road  AND (Density OR Network)) AND PUBYEAR > 1999 AND PUBYEAR < 2020))"


Number of results : 12

"ACCESS TYPE",,"YEAR",,"AUTHOR NAME",,"SUBJECT AREA",,"DOCUMENT TYPE",,"PUBLICATION STAGE",,"SOURCE TITLE",,"KEYWORD",,"AFFILIATION",,"FUNDING SPONSOR",,"COUNTRY",,"SOURCE TYPE",,"LANGUAGE",
"Open Access","2","2019","1","St-Laurent, M.H.","6","Agricultural and Biological Sciences","11","Article","12","final","12","Biological Conservation","2","Canada","10","Université du Québec à Rimouski","9","Natural Sciences and Engineering Research Council of Canada","7","Canada","12","Journals","12","English","12"
"Other","10","2014","3","Dussault, C.","5","Biochemistry, Genetics and Molecular Biology","3",,,,,"Journal Of Wildlife Management","2","Boreal Forest","9","Université Laval","6","MinistÃ¨re des Ressources Naturelles et de la Faune","3","Norway","1",,,,
,,"2013","2","Fortin, D.","4","Environmental Science","9",,,,,"Plos One","2","Quebec [Canada]","8","Ministère de l‘Energie et des Ressources naturelles du Québec","5","Concordia University","1",,,,,,
,,"2012","3","Courtois, R.","3","Multidisciplinary","2",,,,,"Ecological Monographs","1","Quebec","6","Canadian Forest Service","2","Fonds QuÃ©bÃ©cois de la Recherche sur la Nature et les Technologies","1",,,,,,
,,"2010","1","Ouellet, J.P.","3","Social Sciences","1",,,,,"Ecoscience","1","Habitat Selection","5","Concordia University","2","Fonds de recherche du Québec – Nature et technologies","1",,,,,,
,,"2008","1","Beauchesne, D.","2",,,,,,,"Forest Ecology And Management","1","Anthropogenic Effect","4","Raincoast Conservation Foundation","1","MinistÃ¨re des ForÃªts, de la Faune et des Parcs","1",,,,,,
,,"2003","1","Jaeger, J.A.G.","2",,,,,,,"Forest Science","1","Deer","4","Direction de la faune terrestre et de l'avifaune","1","World Wildlife Fund","1",,,,,,
,,,,"Leclerc, M.","2",,,,,,,"Journal Of Mammalogy","1","Habitat Use","4","University of Victoria","1","Undefined","5",,,,,,
,,,,"Beguin, J.","1",,,,,,,"Landscape Ecology","1","Logging (timber)","4","Universite du Quebec en Abitibi-Temiscamingue","1",,,,,,,,
,,,,"Bergeron, Y.","1",,,,,,,,,"Winter","4","Norwegian Institute for Nature Research","1",,,,,,,,
,,,,"Courbin, N.","1",,,,,,,,,"Animals","3","Natural Resources Canada","1",,,,,,,,
,,,,"Cumming, S.G.","1",,,,,,,,,"Canid","3","Université du Québec à Montréal","1",,,,,,,,
,,,,"Dussault, C.","1",,,,,,,,,"Canis Lupus","3","Pacific Forestry Centre","1",,,,,,,,
,,,,"Fauchald, P.","1",,,,,,,,,"Endangered Species","3","Institut des sciences de la mer de Rimouski","1",,,,,,,,
,,,,"Gauthier, S.","1",,,,,,,,,"Forestry","3",,,,,,,,,,
,,,,"Godbout, G.","1",,,,,,,,,"GPS","3",,,,,,,,,,
,,,,"Houle, M.","1",,,,,,,,,"Habitat Quality","3",,,,,,,,,,
,,,,"Lamoureux, J.","1",,,,,,,,,"Home Range","3",,,,,,,,,,
,,,,"Leblond, M.","1",,,,,,,,,"Rangifer Tarandus Caribou","3",,,,,,,,,,
,,,,"Lefort, P.","1",,,,,,,,,"Wildlife Management","3",,,,,,,,,,
,,,,"Lesmerises, F.","1",,,,,,,,,"Alces Alces","2",,,,,,,,,,
,,,,"McIntire, E.J.B.","1",,,,,,,,,"Animal Distribution","2",,,,,,,,,,
,,,,"Pinard, V.","1",,,,,,,,,"Animalia","2",,,,,,,,,,
,,,,"Racine, P.","1",,,,,,,,,"Anthropogenic Disturbances","2",,,,,,,,,,
,,,,"Raulier, F.","1",,,,,,,,,"Article","2",,,,,,,,,,
,,,,"Stien, A.","1",,,,,,,,,"Canidae","2",,,,,,,,,,
,,,,"Tarroux, A.","1",,,,,,,,,"Canis Familiaris","2",,,,,,,,,,
,,,,"Tveraa, T.","1",,,,,,,,,"Climate","2",,,,,,,,,,
,,,,,,,,,,,,,,"Conservation Of Natural Resources","2",,,,,,,,,,
,,,,,,,,,,,,,,"Conservation Planning","2",,,,,,,,,,
,,,,,,,,,,,,,,"Ecosystem","2",,,,,,,,,,
,,,,,,,,,,,,,,"Environmental Disturbance","2",,,,,,,,,,
,,,,,,,,,,,,,,"Food Availability","2",,,,,,,,,,
,,,,,,,,,,,,,,"Foraging Behavior","2",,,,,,,,,,
,,,,,,,,,,,,,,"Forest Ecosystem","2",,,,,,,,,,
,,,,,,,,,,,,,,"Forest Harvesting","2",,,,,,,,,,
,,,,,,,,,,,,,,"Forest Management","2",,,,,,,,,,
,,,,,,,,,,,,,,"Landscape","2",,,,,,,,,,
,,,,,,,,,,,,,,"Logging","2",,,,,,,,,,
,,,,,,,,,,,,,,"Nonhuman","2",,,,,,,,,,
,,,,,,,,,,,,,,"Population Distribution","2",,,,,,,,,,
,,,,,,,,,,,,,,"Population Dynamics","2",,,,,,,,,,
,,,,,,,,,,,,,,"Predation Risk","2",,,,,,,,,,
,,,,,,,,,,,,,,"Reindeer","2",,,,,,,,,,
,,,,,,,,,,,,,,"Residency Time","2",,,,,,,,,,
,,,,,,,,,,,,,,"Resource Selection","2",,,,,,,,,,
,,,,,,,,,,,,,,"Roads","2",,,,,,,,,,
,,,,,,,,,,,,,,"Ungulate","2",,,,,,,,,,
,,,,,,,,,,,,,,"Abundance","1",,,,,,,,,,
,,,,,,,,,,,,,,"Accessibility","1",,,,,,,,,,
,,,,,,,,,,,,,,"Activity Pattern","1",,,,,,,,,,
,,,,,,,,,,,,,,"Aerial Survey","1",,,,,,,,,,
,,,,,,,,,,,,,,"Aerial Surveys","1",,,,,,,,,,
,,,,,,,,,,,,,,"Agriculture","1",,,,,,,,,,
,,,,,,,,,,,,,,"American Marten","1",,,,,,,,,,
,,,,,,,,,,,,,,"Animal","1",,,,,,,,,,
,,,,,,,,,,,,,,"Animal Behavior","1",,,,,,,,,,
,,,,,,,,,,,,,,"Animal Dispersal","1",,,,,,,,,,
,,,,,,,,,,,,,,"Anthropogenic Disturbance","1",,,,,,,,,,
,,,,,,,,,,,,,,"Avoidance Reaction","1",,,,,,,,,,
,,,,,,,,,,,,,,"Bas Saint Laurent","1",,,,,,,,,,
,,,,,,,,,,,,,,"Behavior, Animal","1",,,,,,,,,,
,,,,,,,,,,,,,,"Behavioral Response","1",,,,,,,,,,
,,,,,,,,,,,,,,"Biotelemetry","1",,,,,,,,,,
,,,,,,,,,,,,,,"Black Bear","1",,,,,,,,,,
,,,,,,,,,,,,,,"Black Spruce Plantations","1",,,,,,,,,,
,,,,,,,,,,,,,,"Boreal Caribou","1",,,,,,,,,,
,,,,,,,,,,,,,,"Calf Survival","1",,,,,,,,,,
,,,,,,,,,,,,,,"Calving","1",,,,,,,,,,
,,,,,,,,,,,,,,"Canadian Boreal Forest","1",,,,,,,,,,
,,,,,,,,,,,,,,"Caribou","1",,,,,,,,,,
,,,,,,,,,,,,,,"Carnivore","1",,,,,,,,,,
,,,,,,,,,,,,,,"Clear-cuts","1",,,,,,,,,,
,,,,,,,,,,,,,,"Clearcutting","1",,,,,,,,,,
,,,,,,,,,,,,,,"Climate Change","1",,,,,,,,,,
,,,,,,,,,,,,,,"Climate Effect","1",,,,,,,,,,
,,,,,,,,,,,,,,"Coniferous Tree","1",,,,,,,,,,
,,,,,,,,,,,,,,"Connectivity","1",,,,,,,,,,
,,,,,,,,,,,,,,"Conservation","1",,,,,,,,,,
,,,,,,,,,,,,,,"Cote-Nord","1",,,,,,,,,,
,,,,,,,,,,,,,,"Cumulative Effects","1",,,,,,,,,,
,,,,,,,,,,,,,,"Cumulative Impacts","1",,,,,,,,,,
,,,,,,,,,,,,,,"Cutblocks","1",,,,,,,,,,
,,,,,,,,,,,,,,"Decision Making","1",,,,,,,,,,
,,,,,,,,,,,,,,"Disturbance","1",,,,,,,,,,
,,,,,,,,,,,,,,"Disturbance Threshold","1",,,,,,,,,,
,,,,,,,,,,,,,,"Ecosystems","1",,,,,,,,,,
,,,,,,,,,,,,,,"Ecotype","1",,,,,,,,,,
,,,,,,,,,,,,,,"Environmental Protection","1",,,,,,,,,,
,,,,,,,,,,,,,,"Environmental Response","1",,,,,,,,,,
,,,,,,,,,,,,,,"Expert-based Knowledge","1",,,,,,,,,,
,,,,,,,,,,,,,,"FWI","1",,,,,,,,,,
,,,,,,,,,,,,,,"Female","1",,,,,,,,,,
,,,,,,,,,,,,,,"Fire","1",,,,,,,,,,
,,,,,,,,,,,,,,"Fire Hazards","1",,,,,,,,,,
,,,,,,,,,,,,,,"Fire Size","1",,,,,,,,,,
,,,,,,,,,,,,,,"First-passage Time","1",,,,,,,,,,
,,,,,,,,,,,,,,"Functional Connectivity","1",,,,,,,,,,
,,,,,,,,,,,,,,"GPS-tracking","1",,,,,,,,,,
,,,,,,,,,,,,,,"Geographic Distribution","1",,,,,,,,,,
,,,,,,,,,,,,,,"Geography","1",,,,,,,,,,
,,,,,,,,,,,,,,"Global Change","1",,,,,,,,,,
,,,,,,,,,,,,,,"Global Positioning System","1",,,,,,,,,,
,,,,,,,,,,,,,,"Graph Theory","1",,,,,,,,,,
,,,,,,,,,,,,,,"Gray Wolf","1",,,,,,,,,,
,,,,,,,,,,,,,,"Habitat Conservation","1",,,,,,,,,,
,,,,,,,,,,,,,,"Habitat Management","1",,,,,,,,,,
,,,,,,,,,,,,,,"Habitat Type","1",,,,,,,,,,
,,,,,,,,,,,,,,"Herbivore","1",,,,,,,,,,
,,,,,,,,,,,,,,"Human Activity","1",,,,,,,,,,
,,,,,,,,,,,,,,"Hunting","1",,,,,,,,,,
,,,,,,,,,,,,,,"Integrated Approach","1",,,,,,,,,,
,,,,,,,,,,,,,,"Lakes","1",,,,,,,,,,
,,,,,,,,,,,,,,"Land Management","1",,,,,,,,,,
,,,,,,,,,,,,,,"Landscapes","1",,,,,,,,,,
,,,,,,,,,,,,,,"Leapfrog Effect","1",,,,,,,,,,
,,,,,,,,,,,,,,"Limiting Factor","1",,,,,,,,,,
,,,,,,,,,,,,,,"Limiting Factors","1",,,,,,,,,,
,,,,,,,,,,,,,,"Linear Models","1",,,,,,,,,,
,,,,,,,,,,,,,,"Logging (forestry)","1",,,,,,,,,,
,,,,,,,,,,,,,,"Martes Americana","1",,,,,,,,,,
,,,,,,,,,,,,,,"Mixed Effects Logistic Regression","1",,,,,,,,,,
,,,,,,,,,,,,,,"Moose Distribution","1",,,,,,,,,,
,,,,,,,,,,,,,,"Mortality","1",,,,,,,,,,
,,,,,,,,,,,,,,"Movement","1",,,,,,,,,,
,,,,,,,,,,,,,,"Multi-trophic Habitat Network Analysis","1",,,,,,,,,,
,,,,,,,,,,,,,,"Network Analysis","1",,,,,,,,,,
,,,,,,,,,,,,,,"North America","1",,,,,,,,,,
,,,,,,,,,,,,,,"Ocean Habitats","1",,,,,,,,,,
,,,,,,,,,,,,,,"Oceans","1",,,,,,,,,,
,,,,,,,,,,,,,,"Odocoileus Virginianus","1",,,,,,,,,,
,,,,,,,,,,,,,,"Oscillation","1",,,,,,,,,,
,,,,,,,,,,,,,,"Partial Logging","1",,,,,,,,,,
,,,,,,,,,,,,,,"Patch Choice","1",,,,,,,,,,
,,,,,,,,,,,,,,"Patch Dynamics","1",,,,,,,,,,
,,,,,,,,,,,,,,"Physiology","1",,,,,,,,,,
,,,,,,,,,,,,,,"Plantation Forestry","1",,,,,,,,,,
,,,,,,,,,,,,,,"Precommercial Thinning","1",,,,,,,,,,
,,,,,,,,,,,,,,"Predation","1",,,,,,,,,,
,,,,,,,,,,,,,,"Predator-prey Interaction","1",,,,,,,,,,
,,,,,,,,,,,,,,"Predators","1",,,,,,,,,,
,,,,,,,,,,,,,,"Procedures","1",,,,,,,,,,
,,,,,,,,,,,,,,"Range Expansion","1",,,,,,,,,,
,,,,,,,,,,,,,,"Recruitment (population Dynamics)","1",,,,,,,,,,
,,,,,,,,,,,,,,"Regression Analysis","1",,,,,,,,,,
,,,,,,,,,,,,,,"Residence Time","1",,,,,,,,,,
,,,,,,,,,,,,,,"Resource Selection Functions","1",,,,,,,,,,
,,,,,,,,,,,,,,"Risk Management","1",,,,,,,,,,
,,,,,,,,,,,,,,"Road Construction","1",,,,,,,,,,
,,,,,,,,,,,,,,"Road Transport","1",,,,,,,,,,
,,,,,,,,,,,,,,"Season","1",,,,,,,,,,
,,,,,,,,,,,,,,"Seasonal Variation","1",,,,,,,,,,
,,,,,,,,,,,,,,"Seasons","1",,,,,,,,,,
,,,,,,,,,,,,,,"Settlement","1",,,,,,,,,,
,,,,,,,,,,,,,,"Small Mammal","1",,,,,,,,,,
,,,,,,,,,,,,,,"Space Use","1",,,,,,,,,,
,,,,,,,,,,,,,,"Species Identification","1",,,,,,,,,,
,,,,,,,,,,,,,,"Spring","1",,,,,,,,,,
,,,,,,,,,,,,,,"Statistical Model","1",,,,,,,,,,
,,,,,,,,,,,,,,"Summer","1",,,,,,,,,,
