﻿Scopus refine results values

"Your query : ((TITLE-ABS-KEY((Boreal OR {James Bay} OR James-Bay OR {Clay Belt} OR {canadian shield}) AND (Canada OR Quebec OR Ontario OR newfoundland OR Alberta OR British-Columbia) ) AND PUBYEAR > 1999 AND PUBYEAR < 2020) AND (TITLE-ABS-KEY(Species AND (Distribution OR Extinct* OR Invasi*  OR Transition Or exotic)) AND PUBYEAR > 1999 AND PUBYEAR < 2020) AND (TITLE-ABS-KEY(Water AND  (quality OR lake OR river OR stream)) AND PUBYEAR > 1999 AND PUBYEAR < 2020))"


Number of results : 62

"ACCESS TYPE",,"YEAR",,"AUTHOR NAME",,"SUBJECT AREA",,"DOCUMENT TYPE",,"PUBLICATION STAGE",,"SOURCE TITLE",,"KEYWORD",,"AFFILIATION",,"FUNDING SPONSOR",,"COUNTRY",,"SOURCE TYPE",,"LANGUAGE",
"Open Access","10","2019","3","Yan, N.D.","4","Agricultural and Biological Sciences","41","Article","58","final","62","Canadian Journal Of Fisheries And Aquatic Sciences","6","Canada","49","Queen's University, Kingston","9","Natural Sciences and Engineering Research Council of Canada","13","Canada","59","Journals","62","English","61"
"Other","52","2018","5","Cumming, B.F.","3","Arts and Humanities","2","Conference Paper","2",,,"Plos One","6","Article","15","University of Alberta","9","Fonds QuÃ©bÃ©cois de la Recherche sur la Nature et les Technologies","2","United States","9",,,"French","1"
,,"2017","4","Laird, K.R.","3","Biochemistry, Genetics and Molecular Biology","6","Review","2",,,"Canadian Journal Of Zoology","2","Fish","13","Fisheries and Oceans Canada","8","Luonnontieteiden ja Tekniikan Tutkimuksen Toimikunta","2","France","4",,,,
,,"2016","4","Paterson, A.M.","3","Chemistry","1",,,,,"Ecological Applications","2","Lakes","13","Freshwater Institute, Fisheries and Oceans Canada","6","National Science Foundation","2","United Kingdom","3",,,,
,,"2015","3","Pienitz, R.","3","Earth and Planetary Sciences","9",,,,,"Environmental Pollution","2","Nonhuman","13","Ontario Ministry of the Environment","6","Academy of Natural Sciences of Drexel University","1","Australia","2",,,,
,,"2014","5","Arnott, S.E.","2","Environmental Science","27",,,,,"Environmental Toxicology And Chemistry","2","North America","13","Université du Québec à Montréal","6","Alberta Innovates","1","Colombia","1",,,,
,,"2013","1","Blanchfield, P.J.","2","Immunology and Microbiology","1",,,,,"Freshwater Biology","2","Animals","12","Université Laval","5","Alexander von Humboldt-Stiftung","1","Finland","1",,,,
,,"2012","5","Boyce, M.S.","2","Medicine","1",,,,,"Geochimica Et Cosmochimica Acta","2","Lake Ecosystem","12","York University","5","Association EuropÃ©enne contre les Leucodystrophies","1","Germany","1",,,,
,,"2011","2","Cossa, D.","2","Multidisciplinary","6",,,,,"Hydrobiologia","2","Lake","11","University of Montreal","4","BC Oil and Gas Research and Innovation Society","1","Mexico","1",,,,
,,"2010","5","Del Giorgio, P.A.","2","Pharmacology, Toxicology and Pharmaceutics","3",,,,,"Journal Of The North American Benthological Society","2","Ontario [Canada]","11","Laurentian University","4","Concordia University","1","Norway","1",,,,
,,"2009","4","Gunn, J.M.","2","Social Sciences","1",,,,,"Science Of The Total Environment","2","Zooplankton","9","University of Saskatchewan","4","Electric Power Research Institute","1","Spain","1",,,,
,,"2008","3","Johnston, T.A.","2",,,,,,,"Wetlands","2","Animal","8","Environment Canada","3","Environment Canada","1","Sweden","1",,,,
,,"2007","1","Keller, W.","2",,,,,,,"Applied Geochemistry","1","Climate Change","8","McGill University","3","Environment and Climate Change Canada","1",,,,,,
,,"2006","1","Kingsbury, M.V.","2",,,,,,,"Aquatic Botany","1","Fresh Water","8","University of Manitoba","3","Government of Alberta","1",,,,,,
,,"2005","1","Planas, D.","2",,,,,,,"Archives Of Environmental Contamination And Toxicology","1","Species Richness","8","University of Toronto","3","Hydro-Québec","1",,,,,,
,,"2004","4","Smol, J.P.","2",,,,,,,"Biological Invasions","1","Controlled Study","7","IFREMER Institut Francais de Recherche pour l'Exploitation de la Mer","3","Janssen Research and Development","1",,,,,,
,,"2003","2","Somers, K.M.","2",,,,,,,"Canadian Journal Of Botany","1","Population Distribution","7","Ducks Unlimited Canada","3","Ministry of Environment","1",,,,,,
,,"2002","3","Alarie, Y.","1",,,,,,,"Diversity","1","Water Chemistry","7","Dorset Environmental Science Centre","2","Ministry of Natural Resources","1",,,,,,
,,"2001","6","Allaire, N.","1",,,,,,,"Ecological Modelling","1","Abundance","6","Canadian Forest Service","2","Schweizerischer Nationalfonds zur Förderung der Wissenschaftlichen Forschung","1",,,,,,
,,,,"Armstrong, L.","1",,,,,,,"Ecology","1","Bacillariophyta","6","Ontario Ministry of Natural Resources","2","Star Scientific Foundation","1",,,,,,
,,,,"Armstrong, N.","1",,,,,,,"Ecology Letters","1","Benthos","6","Bedford Institute of Oceanography, Fisheries and Oceans Canada","2","U.S. Environmental Protection Agency","1",,,,,,
,,,,"Arrowsmith, J.","1",,,,,,,"Ecology Of Freshwater Fish","1","Biodiversity","6","Water Quality Management Section","1","University of Manitoba","1",,,,,,
,,,,"Ashe, E.","1",,,,,,,"Ecosphere","1","Boreal Forest","6","Insectarium de Montréal","1","W. Garfield Weston Foundation","1",,,,,,
,,,,"Bayley, S.E.","1",,,,,,,"Environmental Biology Of Fishes","1","Community Composition","6","Applied Geochemistry Solutions","1","Wildlife Conservation Society","1",,,,,,
,,,,"Bayley, S.E.","1",,,,,,,"Forest Ecology And Management","1","Community Structure","6","Ducks Unlimited","1","Undefined","41",,,,,,
,,,,"Beaty, K.","1",,,,,,,"Geochemistry Exploration Environment Analysis","1","Crustacea","6","Provincetown Center for Coastal Studies","1",,,,,,,,
,,,,"Beauchamp, G.","1",,,,,,,"Holocene","1","Crustacean","6","Water Security Agency of Saskatchewan","1",,,,,,,,
,,,,"Beck, K.K.","1",,,,,,,"Isme Journal","1","Ecosystem","6","Water Security Agency","1",,,,,,,,
,,,,"Bell, A.J.","1",,,,,,,"Journal Of Ecology","1","Fishes","6","TRoutreach Saskatchewan","1",,,,,,,,
,,,,"Bennett, J.R.","1",,,,,,,"Journal Of Limnology","1","Food Web","6","Operation Grassland Community","1",,,,,,,,
,,,,"Bergeron, Y.","1",,,,,,,"Journal Of Paleolimnology","1","Ontario","6","Central Valley Joint Venture","1",,,,,,,,
,,,,"Bernatchez, P.","1",,,,,,,"Journal Of Plankton Research","1","Phosphorus","6","Winous Point Marsh Conservancy","1",,,,,,,,
,,,,"Bhavsar, S.P.","1",,,,,,,"Limnology And Oceanography","1","Quebec","6","REFLEX Geochemistry","1",,,,,,,,
,,,,"Bilyj, B.","1",,,,,,,"Ore Geology Reviews","1","Spatial Distribution","6","University of Illinois at Urbana-Champaign","1",,,,,,,,
,,,,"Boag, P.T.","1",,,,,,,"Ornithological Science","1","Bioaccumulation","5","CH2M Hill Incorporated USA","1",,,,,,,,
,,,,"Bodaly, R.A.","1",,,,,,,"Polar Biology","1","Concentration (composition)","5","Le réseau de l'Université du Québec","1",,,,,,,,
,,,,"Bodaly, R.A.(.","1",,,,,,,"Quaternary Science Reviews","1","Concentration (parameters)","5","Universite du Quebec en Abitibi-Temiscamingue","1",,,,,,,,
,,,,"Bordage, D.","1",,,,,,,"Revue Des Sciences De L Eau","1","Diatom","5","Université du Québec à Rimouski","1",,,,,,,,
,,,,"Borrego, C.M.","1",,,,,,,"Rhodora","1","Environmental Monitoring","5","University of Arkansas - Fayetteville","1",,,,,,,,
,,,,"Boudreau, S.","1",,,,,,,"Southeast Asian Journal Of Tropical Medicine And Public Health","1","Mercury","5","Museé canadien de la nature","1",,,,,,,,
,,,,"Bourgeois-Roy, A.","1",,,,,,,"Water Air And Soil Pollution","1","Mercury (element)","5","Illinois Natural History Survey","1",,,,,,,,
,,,,"Bouvier, L.D.","1",,,,,,,"Wildfowl","1","Physiology","5","CNRS Centre National de la Recherche Scientifique","1",,,,,,,,
,,,,"Brind'Amour, A.","1",,,,,,,,,"Population Abundance","5","US Fish &amp; Wildlife Service","1",,,,,,,,
,,,,"Bélanger, D.","1",,,,,,,,,"Priority Journal","5","Universitat de Girona","1",,,,,,,,
,,,,"Bélanger, N.","1",,,,,,,,,"Quebec [Canada]","5","Western University","1",,,,,,,,
,,,,"Carcaillet, C.","1",,,,,,,,,"Rivers","5","United States Geological Survey","1",,,,,,,,
,,,,"Carignan, R.","1",,,,,,,,,"Salmonidae","5","Anglo American plc","1",,,,,,,,
,,,,"Carrera, E.","1",,,,,,,,,"Vegetation","5","University of Northern British Columbia","1",,,,,,,,
,,,,"Castañeda, R.A.","1",,,,,,,,,"Waterfowl","5","University of Windsor","1",,,,,,,,
,,,,"Catling, P.M.","1",,,,,,,,,"Alberta","4","Oulun Yliopisto","1",,,,,,,,
,,,,"Choudhury, A.","1",,,,,,,,,"Animal Tissue","4","South Dakota State University","1",,,,,,,,
,,,,"Corcoran, P.L.","1",,,,,,,,,"Biota","4","University of Guelph","1",,,,,,,,
,,,,"Cottrell, M.T.","1",,,,,,,,,"Bythotrephes","4","Dalhousie University","1",,,,,,,,
,,,,"Crites, H.","1",,,,,,,,,"Canadian Shield","4","University of New Brunswick","1",,,,,,,,
,,,,"Currah, R.S.","1",,,,,,,,,"Cladocera","4","University of Winnipeg","1",,,,,,,,
,,,,"Cuss, C.W.","1",,,,,,,,,"Diatoms","4","Carleton University","1",,,,,,,,
,,,,"Cwynar, L.C.","1",,,,,,,,,"Manitoba","4","Smithsonian Environmental Research Center","1",,,,,,,,
,,,,"Daigneault, R.","1",,,,,,,,,"Mercury (metal)","4","Geological Survey of Canada","1",,,,,,,,
,,,,"Daniel, B.","1",,,,,,,,,"Population Dynamics","4","College of Earth, Ocean and Environment","1",,,,,,,,
,,,,"Dansereau, M.","1",,,,,,,,,"Water Pollutants, Chemical","4","Memorial University of Newfoundland","1",,,,,,,,
,,,,"Darveau, M.","1",,,,,,,,,"Water Quality","4","USGS National Wildlife Health Center","1",,,,,,,,
,,,,"Derry, A.M.","1",,,,,,,,,"Acidification","3","Agriculture et Agroalimentaire Canada","1",,,,,,,,
,,,,"Dick, T.A.","1",,,,,,,,,"Algae","3","Norwegian Institute for Nature Research","1",,,,,,,,
,,,,"Doig, L.E.","1",,,,,,,,,"Anatidae","3","Texas Tech University","1",,,,,,,,
,,,,"Donner, M.W.","1",,,,,,,,,"Anthropogenic Effect","3","Centre College Kentucky","1",,,,,,,,
,,,,"Dray, S.","1",,,,,,,,,"Biological Invasion","3","Université du Québec à Trois-Rivières","1",,,,,,,,
,,,,"Dynesius, M.","1",,,,,,,,,"Biological Model","3","Université du Québec à Chicoutimi","1",,,,,,,,
,,,,"Edwards, B.A.","1",,,,,,,,,"Biomass","3","University of St Andrews","1",,,,,,,,
,,,,"Epners, C.A.","1",,,,,,,,,"Boreal Kingdom","3","University of Connecticut","1",,,,,,,,
,,,,"Erbe, C.","1",,,,,,,,,"British Columbia","3","University of Delaware","1",,,,,,,,
,,,,"Erickson, M.E.","1",,,,,,,,,"Bythotrephes Longimanus","3","Natural Resources Canada","1",,,,,,,,
,,,,"Erkinaro, J.","1",,,,,,,,,"Calcium","3","Université Claude Bernard Lyon 1","1",,,,,,,,
,,,,"Fallu, M.A.","1",,,,,,,,,"Chlorophyll A","3","University of Cologne","1",,,,,,,,
,,,,"Fauteux, L.","1",,,,,,,,,"Classification","3","Finnish Environment Institute","1",,,,,,,,
,,,,"Ferguson, S.H.","1",,,,,,,,,"Climate","3","Lakehead University","1",,,,,,,,
,,,,"Feyte, S.","1",,,,,,,,,"Climate Effect","3","Northwest Atlantic Fisheries Centre, Fisheries and Oceans Canada","1",,,,,,,,
,,,,"Findlay, D.L.","1",,,,,,,,,"Daphniidae","3","University of Melbourne","1",,,,,,,,
,,,,"Finkelstein, S.A.","1",,,,,,,,,"Ecosystems","3","École Pratique des Hautes Etudes","1",,,,,,,,
,,,,"Fisk, A.T.","1",,,,,,,,,"Environmental Factor","3","University of Ottawa, Canada","1",,,,,,,,
,,,,"Fortin, C.","1",,,,,,,,,"Food Chain","3","INRS- Centre Eau, Terre &amp; Environnement","1",,,,,,,,
,,,,"Found, C.","1",,,,,,,,,"Freshwater Environment","3","Trent University","1",,,,,,,,
,,,,"Found-Jackson, C.","1",,,,,,,,,"Genetics","3","Umeå Universitet","1",,,,,,,,
,,,,"Fréchette, B.","1",,,,,,,,,"Growth, Development And Aging","3","Northern Forestry Centre","1",,,,,,,,
,,,,"Gagnon, P.","1",,,,,,,,,"Habitat Structure","3","Curtin University","1",,,,,,,,
,,,,"Garcia-Chaves, M.C.","1",,,,,,,,,"Holocene","3","Maurice Lamontagne Institute, Fisheries and Oceans Canada","1",,,,,,,,
,,,,"Gardner, W.M.","1",,,,,,,,,"Human Activity","3","University of Wisconsin-Madison","1",,,,,,,,
,,,,"Gauthier, S.","1",,,,,,,,,"Invasive Species","3","Concordia University","1",,,,,,,,
,,,,"Gillingham, M.P.","1",,,,,,,,,"Invertebrata","3","Ministère de l‘Energie et des Ressources naturelles du Québec","1",,,,,,,,
,,,,"Gilmour, C.C.","1",,,,,,,,,"Lacustrine Deposit","3","Universidad de Antioquia","1",,,,,,,,
,,,,"Girard, R.","1",,,,,,,,,"Limnology","3","Government of Alberta","1",,,,,,,,
,,,,"Girard, R.E.","1",,,,,,,,,"Organic Carbon","3","Alberta Sustainable Resource Development","1",,,,,,,,
,,,,"Gobeil, C.","1",,,,,,,,,"PH","3","Alberta Conservation Association","1",,,,,,,,
,,,,"Grant-Weaver, I.","1",,,,,,,,,"Perca Flavescens","3","Institut international du développement durable","1",,,,,,,,
,,,,"Graves, S.D.","1",,,,,,,,,"Pisces","3","US Fish &amp; Wildlife Service, Massachusetts","1",,,,,,,,
,,,,"Gushulak, C.A.C.","1",,,,,,,,,"Plankton","3","Université de Lyon","1",,,,,,,,
,,,,"Hagy, H.M.","1",,,,,,,,,"Predation","3","Natural Resources Institute Finland Luke","1",,,,,,,,
,,,,"Hamelin, K.M.","1",,,,,,,,,"Regression Analysis","3","Mid Sweden University, Sundsvall","1",,,,,,,,
,,,,"Hamilton, L.C.","1",,,,,,,,,"Relative Abundance","3","TÉLUQ University","1",,,,,,,,
,,,,"Harvey, M.","1",,,,,,,,,"Salvelinus Namaycush","3",,,,,,,,,,
,,,,"Haukos, D.A.","1",,,,,,,,,"Sedimentology","3",,,,,,,,,,
,,,,"Hausmann, S.","1",,,,,,,,,"Species Difference","3",,,,,,,,,,
,,,,"Hebert, P.D.N.","1",,,,,,,,,"Tissue Distribution","3",,,,,,,,,,
,,,,"Hecker, M.","1",,,,,,,,,"Air Temperature","2",,,,,,,,,,
,,,,"Hesslein, R.H.","1",,,,,,,,,"Analysis","2",,,,,,,,,,
,,,,"Hintelmann, H.","1",,,,,,,,,"Anas","2",,,,,,,,,,
,,,,"Holmden, C.","1",,,,,,,,,"Aquatic Environment","2",,,,,,,,,,
,,,,"Hood, G.A.","1",,,,,,,,,"Arctic","2",,,,,,,,,,
,,,,"Hussey, N.E.","1",,,,,,,,,"Arctic Regions","2",,,,,,,,,,
,,,,"Huusko, A.","1",,,,,,,,,"Assessment Method","2",,,,,,,,,,
,,,,"Ihlenfeld, C.","1",,,,,,,,,"Atmospheric Deposition","2",,,,,,,,,,
,,,,"Imbeau, L.","1",,,,,,,,,"Aulacoseira","2",,,,,,,,,,
,,,,"Ingram, R.","1",,,,,,,,,"Aythya Collaris","2",,,,,,,,,,
,,,,"Jackson, A.B.","1",,,,,,,,,"Beetle","2",,,,,,,,,,
,,,,"Jackson, D.A.","1",,,,,,,,,"Bioavailability","2",,,,,,,,,,
,,,,"Jansen, W.","1",,,,,,,,,"Biochemistry","2",,,,,,,,,,
,,,,"Jansson, R.","1",,,,,,,,,"Biogeochemistry","2",,,,,,,,,,
,,,,"Janz, D.M.","1",,,,,,,,,"Biogeography","2",,,,,,,,,,
,,,,"Jeffries, D.S.","1",,,,,,,,,"Biotic Factors","2",,,,,,,,,,
,,,,"Jeziorski, A.","1",,,,,,,,,"Body Size","2",,,,,,,,,,
,,,,"Johansson, M.E.","1",,,,,,,,,"Boreal","2",,,,,,,,,,
,,,,"Johnson, C.J.","1",,,,,,,,,"Boreal Shield","2",,,,,,,,,,
,,,,"Johnson, W.C.","1",,,,,,,,,"Bucephala Clangula","2",,,,,,,,,,
,,,,"Kasian, S.E.M.","1",,,,,,,,,"Calanoida","2",,,,,,,,,,
,,,,"Kenchington, E.L.","1",,,,,,,,,"Castor Canadensis","2",,,,,,,,,,
,,,,"Kessel, S.T.","1",,,,,,,,,"Catchments","2",,,,,,,,,,
,,,,"Kim, N.","1",,,,,,,,,"Chemistry","2",,,,,,,,,,
,,,,"Kirchman, D.L.","1",,,,,,,,,"Chironomidae","2",,,,,,,,,,
,,,,"Kurek, J.","1",,,,,,,,,"Chlorophyll","2",,,,,,,,,,
,,,,"Kurt Kyser, T.","1",,,,,,,,,"Chrysophyceae","2",,,,,,,,,,
,,,,"Lacelle, D.","1",,,,,,,,,"Clearcutting","2",,,,,,,,,,
,,,,"Larivière, N.","1",,,,,,,,,"Cluster Analysis","2",,,,,,,,,,
,,,,"Larrivée, M.","1",,,,,,,,,"Coleoptera","2",,,,,,,,,,
,,,,"Larson, D.G.","1",,,,,,,,,"Community Ecology","2",,,,,,,,,,
,,,,"Legendre, P.","1",,,,,,,,,"Copper","2",,,,,,,,,,
,,,,"Leggett, W.C.","1",,,,,,,,,"Crustacean Zooplankton","2",,,,,,,,,,
,,,,"Lemelin, L.V.","1",,,,,,,,,"Daphnia","2",,,,,,,,,,
,,,,"Lessard, J.P.","1",,,,,,,,,"Deposition","2",,,,,,,,,,
,,,,"Lewis, C.F.M.","1",,,,,,,,,"Dissolution","2",,,,,,,,,,
,,,,"Liber, K.","1",,,,,,,,,"Dissolved Organic Carbon","2",,,,,,,,,,
,,,,"Lindenschmidt, K.E.","1",,,,,,,,,"Disturbance","2",,,,,,,,,,
,,,,"Loesch, C.R.","1",,,,,,,,,"Drought","2",,,,,,,,,,
,,,,"Lyng, M.","1",,,,,,,,,"Ecology","2",,,,,,,,,,
,,,,"MacLeod, J.","1",,,,,,,,,"Environmental Gradient","2",,,,,,,,,,
,,,,"Mackereth, R.W.","1",,,,,,,,,"Environmental Stress","2",,,,,,,,,,
,,,,"Magnan, P.","1",,,,,,,,,"Esox Lucius","2",,,,,,,,,,
,,,,"Mallik, A.U.","1",,,,,,,,,"Eukaryota","2",,,,,,,,,,
,,,,"Martel, A.","1",,,,,,,,,"Female","2",,,,,,,,,,
,,,,"McKinney, M.A.","1",,,,,,,,,"Fisheries","2",,,,,,,,,,
,,,,"Mcparland, C.E.","1",,,,,,,,,"Food Contamination","2",,,,,,,,,,
,,,,"Medeiros, A.S.","1",,,,,,,,,"Food Webs","2",,,,,,,,,,
,,,,"Morales-Marín, L.A.","1",,,,,,,,,"Forage","2",,,,,,,,,,
,,,,"Morgan, G.E.","1",,,,,,,,,"Forest","2",,,,,,,,,,
,,,,"Mueller, W.U.","1",,,,,,,,,"Forestry","2",,,,,,,,,,
,,,,"Mumma, M.A.","1",,,,,,,,,"Gavia Immer","2",,,,,,,,,,
,,,,"Muotka, T.","1",,,,,,,,,"Genetic Analysis","2",,,,,,,,,,
,,,,"Mäki-Petäys, A.","1",,,,,,,,,"Genetic Variability","2",,,,,,,,,,
,,,,"Nakashima, B.S.","1",,,,,,,,,"Genetic Variation","2",,,,,,,,,,
,,,,"Nelson, P.A.","1",,,,,,,,,"Geographic Distribution","2",,,,,,,,,,
,,,,"Newaz, M.S.","1",,,,,,,,,"Geography","2",,,,,,,,,,
,,,,"Nielsen, S.E.","1",,,,,,,,,"Geologic Sediments","2",,,,,,,,,,
